driver_id,week,anomaly_score,is_anomaly
D001,1,-0.4812452621259901,False
D001,2,-0.4602031650645189,False
D001,3,-0.5389437494088158,True
D001,4,-0.5150452109431556,False
D001,5,-0.5175677697185154,False
D001,6,-0.4813686744495588,False
D001,7,-0.5118275974444905,False
D001,8,-0.518924241748991,False
D001,9,-0.5375739588715052,True
D001,10,-0.5022315023598537,False
D001,11,-0.4696029197872773,False
D001,12,-0.4761135401690525,False
D001,13,-0.5162095205174164,False
D001,14,-0.4940810137531607,False
D001,15,-0.496692951346735,False
D001,16,-0.4917474247276977,False
D001,17,-0.48179312057012436,False
D001,18,-0.47357442143993006,False
D001,19,-0.5040386468385687,False
D001,20,-0.4683765746479344,False
D001,21,-0.49452097826917085,False
D001,22,-0.4890365943713417,False
D001,23,-0.48487539980495764,False
D001,24,-0.49351679313838176,False
D001,25,-0.45393237404364584,False
D001,26,-0.4953183471221689,False
D002,1,-0.42513381669558303,False
D002,2,-0.45108555260535504,False
D002,3,-0.5225534121784287,False
D002,4,-0.42156225804443015,False
D002,5,-0.5002555980493852,False
D002,6,-0.48309445500539644,False
D002,7,-0.44899469496211375,False
D002,8,-0.44683671366507666,False
D002,9,-0.4561528425073542,False
D002,10,-0.49433254255938885,False
D002,11,-0.4395508773152341,False
D002,12,-0.4612039781323877,False
D002,13,-0.42815945608378186,False
D002,14,-0.49283103036496695,False
D002,15,-0.45361173924360376,False
D002,16,-0.4434938017474325,False
D002,17,-0.46127712939932847,False
D002,18,-0.43258238646453084,False
D002,19,-0.45427147503625426,False
D002,20,-0.46623185036577663,False
D002,21,-0.45027963958644607,False
D002,22,-0.4925438048853973,False
D002,23,-0.43931020146722066,False
D002,24,-0.4809749391027853,False
D002,25,-0.4773067596299585,False
D002,26,-0.44146916783611106,False
D003,1,-0.46822779583895024,False
D003,2,-0.4882489360922964,False
D003,3,-0.5205248982550783,False
D003,4,-0.4664589184465665,False
D003,5,-0.5115921922997898,False
D003,6,-0.49234212358279367,False
D003,7,-0.4962946815162084,False
D003,8,-0.4684266795627759,False
D003,9,-0.48385292196609586,False
D003,10,-0.46352602720458125,False
D003,11,-0.5036324400192241,False
D003,12,-0.4639554303188105,False
D003,13,-0.4366151848823377,False
D003,14,-0.4844985058640393,False
D003,15,-0.4690475253581982,False
D003,16,-0.5023510583018769,False
D003,17,-0.46855988699178097,False
D003,18,-0.4634509758500742,False
D003,19,-0.46809587840335976,False
D003,20,-0.47232332005305566,False
D003,21,-0.4941246376258793,False
D003,22,-0.527400686554059,False
D003,23,-0.4637836921753348,False
D003,24,-0.5144432756186401,False
D003,25,-0.4922983319950853,False
D003,26,-0.4801712553276514,False
D004,1,-0.5273803361014867,False
D004,2,-0.5107682229528074,False
D004,3,-0.47292073908752785,False
D004,4,-0.48686274390821704,False
D004,5,-0.47151064618231003,False
D004,6,-0.5255149148747008,False
D004,7,-0.4857403970410838,False
D004,8,-0.4689303886322272,False
D004,9,-0.5222909552150035,False
D004,10,-0.5609545802765976,True
D004,11,-0.4644548677779042,False
D004,12,-0.4883512518424103,False
D004,13,-0.5027121480799376,False
D004,14,-0.4669724067846188,False
D004,15,-0.4707412070133473,False
D004,16,-0.4662808674755072,False
D004,17,-0.5129230576019728,False
D004,18,-0.5336286348209667,False
D004,19,-0.5232024249691377,False
D004,20,-0.5029302717272637,False
D004,21,-0.4785188600024625,False
D004,22,-0.5481146394015416,True
D004,23,-0.4645453379810308,False
D004,24,-0.5189541034665772,False
D004,25,-0.479757399632997,False
D004,26,-0.5310284896142924,False
D005,1,-0.4923210738915155,False
D005,2,-0.5075486391414795,False
D005,3,-0.4651990078774295,False
D005,4,-0.5250406813957661,False
D005,5,-0.5147111508446756,False
D005,6,-0.485476659566024,False
D005,7,-0.5148293705036119,False
D005,8,-0.48809370952947867,False
D005,9,-0.5194450504508258,False
D005,10,-0.4524456361294317,False
D005,11,-0.5122100716998266,False
D005,12,-0.5396189366932551,True
D005,13,-0.5271301827487979,False
D005,14,-0.47649360584533845,False
D005,15,-0.5039931634140282,False
D005,16,-0.5130491450709933,False
D005,17,-0.457809234170813,False
D005,18,-0.5351744047045192,True
D005,19,-0.5352704626939044,True
D005,20,-0.4438154904825777,False
D005,21,-0.5539008814937338,True
D005,22,-0.4963868681781163,False
D005,23,-0.5208933553140614,False
D005,24,-0.4853882462110992,False
D005,25,-0.5402124669776341,True
D005,26,-0.48638154520839694,False
D006,1,-0.39977839856109354,False
D006,2,-0.4204956457625917,False
D006,3,-0.40944514196895204,False
D006,4,-0.4399092247041554,False
D006,5,-0.4143632226954873,False
D006,6,-0.4115936946280644,False
D006,7,-0.4154691047699978,False
D006,8,-0.395683776318168,False
D006,9,-0.40918224678495135,False
D006,10,-0.42342586228892704,False
D006,11,-0.41166262962141875,False
D006,12,-0.39889940866738627,False
D006,13,-0.41982667341263796,False
D006,14,-0.4131121657096387,False
D006,15,-0.4162176122998274,False
D006,16,-0.5063431058425819,False
D007,1,-0.46818559423614525,False
D007,2,-0.5217443202881583,False
D007,3,-0.5037474861335861,False
D007,4,-0.5243398051068996,False
D007,5,-0.4790492234938957,False
D007,6,-0.4647872774903062,False
D007,7,-0.4952947183451897,False
D007,8,-0.5316970554510404,False
D007,9,-0.4816617617857298,False
D007,10,-0.4955220550772459,False
D007,11,-0.49566155474410567,False
D007,12,-0.47666693508690433,False
D007,13,-0.5488854994221585,True
D007,14,-0.4883891920284768,False
D007,15,-0.4618980235728784,False
D007,16,-0.47687739998123246,False
D007,17,-0.5129823875156213,False
D007,18,-0.4929993331570896,False
D007,19,-0.5735300200962613,True
D007,20,-0.5112071602014507,False
D007,21,-0.4348156055301952,False
D007,22,-0.47750215767732834,False
D007,23,-0.5077199913479596,False
D007,24,-0.5028083212577039,False
D007,25,-0.44334502626769906,False
D007,26,-0.5208302803899593,False
D008,1,-0.43405198586946026,False
D008,2,-0.4541209310933678,False
D008,3,-0.4313979795564811,False
D008,4,-0.43816101060905804,False
D008,5,-0.45185330536071416,False
D008,6,-0.4294662478709221,False
D008,7,-0.44524963491332,False
D008,8,-0.49940886510230875,False
D008,9,-0.492311943462813,False
D008,10,-0.45113179182195445,False
D008,11,-0.467563080554615,False
D008,12,-0.44082127361435797,False
D008,13,-0.4921276693772101,False
D008,14,-0.4549510369354896,False
D008,15,-0.48099151431996007,False
D008,16,-0.4720999502456251,False
D008,17,-0.4226054782103778,False
D008,18,-0.4965494348881466,False
D008,19,-0.43943833919690817,False
D008,20,-0.44389918313134213,False
D008,21,-0.4676630101112464,False
D008,22,-0.4140853908829406,False
D008,23,-0.4251563271214783,False
D008,24,-0.45750319437037207,False
D008,25,-0.4360079338097759,False
D008,26,-0.49010103573586833,False
D009,1,-0.42981109062255357,False
D009,2,-0.43266500888577175,False
D009,3,-0.471148622608582,False
D009,4,-0.4921307108562593,False
D009,5,-0.42243769632970424,False
D009,6,-0.4304734528683335,False
D009,7,-0.42514129493776004,False
D009,8,-0.5375676634042423,True
D009,9,-0.42226911343379,False
D009,10,-0.4774208937344801,False
D009,11,-0.43160359298536116,False
D009,12,-0.4436778554864296,False
D009,13,-0.45434083526823743,False
D009,14,-0.4471371046784351,False
D009,15,-0.4168875396750717,False
D009,16,-0.4210015762811325,False
D009,17,-0.4353866228871693,False
D009,18,-0.411182464374546,False
D009,19,-0.4193762651674284,False
D009,20,-0.4524502558544726,False
D009,21,-0.4517080636706625,False
D009,22,-0.43640150312303494,False
D009,23,-0.4176451189407178,False
D009,24,-0.44851631281918924,False
D009,25,-0.42909746126914694,False
D009,26,-0.42676860458844285,False
D010,1,-0.45560465703265135,False
D010,2,-0.4423944730584785,False
D010,3,-0.41557276270378024,False
D010,4,-0.4181244490311028,False
D010,5,-0.5147827631343366,False
D010,6,-0.5175749828950492,False
D010,7,-0.4837768902514182,False
D010,8,-0.4804634780699855,False
D010,9,-0.4593116143997326,False
D010,10,-0.4960371955013389,False
D010,11,-0.4556996741995164,False
D010,12,-0.432117779027745,False
D010,13,-0.43351111090885797,False
D010,14,-0.46620763765496226,False
D010,15,-0.5273873077244617,False
D010,16,-0.4614375710096397,False
D010,17,-0.48086737790536027,False
D010,18,-0.47759965190215276,False
D010,19,-0.4952365062385493,False
D010,20,-0.43968419842200224,False
D010,21,-0.48766199564195273,False
D010,22,-0.5374007223163562,True
D010,23,-0.4339066689666112,False
D010,24,-0.5420977139355666,True
D010,25,-0.4650007923599107,False
D010,26,-0.49167002533050574,False
D011,1,-0.5527936991451144,True
D011,2,-0.5592836766602718,True
D011,3,-0.49022793596791453,False
D011,4,-0.49421363408764984,False
D011,5,-0.4843252199310493,False
D011,6,-0.4768658328180671,False
D011,7,-0.536948554235989,True
D011,8,-0.4780254070993447,False
D011,9,-0.4993348412102524,False
D011,10,-0.4699350353134843,False
D011,11,-0.5560699110310561,True
D011,12,-0.5109651850554137,False
D011,13,-0.4813687406213655,False
D011,14,-0.5145373484712522,False
D011,15,-0.5063117088363567,False
D011,16,-0.49003389042722667,False
D011,17,-0.5017665827121474,False
D011,18,-0.4814276999986615,False
D011,19,-0.5305921788328616,False
D011,20,-0.5284054389778752,False
D011,21,-0.4766640386629065,False
D011,22,-0.5269269762578239,False
D011,23,-0.5476518757392833,True
D011,24,-0.5672220478899942,True
D011,25,-0.479967974456962,False
D011,26,-0.5082246646315283,False
D012,1,-0.56303032824154,True
D012,2,-0.47731138441713933,False
D012,3,-0.47737398867377656,False
D012,4,-0.4474122024250029,False
D012,5,-0.4982124681631828,False
D012,6,-0.45537844942028916,False
D012,7,-0.4708884086614114,False
D012,8,-0.5196822404190301,False
D012,9,-0.49869839007935723,False
D012,10,-0.4612507551256142,False
D012,11,-0.45897504452206683,False
D012,12,-0.43754168909152497,False
D012,13,-0.46809472940884117,False
D012,14,-0.4908197420664818,False
D012,15,-0.42819371493630554,False
D012,16,-0.4575403444532524,False
D012,17,-0.5010331922349857,False
D012,18,-0.43338564933653007,False
D012,19,-0.45673811000418935,False
D012,20,-0.4567065288903329,False
D012,21,-0.47159257359891155,False
D012,22,-0.47608456846575875,False
D012,23,-0.5273549410206424,False
D012,24,-0.46188957941125514,False
D012,25,-0.4935371543742014,False
D012,26,-0.5107019634161512,False
D013,1,-0.49741958872157843,False
D013,2,-0.5048069996519654,False
D013,3,-0.5255280903501881,False
D013,4,-0.5580831037155984,True
D013,5,-0.5046931936907483,False
D013,6,-0.539814811666546,True
D013,7,-0.5717222344239192,True
D013,8,-0.5094787819117222,False
D013,9,-0.5372316604919076,True
D013,10,-0.49430148992515277,False
D013,11,-0.5244815673541261,False
D013,12,-0.5325588033065499,False
D013,13,-0.5303370364369284,False
D013,14,-0.47678136354051087,False
D013,15,-0.58784266572178,True
D013,16,-0.5239844334341338,False
D013,17,-0.499191776665453,False
D013,18,-0.560637326921559,True
D013,19,-0.5049367750686189,False
D013,20,-0.5064643709450518,False
D013,21,-0.515785601183336,False
D013,22,-0.5261560307151152,False
D013,23,-0.518074691239424,False
D013,24,-0.4879449427024493,False
D013,25,-0.5963548328774216,True
D013,26,-0.4698213374041458,False
D014,1,-0.4823831955181115,False
D014,2,-0.4847810185595895,False
D014,3,-0.5126496841593767,False
D014,4,-0.47453861844055156,False
D014,5,-0.4539323189483692,False
D014,6,-0.46624116724059744,False
D014,7,-0.4637358879913834,False
D014,8,-0.49852807627046747,False
D014,9,-0.4431235451808413,False
D014,10,-0.48167038556316993,False
D014,11,-0.4585512813171078,False
D014,12,-0.45228680931121007,False
D014,13,-0.5047642633370326,False
D014,14,-0.4489226312335127,False
D014,15,-0.45494776107186224,False
D014,16,-0.47275152818316374,False
D014,17,-0.4733566199878023,False
D014,18,-0.4632203849307835,False
D014,19,-0.5813358843341647,True
D014,20,-0.4789834584591356,False
D014,21,-0.45794626147725814,False
D014,22,-0.46555561412676405,False
D014,23,-0.47626492513086943,False
D014,24,-0.4634799091290057,False
D014,25,-0.44983464840441567,False
D014,26,-0.5232656874157948,False
D015,1,-0.44730134858130416,False
D015,2,-0.41122635982791805,False
D015,3,-0.4240492709421159,False
D015,4,-0.4274129890649653,False
D015,5,-0.42143042574392753,False
D015,6,-0.44268395432863505,False
D015,7,-0.43409042901006706,False
D015,8,-0.4281336258796019,False
D015,9,-0.42373624339527566,False
D015,10,-0.4499216237266285,False
D015,11,-0.42784670248392737,False
D015,12,-0.40074679296935983,False
D015,13,-0.4699618558360339,False
D015,14,-0.4289600287168626,False
D015,15,-0.42024445973645397,False
D015,16,-0.4205771699270753,False
D015,17,-0.45287073911964776,False
D015,18,-0.4076227957191826,False
D015,19,-0.408159807253717,False
D015,20,-0.432022020852255,False
D015,21,-0.4542152822147831,False
D015,22,-0.4364812767364402,False
D015,23,-0.41991396979578505,False
D015,24,-0.42915453114123514,False
D015,25,-0.4264216448556587,False
D015,26,-0.42050674290647694,False
D016,1,-0.412955453656046,False
D016,2,-0.38549021955136914,False
D016,3,-0.4108956871772229,False
D016,4,-0.4047268930046897,False
D016,5,-0.41091342152002763,False
D016,6,-0.40333298827756436,False
D016,7,-0.4744077453314523,False
D016,8,-0.40391458466081337,False
D016,9,-0.397562028740646,False
D016,10,-0.40424448345085334,False
D016,11,-0.4049081967586811,False
D016,12,-0.39053171241535484,False
D016,13,-0.4343299091860081,False
D016,14,-0.4001372186379138,False
D016,15,-0.40755198953840194,False
D016,16,-0.4169318990394084,False
D016,17,-0.4072004489118753,False
D016,18,-0.4670457168727734,False
D016,19,-0.42499345453461806,False
D016,20,-0.43759226129142964,False
D016,21,-0.4179848922275871,False
D016,22,-0.42252522666565895,False
D016,23,-0.4086941621423199,False
D016,24,-0.4223841767945256,False
D016,25,-0.42258100292359047,False
D016,26,-0.43913194948209117,False
D017,1,-0.4496836122249649,False
D017,2,-0.4323113283284973,False
D017,3,-0.4216530974488328,False
D017,4,-0.4152057014441701,False
D017,5,-0.4191344966908391,False
D017,6,-0.449380108095685,False
D017,7,-0.42588383777327077,False
D017,8,-0.50616691665287,False
D017,9,-0.4586017539082559,False
D017,10,-0.4146444070971051,False
D017,11,-0.41662099283408277,False
D017,12,-0.42144345876371847,False
D017,13,-0.4108001671160841,False
D017,14,-0.4403181654057274,False
D017,15,-0.44093971761201234,False
D017,16,-0.48092300074420735,False
D017,17,-0.4449300225523808,False
D017,18,-0.4688696259905148,False
D017,19,-0.4035086457495125,False
D017,20,-0.4339975441430826,False
D017,21,-0.440412804429988,False
D017,22,-0.43125177921536345,False
D017,23,-0.5131459982200729,False
D017,24,-0.4308421498230109,False
D017,25,-0.4518320211909568,False
D017,26,-0.47544350965847065,False
D018,1,-0.4374922052550592,False
D018,2,-0.450440549639738,False
D018,3,-0.4736494120306052,False
D018,4,-0.44938874622691266,False
D018,5,-0.44287956326364614,False
D018,6,-0.44257861466271986,False
D018,7,-0.42759065241957156,False
D018,8,-0.4159819297493661,False
D018,9,-0.4767719838190496,False
D019,1,-0.4616116271399378,False
D019,2,-0.5385652588888004,True
D019,3,-0.5214940270377435,False
D019,4,-0.5057422570900184,False
D019,5,-0.5214233465473271,False
D019,6,-0.4737523860924809,False
D019,7,-0.480364801851147,False
D019,8,-0.4708302780631817,False
D019,9,-0.47070101343478216,False
D019,10,-0.517395187290342,False
D019,11,-0.4723153190386936,False
D019,12,-0.4678721311222731,False
D019,13,-0.45495167646116363,False
D019,14,-0.4455290000994015,False
D019,15,-0.4803633532894892,False
D019,16,-0.45012360442908433,False
D019,17,-0.4761111441534925,False
D019,18,-0.48280198050232936,False
D019,19,-0.5404507340714132,True
D019,20,-0.4938904922947048,False
D019,21,-0.47164853030217263,False
D019,22,-0.4485188232802183,False
D019,23,-0.43775912932453104,False
D019,24,-0.44615063645477254,False
D019,25,-0.507488790005275,False
D019,26,-0.5232075917420151,False
D020,1,-0.4834438293607447,False
D020,2,-0.45357799974681967,False
D020,3,-0.42154238695346485,False
D020,4,-0.4327454164751297,False
D020,5,-0.4966446687773011,False
D020,6,-0.43420045240276917,False
D020,7,-0.43056915425647463,False
D020,8,-0.44620320442354855,False
D020,9,-0.3945654348985225,False
D020,10,-0.416490387332671,False
D020,11,-0.4200983685599801,False
D020,12,-0.4143726847301526,False
D020,13,-0.4305275998339376,False
D020,14,-0.408019862365229,False
D020,15,-0.41763899250416486,False
D020,16,-0.4663430780666963,False
D020,17,-0.4582219657668686,False
D020,18,-0.4001207336469132,False
D020,19,-0.4006182716200769,False
D020,20,-0.4715692189457759,False
D020,21,-0.43764420510964136,False
D020,22,-0.4213166947454403,False
D020,23,-0.42703233212738595,False
D020,24,-0.40196641845281855,False
D020,25,-0.422881625947928,False
D020,26,-0.4958901483326666,False
D021,1,-0.5318214154065442,False
D021,2,-0.5525968944625569,True
D021,3,-0.4714013905571163,False
D021,4,-0.5146330914740795,False
D021,5,-0.5177077146748785,False
D021,6,-0.5011730889942081,False
D021,7,-0.5684236442674384,True
D021,8,-0.57999427535473,True
D021,9,-0.5608826418341183,True
D021,10,-0.5370177876721094,True
D021,11,-0.6321447624869223,True
D022,1,-0.41144758021075306,False
D022,2,-0.45163628940830597,False
D022,3,-0.4202942117258032,False
D022,4,-0.4120912971750689,False
D022,5,-0.41874583266973614,False
D022,6,-0.4462190286342996,False
D022,7,-0.4276137167540386,False
D022,8,-0.45620066891994393,False
D022,9,-0.4425020651465943,False
D022,10,-0.42351087762836537,False
D022,11,-0.5084634069282306,False
D023,1,-0.41795274807093635,False
D023,2,-0.43725397714753694,False
D023,3,-0.442970981025664,False
D023,4,-0.4345877563061824,False
D023,5,-0.43506203678506356,False
D023,6,-0.40718449792514716,False
D023,7,-0.42206745532726614,False
D023,8,-0.4686554463849757,False
D023,9,-0.41584408474556767,False
D023,10,-0.4255802661762915,False
D023,11,-0.41350349580253176,False
D023,12,-0.4716352600452445,False
D023,13,-0.39818590182549235,False
D023,14,-0.4267401878526089,False
D023,15,-0.41797463662589823,False
D023,16,-0.4508217806282418,False
D023,17,-0.4169406249525907,False
D023,18,-0.4013821946964654,False
D023,19,-0.4545490928328756,False
D023,20,-0.42113288852871306,False
D023,21,-0.4816857088159329,False
D023,22,-0.41409097782386045,False
D023,23,-0.42868084208920904,False
D023,24,-0.4021656032393412,False
D023,25,-0.41608634923273446,False
D023,26,-0.4249688030644256,False
D024,1,-0.4346654856348396,False
D024,2,-0.4397232271237487,False
D024,3,-0.4265478675332482,False
D024,4,-0.5101613661210876,False
D024,5,-0.44907099174953424,False
D024,6,-0.48055433515681506,False
D024,7,-0.4527047502091587,False
D024,8,-0.48496742028361395,False
D024,9,-0.47455512416178103,False
D024,10,-0.47463943224840666,False
D024,11,-0.5078694500816238,False
D024,12,-0.5744515669934638,True
D025,1,-0.45561008088026617,False
D025,2,-0.4627801587479721,False
D025,3,-0.43236117060977,False
D025,4,-0.4583619430019126,False
D025,5,-0.45130864830058004,False
D025,6,-0.46510454051722755,False
D025,7,-0.43207007417262777,False
D025,8,-0.4998685146436962,False
D025,9,-0.4615285071178561,False
D025,10,-0.5091923820669146,False
D025,11,-0.4515396723859842,False
D025,12,-0.4479574431071312,False
D025,13,-0.45663694070035665,False
D025,14,-0.48647770676420354,False
D025,15,-0.5000153680509148,False
D025,16,-0.5091644916148752,False
D025,17,-0.5211785382017705,False
D025,18,-0.6139124320498303,True
D026,1,-0.43180518341624347,False
D026,2,-0.42526702657368015,False
D026,3,-0.402464430897689,False
D026,4,-0.424638727716196,False
D026,5,-0.4264796213340771,False
D026,6,-0.45943458240340557,False
D026,7,-0.4304560518772587,False
D026,8,-0.45894857667216027,False
D026,9,-0.44188837181700574,False
D026,10,-0.42722879875166025,False
D026,11,-0.45128851606574283,False
D026,12,-0.4740301599929036,False
D026,13,-0.4315928433922282,False
D026,14,-0.4242607470023579,False
D026,15,-0.44629445669119017,False
D026,16,-0.4342982830303093,False
D026,17,-0.4338052371593857,False
D026,18,-0.42161109254232837,False
D026,19,-0.432525811133582,False
D026,20,-0.42251327873215044,False
D026,21,-0.41519215626661565,False
D026,22,-0.43639742961927713,False
D026,23,-0.4602452966866133,False
D026,24,-0.42050400086773065,False
D026,25,-0.4347505631109324,False
D026,26,-0.4514380354114678,False
D027,1,-0.4997006661675659,False
D027,2,-0.4929584998203845,False
D027,3,-0.47014295303677234,False
D027,4,-0.46589974405353674,False
D027,5,-0.5473705965922822,True
D027,6,-0.4908603575153847,False
D027,7,-0.5220728870080195,False
D027,8,-0.5036150184378927,False
D027,9,-0.5556513015939197,True
D027,10,-0.5262513900819472,False
D027,11,-0.4621126355522607,False
D027,12,-0.4934966348937857,False
D027,13,-0.5041959331155781,False
D027,14,-0.5109556201204506,False
D027,15,-0.5153591691594351,False
D027,16,-0.5785234095159275,True
D027,17,-0.531391759173838,False
D027,18,-0.541167572632972,True
D027,19,-0.4642152587197857,False
D027,20,-0.4593861001421332,False
D027,21,-0.48992025127928235,False
D027,22,-0.5161247029943172,False
D027,23,-0.4849714634125966,False
D027,24,-0.5227397804184892,False
D027,25,-0.48437600175940965,False
D027,26,-0.4942985870616237,False
D028,1,-0.4328755888718562,False
D028,2,-0.40818401048003816,False
D028,3,-0.43722047569168165,False
D028,4,-0.436499952896572,False
D028,5,-0.412366366966873,False
D028,6,-0.43401870133695675,False
D028,7,-0.45220888081746513,False
D028,8,-0.46737407059516767,False
D028,9,-0.48291102686952536,False
D028,10,-0.4578498761277338,False
D028,11,-0.4123855358217741,False
D028,12,-0.4114580741215707,False
D028,13,-0.49418306574002413,False
D028,14,-0.4327812204634652,False
D028,15,-0.46911013510567917,False
D028,16,-0.41146024407482296,False
D028,17,-0.4084503666659792,False
D028,18,-0.520222649336209,False
D028,19,-0.41200467118028883,False
D028,20,-0.4723905124317699,False
D028,21,-0.4015617829141333,False
D028,22,-0.4752550462991341,False
D028,23,-0.42970917452589763,False
D028,24,-0.43565077312719697,False
D028,25,-0.4067766292705167,False
D028,26,-0.4115601412546032,False
D029,1,-0.511142872928048,False
D029,2,-0.4746655889909682,False
D029,3,-0.48262495196515576,False
D029,4,-0.5116083549426707,False
D029,5,-0.4788217202314455,False
D029,6,-0.48642091463755344,False
D029,7,-0.5091261023788297,False
D029,8,-0.5109857965578765,False
D029,9,-0.47567092028649366,False
D029,10,-0.5149934611245194,False
D029,11,-0.5292173988253254,False
D029,12,-0.5006116451429681,False
D029,13,-0.5305981415930291,False
D029,14,-0.47596194257283136,False
D029,15,-0.5079083366053703,False
D029,16,-0.48240608085566417,False
D029,17,-0.505573659805529,False
D029,18,-0.4896130334488644,False
D029,19,-0.520193315859152,False
D029,20,-0.500459826916152,False
D029,21,-0.4997516810622196,False
D029,22,-0.5032377189493543,False
D029,23,-0.4895499792251892,False
D029,24,-0.47846783663511816,False
D029,25,-0.4751061367811348,False
D029,26,-0.5194561193166746,False
D030,1,-0.4727647465834465,False
D030,2,-0.48246431020541786,False
D030,3,-0.4925387380711059,False
D030,4,-0.45065193470581155,False
D030,5,-0.4882355297829683,False
D030,6,-0.45352805096095267,False
D030,7,-0.4733318966533096,False
D030,8,-0.47544292636557006,False
D030,9,-0.4728037420769865,False
D030,10,-0.49338200752338546,False
D030,11,-0.45949522231619955,False
D030,12,-0.5064054497813569,False
D030,13,-0.4672440343010379,False
D030,14,-0.49662164039573886,False
D030,15,-0.5230385662302949,False
D030,16,-0.48637849949581424,False
D030,17,-0.5151736634913034,False
D030,18,-0.5055729839056139,False
D030,19,-0.5727622155917994,True
D030,20,-0.6346659509839129,True
D030,21,-0.6419772769764768,True
D030,22,-0.6009602860173459,True
D031,1,-0.40054760475831336,False
D031,2,-0.4266829656437877,False
D031,3,-0.441300361603954,False
D031,4,-0.40490143909504,False
D031,5,-0.41055445014295244,False
D031,6,-0.4179215247776403,False
D031,7,-0.4210160799436151,False
D031,8,-0.4349992352140077,False
D031,9,-0.39848246901131235,False
D031,10,-0.44107121487842776,False
D031,11,-0.43196981210187935,False
D031,12,-0.4244840127708054,False
D031,13,-0.4165044608343522,False
D031,14,-0.3985798528906351,False
D031,15,-0.4728119352587636,False
D031,16,-0.4252219149500656,False
D031,17,-0.4133771113542052,False
D031,18,-0.4294733702857566,False
D031,19,-0.4337349150550341,False
D031,20,-0.4094710745238018,False
D031,21,-0.472700489205645,False
D031,22,-0.427729930579689,False
D031,23,-0.40699850691879524,False
D031,24,-0.4577099465734517,False
D031,25,-0.4023732511373614,False
D031,26,-0.40916977228765616,False
D032,1,-0.4628465337972343,False
D032,2,-0.4879126225779826,False
D032,3,-0.4932107682058291,False
D032,4,-0.47059415673882343,False
D032,5,-0.41204329063726325,False
D032,6,-0.4992961437721662,False
D032,7,-0.4673945050115964,False
D032,8,-0.45619703624317903,False
D032,9,-0.43896014055411026,False
D032,10,-0.42613112053169844,False
D032,11,-0.4572580911821879,False
D032,12,-0.4891664012555225,False
D032,13,-0.4315229373304394,False
D032,14,-0.44507281125414266,False
D032,15,-0.42643224585182365,False
D032,16,-0.4483545367193683,False
D032,17,-0.4265054626963233,False
D032,18,-0.46979924741224527,False
D032,19,-0.4473799041241412,False
D032,20,-0.42476148172001826,False
D032,21,-0.4522483907255444,False
D032,22,-0.4690175644551138,False
D032,23,-0.43759023952487236,False
D032,24,-0.5557200361929393,True
D032,25,-0.4598675431147301,False
D032,26,-0.4555645391631759,False
D033,1,-0.4411867810393517,False
D033,2,-0.4842248335556898,False
D033,3,-0.4269187414853004,False
D033,4,-0.44887477856809904,False
D033,5,-0.4533806964539623,False
D033,6,-0.451562946126139,False
D033,7,-0.43163658461176124,False
D033,8,-0.47331401522728433,False
D033,9,-0.4485363474822692,False
D033,10,-0.509358075269436,False
D033,11,-0.4480955512547737,False
D033,12,-0.45556636484966856,False
D033,13,-0.4499000919137194,False
D033,14,-0.4401250185431268,False
D033,15,-0.4570326750533665,False
D033,16,-0.5563580316722428,True
D033,17,-0.45800293497554573,False
D033,18,-0.5098968070019394,False
D033,19,-0.43902055121534106,False
D033,20,-0.4580724090128692,False
D033,21,-0.4609892128755355,False
D033,22,-0.4234361991920153,False
D033,23,-0.44439252481801383,False
D033,24,-0.4462520569877797,False
D033,25,-0.45422651054815616,False
D033,26,-0.4533018820112738,False
D034,1,-0.5103329755032731,False
D034,2,-0.4892305486939984,False
D034,3,-0.4548898382820502,False
D034,4,-0.46051704347564004,False
D034,5,-0.4912066978991282,False
D034,6,-0.4733325678848267,False
D034,7,-0.5000663028981145,False
D034,8,-0.454130589973276,False
D034,9,-0.44799134140655295,False
D034,10,-0.43150074151307155,False
D034,11,-0.4780796247745407,False
D034,12,-0.45485274812237997,False
D034,13,-0.4447473733002045,False
D034,14,-0.4972631718818168,False
D034,15,-0.5441238695606989,True
D034,16,-0.5477137852741397,True
D034,17,-0.5079273855837533,False
D034,18,-0.5731805280472301,True
D034,19,-0.5485479406053205,True
D034,20,-0.5900731407824075,True
D034,21,-0.6054118548849218,True
D035,1,-0.4738716106098743,False
D035,2,-0.41540769668585736,False
D035,3,-0.4429115708734318,False
D035,4,-0.41203084768303755,False
D035,5,-0.4103501952250415,False
D035,6,-0.4345415082608359,False
D035,7,-0.4321426341461829,False
D035,8,-0.43601231374671334,False
D035,9,-0.4182009578193609,False
D035,10,-0.41119988592797196,False
D035,11,-0.4151499138758219,False
D035,12,-0.41017044273875447,False
D035,13,-0.4063324000788545,False
D035,14,-0.40224628994464995,False
D035,15,-0.44722075605063194,False
D035,16,-0.43136376959557765,False
D035,17,-0.4977136296865196,False
D035,18,-0.4207186114187079,False
D035,19,-0.474281945607676,False
D035,20,-0.40259612152143237,False
D035,21,-0.42171330217397535,False
D035,22,-0.43309886298371336,False
D035,23,-0.42899649652988364,False
D035,24,-0.40616619322944997,False
D035,25,-0.4098492134197299,False
D035,26,-0.4715655701852105,False
D036,1,-0.4112673429283159,False
D036,2,-0.49001324174434496,False
D036,3,-0.43444734661942613,False
D036,4,-0.4432929345570065,False
D036,5,-0.42210658882884783,False
D036,6,-0.40951740581964347,False
D036,7,-0.4332164575805205,False
D036,8,-0.4320982815861921,False
D036,9,-0.46543645174181475,False
D036,10,-0.4609423685821397,False
D036,11,-0.42902923689499617,False
D036,12,-0.45946973328232155,False
D036,13,-0.42986363311138137,False
D036,14,-0.44178909466310534,False
D036,15,-0.4250824820198448,False
D036,16,-0.44219466417572667,False
D036,17,-0.4561811798737574,False
D036,18,-0.41703073906837973,False
D036,19,-0.43104086509990913,False
D036,20,-0.4569417152923978,False
D036,21,-0.4457735386960955,False
D036,22,-0.45474530769854493,False
D036,23,-0.4225282282878918,False
D036,24,-0.44837904368215203,False
D036,25,-0.4632500466089052,False
D036,26,-0.4494339831775281,False
D037,1,-0.49427189955696194,False
D037,2,-0.43458260172172086,False
D037,3,-0.4339550964968388,False
D037,4,-0.42476377243669167,False
D037,5,-0.4392644402462008,False
D037,6,-0.4573954602644375,False
D037,7,-0.4906752859407749,False
D037,8,-0.41714168921416334,False
D037,9,-0.4157550765101318,False
D037,10,-0.45007319896460213,False
D037,11,-0.42018943979430534,False
D037,12,-0.4666695014062785,False
D037,13,-0.45024595452241634,False
D037,14,-0.4696249652157329,False
D037,15,-0.45156386233726137,False
D037,16,-0.4408788193129707,False
D037,17,-0.4868135497465364,False
D037,18,-0.4256633954589224,False
D037,19,-0.4668455758027105,False
D037,20,-0.42842452172464307,False
D037,21,-0.48415764550695284,False
D037,22,-0.44855630297704185,False
D037,23,-0.50777848909619,False
D038,1,-0.4145670768783224,False
D038,2,-0.4159982110357863,False
D038,3,-0.41649931655014033,False
D038,4,-0.4462141555918294,False
D038,5,-0.4192092320148796,False
D038,6,-0.424294919857892,False
D038,7,-0.47387104937000923,False
D038,8,-0.44884653017895826,False
D038,9,-0.3985216130825266,False
D038,10,-0.42807126095760084,False
D038,11,-0.4386769368173891,False
D038,12,-0.42126555407977245,False
D038,13,-0.4637536337592279,False
D038,14,-0.41608794923017034,False
D038,15,-0.4382227011911332,False
D038,16,-0.4427934284762612,False
D038,17,-0.41188783094550063,False
D038,18,-0.404773757915117,False
D038,19,-0.41446685372758185,False
D038,20,-0.4403159345692419,False
D038,21,-0.41485148784954184,False
D038,22,-0.40786401327339167,False
D038,23,-0.43391172686214186,False
D038,24,-0.412406686586173,False
D038,25,-0.4209397809529678,False
D038,26,-0.4694402814347993,False
D039,1,-0.45938672530232694,False
D039,2,-0.4273837009950915,False
D039,3,-0.45756483504022244,False
D039,4,-0.4230719882884688,False
D039,5,-0.41914812592412964,False
D039,6,-0.4614605112584524,False
D039,7,-0.4498039801377872,False
D039,8,-0.4252737249816557,False
D039,9,-0.43782171035212075,False
D039,10,-0.4816229519285379,False
D040,1,-0.42308863102381933,False
D040,2,-0.45198786493428755,False
D040,3,-0.4245874976461776,False
D040,4,-0.4679534489666065,False
D040,5,-0.4218053972919043,False
D040,6,-0.4360693622117755,False
D040,7,-0.4348127254378477,False
D040,8,-0.4343089274997615,False
D040,9,-0.425494042211186,False
D040,10,-0.4243814499176768,False
D040,11,-0.4166428516473403,False
D040,12,-0.4709614774744008,False
D040,13,-0.46880971695497853,False
D040,14,-0.4973123562366794,False
D040,15,-0.442215417795007,False
D040,16,-0.41889618926692046,False
D040,17,-0.409831910167355,False
D040,18,-0.43107211567354214,False
D040,19,-0.4474638893268788,False
D040,20,-0.4516042788008564,False
D040,21,-0.4168700851107769,False
D040,22,-0.4230461076084224,False
D040,23,-0.43307968781188055,False
D040,24,-0.4317373172367117,False
D040,25,-0.4845611366547817,False
D040,26,-0.4479191780771807,False
D041,1,-0.4235181301128719,False
D041,2,-0.39481893764666837,False
D041,3,-0.43412912645267976,False
D041,4,-0.4188654995578701,False
D041,5,-0.40540160903233985,False
D041,6,-0.4619019194590113,False
D041,7,-0.4690904824829262,False
D041,8,-0.3983137643242234,False
D041,9,-0.4156538967612549,False
D041,10,-0.39693941488134354,False
D041,11,-0.4125748217634876,False
D041,12,-0.40603002364134844,False
D041,13,-0.41597715546355923,False
D041,14,-0.4199595620273331,False
D041,15,-0.41139799840936947,False
D041,16,-0.4474104565360289,False
D041,17,-0.5111848348751907,False
D041,18,-0.4385217404373105,False
D041,19,-0.40059643807571804,False
D041,20,-0.40968891064569524,False
D041,21,-0.43442486790145496,False
D041,22,-0.4019797682247331,False
D041,23,-0.4181857005259641,False
D041,24,-0.4061714787018517,False
D041,25,-0.3983074711052287,False
D041,26,-0.41637970082161574,False
D042,1,-0.4496816324723618,False
D042,2,-0.4487293642922829,False
D042,3,-0.41331152659270665,False
D042,4,-0.4402225166642184,False
D042,5,-0.4289164731644892,False
D042,6,-0.43887349764324207,False
D042,7,-0.4237186082908828,False
D042,8,-0.42011636580470946,False
D042,9,-0.4035307147992449,False
D042,10,-0.4392591977675574,False
D042,11,-0.43711314134116186,False
D042,12,-0.468034884085405,False
D042,13,-0.43700316612861373,False
D042,14,-0.44183527787384697,False
D042,15,-0.45267678069801376,False
D042,16,-0.4459981375099407,False
D042,17,-0.40152300078017034,False
D042,18,-0.4773237065653781,False
D042,19,-0.44607462176672213,False
D042,20,-0.42772327595560994,False
D042,21,-0.41898863505865414,False
D042,22,-0.41570518668807543,False
D042,23,-0.5018063045300433,False
D042,24,-0.45168456260388,False
D042,25,-0.4455640989596754,False
D042,26,-0.43783106889440776,False
D043,1,-0.43522442696145797,False
D043,2,-0.45636690328348983,False
D043,3,-0.4319247648227395,False
D043,4,-0.4335112317875775,False
D043,5,-0.485820451550729,False
D043,6,-0.475697885474839,False
D043,7,-0.45661730860410477,False
D043,8,-0.43169371627343933,False
D043,9,-0.44597823112793916,False
D043,10,-0.4568992880942347,False
D043,11,-0.44807598583784847,False
D043,12,-0.4282974683513064,False
D043,13,-0.4593887208246154,False
D043,14,-0.4360150607817227,False
D043,15,-0.4295214949544253,False
D043,16,-0.45499976598982644,False
D043,17,-0.44815102162287995,False
D043,18,-0.4946364425892151,False
D043,19,-0.4338073245814294,False
D043,20,-0.42309006483798284,False
D043,21,-0.4466565775107571,False
D043,22,-0.44892970162065654,False
D043,23,-0.4567351188955378,False
D043,24,-0.4433713950106846,False
D043,25,-0.4496707705479477,False
D043,26,-0.42107850399176927,False
D044,1,-0.4783748709993407,False
D044,2,-0.5386629095191502,True
D044,3,-0.4968750132351997,False
D044,4,-0.4714738063037939,False
D044,5,-0.503868968800547,False
D044,6,-0.5672528782536048,True
D044,7,-0.5885412396596192,True
D044,8,-0.6018755235838665,True
D044,9,-0.5985761634857135,True
D044,10,-0.6770379131130552,True
D045,1,-0.44342405086634745,False
D045,2,-0.41480481283615134,False
D045,3,-0.468985488438879,False
D045,4,-0.4102875399164608,False
D045,5,-0.4409224868334359,False
D045,6,-0.41697796525958547,False
D045,7,-0.42600168535435917,False
D045,8,-0.45008961585914653,False
D045,9,-0.4203729347761834,False
D045,10,-0.49289148744535616,False
D045,11,-0.4355854489704972,False
D045,12,-0.42272336687400275,False
D045,13,-0.45071217243211686,False
D045,14,-0.43234072303858934,False
D045,15,-0.43123285852007304,False
D045,16,-0.41080949962821633,False
D045,17,-0.4169633191168328,False
D045,18,-0.5249484709209339,False
D045,19,-0.419322023168174,False
D045,20,-0.4483288325580877,False
D045,21,-0.5562996074795943,True
D045,22,-0.42751871729894625,False
D045,23,-0.4519683201959374,False
D045,24,-0.43692013937389124,False
D045,25,-0.4228797537063295,False
D045,26,-0.437607938789118,False
D046,1,-0.4443448730520616,False
D046,2,-0.4307943943591231,False
D046,3,-0.46886768688290065,False
D046,4,-0.43571931700051564,False
D046,5,-0.47888946241996444,False
D046,6,-0.4647912006719496,False
D046,7,-0.523308889898066,False
D046,8,-0.4638966107589596,False
D046,9,-0.4559329981079426,False
D046,10,-0.47296995097656375,False
D046,11,-0.46324862602452543,False
D046,12,-0.46443322452360225,False
D046,13,-0.45124981810777004,False
D046,14,-0.4737963817675868,False
D046,15,-0.5209833162812575,False
D046,16,-0.46157841390742393,False
D046,17,-0.47553391392303845,False
D046,18,-0.43206056211225274,False
D046,19,-0.4599801015401882,False
D046,20,-0.4621125882840001,False
D046,21,-0.42926942731451856,False
D046,22,-0.4555725550827916,False
D046,23,-0.49152597113782426,False
D047,1,-0.4873258704673905,False
D047,2,-0.43021491808239504,False
D047,3,-0.45723514267036874,False
D047,4,-0.4502808561094195,False
D047,5,-0.4524306816294533,False
D047,6,-0.4484187150481643,False
D047,7,-0.4956017490241232,False
D047,8,-0.4419710956253396,False
D047,9,-0.4581830346323516,False
D047,10,-0.44919991773471896,False
D047,11,-0.4646135882207631,False
D047,12,-0.5297102454580441,False
D047,13,-0.46604846849224923,False
D047,14,-0.49824532246955655,False
D047,15,-0.4905484117322346,False
D047,16,-0.4357819130536068,False
D047,17,-0.47879937324651706,False
D047,18,-0.4910347952552631,False
D047,19,-0.4452901233238532,False
D047,20,-0.46418546177021497,False
D047,21,-0.45494652362912685,False
D047,22,-0.44638119750477856,False
D047,23,-0.49047520787217397,False
D047,24,-0.470416881931083,False
D047,25,-0.4671382780008498,False
D047,26,-0.4499091671512715,False
D048,1,-0.48267165478341295,False
D048,2,-0.5085827693513945,False
D048,3,-0.44774034029483,False
D048,4,-0.4945559789600752,False
D048,5,-0.45659144105686345,False
D048,6,-0.49367023255290393,False
D048,7,-0.5197162339940785,False
D048,8,-0.49166469247919875,False
D048,9,-0.5338597183786066,True
D048,10,-0.5339868905701953,True
D048,11,-0.4496177095652951,False
D048,12,-0.5042240878297746,False
D048,13,-0.5065877871697454,False
D048,14,-0.47747024910581587,False
D048,15,-0.4648756130222535,False
D048,16,-0.47745384466755564,False
D048,17,-0.5182734722471418,False
D048,18,-0.4642244773220424,False
D048,19,-0.5390705089368892,True
D048,20,-0.4476451347291956,False
D048,21,-0.4676766934020354,False
D048,22,-0.5363635850144355,True
D048,23,-0.5596723367689925,True
D048,24,-0.47266539848785954,False
D048,25,-0.4798358775788633,False
D048,26,-0.4625414822455167,False
D049,1,-0.4390736545894148,False
D049,2,-0.5153598150376733,False
D049,3,-0.4657653583168797,False
D049,4,-0.46231658882431065,False
D049,5,-0.45084088690455915,False
D049,6,-0.4984129569766557,False
D049,7,-0.5084691557671169,False
D049,8,-0.4672033714066942,False
D049,9,-0.4690356447904127,False
D049,10,-0.5141093750646326,False
D049,11,-0.5465624142356029,True
D049,12,-0.4607631307497579,False
D049,13,-0.5081661992226973,False
D049,14,-0.49913963471053757,False
D049,15,-0.4922078787075474,False
D049,16,-0.5638743700273351,True
D049,17,-0.5127275382281127,False
D049,18,-0.5008873370207322,False
D049,19,-0.49970752352318554,False
D049,20,-0.46713532751840336,False
D049,21,-0.5422062489600245,True
D049,22,-0.5308664647929789,False
D049,23,-0.5365489448319815,True
D049,24,-0.5348340122504139,True
D049,25,-0.5048069469324413,False
D049,26,-0.4853216883915922,False
D050,1,-0.4432940083889751,False
D050,2,-0.4528788886991206,False
D050,3,-0.41527432551285653,False
D050,4,-0.5001011668891097,False
D050,5,-0.4425594723407482,False
D050,6,-0.4487662711422377,False
D050,7,-0.42187204832570624,False
D050,8,-0.4298611232865665,False
D050,9,-0.43187658062443984,False
D050,10,-0.4480813021539932,False
D050,11,-0.44483812542041284,False
D050,12,-0.4701163784816365,False
D050,13,-0.4273010040859886,False
D050,14,-0.4403982555970132,False
D050,15,-0.45668710441278254,False
D050,16,-0.42468335815822117,False
D050,17,-0.47182885979676886,False
D050,18,-0.4192942626942088,False
D050,19,-0.42404796905151454,False
D050,20,-0.425277483570934,False
D050,21,-0.4468308171175744,False
D050,22,-0.43918282621446075,False
D050,23,-0.43935763620879553,False
D050,24,-0.47611523124747845,False
D050,25,-0.4119579355993183,False
D050,26,-0.42431803548212393,False
D051,1,-0.46135727872783167,False
D051,2,-0.4668060883579411,False
D051,3,-0.5051444053719227,False
D051,4,-0.46871150842051607,False
D051,5,-0.5135421680932164,False
D051,6,-0.5335848777899237,False
D051,7,-0.518574859313452,False
D051,8,-0.4899763859914275,False
D051,9,-0.4385696417809073,False
D051,10,-0.45851738401239567,False
D051,11,-0.46130925112288645,False
D051,12,-0.47475651033187527,False
D051,13,-0.4937011838898457,False
D051,14,-0.4705685907573495,False
D051,15,-0.4673792711820821,False
D051,16,-0.4978318574005046,False
D051,17,-0.47536632846855953,False
D051,18,-0.48995034655650266,False
D051,19,-0.5769826118408685,True
D051,20,-0.47454744039081614,False
D051,21,-0.5048152944443453,False
D051,22,-0.5159009640301551,False
D051,23,-0.4904638032608842,False
D051,24,-0.509782559554188,False
D051,25,-0.4701516809644654,False
D051,26,-0.5038283592744831,False
D052,1,-0.3989282022422244,False
D052,2,-0.41361767094761104,False
D052,3,-0.4215797407290344,False
D052,4,-0.4175168600914174,False
D052,5,-0.4181762623178413,False
D052,6,-0.41535650252857204,False
D052,7,-0.42386494058319774,False
D052,8,-0.3996686432603694,False
D052,9,-0.4015660494464797,False
D052,10,-0.41619564580182755,False
D052,11,-0.40837648775380053,False
D052,12,-0.4042986338246193,False
D052,13,-0.39051254634336335,False
D052,14,-0.42759950399760205,False
D052,15,-0.4103830900980902,False
D052,16,-0.40154246005940963,False
D052,17,-0.4242655153100978,False
D052,18,-0.40865178017976594,False
D052,19,-0.4025444649130242,False
D052,20,-0.4356344909798276,False
D052,21,-0.42319071949097026,False
D052,22,-0.4050780638339412,False
D052,23,-0.42165272328257747,False
D052,24,-0.41210412209302477,False
D052,25,-0.40104275492643365,False
D052,26,-0.40427471747932237,False
D053,1,-0.44886688971733113,False
D053,2,-0.45523868013365887,False
D053,3,-0.4585001014668751,False
D053,4,-0.40999692139680244,False
D053,5,-0.4571511698239274,False
D053,6,-0.49986741211946206,False
D053,7,-0.4201487297164616,False
D053,8,-0.43924350614870233,False
D053,9,-0.4468074798457593,False
D053,10,-0.46203953532377395,False
D053,11,-0.4863034470121814,False
D053,12,-0.45595849002571204,False
D053,13,-0.4911857997570464,False
D053,14,-0.45570374749808784,False
D053,15,-0.49629824363576586,False
D053,16,-0.4069835420577632,False
D053,17,-0.4075820592174188,False
D053,18,-0.4734857363088983,False
D053,19,-0.4303257978614278,False
D053,20,-0.4188794617877394,False
D053,21,-0.4591359581782202,False
D053,22,-0.42125210886177944,False
D053,23,-0.42211680696445836,False
D053,24,-0.4517589684986433,False
D053,25,-0.4648986170350077,False
D053,26,-0.4351841254776156,False
D054,1,-0.44576983557277117,False
D054,2,-0.42196473872785456,False
D054,3,-0.447052397103858,False
D054,4,-0.4643965802589441,False
D054,5,-0.4292827446479813,False
D054,6,-0.4281125459316519,False
D054,7,-0.4551039384050806,False
D054,8,-0.4500543088496026,False
D054,9,-0.4267687510177874,False
D054,10,-0.43534938283309044,False
D054,11,-0.44679814038832916,False
D054,12,-0.44830436895834025,False
D054,13,-0.4493236444759281,False
D054,14,-0.4646967799277756,False
D054,15,-0.4680920305509254,False
D054,16,-0.4435038124745806,False
D054,17,-0.4322271031483112,False
D054,18,-0.45455175267717257,False
D054,19,-0.4521005981595922,False
D054,20,-0.42960400303230223,False
D054,21,-0.4283741284521844,False
D054,22,-0.4479380728146957,False
D054,23,-0.44417100837611334,False
D054,24,-0.46043330264367016,False
D054,25,-0.4552436347084054,False
D054,26,-0.4311241448743828,False
D055,1,-0.47423771591192293,False
D055,2,-0.40503118831116974,False
D055,3,-0.4731966896188168,False
D055,4,-0.47206024412035535,False
D055,5,-0.42577419410778494,False
D055,6,-0.43403876220381377,False
D055,7,-0.4437676678727105,False
D055,8,-0.46519630078620433,False
D055,9,-0.43076979192816395,False
D055,10,-0.4468516166615272,False
D055,11,-0.4399328405308671,False
D055,12,-0.4392126069471817,False
D055,13,-0.4343808795912992,False
D055,14,-0.45551247055647504,False
D055,15,-0.47464307579095194,False
D055,16,-0.44463402599522084,False
D055,17,-0.4275685992290769,False
D055,18,-0.45146340361971077,False
D055,19,-0.46021368344362124,False
D055,20,-0.4332918238266543,False
D055,21,-0.42780819063639214,False
D055,22,-0.42220858081470564,False
D055,23,-0.4558617681317365,False
D055,24,-0.45329932055539607,False
D055,25,-0.4278729776714039,False
D055,26,-0.4266875333908116,False
D056,1,-0.4085075851463808,False
D056,2,-0.40156228127405524,False
D056,3,-0.42578007842721155,False
D056,4,-0.41156579540142246,False
D056,5,-0.40314365834755866,False
D056,6,-0.4055395683564103,False
D056,7,-0.41447542379443475,False
D056,8,-0.40463092114933996,False
D056,9,-0.4269713182686046,False
D056,10,-0.39384225012608715,False
D056,11,-0.399153226514552,False
D056,12,-0.39808367235233677,False
D056,13,-0.39535660718656324,False
D056,14,-0.40160875728394785,False
D056,15,-0.4019230066849935,False
D056,16,-0.3941773417743816,False
D056,17,-0.40782810426244476,False
D056,18,-0.40753131772993395,False
D056,19,-0.4459651471014445,False
D056,20,-0.39663613312716045,False
D056,21,-0.41626527105645167,False
D056,22,-0.41860313600145205,False
D056,23,-0.4155475087579911,False
D056,24,-0.41880026507335016,False
D056,25,-0.40477250262377845,False
D056,26,-0.4315057095645695,False
D057,1,-0.5099934934663237,False
D057,2,-0.5330195946840584,False
D057,3,-0.5531719033002628,True
D057,4,-0.4593294930501913,False
D057,5,-0.5097831497029618,False
D057,6,-0.4958447686152241,False
D057,7,-0.47434910114667006,False
D057,8,-0.49709524494954965,False
D057,9,-0.46933379888694843,False
D057,10,-0.5258538100332076,False
D057,11,-0.4547525997327039,False
D057,12,-0.5282795104153561,False
D057,13,-0.4599518032034291,False
D057,14,-0.5561655492055667,True
D057,15,-0.5006584708494457,False
D057,16,-0.5019386953988464,False
D057,17,-0.4733871126454145,False
D057,18,-0.47852971198143296,False
D057,19,-0.4557743486304603,False
D057,20,-0.49516249828476855,False
D057,21,-0.5363753289828486,True
D057,22,-0.5019090390470983,False
D057,23,-0.5036074883670613,False
D057,24,-0.5145574139663351,False
D057,25,-0.47195078816898667,False
D057,26,-0.5312311793112181,False
D058,1,-0.6016051495269605,True
D058,2,-0.5490422211825566,True
D058,3,-0.49475715357279293,False
D058,4,-0.5077177545925255,False
D058,5,-0.48895762432758105,False
D058,6,-0.48498011693787346,False
D058,7,-0.520806365432136,False
D058,8,-0.5522107790942727,True
D058,9,-0.4966446934595667,False
D058,10,-0.499734121971857,False
D058,11,-0.5067399892205281,False
D058,12,-0.4962781728286384,False
D058,13,-0.5433314092482064,True
D058,14,-0.5146652686384926,False
D058,15,-0.5334592328011866,False
D058,16,-0.5344525639120864,True
D058,17,-0.5029936292294576,False
D058,18,-0.5380760279185408,True
D058,19,-0.49312578968660276,False
D058,20,-0.4799973595239556,False
D058,21,-0.5603759431186216,True
D058,22,-0.5784572493638431,True
D058,23,-0.4997164590466892,False
D058,24,-0.5081025587975392,False
D058,25,-0.5113120397292602,False
D058,26,-0.47534888845151774,False
D059,1,-0.45921691559258154,False
D059,2,-0.4784787400221375,False
D059,3,-0.419998208978502,False
D059,4,-0.43346484755766906,False
D059,5,-0.4373567254559204,False
D059,6,-0.42501602790788623,False
D059,7,-0.42472387532036976,False
D059,8,-0.42560897610686743,False
D059,9,-0.42215643769074357,False
D059,10,-0.42406926806735307,False
D059,11,-0.4430170494546629,False
D059,12,-0.46252047275184044,False
D059,13,-0.45629961676236086,False
D059,14,-0.43077483996936705,False
D059,15,-0.42751814435881225,False
D059,16,-0.5076591229613605,False
D059,17,-0.4526373097048775,False
D059,18,-0.4388296733412069,False
D059,19,-0.43962008907716593,False
D059,20,-0.44310460115266687,False
D059,21,-0.44775493387587695,False
D059,22,-0.43867959565112535,False
D059,23,-0.45908771160478196,False
D059,24,-0.43153434835608206,False
D059,25,-0.4415741846540946,False
D059,26,-0.46804525841246875,False
D060,1,-0.4493740191527339,False
D060,2,-0.47310702069636557,False
D060,3,-0.4366537453710796,False
D060,4,-0.4633324007032381,False
D060,5,-0.44646006164448765,False
D060,6,-0.4319152933289774,False
D060,7,-0.42237036132026445,False
D060,8,-0.43765841175951536,False
D060,9,-0.44594679159080874,False
D060,10,-0.4619230977294455,False
D060,11,-0.43391637367691904,False
D060,12,-0.4541915062779418,False
D060,13,-0.45018048660661286,False
D060,14,-0.43840745776774254,False
D060,15,-0.45485919684431436,False
D060,16,-0.4308095764471568,False
D060,17,-0.44610500737716824,False
D060,18,-0.4549385523426568,False
D060,19,-0.4368844419847132,False
D060,20,-0.46665073140396923,False
D060,21,-0.4269817002843851,False
D060,22,-0.43945316001727147,False
D060,23,-0.4374106506344319,False
D060,24,-0.47093479290712964,False
D060,25,-0.41719086123704685,False
D060,26,-0.4833323498464965,False
D061,1,-0.46476244895878327,False
D061,2,-0.40727958316161916,False
D061,3,-0.48985766766087907,False
D061,4,-0.42618182336326693,False
D061,5,-0.42148744227505547,False
D061,6,-0.496086774352168,False
D061,7,-0.4444030685437128,False
D061,8,-0.4342269217278781,False
D061,9,-0.4535706377369261,False
D061,10,-0.41042103885606157,False
D061,11,-0.40376423386775934,False
D061,12,-0.4272031408830319,False
D061,13,-0.40841695439266545,False
D061,14,-0.4295421099267963,False
D061,15,-0.4439485526625651,False
D061,16,-0.4684581650622723,False
D061,17,-0.42076238968118,False
D061,18,-0.42297597412890414,False
D061,19,-0.43213481575803386,False
D061,20,-0.41001279333642837,False
D061,21,-0.43509119683974806,False
D061,22,-0.42090769119274885,False
D061,23,-0.4818430619017066,False
D061,24,-0.4116782861641843,False
D061,25,-0.4054521326927953,False
D061,26,-0.39720607719012796,False
D062,1,-0.39986746406686285,False
D062,2,-0.4856924188618762,False
D062,3,-0.462175928689747,False
D062,4,-0.44467041842484073,False
D062,5,-0.43817890735243886,False
D062,6,-0.45892211218487144,False
D062,7,-0.4283461767259996,False
D062,8,-0.4472628365595717,False
D062,9,-0.46933901115727755,False
D062,10,-0.4432793096767944,False
D062,11,-0.43402081369355544,False
D062,12,-0.43450183385438956,False
D062,13,-0.42887921365511195,False
D062,14,-0.48966879084133297,False
D062,15,-0.5134020271738237,False
D062,16,-0.41811785919453476,False
D062,17,-0.4361659963894244,False
D062,18,-0.5294039666488325,False
D062,19,-0.450462585523789,False
D062,20,-0.48117407780668636,False
D062,21,-0.4259817763435956,False
D062,22,-0.5010048697647472,False
D062,23,-0.4127621187533176,False
D062,24,-0.4548424259172809,False
D062,25,-0.41719507272357104,False
D062,26,-0.4317401883557553,False
D063,1,-0.4469007524009784,False
D063,2,-0.41354503914723295,False
D063,3,-0.41223101033851767,False
D063,4,-0.44423769979465955,False
D063,5,-0.41321989844973434,False
D063,6,-0.4249893490096339,False
D063,7,-0.4295672277566566,False
D063,8,-0.5406643817807001,True
D063,9,-0.42854153742473894,False
D063,10,-0.4125190454321038,False
D063,11,-0.415451360359224,False
D064,1,-0.4917224416676939,False
D064,2,-0.45643609986777334,False
D064,3,-0.4355485820047647,False
D064,4,-0.46307232195421577,False
D064,5,-0.457878798744803,False
D064,6,-0.4839404626017476,False
D064,7,-0.4756165945464141,False
D064,8,-0.44838626599814224,False
D064,9,-0.48844140413309844,False
D064,10,-0.5288644254991333,False
D064,11,-0.45502655890348825,False
D064,12,-0.45061427698608303,False
D064,13,-0.4641784105184978,False
D064,14,-0.4688625515880907,False
D064,15,-0.4700235857275701,False
D064,16,-0.48638726157378986,False
D064,17,-0.4365908673587358,False
D064,18,-0.4573654128358168,False
D064,19,-0.4846067525776848,False
D064,20,-0.47680597366744504,False
D064,21,-0.4681214879073061,False
D064,22,-0.5251347408949367,False
D064,23,-0.44893890368870276,False
D064,24,-0.4863823110707312,False
D064,25,-0.5094240264997183,False
D064,26,-0.4577492547898483,False
D065,1,-0.4159327522831822,False
D065,2,-0.44404463210159356,False
D065,3,-0.4108683756583518,False
D065,4,-0.4379636055579779,False
D065,5,-0.43758441645328716,False
D065,6,-0.42706430778385024,False
D065,7,-0.4078247705414763,False
D065,8,-0.4111733142446706,False
D065,9,-0.439476525166697,False
D065,10,-0.4334945187648666,False
D065,11,-0.4227352906854806,False
D065,12,-0.4424532457087772,False
D065,13,-0.432088254543206,False
D065,14,-0.4070002072866247,False
D065,15,-0.41062099153277043,False
D065,16,-0.45023863351320903,False
D065,17,-0.4446192901187341,False
D065,18,-0.42264359350637276,False
D065,19,-0.4254215563416203,False
D065,20,-0.4653707369975681,False
D065,21,-0.39836030724237953,False
D065,22,-0.41952037720083174,False
D065,23,-0.42757310845010665,False
D065,24,-0.4200705804737315,False
D065,25,-0.4715437588023781,False
D065,26,-0.44921611497628294,False
D066,1,-0.42618108743565347,False
D066,2,-0.443748733729113,False
D066,3,-0.4639046806590125,False
D066,4,-0.42293725829340606,False
D066,5,-0.4606971337010702,False
D066,6,-0.48356378398360883,False
D066,7,-0.46261964780420456,False
D066,8,-0.45679533612708373,False
D066,9,-0.4639292093735101,False
D066,10,-0.4254912897925683,False
D066,11,-0.47280286438382974,False
D066,12,-0.4177293986059222,False
D066,13,-0.4528552525619563,False
D066,14,-0.4235788582590982,False
D066,15,-0.46650568885477156,False
D066,16,-0.4499914007010723,False
D066,17,-0.4569484742566084,False
D066,18,-0.48587288718666,False
D066,19,-0.448876258312283,False
D066,20,-0.42761663035220565,False
D066,21,-0.43225312987001063,False
D066,22,-0.45583232258880774,False
D066,23,-0.553738379821803,True
D066,24,-0.4201891215357873,False
D066,25,-0.4392678965399082,False
D066,26,-0.4266501757265206,False
D067,1,-0.4613162704293615,False
D067,2,-0.43147006590264614,False
D067,3,-0.4328710591487944,False
D067,4,-0.4316403621249646,False
D067,5,-0.4309983134075401,False
D067,6,-0.44175460141724837,False
D067,7,-0.4566914668315467,False
D067,8,-0.4695623129792719,False
D067,9,-0.44741052001995785,False
D067,10,-0.4437944287777142,False
D067,11,-0.43475365395490906,False
D067,12,-0.4812931693416564,False
D067,13,-0.4441616213046233,False
D067,14,-0.4348408005217326,False
D067,15,-0.4090671240320247,False
D067,16,-0.47404585936626176,False
D067,17,-0.44923650088940625,False
D067,18,-0.4564790927862071,False
D067,19,-0.43376421541587284,False
D067,20,-0.4964332333963013,False
D067,21,-0.4585538194468071,False
D067,22,-0.4649340742316228,False
D067,23,-0.430749194780731,False
D067,24,-0.46755607657964293,False
D067,25,-0.48784298022705996,False
D067,26,-0.4127208850352959,False
D068,1,-0.4926562013416011,False
D068,2,-0.4481923486449849,False
D068,3,-0.47243907804244556,False
D068,4,-0.4811680944352588,False
D068,5,-0.4450009469531109,False
D068,6,-0.4274845748275668,False
D068,7,-0.4792761161303435,False
D068,8,-0.4620763188344223,False
D068,9,-0.44235404211761126,False
D069,1,-0.44934291955526995,False
D069,2,-0.4940532220231463,False
D069,3,-0.4397472099969338,False
D069,4,-0.41755574939424167,False
D069,5,-0.4138344708265003,False
D069,6,-0.44640466958018005,False
D069,7,-0.49614980840575146,False
D069,8,-0.42004967620732525,False
D069,9,-0.4253734355426255,False
D069,10,-0.461298522854092,False
D069,11,-0.43492348475681014,False
D069,12,-0.4315897511011294,False
D069,13,-0.45731372233739936,False
D069,14,-0.4642992374291814,False
D069,15,-0.4568317579392708,False
D069,16,-0.43064825215899505,False
D069,17,-0.423291184598545,False
D069,18,-0.5021473408898712,False
D069,19,-0.4598356675285742,False
D069,20,-0.5007566189716574,False
D069,21,-0.47715758310132245,False
D069,22,-0.43330392591729083,False
D069,23,-0.4746867723664711,False
D069,24,-0.44999504594771533,False
D069,25,-0.4181150723263041,False
D069,26,-0.44178701175384844,False
D070,1,-0.3907125846844663,False
D070,2,-0.3938558133668807,False
D070,3,-0.4068488443660863,False
D070,4,-0.39893769709805693,False
D070,5,-0.38942726074692546,False
D070,6,-0.4332314587863215,False
D070,7,-0.4496662127025998,False
D070,8,-0.4248549237948777,False
D070,9,-0.3995306345023724,False
D070,10,-0.4028229896833651,False
D070,11,-0.4090685148840403,False
D070,12,-0.39371825803812976,False
D070,13,-0.3959296057471116,False
D070,14,-0.3994715012010565,False
D070,15,-0.4183966635912062,False
D070,16,-0.3987747974918577,False
D070,17,-0.4064385694112121,False
D070,18,-0.4005816983082683,False
D070,19,-0.4079818773286081,False
D070,20,-0.41002233954393447,False
D070,21,-0.4282218062839989,False
D070,22,-0.4196147919155162,False
D070,23,-0.3968145700557899,False
D070,24,-0.4080314094700156,False
D070,25,-0.4151522688669791,False
D070,26,-0.4107602088478271,False
D071,1,-0.4049056609277371,False
D071,2,-0.4241919661492132,False
D071,3,-0.42283494593452625,False
D071,4,-0.39817417778042113,False
D071,5,-0.42746841959854104,False
D071,6,-0.4120641380594306,False
D071,7,-0.452682844719902,False
D071,8,-0.4379199489277167,False
D071,9,-0.4234314842960876,False
D071,10,-0.4054210428033593,False
D071,11,-0.39833107900411757,False
D071,12,-0.4010890318293721,False
D071,13,-0.42091856772076636,False
D071,14,-0.40262034203214647,False
D071,15,-0.3926444468654749,False
D071,16,-0.39485269312964744,False
D071,17,-0.3995900163998492,False
D071,18,-0.40415517205012363,False
D071,19,-0.4043404807262117,False
D071,20,-0.40501028095605796,False
D071,21,-0.3970665481639371,False
D071,22,-0.3958668849225617,False
D071,23,-0.394831088815029,False
D071,24,-0.400887805297406,False
D071,25,-0.4019473581163451,False
D071,26,-0.41639655056570235,False
D072,1,-0.48782397372462993,False
D072,2,-0.47787976818012273,False
D072,3,-0.4532964236669138,False
D072,4,-0.5019166396401291,False
D072,5,-0.4745429642514695,False
D072,6,-0.5022757300540387,False
D072,7,-0.5464826999960928,True
D072,8,-0.4871263708490533,False
D072,9,-0.45828202013666675,False
D072,10,-0.5268715351461509,False
D072,11,-0.4674754045036881,False
D072,12,-0.4860470470987251,False
D072,13,-0.5270675425707761,False
D072,14,-0.5067310188362115,False
D072,15,-0.5142706233056669,False
D072,16,-0.5862895493695605,True
D072,17,-0.5777948850617575,True
D072,18,-0.5691636266631105,True
D072,19,-0.4843849698205449,False
D072,20,-0.5079863840571167,False
D072,21,-0.5669347804233872,True
D072,22,-0.5102383227918769,False
D072,23,-0.5027348252506875,False
D072,24,-0.5096353358371802,False
D072,25,-0.5387592029964778,True
D072,26,-0.5429052633754557,True
D073,1,-0.45575928182369135,False
D073,2,-0.48454519680330116,False
D073,3,-0.4498076226471439,False
D073,4,-0.4801020308199363,False
D073,5,-0.43976053168776497,False
D073,6,-0.43711950533971317,False
D073,7,-0.4620965792871639,False
D073,8,-0.4601305801257098,False
D073,9,-0.43105557947112627,False
D073,10,-0.4423266696702315,False
D073,11,-0.5944976932475182,True
D074,1,-0.4700208121984873,False
D074,2,-0.4997187774085676,False
D074,3,-0.492165717334715,False
D074,4,-0.4921234653209513,False
D074,5,-0.46317512601846544,False
D074,6,-0.45498599117533134,False
D074,7,-0.4699909257772004,False
D074,8,-0.4495861096173266,False
D074,9,-0.4639132761870563,False
D074,10,-0.4716349464222926,False
D074,11,-0.5306097392367952,False
D074,12,-0.44543360027138557,False
D074,13,-0.5013886083259634,False
D074,14,-0.4524641367433972,False
D074,15,-0.44470525674729994,False
D074,16,-0.4688024016415384,False
D074,17,-0.5366300784489091,True
D074,18,-0.45105138063833156,False
D074,19,-0.5577991620965431,True
D074,20,-0.5369896192060698,True
D074,21,-0.5337839356521238,False
D074,22,-0.5840859427460532,True
D074,23,-0.6015710304716665,True
D075,1,-0.4198505734944107,False
D075,2,-0.4158325403173074,False
D075,3,-0.4114404032213721,False
D075,4,-0.42898134631021156,False
D075,5,-0.42620245583322636,False
D075,6,-0.4102895093878603,False
D075,7,-0.4270384861571677,False
D075,8,-0.3985927620992918,False
D075,9,-0.4302947708934222,False
D075,10,-0.4281785674646696,False
D075,11,-0.4422554448039449,False
D075,12,-0.44113095613490494,False
D075,13,-0.40557320794975676,False
D075,14,-0.42449206098923814,False
D075,15,-0.4238710660836613,False
D075,16,-0.3992456017490204,False
D075,17,-0.42538784643097527,False
D075,18,-0.49509578435262735,False
D075,19,-0.42606483554409896,False
D075,20,-0.4326260329032676,False
D075,21,-0.47633804975523925,False
D075,22,-0.45357764989506977,False
D075,23,-0.43383203557224737,False
D075,24,-0.45950326723768015,False
D076,1,-0.4820720588069735,False
D076,2,-0.4513935137754085,False
D076,3,-0.46482215050100745,False
D076,4,-0.45924105197969906,False
D076,5,-0.46284925795040954,False
D076,6,-0.4741956405703426,False
D076,7,-0.45689235100782977,False
D076,8,-0.4875122209418723,False
D076,9,-0.4856178612488363,False
D076,10,-0.4802300233316775,False
D076,11,-0.44874788016238604,False
D076,12,-0.4796278317920093,False
D076,13,-0.4626628446260582,False
D076,14,-0.47209948399888163,False
D076,15,-0.4433729192998659,False
D076,16,-0.4639494024147158,False
D076,17,-0.4620870735936782,False
D076,18,-0.4482579879721742,False
D076,19,-0.4999335616473908,False
D076,20,-0.4460029915373408,False
D076,21,-0.493243364858074,False
D076,22,-0.45841402172636997,False
D076,23,-0.46616378544334036,False
D076,24,-0.46542141195872416,False
D076,25,-0.46779890522793294,False
D076,26,-0.4432998475506897,False
D077,1,-0.47506787431444925,False
D077,2,-0.5641680492126024,True
D077,3,-0.5341091051793228,True
D077,4,-0.4975353201365382,False
D077,5,-0.5124620394252993,False
D077,6,-0.5180482505254795,False
D077,7,-0.48530657315293535,False
D077,8,-0.4664607474005342,False
D077,9,-0.5395994983260525,True
D077,10,-0.5412800057355819,True
D077,11,-0.5639431125478929,True
D077,12,-0.6108072109266978,True
D077,13,-0.6142514433383314,True
D077,14,-0.6139378266822579,True
D077,15,-0.6347828348118424,True
D077,16,-0.6322389138570206,True
D078,1,-0.42126178391033436,False
D078,2,-0.40878043080823306,False
D078,3,-0.39831529215315054,False
D078,4,-0.43851998984891133,False
D078,5,-0.47493446377779003,False
D078,6,-0.40559369517690314,False
D078,7,-0.44000618186868656,False
D078,8,-0.41132853225867416,False
D078,9,-0.45481779733579225,False
D078,10,-0.39861790694207455,False
D078,11,-0.4288573661621013,False
D078,12,-0.42367242063912414,False
D078,13,-0.43526669313048416,False
D078,14,-0.4175492820857821,False
D078,15,-0.4248124597161519,False
D078,16,-0.4124425432539431,False
D078,17,-0.4359995583201855,False
D078,18,-0.4239921405956351,False
D078,19,-0.42000736303016667,False
D078,20,-0.40929159427207457,False
D078,21,-0.4270646289702992,False
D078,22,-0.44040145748588727,False
D078,23,-0.46618111545693286,False
D079,1,-0.4665050495015364,False
D079,2,-0.4540548600083008,False
D079,3,-0.4591453574874843,False
D079,4,-0.47324995463029557,False
D079,5,-0.47438899315871563,False
D079,6,-0.46865332150442174,False
D079,7,-0.5034110266844037,False
D079,8,-0.4324092161981142,False
D079,9,-0.4551545846838995,False
D079,10,-0.4360448803254945,False
D079,11,-0.4582153972803908,False
D079,12,-0.46460360925329675,False
D079,13,-0.504157193418962,False
D079,14,-0.4490415174179656,False
D079,15,-0.47204844556351827,False
D079,16,-0.4483957130328819,False
D079,17,-0.48391972919180287,False
D079,18,-0.5059415536659002,False
D079,19,-0.4739203057398072,False
D079,20,-0.4484289179646857,False
D079,21,-0.45714959402494093,False
D079,22,-0.4800418926564142,False
D079,23,-0.5382306540326005,True
D079,24,-0.4983704963829627,False
D079,25,-0.4847514192252027,False
D079,26,-0.46066305992089185,False
D080,1,-0.525283454755225,False
D080,2,-0.4711977337499156,False
D080,3,-0.4737836854146224,False
D080,4,-0.4658712991581895,False
D080,5,-0.4794459154383097,False
D080,6,-0.5002540781875252,False
D080,7,-0.4702062113501811,False
D080,8,-0.47842969030376153,False
D080,9,-0.46705037837538793,False
D080,10,-0.46492105914667403,False
D080,11,-0.46079729447589984,False
D080,12,-0.4966891444447512,False
D080,13,-0.45788068616764466,False
D080,14,-0.4589006224721655,False
D080,15,-0.46709811743925067,False
D080,16,-0.4983870452918548,False
D080,17,-0.47056508268378805,False
D080,18,-0.49534130723389225,False
D080,19,-0.5431524369726473,True
D080,20,-0.46321308053954025,False
D080,21,-0.4685636882280538,False
D080,22,-0.4656186609186123,False
D080,23,-0.47162459302872145,False
D080,24,-0.4690990915954609,False
D080,25,-0.46354810980322336,False
D080,26,-0.46063459240290205,False
D081,1,-0.4277584477806816,False
D081,2,-0.507835604311687,False
D081,3,-0.4638954717119059,False
D081,4,-0.4392609958683634,False
D081,5,-0.4363955191328964,False
D081,6,-0.44382182439771056,False
D081,7,-0.44791922295304104,False
D081,8,-0.507757110227551,False
D081,9,-0.4280877962861661,False
D081,10,-0.43733231895616775,False
D081,11,-0.4650282203259862,False
D081,12,-0.47386937160353676,False
D081,13,-0.4452524384210636,False
D081,14,-0.515895526213421,False
D081,15,-0.45384940623284026,False
D081,16,-0.4814586007380924,False
D081,17,-0.44265629808480444,False
D081,18,-0.46310892725190644,False
D081,19,-0.4481666418364082,False
D081,20,-0.4704253430196777,False
D081,21,-0.4848734686115199,False
D081,22,-0.47285786025094667,False
D081,23,-0.46132995534292526,False
D081,24,-0.48174930771517116,False
D081,25,-0.5087262184643528,False
D081,26,-0.4909451229959326,False
D082,1,-0.4639655721050938,False
D082,2,-0.4905365071886963,False
D082,3,-0.4759903042376556,False
D082,4,-0.4595829901978479,False
D082,5,-0.45816521183925957,False
D082,6,-0.49193498685996423,False
D082,7,-0.5005531800717654,False
D082,8,-0.486058790992134,False
D082,9,-0.5066340245904364,False
D082,10,-0.5061065460212777,False
D082,11,-0.5416858146490646,True
D082,12,-0.5623978563330171,True
D082,13,-0.5521217417947901,True
D082,14,-0.5532646879421473,True
D082,15,-0.6057441930307091,True
D082,16,-0.5786081373434314,True
D083,1,-0.42691649468628207,False
D083,2,-0.4394012102596673,False
D083,3,-0.40904263676221436,False
D083,4,-0.42100986446570526,False
D083,5,-0.4225976419891502,False
D083,6,-0.4069228746130716,False
D083,7,-0.4522398585318974,False
D083,8,-0.4122770955643501,False
D083,9,-0.46223677954217274,False
D083,10,-0.4167406565074351,False
D083,11,-0.44830641125200915,False
D083,12,-0.4063240205535309,False
D083,13,-0.43184435217972045,False
D083,14,-0.4418006503084878,False
D083,15,-0.43825036681497054,False
D083,16,-0.43947687537549673,False
D083,17,-0.4584920225715563,False
D083,18,-0.4159275111463032,False
D083,19,-0.41933627606645785,False
D083,20,-0.4260966096466867,False
D083,21,-0.46247946538265555,False
D083,22,-0.4560340806149191,False
D083,23,-0.4473613828849911,False
D083,24,-0.4063833782349066,False
D083,25,-0.40185516231186247,False
D083,26,-0.433404263452694,False
D084,1,-0.42796306232474124,False
D084,2,-0.40774112867671547,False
D084,3,-0.4148756545195223,False
D084,4,-0.43673949210622287,False
D084,5,-0.4303874370037838,False
D084,6,-0.4209278619023325,False
D084,7,-0.41241503177982286,False
D084,8,-0.4099376268470126,False
D084,9,-0.4645800179390563,False
D084,10,-0.42159160764499426,False
D084,11,-0.40819221398541766,False
D084,12,-0.44980787513937404,False
D084,13,-0.44760368237239806,False
D084,14,-0.44988562912535557,False
D084,15,-0.45536834144884497,False
D084,16,-0.4140866000889363,False
D084,17,-0.42608308343417534,False
D084,18,-0.4349303571763006,False
D084,19,-0.4106667538672366,False
D084,20,-0.40010242988584843,False
D084,21,-0.4287163934216399,False
D084,22,-0.4188992625196953,False
D084,23,-0.40736627952527676,False
D084,24,-0.41035826034346423,False
D084,25,-0.4064346597430692,False
D084,26,-0.4198897471136671,False
D085,1,-0.5046593601170087,False
D085,2,-0.44121565995896816,False
D085,3,-0.4270842201783413,False
D085,4,-0.42689770876863287,False
D085,5,-0.40422166160126055,False
D085,6,-0.4317574412027247,False
D085,7,-0.43457409047096324,False
D085,8,-0.4347407639739331,False
D085,9,-0.4946484292138225,False
D085,10,-0.42435890279668304,False
D085,11,-0.42631826979191867,False
D085,12,-0.4571110055777808,False
D085,13,-0.4389566220589749,False
D085,14,-0.44063168493610383,False
D085,15,-0.4105581623323451,False
D086,1,-0.45243282245123506,False
D086,2,-0.40535740512003043,False
D086,3,-0.41938520911316635,False
D086,4,-0.4364190025083364,False
D086,5,-0.44364094805628307,False
D086,6,-0.4597468522991431,False
D086,7,-0.4548859051370876,False
D086,8,-0.41994537734772075,False
D086,9,-0.4541423854769854,False
D086,10,-0.47566744260057503,False
D086,11,-0.4638868688529488,False
D086,12,-0.5099405201936534,False
D086,13,-0.43638863906816466,False
D086,14,-0.43934177055591983,False
D086,15,-0.4648224830693776,False
D086,16,-0.4607540545670471,False
D086,17,-0.42982769178423524,False
D086,18,-0.4357725283788425,False
D086,19,-0.4561244557295898,False
D086,20,-0.42643842423984574,False
D086,21,-0.44058941236953614,False
D086,22,-0.4434870034736597,False
D086,23,-0.46058026066203267,False
D086,24,-0.42466766227140573,False
D086,25,-0.43743391258007513,False
D086,26,-0.4235807826765903,False
D087,1,-0.47030052983244797,False
D087,2,-0.46226899888293743,False
D087,3,-0.4693200222906523,False
D087,4,-0.41947474019545616,False
D087,5,-0.4278180366384655,False
D087,6,-0.41021040611686077,False
D087,7,-0.4380188456490864,False
D087,8,-0.4133726937910103,False
D087,9,-0.4440391999175636,False
D087,10,-0.40307400637570334,False
D087,11,-0.5053372684390629,False
D087,12,-0.47180615532936254,False
D087,13,-0.41109711617976213,False
D087,14,-0.411640060413469,False
D087,15,-0.4674538664259006,False
D087,16,-0.40701017114254906,False
D088,1,-0.47560112363196155,False
D088,2,-0.4937805899058,False
D088,3,-0.47638166829298295,False
D088,4,-0.5314590000687234,False
D088,5,-0.47450742837882176,False
D088,6,-0.4716409684572692,False
D088,7,-0.47404046747136125,False
D088,8,-0.5174269358383301,False
D088,9,-0.5329765252791012,False
D088,10,-0.45744390408120505,False
D088,11,-0.5016415985457346,False
D088,12,-0.4639114292325258,False
D088,13,-0.5372133355683821,True
D088,14,-0.4540298180329972,False
D088,15,-0.4469690092295798,False
D088,16,-0.4689958335925397,False
D088,17,-0.5567591173533348,True
D088,18,-0.5109093214771777,False
D088,19,-0.4759605989096712,False
D088,20,-0.5210646186087126,False
D088,21,-0.4666743527241315,False
D088,22,-0.5212545458991032,False
D088,23,-0.4778794687663881,False
D088,24,-0.45185732774874154,False
D088,25,-0.4767266958639432,False
D088,26,-0.4481426910465812,False
D089,1,-0.41534525812355433,False
D089,2,-0.4083761430467511,False
D089,3,-0.3960304535076269,False
D089,4,-0.40057989314759834,False
D089,5,-0.444661627822738,False
D089,6,-0.4260401703652831,False
D089,7,-0.45642574283719445,False
D089,8,-0.4232401796544464,False
D089,9,-0.41755222073992904,False
D089,10,-0.3986388898374406,False
D089,11,-0.4636109138617596,False
D089,12,-0.4344913653207714,False
D089,13,-0.42100082333030553,False
D089,14,-0.4043695937595284,False
D089,15,-0.4207630991622087,False
D089,16,-0.4250440574309545,False
D089,17,-0.4266867726792414,False
D090,1,-0.4959570047239004,False
D090,2,-0.5568114292780494,True
D090,3,-0.5312996543820961,False
D090,4,-0.5324840719238956,False
D090,5,-0.5176109200960384,False
D090,6,-0.4957498298340532,False
D090,7,-0.4727287377297789,False
D090,8,-0.5415259250141258,True
D090,9,-0.5044525157581157,False
D090,10,-0.4867495594955766,False
D090,11,-0.5216487574880011,False
D090,12,-0.5013701570125756,False
D090,13,-0.5209527049542767,False
D090,14,-0.5081051346248271,False
D090,15,-0.4699446427883453,False
D090,16,-0.5681962348748686,True
D090,17,-0.523318201594243,False
D090,18,-0.487864666026318,False
D090,19,-0.47346086815290805,False
D090,20,-0.5186010971751093,False
D090,21,-0.45910545174959294,False
D090,22,-0.4955972322335432,False
D090,23,-0.46431720799334836,False
D090,24,-0.5461696178897246,True
D090,25,-0.4627878791228246,False
D090,26,-0.532301187525662,False
D091,1,-0.4082767089967288,False
D091,2,-0.4248462859144512,False
D091,3,-0.4094982318867033,False
D091,4,-0.421524533427266,False
D091,5,-0.4324164138992014,False
D091,6,-0.44580510116231375,False
D091,7,-0.41549081277059,False
D091,8,-0.4118869459333727,False
D091,9,-0.4142273599274097,False
D091,10,-0.4221171695242679,False
D091,11,-0.41568775670288305,False
D091,12,-0.41387677491506214,False
D091,13,-0.4172355933818819,False
D091,14,-0.4129689605061821,False
D091,15,-0.4315055046556716,False
D091,16,-0.4211120912451398,False
D091,17,-0.42308504439588446,False
D091,18,-0.4494790316945961,False
D091,19,-0.4120308645596894,False
D091,20,-0.4352629379697112,False
D091,21,-0.43462605680403293,False
D091,22,-0.4109026830707152,False
D091,23,-0.40664507302505004,False
D091,24,-0.41340344893033976,False
D091,25,-0.40790808706993736,False
D091,26,-0.4024169083392149,False
D092,1,-0.4240291224098903,False
D092,2,-0.41433653415061616,False
D092,3,-0.47124755774600524,False
D092,4,-0.4137246112690395,False
D092,5,-0.409329323129016,False
D092,6,-0.4280497433313873,False
D092,7,-0.4197844769748809,False
D092,8,-0.41193589630717276,False
D092,9,-0.41800654558489064,False
D092,10,-0.4718833403582329,False
D092,11,-0.4283576796478784,False
D092,12,-0.4332473166817509,False
D092,13,-0.4090201630715987,False
D092,14,-0.4226029762259292,False
D092,15,-0.45522637779372804,False
D092,16,-0.40850808840604924,False
D092,17,-0.42716144932460365,False
D092,18,-0.42383268637677685,False
D092,19,-0.4709420044257251,False
D092,20,-0.461536494315807,False
D092,21,-0.4050136024271246,False
D092,22,-0.4107656829413936,False
D092,23,-0.4094937343853368,False
D092,24,-0.43063930474236833,False
D092,25,-0.42646993862891935,False
D092,26,-0.43144619559809466,False
D093,1,-0.4569714972871898,False
D093,2,-0.45809997571347216,False
D093,3,-0.4676672785519515,False
D093,4,-0.5095434365142545,False
D093,5,-0.44135385446348896,False
D093,6,-0.46501265074891407,False
D093,7,-0.45955460639950096,False
D093,8,-0.4166173506792673,False
D093,9,-0.51832079176483,False
D093,10,-0.46568549330500725,False
D093,11,-0.45186474217682226,False
D093,12,-0.43846133442351265,False
D093,13,-0.4652692536252274,False
D093,14,-0.4960393346253125,False
D093,15,-0.47060216705129615,False
D093,16,-0.4686278606722983,False
D093,17,-0.40798881862230224,False
D093,18,-0.46776464779827737,False
D093,19,-0.4486005612480535,False
D093,20,-0.44970501935747587,False
D093,21,-0.42561634165050305,False
D093,22,-0.44566059874512526,False
D093,23,-0.47651683202289424,False
D093,24,-0.4349031717193644,False
D093,25,-0.4307558696817331,False
D093,26,-0.4688449574322614,False
D094,1,-0.49661166228749776,False
D094,2,-0.45971950411223883,False
D094,3,-0.5130289539568665,False
D094,4,-0.48084751764150196,False
D094,5,-0.46615321283536393,False
D094,6,-0.47983209638657826,False
D094,7,-0.4997863277399608,False
D094,8,-0.5007427031870336,False
D094,9,-0.5713787256937665,True
D094,10,-0.4822649941841216,False
D094,11,-0.5007128232905237,False
D094,12,-0.5126493933121786,False
D094,13,-0.5164226954139784,False
D094,14,-0.48391528980609744,False
D094,15,-0.49826524675578343,False
D094,16,-0.4844289929720636,False
D094,17,-0.49303352023687014,False
D094,18,-0.5094546770343329,False
D094,19,-0.5071338094158754,False
D094,20,-0.49912873201028346,False
D094,21,-0.45765128488973444,False
D094,22,-0.5270373576909408,False
D094,23,-0.48067566372613113,False
D094,24,-0.48559823983473827,False
D094,25,-0.48784811926645866,False
D094,26,-0.49547085702811516,False
D095,1,-0.4829605782669708,False
D095,2,-0.43554048536579765,False
D095,3,-0.43618404527416726,False
D095,4,-0.40605038044677644,False
D095,5,-0.41608034116963744,False
D095,6,-0.40113504991430926,False
D095,7,-0.4306750990570727,False
D095,8,-0.472403153279493,False
D095,9,-0.4178790874921327,False
D095,10,-0.4585929069373886,False
D095,11,-0.4343523659140917,False
D095,12,-0.4179021328717651,False
D095,13,-0.4275754145249463,False
D095,14,-0.42388500956030356,False
D095,15,-0.43822948988847626,False
D095,16,-0.4277317347882937,False
D095,17,-0.4363229243512684,False
D095,18,-0.45425302731670075,False
D095,19,-0.433397938509537,False
D095,20,-0.4237777459039311,False
D095,21,-0.43463275332754053,False
D095,22,-0.4464057379622303,False
D095,23,-0.41919796208367294,False
D095,24,-0.4412165938002871,False
D095,25,-0.4056140023051846,False
D095,26,-0.40960488973405423,False
D096,1,-0.39951484146202404,False
D096,2,-0.4130281494540757,False
D096,3,-0.43856898706432335,False
D096,4,-0.41924322826552235,False
D096,5,-0.4020781102326651,False
D096,6,-0.39795625217035985,False
D096,7,-0.4093587023247366,False
D096,8,-0.3964613550391098,False
D096,9,-0.3991795790034016,False
D096,10,-0.40871848684347734,False
D096,11,-0.40993402829906295,False
D096,12,-0.40943413248883925,False
D096,13,-0.4964569029392076,False
D096,14,-0.4040731959398632,False
D096,15,-0.4380387859082094,False
D096,16,-0.40084625444893407,False
D096,17,-0.40854924045464036,False
D096,18,-0.41630859499258527,False
D096,19,-0.43396901571288765,False
D096,20,-0.4145037013997575,False
D096,21,-0.39246196296655084,False
D096,22,-0.4103514180315349,False
D096,23,-0.4149756429138547,False
D096,24,-0.42278689448589224,False
D096,25,-0.4103205264194526,False
D096,26,-0.40476824054015875,False
D097,1,-0.4022797918217073,False
D097,2,-0.4742365667816672,False
D097,3,-0.4205983730761088,False
D097,4,-0.40695307285954396,False
D097,5,-0.3942128311998089,False
D097,6,-0.4012398755997922,False
D097,7,-0.42938888069149184,False
D097,8,-0.4016888239280499,False
D097,9,-0.3927237579407637,False
D097,10,-0.40319275089564405,False
D097,11,-0.3950323874850149,False
D097,12,-0.3973659195405695,False
D097,13,-0.401979088700969,False
D097,14,-0.3999401373200788,False
D097,15,-0.4416830147498233,False
D097,16,-0.414300464452722,False
D097,17,-0.39810625969009017,False
D097,18,-0.4203796947398178,False
D097,19,-0.40044115805510694,False
D097,20,-0.39803326473990946,False
D097,21,-0.41927058357066965,False
D097,22,-0.39828816422288243,False
D097,23,-0.4059371517170121,False
D097,24,-0.4002592769730811,False
D097,25,-0.41457066305456697,False
D097,26,-0.4010311348999142,False
D098,1,-0.48593955231151503,False
D098,2,-0.484196415124053,False
D098,3,-0.4356932639686243,False
D098,4,-0.4476359987205672,False
D098,5,-0.43326543947799917,False
D098,6,-0.4544569094774634,False
D098,7,-0.46268486446744433,False
D098,8,-0.43481287070471153,False
D098,9,-0.4095003819003333,False
D098,10,-0.47274837591441304,False
D098,11,-0.4183398010620666,False
D098,12,-0.4519609415894293,False
D098,13,-0.43438581552207833,False
D098,14,-0.44745940487870184,False
D098,15,-0.4277594331180014,False
D098,16,-0.46624216215394887,False
D098,17,-0.43447092450034447,False
D098,18,-0.43629945498477757,False
D098,19,-0.45521174737198916,False
D098,20,-0.4522300642514647,False
D098,21,-0.42658906925282414,False
D098,22,-0.45360907576877857,False
D098,23,-0.4321996358990168,False
D098,24,-0.49364565564339197,False
D098,25,-0.4144084845699522,False
D098,26,-0.421771622616292,False
D099,1,-0.41529414472359866,False
D099,2,-0.40741333589911366,False
D099,3,-0.40651067456910644,False
D099,4,-0.4107422069341261,False
D099,5,-0.4073766892050704,False
D099,6,-0.4068998093990429,False
D099,7,-0.4289593429875789,False
D099,8,-0.46747859692817656,False
D099,9,-0.43485585232319635,False
D099,10,-0.4540563851310868,False
D099,11,-0.41845988280813495,False
D099,12,-0.41547105056707173,False
D099,13,-0.4223385651007818,False
D099,14,-0.40087286579413645,False
D099,15,-0.41411436163238974,False
D099,16,-0.40697328050700887,False
D099,17,-0.42170104878962605,False
D099,18,-0.3999675876025682,False
D099,19,-0.38898978388992195,False
D099,20,-0.41786191603134215,False
D099,21,-0.4308099412059398,False
D099,22,-0.3903749409283214,False
D099,23,-0.4192780781161541,False
D099,24,-0.48667282603093354,False
D099,25,-0.38980779229427565,False
D099,26,-0.40012128597013913,False
D100,1,-0.4435858927325944,False
D100,2,-0.45777884546864533,False
D100,3,-0.4370067864741062,False
D100,4,-0.4527905302606757,False
D100,5,-0.4121867984634276,False
D100,6,-0.4343711309271146,False
D100,7,-0.43573662870551716,False
D100,8,-0.4357917848062924,False
D100,9,-0.4477804160810029,False
D100,10,-0.4144291541107382,False
D100,11,-0.4582618191701329,False
D100,12,-0.48967595049839036,False
D100,13,-0.45015237612204584,False
D100,14,-0.5144034122471878,False
D100,15,-0.4630803818943656,False
D100,16,-0.43176788172143843,False
D100,17,-0.41419494166641346,False
D100,18,-0.4673384817962423,False
D100,19,-0.42142363178659364,False
D100,20,-0.46441867064781517,False
D100,21,-0.4431315758800948,False
D100,22,-0.43815820260682353,False
D100,23,-0.4523488273512012,False
D100,24,-0.42943946599835997,False
D100,25,-0.43446713177092267,False
D100,26,-0.4429754235281711,False
D101,1,-0.48336336529817464,False
D101,2,-0.4626729470880034,False
D101,3,-0.4283026677304576,False
D101,4,-0.4162476775525166,False
D101,5,-0.4223050384999719,False
D101,6,-0.49501458683076016,False
D101,7,-0.43537543994641914,False
D101,8,-0.4159127464181926,False
D101,9,-0.49494207559921455,False
D101,10,-0.4644113451370175,False
D101,11,-0.42144056404962565,False
D101,12,-0.4269950164241622,False
D101,13,-0.4200375403194325,False
D101,14,-0.4861327147846143,False
D101,15,-0.40921582858306393,False
D101,16,-0.4367405976933637,False
D101,17,-0.4416604849436925,False
D101,18,-0.4177628803160735,False
D101,19,-0.42819648328950016,False
D101,20,-0.412747766284651,False
D101,21,-0.4321416883506422,False
D101,22,-0.42624035776112607,False
D101,23,-0.421404504844161,False
D101,24,-0.41417913046945315,False
D101,25,-0.4220274158724962,False
D101,26,-0.48207487364792817,False
D102,1,-0.4209227496159547,False
D102,2,-0.41628588007450645,False
D102,3,-0.4150672956766567,False
D102,4,-0.410967626950685,False
D102,5,-0.43137266589819195,False
D102,6,-0.41013074515997566,False
D102,7,-0.39471896886743296,False
D102,8,-0.477876780210145,False
D102,9,-0.4262905509846112,False
D102,10,-0.4618139117257239,False
D102,11,-0.4174297912563916,False
D102,12,-0.4133848149033819,False
D102,13,-0.42360448645969795,False
D102,14,-0.42633635969283323,False
D102,15,-0.4201074654947661,False
D102,16,-0.4393202958318901,False
D102,17,-0.4522271674603489,False
D102,18,-0.40521518804272105,False
D102,19,-0.4048773819084692,False
D102,20,-0.44198397213391,False
D102,21,-0.4086595644358801,False
D102,22,-0.4728499727388699,False
D102,23,-0.4309055915136118,False
D102,24,-0.41239729504158257,False
D102,25,-0.4167571523348041,False
D102,26,-0.4129967964465983,False
D103,1,-0.4606897086773947,False
D103,2,-0.43419963373387543,False
D103,3,-0.49928616265332554,False
D103,4,-0.5098062704236656,False
D103,5,-0.48469694049077594,False
D103,6,-0.437993511315671,False
D103,7,-0.4737151773406229,False
D103,8,-0.462387653826506,False
D103,9,-0.4664747459854541,False
D103,10,-0.44117500935818343,False
D103,11,-0.43419973630345277,False
D103,12,-0.43810525775605186,False
D103,13,-0.4257500718538672,False
D103,14,-0.4492740048004444,False
D103,15,-0.44386400302122003,False
D103,16,-0.49715988413705997,False
D103,17,-0.4718496290123579,False
D103,18,-0.45640933213866464,False
D103,19,-0.45237952394845865,False
D103,20,-0.4487399740592925,False
D103,21,-0.44734640905748096,False
D103,22,-0.4790062121097065,False
D103,23,-0.44353773790946033,False
D103,24,-0.4560658325592139,False
D103,25,-0.47787056161729147,False
D103,26,-0.5037050325743043,False
D104,1,-0.5390924578587857,True
D104,2,-0.4589956322420639,False
D104,3,-0.4908758524227308,False
D104,4,-0.5167885028615272,False
D104,5,-0.47418218743634294,False
D104,6,-0.5440113785145886,True
D104,7,-0.48316460909533604,False
D104,8,-0.5329772234565985,False
D104,9,-0.47572054612729153,False
D104,10,-0.50573555332544,False
D104,11,-0.4816185234394204,False
D104,12,-0.4529980681553821,False
D104,13,-0.48465295721679175,False
D104,14,-0.5023505168370428,False
D104,15,-0.5146197460712756,False
D104,16,-0.530330006117686,False
D104,17,-0.5338479286527036,False
D104,18,-0.5762660458164883,True
D104,19,-0.6135931838647976,True
D104,20,-0.6316845222662694,True
D104,21,-0.6119323538108535,True
D104,22,-0.629171206102417,True
D105,1,-0.4796561973548684,False
D105,2,-0.4530263912929881,False
D105,3,-0.48020310712353825,False
D105,4,-0.48124669479085846,False
D105,5,-0.46620551755434486,False
D105,6,-0.4331776324872168,False
D105,7,-0.4451129056237928,False
D105,8,-0.44362908642807175,False
D105,9,-0.42803210046120954,False
D105,10,-0.43310901760201564,False
D105,11,-0.4804267940613946,False
D105,12,-0.4151365437619744,False
D105,13,-0.44435282164405865,False
D105,14,-0.46973815871814595,False
D105,15,-0.4381900297356376,False
D105,16,-0.4429249306585536,False
D105,17,-0.44119389721056834,False
D105,18,-0.48439957909096715,False
D105,19,-0.463871273798986,False
D105,20,-0.4411288609261237,False
D105,21,-0.4762501890204804,False
D105,22,-0.4609246526331121,False
D105,23,-0.4212330037926465,False
D105,24,-0.4873557475882949,False
D105,25,-0.45554886383512483,False
D105,26,-0.43931569153381345,False
D106,1,-0.4262630407111116,False
D106,2,-0.44459423126743236,False
D106,3,-0.43021183044914607,False
D106,4,-0.4756120013969879,False
D106,5,-0.49483415806406955,False
D106,6,-0.4436520162457339,False
D106,7,-0.42219801699566045,False
D106,8,-0.4227146878281684,False
D106,9,-0.43689149000618915,False
D106,10,-0.4312256399942072,False
D106,11,-0.4605294628260038,False
D106,12,-0.44371111759983517,False
D106,13,-0.48119035512984776,False
D106,14,-0.44041590722399004,False
D106,15,-0.43880236486472973,False
D106,16,-0.4237660022117674,False
D106,17,-0.4191573426774921,False
D106,18,-0.4608654329838273,False
D106,19,-0.4598568095134427,False
D106,20,-0.4952346392928165,False
D106,21,-0.4306329368202105,False
D106,22,-0.48361716366962254,False
D106,23,-0.4488518560748698,False
D106,24,-0.4540217750469068,False
D106,25,-0.435820580699893,False
D106,26,-0.43307255223047997,False
D107,1,-0.423916111358468,False
D107,2,-0.4199949307984841,False
D107,3,-0.4891435750255641,False
D107,4,-0.4489098424191172,False
D107,5,-0.41418126887784146,False
D107,6,-0.4713171723760276,False
D107,7,-0.4435057958708045,False
D107,8,-0.4245815479994076,False
D107,9,-0.4631015793727104,False
D107,10,-0.4024191139019803,False
D107,11,-0.45991316363929613,False
D107,12,-0.416680954400566,False
D107,13,-0.41313692315900674,False
D107,14,-0.4488483973216375,False
D107,15,-0.4421558882217971,False
D107,16,-0.43435534776022183,False
D107,17,-0.4043068078804871,False
D107,18,-0.4521448117681259,False
D107,19,-0.5074310333117779,False
D107,20,-0.4212902592702584,False
D107,21,-0.40675215938530773,False
D107,22,-0.4055195972817331,False
D107,23,-0.4653529659554211,False
D107,24,-0.4196659129851142,False
D107,25,-0.43828680662931563,False
D107,26,-0.4212639484514859,False
D108,1,-0.4222787718389248,False
D108,2,-0.45102033103397293,False
D108,3,-0.42666163005212826,False
D108,4,-0.4600261337950571,False
D108,5,-0.4408402681804022,False
D108,6,-0.4296294187269791,False
D108,7,-0.4195314149033393,False
D108,8,-0.4320785072536702,False
D108,9,-0.4041234848514883,False
D108,10,-0.42517333106932204,False
D108,11,-0.428792493787699,False
D108,12,-0.4625009592218313,False
D108,13,-0.41733566369825076,False
D108,14,-0.43691733674754496,False
D108,15,-0.4085370347970458,False
D108,16,-0.40368561738349745,False
D108,17,-0.4314685514841984,False
D108,18,-0.4087222007685055,False
D108,19,-0.41763796726478375,False
D108,20,-0.4281249033827845,False
D108,21,-0.43160151927610285,False
D108,22,-0.4156956217311547,False
D108,23,-0.4004614010466483,False
D108,24,-0.41753365030012113,False
D108,25,-0.4176032608504439,False
D108,26,-0.40979089801842145,False
D109,1,-0.45303235492429067,False
D109,2,-0.4452335323064467,False
D109,3,-0.4407649589882135,False
D109,4,-0.4257187080865492,False
D109,5,-0.4202591338112681,False
D109,6,-0.42457859140976284,False
D109,7,-0.4362410495530054,False
D109,8,-0.42482870568586956,False
D109,9,-0.4595709066620486,False
D109,10,-0.4298304551915127,False
D109,11,-0.44549320058032654,False
D109,12,-0.41463743186969915,False
D109,13,-0.43943419662785377,False
D109,14,-0.4156636667304439,False
D109,15,-0.41967167508567244,False
D109,16,-0.4319843557853406,False
D109,17,-0.43520888566951255,False
D109,18,-0.43421453662602777,False
D109,19,-0.4264273150976829,False
D109,20,-0.4120884030305715,False
D109,21,-0.4474802678996152,False
D109,22,-0.44514527061004083,False
D109,23,-0.4869243717484898,False
D109,24,-0.4310075883974037,False
D109,25,-0.42927737430191226,False
D109,26,-0.4260411978633305,False
D110,1,-0.45325564673307966,False
D110,2,-0.4333057342748832,False
D110,3,-0.4168561384253457,False
D110,4,-0.4237949853936235,False
D110,5,-0.4779352650763721,False
D110,6,-0.4420605059245335,False
D110,7,-0.4580641465020808,False
D110,8,-0.4256945430300478,False
D110,9,-0.4229609818917304,False
D110,10,-0.43649766242859794,False
D110,11,-0.42619857801595656,False
D110,12,-0.47679970370076713,False
D110,13,-0.43492531959674086,False
D110,14,-0.421388206521249,False
D110,15,-0.43550016529041424,False
D110,16,-0.43652177853614144,False
D110,17,-0.44194255647631275,False
D110,18,-0.4455070797517921,False
D110,19,-0.41672115752740096,False
D110,20,-0.4299682543167061,False
D110,21,-0.4247900332496835,False
D110,22,-0.4218369094754766,False
D110,23,-0.43756047460334635,False
D110,24,-0.44665834578603025,False
D110,25,-0.44744150125521126,False
D110,26,-0.44888955809702225,False
D111,1,-0.4924375805364287,False
D111,2,-0.4717930889908204,False
D111,3,-0.43274905087154747,False
D111,4,-0.5677672368464817,True
D111,5,-0.5002744255421522,False
D111,6,-0.42648255253846584,False
D111,7,-0.4756528190862538,False
D111,8,-0.407884461665877,False
D111,9,-0.4009548959533228,False
D111,10,-0.40931672230535326,False
D111,11,-0.43613545911163687,False
D111,12,-0.41952626552344835,False
D111,13,-0.41585374714862294,False
D111,14,-0.41215984776215725,False
D111,15,-0.4146737610277281,False
D111,16,-0.4533415886987397,False
D111,17,-0.5047392449865573,False
D111,18,-0.4582147679234991,False
D111,19,-0.5084511495044843,False
D111,20,-0.40967026972407977,False
D111,21,-0.42154828106767367,False
D111,22,-0.4367487519791556,False
D111,23,-0.47263293399180323,False
D111,24,-0.41534536227480906,False
D111,25,-0.45208859116249,False
D111,26,-0.49500632981455867,False
D112,1,-0.5347555636353921,True
D112,2,-0.5522319093404084,True
D112,3,-0.5099705848773578,False
D112,4,-0.46258075247374064,False
D112,5,-0.47687702655200076,False
D112,6,-0.5254356572273489,False
D112,7,-0.48380907209113805,False
D112,8,-0.5330277240714447,False
D112,9,-0.5306207928101309,False
D112,10,-0.5251696747148393,False
D112,11,-0.49861873320970806,False
D112,12,-0.5410420943720468,True
D112,13,-0.49174866909125003,False
D112,14,-0.5059312241841029,False
D112,15,-0.45589910951397383,False
D112,16,-0.544013191550679,True
D112,17,-0.5096226936617388,False
D112,18,-0.5427405122193659,True
D112,19,-0.5060022662315625,False
D112,20,-0.5149914923470255,False
D112,21,-0.5292189826420205,False
D112,22,-0.5136071106014967,False
D112,23,-0.5052238182469325,False
D112,24,-0.5123384476056595,False
D112,25,-0.4873839791228517,False
D112,26,-0.48542721063370037,False
D113,1,-0.46625052210813267,False
D113,2,-0.4745722301046922,False
D113,3,-0.42713569080264296,False
D113,4,-0.43442185539480965,False
D113,5,-0.44627480372807155,False
D113,6,-0.5002516688146088,False
D113,7,-0.4422599714349894,False
D113,8,-0.4705044236088649,False
D113,9,-0.47865385854731074,False
D113,10,-0.41693820198909504,False
D113,11,-0.44420677195423725,False
D113,12,-0.4417670613238024,False
D113,13,-0.44820687387897473,False
D113,14,-0.44366697938734145,False
D113,15,-0.44485136216268517,False
D113,16,-0.44973736196717695,False
D113,17,-0.45975177397161326,False
D113,18,-0.449054977157115,False
D113,19,-0.47824451740521523,False
D113,20,-0.4652687692260499,False
D113,21,-0.4688736810935789,False
D113,22,-0.432520736107546,False
D113,23,-0.46633860692319684,False
D113,24,-0.48233048860387023,False
D113,25,-0.4537162785722916,False
D113,26,-0.44911041431098125,False
D114,1,-0.46920193225570983,False
D114,2,-0.5110032247312128,False
D114,3,-0.46975225598792225,False
D114,4,-0.49434815157721507,False
D114,5,-0.455266589567338,False
D114,6,-0.4946796982236343,False
D114,7,-0.4796785233679184,False
D114,8,-0.5063691266957893,False
D114,9,-0.5173784983945454,False
D114,10,-0.46258727258145893,False
D114,11,-0.5373309492537764,True
D114,12,-0.5011976791370286,False
D114,13,-0.4986280895041272,False
D114,14,-0.4758321148057934,False
D114,15,-0.4664072797388778,False
D114,16,-0.5199293265817763,False
D114,17,-0.46374035678589376,False
D114,18,-0.5257951767891496,False
D114,19,-0.5181130310632954,False
D114,20,-0.5015197886254159,False
D114,21,-0.48331742846787024,False
D114,22,-0.4866004537598604,False
D114,23,-0.4733436035876656,False
D114,24,-0.45928992253123596,False
D114,25,-0.49731463383975594,False
D114,26,-0.478597789200592,False
D115,1,-0.539909841457285,True
D115,2,-0.475273011702057,False
D115,3,-0.5597463986381015,True
D115,4,-0.4723741518020599,False
D115,5,-0.5002643110417145,False
D115,6,-0.49768814358227803,False
D115,7,-0.4989919954986049,False
D115,8,-0.5423047900307413,True
D115,9,-0.5146255034517029,False
D115,10,-0.5249788367279564,False
D115,11,-0.49057770162276076,False
D115,12,-0.5123976610607647,False
D115,13,-0.5097190109352575,False
D115,14,-0.5377824504866964,True
D115,15,-0.5131915467521111,False
D115,16,-0.502293341500632,False
D115,17,-0.5294442484790726,False
D115,18,-0.482655042801706,False
D115,19,-0.5078928897364837,False
D115,20,-0.49803364711657616,False
D115,21,-0.49823604586253245,False
D115,22,-0.5121353305399251,False
D115,23,-0.5234349913818118,False
D115,24,-0.5077740271300748,False
D115,25,-0.5218337809073634,False
D115,26,-0.519953247098529,False
D116,1,-0.49923246751422795,False
D116,2,-0.4851371609842016,False
D116,3,-0.49197295094851395,False
D116,4,-0.4717199313122901,False
D116,5,-0.4974991317478157,False
D116,6,-0.5136754222887917,False
D116,7,-0.4404416503572659,False
D116,8,-0.5068389777119309,False
D116,9,-0.5007913145952448,False
D116,10,-0.5043980357064625,False
D116,11,-0.49623753839358664,False
D116,12,-0.45943117347030094,False
D116,13,-0.4716779244535078,False
D116,14,-0.44664724723501137,False
D116,15,-0.4566518016085508,False
D116,16,-0.4742452382745621,False
D116,17,-0.4845797938974791,False
D116,18,-0.5124524810670297,False
D116,19,-0.48709438337869615,False
D116,20,-0.46120942334727677,False
D116,21,-0.4679578217457702,False
D116,22,-0.44573463770592286,False
D116,23,-0.48099007427907964,False
D116,24,-0.4989808588462322,False
D116,25,-0.4680775409667918,False
D116,26,-0.5136059621180926,False
D117,1,-0.47147858867450326,False
D117,2,-0.44822407723418556,False
D117,3,-0.4593127449010089,False
D117,4,-0.47391503172663735,False
D117,5,-0.4888741224495059,False
D117,6,-0.4788598607281479,False
D117,7,-0.5022337111198244,False
D117,8,-0.5463122443674104,True
D117,9,-0.5118342792976417,False
D117,10,-0.6019719439598118,True
D117,11,-0.6122081801254943,True
D117,12,-0.6311815753954788,True
D118,1,-0.48007880911627276,False
D118,2,-0.45738917533927304,False
D118,3,-0.49546561272344297,False
D118,4,-0.5255929855365682,False
D118,5,-0.42026069192447196,False
D118,6,-0.43358515593672603,False
D118,7,-0.46497564671165387,False
D118,8,-0.4496316249658737,False
D118,9,-0.4364575593315907,False
D118,10,-0.4278694911927094,False
D118,11,-0.44787866717670016,False
D118,12,-0.46262020828886546,False
D118,13,-0.4464906158784479,False
D118,14,-0.45301157130344916,False
D118,15,-0.45708390633850626,False
D118,16,-0.4331773923920363,False
D118,17,-0.43160450957828467,False
D118,18,-0.4136082398265985,False
D118,19,-0.47523326166916463,False
D118,20,-0.43850517153376484,False
D118,21,-0.48506236338922254,False
D118,22,-0.510624081583917,False
D118,23,-0.4870286930056913,False
D118,24,-0.45653840002856294,False
D119,1,-0.4865880679093672,False
D119,2,-0.48444704393156146,False
D119,3,-0.48310729255742896,False
D119,4,-0.48422874915585734,False
D119,5,-0.535962667700261,True
D119,6,-0.5005074634082386,False
D119,7,-0.5473272126435548,True
D119,8,-0.5283519972036453,False
D119,9,-0.6174345267047333,True
D119,10,-0.5986337721372004,True
D119,11,-0.5933646353395857,True
D119,12,-0.6535580584813592,True
D119,13,-0.6647365638954944,True
D120,1,-0.474726710425774,False
D120,2,-0.46538860245266117,False
D120,3,-0.5589147712339491,True
D120,4,-0.4832906257589752,False
D120,5,-0.4867202710629869,False
D120,6,-0.5475530535898867,True
D120,7,-0.5151461474080791,False
D120,8,-0.4920159037636607,False
D120,9,-0.5163974892832477,False
D120,10,-0.5309424036531628,False
D120,11,-0.5365129018264082,True
D120,12,-0.4932859355223983,False
D120,13,-0.5091560183121168,False
D120,14,-0.5315349397923985,False
D120,15,-0.5196563364011481,False
D120,16,-0.5010231992518132,False
D120,17,-0.48284822956898527,False
D120,18,-0.4571097415082137,False
D120,19,-0.5040941903634094,False
D120,20,-0.5132113609746592,False
D120,21,-0.46519271044284144,False
D120,22,-0.4540791629036467,False
D120,23,-0.5317442779291242,False
D120,24,-0.5056056619833245,False
D120,25,-0.5237150047312529,False
D120,26,-0.5378245842268453,True
D121,1,-0.5053131276691215,False
D121,2,-0.4210781512894102,False
D121,3,-0.45294995418787226,False
D121,4,-0.41974430550945274,False
D121,5,-0.4498202723735518,False
D121,6,-0.42039438985389566,False
D121,7,-0.45859146469166845,False
D121,8,-0.4236007916845092,False
D121,9,-0.4346072051322318,False
D121,10,-0.46746588328156796,False
D121,11,-0.49226628028258584,False
D121,12,-0.45943016359930067,False
D121,13,-0.44856574141005284,False
D121,14,-0.5327113134481648,False
D121,15,-0.47615361254565436,False
D121,16,-0.45043039454321204,False
D121,17,-0.48780019118777046,False
D121,18,-0.4412030124292392,False
D121,19,-0.43521250048265814,False
D121,20,-0.4376838607924604,False
D121,21,-0.44064413952716985,False
D121,22,-0.44228263987900196,False
D121,23,-0.44391762129126955,False
D121,24,-0.5192819473893603,False
D121,25,-0.4725654088563529,False
D121,26,-0.43611586014707415,False
D122,1,-0.42371442097084394,False
D122,2,-0.5151782200946217,False
D122,3,-0.4212766075693737,False
D122,4,-0.44281768533340193,False
D122,5,-0.4355011972591186,False
D122,6,-0.4508432482456075,False
D122,7,-0.44719735182018855,False
D122,8,-0.4914870793788495,False
D122,9,-0.44498476844900675,False
D122,10,-0.4162671153599858,False
D122,11,-0.47975458323636966,False
D122,12,-0.45050460305885054,False
D122,13,-0.5140140811893162,False
D122,14,-0.4370549206935642,False
D122,15,-0.4244512424904484,False
D122,16,-0.46145506387851565,False
D122,17,-0.4463407489067912,False
D122,18,-0.44988876392133803,False
D122,19,-0.46114830492637143,False
D122,20,-0.45170227231998344,False
D122,21,-0.47418833165168683,False
D122,22,-0.43218574553563627,False
D122,23,-0.44630726495414486,False
D122,24,-0.44032560388170827,False
D122,25,-0.44103291604230654,False
D122,26,-0.48797889824340734,False
D123,1,-0.44514808293287983,False
D123,2,-0.43032816371698246,False
D123,3,-0.43717253728798655,False
D123,4,-0.4851337523393159,False
D123,5,-0.4236625896571764,False
D123,6,-0.47801717624101075,False
D123,7,-0.46961068614788604,False
D123,8,-0.42955578942467665,False
D123,9,-0.4218047748282493,False
D123,10,-0.41588419867830095,False
D123,11,-0.4387312034208608,False
D123,12,-0.4273182073088182,False
D123,13,-0.4403719222515066,False
D123,14,-0.4541166110487486,False
D123,15,-0.44956968528346514,False
D123,16,-0.44153233571176775,False
D123,17,-0.41991188953993097,False
D123,18,-0.4255077416910941,False
D123,19,-0.42392094988896384,False
D123,20,-0.4201976702872104,False
D123,21,-0.46463711635067506,False
D123,22,-0.4422051669497499,False
D123,23,-0.4174921432563993,False
D123,24,-0.4181698341200248,False
D123,25,-0.42981253335261244,False
D123,26,-0.43432018709615816,False
D124,1,-0.4245052744693129,False
D124,2,-0.4207708649431451,False
D124,3,-0.42807506290461955,False
D124,4,-0.4288193587971384,False
D124,5,-0.45360747860015943,False
D124,6,-0.4528738309811202,False
D124,7,-0.453932434798022,False
D124,8,-0.480880119150366,False
D124,9,-0.45148073800588,False
D124,10,-0.4352653504666865,False
D124,11,-0.46309616844179136,False
D124,12,-0.46807830021627633,False
D124,13,-0.45901159977981776,False
D124,14,-0.44877574980133883,False
D124,15,-0.418994590979235,False
D124,16,-0.4450290985887876,False
D124,17,-0.4708786339823688,False
D124,18,-0.42981023374087296,False
D124,19,-0.4336260956882161,False
D124,20,-0.439984390652638,False
D124,21,-0.4791979826632255,False
D124,22,-0.47761197094096053,False
D124,23,-0.44599394866119463,False
D124,24,-0.4899240161213702,False
D124,25,-0.445618358602865,False
D124,26,-0.4420834581387213,False
D125,1,-0.45789722763063123,False
D125,2,-0.4610176182931099,False
D125,3,-0.4529246401882359,False
D125,4,-0.4547797268298281,False
D125,5,-0.48529527380971477,False
D125,6,-0.47850827206713104,False
D125,7,-0.4879924667782019,False
D125,8,-0.4803368639932542,False
D125,9,-0.4142414959058923,False
D125,10,-0.4387493729003741,False
D125,11,-0.48330881164184836,False
D125,12,-0.4654495700362256,False
D125,13,-0.44331339086833194,False
D125,14,-0.46185122776349063,False
D125,15,-0.4493514241671215,False
D125,16,-0.5339205148012277,True
D125,17,-0.4289025850551044,False
D125,18,-0.5364233726137375,True
D125,19,-0.4534454091369836,False
D125,20,-0.45368705889761646,False
D125,21,-0.46967258521687866,False
D125,22,-0.5001823867187888,False
D125,23,-0.5437497334557829,True
D125,24,-0.5212405162131515,False
D125,25,-0.5046002093872897,False
D125,26,-0.4212980471206637,False
D126,1,-0.45241177479998873,False
D126,2,-0.4493386774357844,False
D126,3,-0.4054130835178596,False
D126,4,-0.4641833716413972,False
D126,5,-0.4247350124517973,False
D126,6,-0.4135139849654726,False
D126,7,-0.4281106859614995,False
D126,8,-0.4291667137181841,False
D126,9,-0.4910278173376169,False
D126,10,-0.4252240419609795,False
D126,11,-0.4565858117672304,False
D127,1,-0.39541076334775666,False
D127,2,-0.43155828830781345,False
D127,3,-0.4083366450968152,False
D127,4,-0.4307514553392952,False
D127,5,-0.48218023974711366,False
D127,6,-0.42565273095150363,False
D127,7,-0.430142095469303,False
D127,8,-0.43424111816557964,False
D127,9,-0.4184298197900759,False
D127,10,-0.4097803460143299,False
D127,11,-0.4071145503720029,False
D127,12,-0.4536316874738781,False
D127,13,-0.4327946190620703,False
D127,14,-0.43433284855813126,False
D127,15,-0.4202108870410963,False
D127,16,-0.41993318021311127,False
D127,17,-0.4471530192693532,False
D127,18,-0.4621351306578235,False
D127,19,-0.4547588226157654,False
D127,20,-0.4531456170073057,False
D127,21,-0.40931365329360575,False
D127,22,-0.42357318620720563,False
D127,23,-0.39945561136914504,False
D127,24,-0.40863943553429694,False
D127,25,-0.42110417618545015,False
D127,26,-0.44421273361776636,False
D128,1,-0.4437224566859915,False
D128,2,-0.45749674803645163,False
D128,3,-0.4309612002859092,False
D128,4,-0.46372773137052786,False
D128,5,-0.43456737379472477,False
D128,6,-0.45429048943844086,False
D128,7,-0.42660808094362085,False
D128,8,-0.46760819500255324,False
D128,9,-0.43144617865214246,False
D128,10,-0.4260877888549214,False
D128,11,-0.4302427717766478,False
D128,12,-0.4854526890550836,False
D128,13,-0.43313301533221693,False
D128,14,-0.4310623080802197,False
D128,15,-0.428896577935949,False
D128,16,-0.4424361355475415,False
D128,17,-0.46188223212049245,False
D128,18,-0.46648011099323683,False
D128,19,-0.4434367480509217,False
D128,20,-0.4375018278920219,False
D128,21,-0.42784724103636423,False
D128,22,-0.4371613631642611,False
D128,23,-0.42927757720030535,False
D128,24,-0.43842696789067664,False
D128,25,-0.4311308718059176,False
D128,26,-0.42106903084097547,False
D129,1,-0.4550558870453001,False
D129,2,-0.47325072539129714,False
D129,3,-0.43474566900080214,False
D129,4,-0.43602082819540605,False
D129,5,-0.4626325091638281,False
D129,6,-0.4509182079007952,False
D129,7,-0.4301637786671431,False
D129,8,-0.45417466866745554,False
D129,9,-0.44289755019269783,False
D129,10,-0.42933863626206215,False
D129,11,-0.43955005276975134,False
D129,12,-0.47323518780509977,False
D129,13,-0.4597526612332297,False
D129,14,-0.44469426545633445,False
D129,15,-0.503596291846716,False
D129,16,-0.47903985519813513,False
D129,17,-0.45658678653749635,False
D129,18,-0.5006372075796658,False
D129,19,-0.45086045612708664,False
D129,20,-0.4936565974242448,False
D129,21,-0.49094333675345847,False
D129,22,-0.496706854733218,False
D129,23,-0.49534275178798687,False
D129,24,-0.512432568473259,False
D129,25,-0.5008140252206125,False
D129,26,-0.4513153748638242,False
D130,1,-0.4171338135363294,False
D130,2,-0.43874358810278796,False
D130,3,-0.41692596825272776,False
D130,4,-0.46801222912085383,False
D130,5,-0.43221620402061683,False
D130,6,-0.4283765586143603,False
D130,7,-0.45729614643364286,False
D130,8,-0.44311488137477506,False
D130,9,-0.42459034134190143,False
D130,10,-0.4311780848686844,False
D130,11,-0.43195182374617774,False
D130,12,-0.4781871959321952,False
D130,13,-0.4723005004691394,False
D130,14,-0.43717730892220746,False
D130,15,-0.4366689240594012,False
D130,16,-0.46988743804496397,False
D130,17,-0.46687240568006666,False
D130,18,-0.4313873735591595,False
D130,19,-0.42901503604268665,False
D130,20,-0.4993580128422647,False
D130,21,-0.4351041119913917,False
D130,22,-0.4483790854126221,False
D130,23,-0.4488416844213332,False
D130,24,-0.4599469446751484,False
D130,25,-0.486770519132154,False
D130,26,-0.4539788348393568,False
D131,1,-0.4567098299495729,False
D131,2,-0.47073732292751147,False
D131,3,-0.4705765506541357,False
D131,4,-0.4272194789002807,False
D131,5,-0.45586064098162765,False
D131,6,-0.4499451096179162,False
D131,7,-0.47715539822412073,False
D131,8,-0.4360411752223976,False
D131,9,-0.4424681323974538,False
D131,10,-0.4555707699832769,False
D131,11,-0.4745487811316255,False
D131,12,-0.46192441539948,False
D131,13,-0.4774070813978988,False
D131,14,-0.4871696518981015,False
D131,15,-0.4515070423041505,False
D131,16,-0.4469155783311412,False
D131,17,-0.462102899321046,False
D131,18,-0.43395108911136965,False
D131,19,-0.43457902607249355,False
D131,20,-0.4163225383864758,False
D131,21,-0.4361489264002599,False
D131,22,-0.5122649112274188,False
D131,23,-0.44957570087520393,False
D131,24,-0.45000353312707253,False
D131,25,-0.44013625646838167,False
D131,26,-0.44573594603133826,False
D132,1,-0.5366731196437493,True
D132,2,-0.5627691905150148,True
D132,3,-0.4893267038385422,False
D132,4,-0.5066394523991942,False
D132,5,-0.5243656996876767,False
D132,6,-0.49919871253509124,False
D132,7,-0.5276773719907797,False
D132,8,-0.47950199365658447,False
D132,9,-0.511533555849969,False
D132,10,-0.6164163188055667,True
D132,11,-0.5262828847678448,False
D132,12,-0.5038940532947721,False
D132,13,-0.5291625854383454,False
D132,14,-0.5736945230718123,True
D132,15,-0.535669202612837,True
D132,16,-0.5062034374929032,False
D132,17,-0.5513557056343816,True
D132,18,-0.5179848483478133,False
D132,19,-0.5558289656509579,True
D132,20,-0.5755643786338268,True
D132,21,-0.4980001967325578,False
D132,22,-0.45734839941023725,False
D132,23,-0.5282367863181853,False
D132,24,-0.5143470605226831,False
D132,25,-0.470268615966646,False
D132,26,-0.496306714237767,False
D133,1,-0.47640417400049717,False
D133,2,-0.43133932989213253,False
D133,3,-0.47495550067398157,False
D133,4,-0.5002770841232898,False
D133,5,-0.4034547475418339,False
D133,6,-0.4169607325243921,False
D133,7,-0.41383016808087786,False
D133,8,-0.4292240148646714,False
D133,9,-0.40248209096265564,False
D133,10,-0.44621977424127457,False
D133,11,-0.40641006438505617,False
D133,12,-0.41312762219527754,False
D133,13,-0.4130491945718152,False
D133,14,-0.408799735225095,False
D133,15,-0.44316314716001315,False
D133,16,-0.51139548574137,False
D133,17,-0.439495087127602,False
D133,18,-0.4115214389197326,False
D133,19,-0.4041945642637931,False
D133,20,-0.4186280938971662,False
D133,21,-0.4895021236028553,False
D133,22,-0.399438696131941,False
D133,23,-0.41194444801091984,False
D133,24,-0.418861431441139,False
D133,25,-0.4329613467177619,False
D133,26,-0.44330757546431576,False
D134,1,-0.45838430742286285,False
D134,2,-0.5076638246930245,False
D134,3,-0.4993604036935729,False
D134,4,-0.4746670149838456,False
D134,5,-0.4475313092204033,False
D134,6,-0.495605722378078,False
D134,7,-0.4866600410741376,False
D134,8,-0.5461566531596637,True
D134,9,-0.5132751839724224,False
D134,10,-0.4832473829827337,False
D134,11,-0.5911403435810942,True
D134,12,-0.5421618353795475,True
D134,13,-0.49200057606968867,False
D134,14,-0.5006332760495188,False
D134,15,-0.4781990060067012,False
D134,16,-0.4570021085044202,False
D134,17,-0.49092967263388915,False
D134,18,-0.5659848156973272,True
D134,19,-0.4893832795001043,False
D134,20,-0.486303479737918,False
D134,21,-0.46702250787986854,False
D134,22,-0.4935999215373109,False
D134,23,-0.5401967411671713,True
D134,24,-0.47645781752156313,False
D134,25,-0.46344484660811597,False
D134,26,-0.4760983552447239,False
D135,1,-0.4868768945969369,False
D135,2,-0.4748709091628076,False
D135,3,-0.46186937803855,False
D135,4,-0.5098275189937468,False
D135,5,-0.45483434887979246,False
D135,6,-0.4758115952817572,False
D135,7,-0.4594090456604698,False
D135,8,-0.47399589001849285,False
D135,9,-0.44066185300455646,False
D135,10,-0.5055718068019048,False
D135,11,-0.5039345296700035,False
D135,12,-0.489254635279934,False
D135,13,-0.4745443256941874,False
D135,14,-0.5133951639132328,False
D135,15,-0.4649522431451072,False
D135,16,-0.4795031206063266,False
D135,17,-0.45936727920535847,False
D135,18,-0.5680592260236145,True
D135,19,-0.4389120880446241,False
D135,20,-0.46374949067591215,False
D135,21,-0.46474589828869445,False
D135,22,-0.44965119316283303,False
D135,23,-0.5309899919262868,False
D135,24,-0.4724649708207842,False
D135,25,-0.4879397864906813,False
D135,26,-0.49384473333491363,False
D136,1,-0.4459795641085486,False
D136,2,-0.44402871347620654,False
D136,3,-0.486158880464874,False
D136,4,-0.4961316007017796,False
D136,5,-0.44821914467170204,False
D136,6,-0.5419470296765008,True
D136,7,-0.5046180329226544,False
D136,8,-0.524519494356122,False
D136,9,-0.4814245501392341,False
D136,10,-0.48916208955830615,False
D136,11,-0.4995282733863627,False
D136,12,-0.4858738493149611,False
D136,13,-0.45702777586587534,False
D136,14,-0.5801658431683892,True
D136,15,-0.49838152075058567,False
D136,16,-0.5214957079670043,False
D136,17,-0.5020227598362691,False
D136,18,-0.5008585001505828,False
D136,19,-0.5006947628121184,False
D136,20,-0.46512536121234416,False
D136,21,-0.4824145128223876,False
D136,22,-0.4661829569934841,False
D136,23,-0.458648884184516,False
D136,24,-0.4602557397046341,False
D136,25,-0.4762997944855902,False
D136,26,-0.435804787703265,False
D137,1,-0.4729193875708517,False
D137,2,-0.4979396421618495,False
D137,3,-0.5848422062196261,True
D137,4,-0.4913053531644086,False
D137,5,-0.5263396488450981,False
D137,6,-0.4901805081971025,False
D137,7,-0.5144939437636628,False
D137,8,-0.4840552408778399,False
D137,9,-0.5194038391801364,False
D137,10,-0.4661242784516652,False
D137,11,-0.49827565352143977,False
D137,12,-0.5143751592423401,False
D137,13,-0.5906310807231996,True
D137,14,-0.4998192684387736,False
D137,15,-0.467837380086079,False
D137,16,-0.48724791247148463,False
D137,17,-0.46907120392043516,False
D137,18,-0.4625817151067203,False
D137,19,-0.49703891317043164,False
D137,20,-0.4871661970726499,False
D137,21,-0.4611931805366075,False
D137,22,-0.5180277614498925,False
D137,23,-0.5187661133216235,False
D137,24,-0.5510972531792339,True
D137,25,-0.46702214039798867,False
D137,26,-0.48464917719433687,False
D138,1,-0.4265349372914617,False
D138,2,-0.48889278835553746,False
D138,3,-0.4091657806970018,False
D138,4,-0.4011973949686003,False
D138,5,-0.4749539484587199,False
D138,6,-0.4555582893799533,False
D138,7,-0.5032836159531366,False
D138,8,-0.44467999788001406,False
D138,9,-0.39913156760338314,False
D138,10,-0.43018914156465177,False
D138,11,-0.4616468188285595,False
D138,12,-0.4232114149724871,False
D138,13,-0.45690204197823214,False
D138,14,-0.4199650959322239,False
D138,15,-0.40274472758767527,False
D138,16,-0.4281192709118889,False
D138,17,-0.4917120773959866,False
D138,18,-0.44072457790339625,False
D138,19,-0.43443954232031096,False
D138,20,-0.43028113542609947,False
D138,21,-0.46279827392048345,False
D138,22,-0.4274507641088683,False
D138,23,-0.4535466930289455,False
D138,24,-0.45186220405093047,False
D138,25,-0.41271366444304936,False
D138,26,-0.4045496374721178,False
D139,1,-0.4835688046326833,False
D139,2,-0.48669693318811547,False
D139,3,-0.4645626527237405,False
D139,4,-0.4958772686907892,False
D139,5,-0.4440812250259884,False
D139,6,-0.4924083674924209,False
D139,7,-0.5584964261080041,True
D139,8,-0.5638366661820817,True
D139,9,-0.5622964105906205,True
D139,10,-0.5629201511541306,True
D139,11,-0.5933279971118907,True
D140,1,-0.432003847917959,False
D140,2,-0.43463821766448024,False
D140,3,-0.44189875912673887,False
D140,4,-0.42403345477543786,False
D140,5,-0.45562253758314086,False
D140,6,-0.4466418700932196,False
D140,7,-0.43426717932000375,False
D140,8,-0.41406780898712825,False
D140,9,-0.5073092508239953,False
D140,10,-0.4344615069916974,False
D140,11,-0.41140408093346226,False
D140,12,-0.4194540498057424,False
D140,13,-0.5171237906135652,False
D140,14,-0.46218731431606563,False
D140,15,-0.4467234039636253,False
D140,16,-0.41575112864579084,False
D140,17,-0.4225344711513137,False
D140,18,-0.41850272958532636,False
D140,19,-0.42531750923700895,False
D140,20,-0.4481120296377243,False
D140,21,-0.43540912574616214,False
D140,22,-0.419302395514423,False
D141,1,-0.4759436427130594,False
D141,2,-0.4861864213275428,False
D141,3,-0.4837435207692828,False
D141,4,-0.4714721436580289,False
D141,5,-0.45909408146539865,False
D141,6,-0.4577991580799557,False
D141,7,-0.4578779032890848,False
D141,8,-0.47798276143269924,False
D141,9,-0.43575716463201836,False
D141,10,-0.4800967263382984,False
D141,11,-0.4999874617602176,False
D141,12,-0.436009474106077,False
D141,13,-0.4221342657036865,False
D141,14,-0.45534017167776997,False
D141,15,-0.5223372784681184,False
D141,16,-0.44064158536616566,False
D141,17,-0.5029845090008066,False
D141,18,-0.47749841438299795,False
D141,19,-0.45892867068126436,False
D141,20,-0.48119938385340694,False
D141,21,-0.4480005414791,False
D141,22,-0.42604375259005617,False
D141,23,-0.4804672471819789,False
D141,24,-0.5278079743041881,False
D141,25,-0.42122503681132994,False
D141,26,-0.4806438772728721,False
D142,1,-0.4823974707246661,False
D142,2,-0.4790187695530557,False
D142,3,-0.4308899643586964,False
D142,4,-0.4359655637770228,False
D142,5,-0.4757080762108471,False
D142,6,-0.43388042489780815,False
D142,7,-0.4665275773362745,False
D142,8,-0.46425799563645087,False
D142,9,-0.4436680209427914,False
D142,10,-0.4389524418740674,False
D142,11,-0.4278735022503012,False
D142,12,-0.43254645614168374,False
D142,13,-0.43899311427671195,False
D142,14,-0.45200481398732584,False
D142,15,-0.47952328593706256,False
D142,16,-0.462517758281616,False
D142,17,-0.47597272325205964,False
D142,18,-0.4242087107241627,False
D142,19,-0.4762771775309529,False
D142,20,-0.4503432554801448,False
D142,21,-0.5070449992512099,False
D142,22,-0.5054232632979224,False
D143,1,-0.49121114868981763,False
D143,2,-0.5223286646250493,False
D143,3,-0.46590351216268694,False
D143,4,-0.450193171777191,False
D143,5,-0.4488003807442367,False
D143,6,-0.4843795909045577,False
D143,7,-0.5125231279624181,False
D143,8,-0.45935260258753174,False
D143,9,-0.47542335684139614,False
D143,10,-0.5161429655629971,False
D143,11,-0.4601375482012429,False
D143,12,-0.48580776141850707,False
D143,13,-0.5231722966103234,False
D143,14,-0.42385949194681294,False
D143,15,-0.4688470314912828,False
D143,16,-0.4456980396202219,False
D143,17,-0.4947343407072397,False
D143,18,-0.45410501381602464,False
D143,19,-0.4763161082416069,False
D143,20,-0.5382149908584193,True
D143,21,-0.4638409457917293,False
D143,22,-0.46211886217670634,False
D143,23,-0.4491092840016481,False
D143,24,-0.4795337830424472,False
D143,25,-0.5470471850190849,True
D143,26,-0.43947322098336505,False
D144,1,-0.44227273242624526,False
D144,2,-0.4728228356839094,False
D144,3,-0.4558564241881255,False
D144,4,-0.4751704076137825,False
D144,5,-0.47869074825026625,False
D144,6,-0.47329496632151,False
D144,7,-0.48152818974934236,False
D144,8,-0.45742444030248747,False
D144,9,-0.4529873051235314,False
D144,10,-0.4615521304722326,False
D144,11,-0.4414324017474748,False
D144,12,-0.4385949745834953,False
D144,13,-0.5035940018443654,False
D144,14,-0.471243398219994,False
D144,15,-0.46933739166218175,False
D144,16,-0.4785064809733569,False
D144,17,-0.4427083447145978,False
D144,18,-0.4765984402981615,False
D144,19,-0.4220112262642602,False
D144,20,-0.44555837159011086,False
D144,21,-0.46007319080071163,False
D144,22,-0.4702460611935094,False
D144,23,-0.5049046158953501,False
D144,24,-0.47701760071069027,False
D144,25,-0.4258953838977042,False
D144,26,-0.5051281104740776,False
D145,1,-0.5330155618202721,False
D145,2,-0.47413020550289836,False
D145,3,-0.48796071044982636,False
D145,4,-0.524831465627448,False
D145,5,-0.4805388656323373,False
D145,6,-0.5353741404690477,True
D145,7,-0.49311577505193926,False
D145,8,-0.4827666516270045,False
D145,9,-0.5323737398220317,False
D145,10,-0.5014965218248189,False
D145,11,-0.49401710193704457,False
D145,12,-0.5651405988137244,True
D145,13,-0.5390493765121913,True
D145,14,-0.4881510111692924,False
D145,15,-0.5113911387083945,False
D145,16,-0.5092785668667286,False
D145,17,-0.4759441081854833,False
D145,18,-0.49334090046896034,False
D145,19,-0.5595771629888541,True
D145,20,-0.5056558043334182,False
D145,21,-0.5062252485862655,False
D145,22,-0.5360449382135678,True
D145,23,-0.5127390017318214,False
D145,24,-0.4767071232333887,False
D145,25,-0.45845299213929513,False
D145,26,-0.5328995167430801,False
D146,1,-0.4880176173404262,False
D146,2,-0.5394756043641331,True
D146,3,-0.5291362051175684,False
D146,4,-0.5597803172228899,True
D146,5,-0.4847221095898784,False
D146,6,-0.5024414118811824,False
D146,7,-0.5069465015733311,False
D146,8,-0.5007012273823478,False
D146,9,-0.46829803816278776,False
D146,10,-0.467463996339131,False
D146,11,-0.49064021466026164,False
D146,12,-0.5197159709732799,False
D146,13,-0.5051744462550681,False
D146,14,-0.5198099488262717,False
D146,15,-0.5221784493670147,False
D146,16,-0.49338924649290167,False
D146,17,-0.5272057011668863,False
D146,18,-0.5417908320410827,True
D146,19,-0.5407724685040757,True
D146,20,-0.5989804020057602,True
D146,21,-0.6622593375850961,True
D147,1,-0.4653986897786326,False
D147,2,-0.5039107871856838,False
D147,3,-0.49652061028601563,False
D147,4,-0.4801540912313605,False
D147,5,-0.47586435122761706,False
D147,6,-0.48975844094697935,False
D147,7,-0.496999842926593,False
D147,8,-0.49191081925349595,False
D147,9,-0.4632822740306263,False
D147,10,-0.5002158316196846,False
D147,11,-0.4789512183903114,False
D147,12,-0.5051567936804722,False
D147,13,-0.48270542788430343,False
D147,14,-0.4691902707907689,False
D147,15,-0.4672121912747597,False
D147,16,-0.4952051961070719,False
D147,17,-0.504167322441673,False
D147,18,-0.47659660448217855,False
D147,19,-0.4808380775142921,False
D147,20,-0.4572493302644928,False
D147,21,-0.47197474692485564,False
D147,22,-0.5094100382802752,False
D147,23,-0.4627124031723739,False
D147,24,-0.4496182951476556,False
D147,25,-0.4611031747713796,False
D147,26,-0.4754993011993363,False
D148,1,-0.4420766429553719,False
D148,2,-0.4406955854545527,False
D148,3,-0.42169602878082657,False
D148,4,-0.46259732052192565,False
D148,5,-0.41670034590074584,False
D148,6,-0.41131495602867285,False
D148,7,-0.416602912389034,False
D148,8,-0.4422851696356025,False
D148,9,-0.42615974645091803,False
D148,10,-0.41829445388008085,False
D148,11,-0.42926242191568176,False
D148,12,-0.43007847497978946,False
D148,13,-0.4177156330187263,False
D148,14,-0.4111644878999164,False
D148,15,-0.40762690990487427,False
D148,16,-0.4320750139991929,False
D148,17,-0.42001152022068183,False
D148,18,-0.429261901643593,False
D148,19,-0.41684208685366175,False
D148,20,-0.4439041246690501,False
D148,21,-0.4174267106008031,False
D148,22,-0.4469429611173453,False
D148,23,-0.5055001150486677,False
D148,24,-0.42269976494998557,False
D148,25,-0.4418994431468975,False
D148,26,-0.4161968379230167,False
D149,1,-0.44363641187758884,False
D149,2,-0.43674408506306395,False
D149,3,-0.405637284891662,False
D149,4,-0.44498338163796486,False
D149,5,-0.4562420140886264,False
D149,6,-0.4734044179394457,False
D149,7,-0.43526876154461713,False
D149,8,-0.46355064844675975,False
D149,9,-0.4089784536695248,False
D149,10,-0.41240718480519617,False
D149,11,-0.4384142179330651,False
D149,12,-0.41249002879034613,False
D149,13,-0.45142658476116837,False
D149,14,-0.4268913326540032,False
D149,15,-0.42433390180925185,False
D149,16,-0.4393765599459207,False
D149,17,-0.4913407334241825,False
D149,18,-0.49817273942439255,False
D149,19,-0.41143983238709037,False
D149,20,-0.47571630104950074,False
D149,21,-0.44981615467154656,False
D149,22,-0.4462992099893764,False
D149,23,-0.4547821844531859,False
D149,24,-0.4509990177553016,False
D149,25,-0.4001706430670097,False
D149,26,-0.4706188253045641,False
D150,1,-0.543547903936088,True
D150,2,-0.5016243520556076,False
D150,3,-0.5048752214130191,False
D150,4,-0.49846787023397776,False
D150,5,-0.4766887320940111,False
D150,6,-0.5124343536835604,False
D150,7,-0.5362036613681636,True
D150,8,-0.4753283246711202,False
D150,9,-0.5098863687495716,False
D150,10,-0.49056094370565057,False
D150,11,-0.4560478283247013,False
D150,12,-0.49877991229120033,False
D150,13,-0.5574612548681452,True
D150,14,-0.4835948257275423,False
D150,15,-0.590597925110993,True
D150,16,-0.5045519153447653,False
D150,17,-0.5555287672937118,True
D150,18,-0.5675737679002854,True
D150,19,-0.5812402686572073,True
D150,20,-0.5349432343908882,True
D150,21,-0.5021681333088684,False
D150,22,-0.4620782887836476,False
D150,23,-0.5868071463661364,True
D150,24,-0.510086334721055,False
D150,25,-0.48768900855971614,False
D150,26,-0.5070054942286546,False
D151,1,-0.47050635133294794,False
D151,2,-0.4144869294832009,False
D151,3,-0.45326735920820166,False
D151,4,-0.44594775288329075,False
D151,5,-0.44538882656050305,False
D151,6,-0.4296555102157286,False
D151,7,-0.41034582874260356,False
D151,8,-0.4431289893385292,False
D151,9,-0.4245953853141655,False
D151,10,-0.40873154362262726,False
D151,11,-0.4446474676012729,False
D151,12,-0.4680003250813391,False
D151,13,-0.43956033976884684,False
D151,14,-0.39237826249141333,False
D151,15,-0.4593696443241609,False
D151,16,-0.44654833297660484,False
D151,17,-0.42024938254797645,False
D151,18,-0.425178596545324,False
D151,19,-0.4585163701997239,False
D151,20,-0.4357322457717052,False
D151,21,-0.4283835638467947,False
D151,22,-0.4585195080755395,False
D151,23,-0.44247768479272553,False
D151,24,-0.4578068505448981,False
D151,25,-0.537256038512942,True
D152,1,-0.47880524054568707,False
D152,2,-0.5069418850621639,False
D152,3,-0.4825272532311179,False
D152,4,-0.5106134524804444,False
D152,5,-0.4864344183823026,False
D152,6,-0.5100653841678203,False
D152,7,-0.48453999771041356,False
D152,8,-0.5100934460291504,False
D152,9,-0.5040204247856325,False
D152,10,-0.5097475317343741,False
D152,11,-0.5073694801533625,False
D152,12,-0.5477279789640475,True
D152,13,-0.4797501622684182,False
D152,14,-0.542048717632496,True
D152,15,-0.4862969373716698,False
D152,16,-0.48779210905380316,False
D152,17,-0.4805614214490416,False
D152,18,-0.5140851747698543,False
D152,19,-0.5591130891698571,True
D152,20,-0.48104045198528383,False
D152,21,-0.5332622329710892,False
D152,22,-0.6514651504352429,True
D152,23,-0.6457112700086689,True
D152,24,-0.5918769490281506,True
D152,25,-0.6109004306786378,True
D152,26,-0.6001599009545394,True
D153,1,-0.3997580373979932,False
D153,2,-0.40781781216964325,False
D153,3,-0.4264244415274385,False
D153,4,-0.42812818364972605,False
D153,5,-0.4263204100449467,False
D153,6,-0.39776435811146815,False
D153,7,-0.4360948294162718,False
D153,8,-0.3919155607923737,False
D153,9,-0.4612979313001568,False
D153,10,-0.3981627516509018,False
D153,11,-0.3892320711548527,False
D153,12,-0.3975542316805018,False
D153,13,-0.4210488082221976,False
D153,14,-0.4178217070947348,False
D153,15,-0.41492068651825953,False
D153,16,-0.3995787368903508,False
D153,17,-0.4145286809140143,False
D153,18,-0.4171515342592801,False
D153,19,-0.3990580468270833,False
D153,20,-0.42768227403291653,False
D153,21,-0.4354557469878244,False
D153,22,-0.411001418048879,False
D153,23,-0.4039698237074945,False
D153,24,-0.41498407662277126,False
D153,25,-0.43136660058825493,False
D153,26,-0.40617067952938374,False
D154,1,-0.3927767175364169,False
D154,2,-0.42088705408217203,False
D154,3,-0.422369642599186,False
D154,4,-0.4253389540702603,False
D154,5,-0.39865235803564114,False
D154,6,-0.4410975134232254,False
D154,7,-0.44175061956883066,False
D154,8,-0.4073377566222769,False
D154,9,-0.43190534077077763,False
D154,10,-0.41523631591643706,False
D154,11,-0.41009455535356243,False
D154,12,-0.42230540850245984,False
D154,13,-0.38568962985419764,False
D154,14,-0.39945615074507224,False
D154,15,-0.39470377086607006,False
D154,16,-0.42853347190076,False
D154,17,-0.40914641893132625,False
D154,18,-0.4004113748310528,False
D154,19,-0.4391805180876016,False
D154,20,-0.3999499834669676,False
D154,21,-0.4139917101105394,False
D154,22,-0.39458826851591605,False
D154,23,-0.42297790846367683,False
D154,24,-0.4040401388036118,False
D154,25,-0.4125244036644193,False
D154,26,-0.40034890451465843,False
D155,1,-0.5036982175538915,False
D155,2,-0.5023130744119481,False
D155,3,-0.4548963527621854,False
D155,4,-0.4896455648697012,False
D155,5,-0.47152929689318646,False
D155,6,-0.4642987243379893,False
D155,7,-0.4714007656790467,False
D155,8,-0.4478929132870808,False
D155,9,-0.4652723013476422,False
D155,10,-0.4789758504761771,False
D155,11,-0.4533730015476776,False
D155,12,-0.48302302300806665,False
D155,13,-0.47733600278526644,False
D155,14,-0.47483368153435795,False
D155,15,-0.5047750906205756,False
D155,16,-0.4722970704928854,False
D155,17,-0.4989439207602969,False
D155,18,-0.4619419927313261,False
D155,19,-0.4903798911453178,False
D155,20,-0.47603365803520087,False
D155,21,-0.504951165446534,False
D155,22,-0.4611714234229617,False
D155,23,-0.4885604079229909,False
D155,24,-0.45445597622869316,False
D155,25,-0.5154871187200148,False
D155,26,-0.4875624264964913,False
D156,1,-0.4318913168048421,False
D156,2,-0.4665681828852635,False
D156,3,-0.45251386651704584,False
D156,4,-0.48453963396199157,False
D156,5,-0.48560833266349446,False
D156,6,-0.4475977686117575,False
D156,7,-0.4547145813333501,False
D156,8,-0.4487558393318718,False
D156,9,-0.4315258274607305,False
D156,10,-0.4598482875658497,False
D156,11,-0.44017435318586307,False
D156,12,-0.4287626477337581,False
D156,13,-0.42013265209670664,False
D156,14,-0.4605517367026715,False
D156,15,-0.48517081137292967,False
D156,16,-0.49042662108535684,False
D156,17,-0.46742636326097814,False
D156,18,-0.4798826187249404,False
D156,19,-0.46756554683705825,False
D156,20,-0.46755851658062525,False
D156,21,-0.5533168703397923,True
D156,22,-0.5822807130256966,True
D156,23,-0.6015375420167549,True
D156,24,-0.565632889637795,True
D157,1,-0.4602753638832089,False
D157,2,-0.4844411936204936,False
D157,3,-0.4891541769330835,False
D157,4,-0.47177575622139345,False
D157,5,-0.5119691307347699,False
D157,6,-0.547447549865873,True
D157,7,-0.4450702685401352,False
D157,8,-0.43369289835528596,False
D157,9,-0.46182729121795896,False
D157,10,-0.4588212328003078,False
D157,11,-0.43817814577844644,False
D157,12,-0.4587784147689359,False
D157,13,-0.4881202507546335,False
D157,14,-0.49553304629423783,False
D157,15,-0.4966615246202335,False
D157,16,-0.46761848387879024,False
D157,17,-0.49655151172604817,False
D157,18,-0.6054877727875346,True
D157,19,-0.5455583052014961,True
D157,20,-0.45692535262567435,False
D157,21,-0.5173108708983168,False
D157,22,-0.5370249142152856,True
D157,23,-0.4832903496241214,False
D157,24,-0.46186104303352254,False
D157,25,-0.4657062264678706,False
D157,26,-0.4872821130676186,False
D158,1,-0.4143298194092579,False
D158,2,-0.42216678119126017,False
D158,3,-0.4327935166291767,False
D158,4,-0.41196838411115666,False
D158,5,-0.4267251915426022,False
D158,6,-0.45991444946653653,False
D158,7,-0.45638519399668454,False
D158,8,-0.4308519486839816,False
D158,9,-0.44180157395772696,False
D158,10,-0.4088871419757583,False
D158,11,-0.4895455918239637,False
D158,12,-0.4257316828157952,False
D158,13,-0.44400427945226306,False
D158,14,-0.44684649651908676,False
D158,15,-0.42718114203197605,False
D158,16,-0.4395644122590651,False
D158,17,-0.4462165311178079,False
D158,18,-0.4277110802535307,False
D158,19,-0.4290252367887237,False
D158,20,-0.44394071764473203,False
D158,21,-0.4456045344416276,False
D158,22,-0.456053037782373,False
D158,23,-0.44184108611621625,False
D158,24,-0.4407561567604193,False
D158,25,-0.4710446696059421,False
D158,26,-0.43435323748079585,False
D159,1,-0.4657624989762123,False
D159,2,-0.4648843401857409,False
D159,3,-0.4807739476507771,False
D159,4,-0.5028443872597081,False
D159,5,-0.5037012486797905,False
D159,6,-0.5198289117286373,False
D159,7,-0.4442948687407521,False
D159,8,-0.4459510941932614,False
D159,9,-0.4323536904275838,False
D159,10,-0.4668164936288057,False
D159,11,-0.4959831760824751,False
D159,12,-0.45776589267687245,False
D159,13,-0.47505252143878046,False
D159,14,-0.4582942371615063,False
D159,15,-0.4623728230654081,False
D159,16,-0.5179590102606507,False
D159,17,-0.49458622178200445,False
D159,18,-0.48687121811125705,False
D159,19,-0.5412993775206367,True
D159,20,-0.4663812589099114,False
D159,21,-0.5533940565479616,True
D159,22,-0.5194548258766705,False
D159,23,-0.5107060783702869,False
D159,24,-0.5917917791018827,True
D160,1,-0.49797563860435573,False
D160,2,-0.4502090886637345,False
D160,3,-0.4944189009509832,False
D160,4,-0.5289964317837718,False
D160,5,-0.46957791030624146,False
D160,6,-0.4872911153953206,False
D160,7,-0.471268220625526,False
D160,8,-0.4843924064466713,False
D160,9,-0.5093941590758866,False
D160,10,-0.45324441721277003,False
D160,11,-0.46972220511045853,False
D160,12,-0.456669607418914,False
D160,13,-0.5136139079451219,False
D160,14,-0.5116626156357027,False
D160,15,-0.4722396401925112,False
D160,16,-0.4697150804275571,False
D160,17,-0.4733789106339705,False
D160,18,-0.49663280033144164,False
D160,19,-0.5133710798297175,False
D160,20,-0.5458110791313894,True
D160,21,-0.5002386898727403,False
D160,22,-0.4757262204077792,False
D160,23,-0.5334141009545993,False
D160,24,-0.4580443540825262,False
D160,25,-0.5114573405525051,False
D160,26,-0.44197744918081544,False
D161,1,-0.4955584379936464,False
D161,2,-0.5300946444929231,False
D161,3,-0.4762366965327103,False
D161,4,-0.5446138916057655,True
D161,5,-0.5507080292435698,True
D161,6,-0.5420733554852941,True
D161,7,-0.6056089349901073,True
D161,8,-0.6188314663350776,True
D161,9,-0.5808787578959913,True
D161,10,-0.6265664017440767,True
D161,11,-0.6237986436655998,True
D162,1,-0.4729053417442496,False
D162,2,-0.5379266718304341,True
D162,3,-0.4508611149437373,False
D162,4,-0.509874384383176,False
D162,5,-0.4686593626232286,False
D162,6,-0.4691721978825141,False
D162,7,-0.4599193427094535,False
D162,8,-0.4870130260183845,False
D162,9,-0.4893160336181421,False
D162,10,-0.5067484185555013,False
D162,11,-0.424866957908417,False
D162,12,-0.43430280533425136,False
D162,13,-0.47683694422308,False
D162,14,-0.5392432283262425,True
D162,15,-0.5096454960542897,False
D162,16,-0.5140279801508413,False
D162,17,-0.49680757703924916,False
D162,18,-0.49710562239039124,False
D162,19,-0.4903701637239613,False
D162,20,-0.507429225628372,False
D162,21,-0.4902146803360487,False
D162,22,-0.45827717557055775,False
D162,23,-0.4800405992192845,False
D162,24,-0.5454593691830366,True
D162,25,-0.48303119900384706,False
D162,26,-0.49655451877273094,False
D163,1,-0.45064455455352004,False
D163,2,-0.41188871562259144,False
D163,3,-0.4263288889782497,False
D163,4,-0.4175010142753707,False
D163,5,-0.45522524223226335,False
D163,6,-0.41557888137273197,False
D163,7,-0.4437620602302819,False
D163,8,-0.4311889539750186,False
D163,9,-0.4950113175902479,False
D163,10,-0.4399953834231642,False
D163,11,-0.4272548847328996,False
D163,12,-0.4582858373634305,False
D163,13,-0.47852060308144445,False
D163,14,-0.4292528885623032,False
D163,15,-0.44891048567884634,False
D163,16,-0.49516506854999026,False
D164,1,-0.44763705006225113,False
D164,2,-0.4128597486540412,False
D164,3,-0.4479480198620156,False
D164,4,-0.41609601415178155,False
D164,5,-0.4395949919237643,False
D164,6,-0.4290698369182546,False
D164,7,-0.4181330132954342,False
D164,8,-0.43835996861407184,False
D164,9,-0.4438771452939231,False
D164,10,-0.449532423734867,False
D164,11,-0.4450266886354608,False
D164,12,-0.41601206898860515,False
D164,13,-0.4254675715739209,False
D164,14,-0.4214939763609741,False
D164,15,-0.42972175306854393,False
D164,16,-0.42577481824196745,False
D164,17,-0.4202618925169884,False
D164,18,-0.4313349877398472,False
D164,19,-0.4698362741567763,False
D164,20,-0.4906321849410851,False
D164,21,-0.4286042140738846,False
D164,22,-0.43095096265473426,False
D164,23,-0.43386760673035973,False
D164,24,-0.45813815411990977,False
D164,25,-0.4279956412277761,False
D164,26,-0.41659489384630594,False
D165,1,-0.4330389893589026,False
D165,2,-0.4369545365712999,False
D165,3,-0.4311074743465337,False
D165,4,-0.4418761193037863,False
D165,5,-0.4297754572141642,False
D165,6,-0.4342861820642672,False
D165,7,-0.426565136625977,False
D165,8,-0.42713216763073936,False
D165,9,-0.4272459697485697,False
D165,10,-0.41244425366921206,False
D165,11,-0.4149346600167936,False
D166,1,-0.5047341842549271,False
D166,2,-0.4850475034279548,False
D166,3,-0.5277326209266933,False
D166,4,-0.5367401966648119,True
D166,5,-0.4763821618160315,False
D166,6,-0.557907050777142,True
D166,7,-0.46283806984222736,False
D166,8,-0.47709181247820903,False
D166,9,-0.4470898984764921,False
D166,10,-0.4989526589109275,False
D166,11,-0.44367209908349914,False
D166,12,-0.4507498760970132,False
D166,13,-0.4951139459838238,False
D166,14,-0.46950837735296147,False
D166,15,-0.5179111776774976,False
D166,16,-0.4478604159228856,False
D166,17,-0.5177372097198538,False
D166,18,-0.47219533998200725,False
D166,19,-0.5321632646252238,False
D166,20,-0.43962058528043607,False
D166,21,-0.4392409776360216,False
D166,22,-0.46170570520134147,False
D166,23,-0.4463881818821411,False
D166,24,-0.5112851273817732,False
D166,25,-0.46524707326162285,False
D166,26,-0.48659762061770356,False
D167,1,-0.46961776709569286,False
D167,2,-0.4962361959931954,False
D167,3,-0.4962770192298293,False
D167,4,-0.4192527400497732,False
D167,5,-0.4484486920701325,False
D167,6,-0.4494682702109056,False
D167,7,-0.44217198495929166,False
D167,8,-0.46057948759068823,False
D167,9,-0.44502614784414296,False
D167,10,-0.4351287751921361,False
D167,11,-0.4490044731228245,False
D167,12,-0.4897112696322805,False
D167,13,-0.49399017095282777,False
D167,14,-0.46645289818500235,False
D167,15,-0.44859702984227895,False
D167,16,-0.4483118681911945,False
D167,17,-0.4402914946946335,False
D167,18,-0.46425931068277787,False
D167,19,-0.5486079894424251,True
D167,20,-0.4741148181863286,False
D167,21,-0.4376367401366766,False
D167,22,-0.4448668001252749,False
D167,23,-0.48374341022301337,False
D167,24,-0.4494689004381683,False
D167,25,-0.4589835642135155,False
D167,26,-0.4486066487344544,False
D168,1,-0.4167261924914248,False
D168,2,-0.43766263113590903,False
D168,3,-0.5185370493166261,False
D168,4,-0.4324284485798425,False
D168,5,-0.4594838910993478,False
D168,6,-0.4129355925290071,False
D168,7,-0.47019084433908886,False
D168,8,-0.4301329139068213,False
D168,9,-0.475185966225488,False
D168,10,-0.46662905546684075,False
D168,11,-0.46457331985322153,False
D168,12,-0.42537562734273027,False
D168,13,-0.46240168627509654,False
D168,14,-0.4302371382897974,False
D168,15,-0.44889424237555964,False
D168,16,-0.43342944928695637,False
D168,17,-0.4486199393049093,False
D168,18,-0.47961788369942526,False
D168,19,-0.47033609713158925,False
D168,20,-0.4813836110199121,False
D168,21,-0.5169671857370917,False
D168,22,-0.4876147920028038,False
D168,23,-0.4658481137090064,False
D168,24,-0.4992989800121979,False
D168,25,-0.4336384296632635,False
D168,26,-0.4979101094420832,False
D169,1,-0.45144055997046467,False
D169,2,-0.4334429215324826,False
D169,3,-0.42927861046317395,False
D169,4,-0.4505430644100468,False
D169,5,-0.4380582428108181,False
D169,6,-0.4427388290866837,False
D169,7,-0.45037923010811937,False
D169,8,-0.4739307831279124,False
D169,9,-0.44186940528974206,False
D169,10,-0.4673752185215181,False
D169,11,-0.46336986996306684,False
D169,12,-0.47047286229918417,False
D169,13,-0.44149607567186,False
D169,14,-0.4313279698214331,False
D169,15,-0.4713192861070196,False
D169,16,-0.4255416991833197,False
D169,17,-0.43384841852346084,False
D169,18,-0.44162118310497134,False
D169,19,-0.42467065085668493,False
D169,20,-0.44455749056439636,False
D169,21,-0.4532118085854677,False
D169,22,-0.46634808233204195,False
D169,23,-0.4507042787491269,False
D169,24,-0.5033674233599169,False
D169,25,-0.43339481867177465,False
D169,26,-0.44231448009833724,False
D170,1,-0.5139227036078946,False
D170,2,-0.5082959146832235,False
D170,3,-0.4804614786880184,False
D170,4,-0.5154968534086175,False
D170,5,-0.4553178286119787,False
D170,6,-0.47794420557018574,False
D170,7,-0.4674430121850722,False
D170,8,-0.44277462391274824,False
D170,9,-0.5211180587625467,False
D170,10,-0.4681712451385198,False
D170,11,-0.47947831029363885,False
D170,12,-0.47347832243173804,False
D170,13,-0.5429289917892856,True
D170,14,-0.5122249365166481,False
D170,15,-0.47172179016279664,False
D170,16,-0.468386955770324,False
D170,17,-0.5228916196397885,False
D170,18,-0.5211445307325636,False
D170,19,-0.4693258481048946,False
D170,20,-0.4936455813928267,False
D170,21,-0.46370252052816874,False
D170,22,-0.44082456002873543,False
D170,23,-0.5338820913056673,True
D170,24,-0.4910252803529683,False
D170,25,-0.4798352647191094,False
D170,26,-0.4805304213664014,False
D171,1,-0.4446809426842011,False
D171,2,-0.4721538580877527,False
D171,3,-0.43310109291714305,False
D171,4,-0.464634136962982,False
D171,5,-0.4182241129846461,False
D171,6,-0.4317970792285463,False
D171,7,-0.44151793112697674,False
D171,8,-0.43713383330773237,False
D171,9,-0.45373188583023494,False
D171,10,-0.4362196912243204,False
D171,11,-0.4292301846120369,False
D171,12,-0.4599289738851527,False
D171,13,-0.42088179334509596,False
D171,14,-0.45930187335493783,False
D171,15,-0.4287439723406629,False
D171,16,-0.44167379487475106,False
D171,17,-0.44159095472013904,False
D171,18,-0.42372780673006694,False
D171,19,-0.42117761958269745,False
D171,20,-0.4407335488687947,False
D171,21,-0.43192661554366235,False
D171,22,-0.4240149401563205,False
D171,23,-0.429393469575138,False
D171,24,-0.443546917426948,False
D171,25,-0.4737203201321742,False
D171,26,-0.4360761848025158,False
D172,1,-0.405619148531228,False
D172,2,-0.4004079181810964,False
D172,3,-0.40951298002180525,False
D172,4,-0.39737156568989856,False
D172,5,-0.4068026932557723,False
D172,6,-0.4031584818281561,False
D172,7,-0.3976148222899321,False
D172,8,-0.392691417109525,False
D172,9,-0.40001594720920547,False
D172,10,-0.3928277768016925,False
D172,11,-0.41714635508197506,False
D172,12,-0.4038610183004552,False
D172,13,-0.4165610101741608,False
D172,14,-0.39724893125860977,False
D172,15,-0.4131946916082356,False
D172,16,-0.41758124445650613,False
D172,17,-0.4259205925875121,False
D172,18,-0.4106069921379704,False
D172,19,-0.4509947926327882,False
D172,20,-0.4245931795688715,False
D172,21,-0.38959427070506775,False
D172,22,-0.4439032464801604,False
D172,23,-0.3985143247557531,False
D172,24,-0.3960832989958015,False
D172,25,-0.397533492819255,False
D172,26,-0.4125112751164713,False
D173,1,-0.43037914619409035,False
D173,2,-0.4216773762497665,False
D173,3,-0.4292916337629132,False
D173,4,-0.4344778731509937,False
D173,5,-0.4304814845739167,False
D173,6,-0.4254855659643594,False
D173,7,-0.4535154831555757,False
D173,8,-0.46867706084624844,False
D173,9,-0.44948497979377444,False
D173,10,-0.42243673054526387,False
D173,11,-0.4210502718014282,False
D173,12,-0.4509503238366251,False
D174,1,-0.45769394083809484,False
D174,2,-0.4262008805613933,False
D174,3,-0.4764501404151896,False
D174,4,-0.42903873892814287,False
D174,5,-0.4673473109676066,False
D174,6,-0.4230086485486701,False
D174,7,-0.4391273062838992,False
D174,8,-0.4231433957919116,False
D174,9,-0.46552321856574314,False
D174,10,-0.44935984479513286,False
D174,11,-0.4531083944581384,False
D174,12,-0.4855967979908831,False
D174,13,-0.5043800036737599,False
D174,14,-0.4717797691013034,False
D174,15,-0.4943754677027772,False
D174,16,-0.5755551418384017,True
D174,17,-0.513167809508879,False
D175,1,-0.43282262158862267,False
D175,2,-0.4616454952891129,False
D175,3,-0.475405107687461,False
D175,4,-0.4639897292399022,False
D175,5,-0.4250143860610177,False
D175,6,-0.45000465458473005,False
D175,7,-0.46239069518066683,False
D175,8,-0.44495558738386526,False
D175,9,-0.4542317831493404,False
D175,10,-0.4708920876047023,False
D175,11,-0.41274143571278876,False
D175,12,-0.44743935469358026,False
D175,13,-0.4468300799883344,False
D175,14,-0.4211175197386714,False
D175,15,-0.4970309591766908,False
D175,16,-0.4623099407788004,False
D175,17,-0.43959039917447745,False
D175,18,-0.4468043589355426,False
D175,19,-0.4806356986662837,False
D175,20,-0.4216848309224522,False
D175,21,-0.48329331179118434,False
D175,22,-0.4433658767671359,False
D175,23,-0.44015649294885295,False
D175,24,-0.44340099048150705,False
D175,25,-0.4499630937123407,False
D175,26,-0.44620332993016015,False
D176,1,-0.5419451980443193,True
D176,2,-0.526591409079478,False
D176,3,-0.4832134933809618,False
D176,4,-0.49490419836688393,False
D176,5,-0.5099564437491132,False
D176,6,-0.5085138866975232,False
D176,7,-0.5116086425726993,False
D176,8,-0.5536663624971182,True
D176,9,-0.516489090137638,False
D176,10,-0.46637074042088794,False
D176,11,-0.44773624174227855,False
D176,12,-0.48067418841872284,False
D176,13,-0.5007264944809617,False
D176,14,-0.48437798043726055,False
D176,15,-0.5601115480923646,True
D176,16,-0.49676311404494644,False
D176,17,-0.5117930611602507,False
D176,18,-0.4352386041854519,False
D176,19,-0.4994369311899642,False
D176,20,-0.4584725779258578,False
D176,21,-0.47540546093638414,False
D176,22,-0.4917748898929696,False
D176,23,-0.5127798208036053,False
D176,24,-0.480260634909348,False
D176,25,-0.47129804238843753,False
D176,26,-0.4910667875061804,False
D177,1,-0.45092337660109566,False
D177,2,-0.41672546341530736,False
D177,3,-0.41194864658613334,False
D177,4,-0.41097883921388195,False
D177,5,-0.4056338574860553,False
D177,6,-0.4177616706592111,False
D177,7,-0.4217462295294065,False
D177,8,-0.47263233040195046,False
D177,9,-0.4616019730292785,False
D177,10,-0.42288898054192986,False
D177,11,-0.4386210912615965,False
D177,12,-0.4140859339630662,False
D177,13,-0.4331894960295138,False
D177,14,-0.40113449793721734,False
D177,15,-0.4323414069108624,False
D177,16,-0.46768729184750746,False
D177,17,-0.41253768392188717,False
D177,18,-0.46350749852543166,False
D177,19,-0.42679096363614,False
D177,20,-0.4351802364123427,False
D177,21,-0.4009804041898865,False
D177,22,-0.44188367166325215,False
D177,23,-0.4119499186786629,False
D177,24,-0.4717577131324316,False
D177,25,-0.42101035542948667,False
D177,26,-0.4448022124894913,False
D178,1,-0.49156824105551417,False
D178,2,-0.4774675702201299,False
D178,3,-0.46543133781913615,False
D178,4,-0.491296354683242,False
D178,5,-0.47490316406628924,False
D178,6,-0.5015577323580047,False
D178,7,-0.5549461727239186,True
D178,8,-0.5058724132146697,False
D178,9,-0.5041753872598655,False
D178,10,-0.436821812715798,False
D178,11,-0.4906173206595679,False
D178,12,-0.45460547901783965,False
D178,13,-0.487979859120665,False
D178,14,-0.46551933301495246,False
D178,15,-0.45678585331878085,False
D178,16,-0.48064379041975397,False
D178,17,-0.44887943566283883,False
D178,18,-0.4639966905158807,False
D178,19,-0.45695351457880334,False
D178,20,-0.4585290485274725,False
D178,21,-0.4498092729356154,False
D178,22,-0.4578397689211475,False
D178,23,-0.4638145953162265,False
D178,24,-0.4612823703470496,False
D178,25,-0.5178554452620467,False
D178,26,-0.4716521348009779,False
D179,1,-0.536685385218575,True
D179,2,-0.511474682587764,False
D179,3,-0.5318907223122108,False
D179,4,-0.5690138139585589,True
D179,5,-0.487958813879942,False
D179,6,-0.4996148852822036,False
D179,7,-0.5865468796620291,True
D179,8,-0.48968427084750676,False
D179,9,-0.5671756728235046,True
D179,10,-0.5369566829995709,True
D179,11,-0.49373391805902994,False
D179,12,-0.47882099967289343,False
D179,13,-0.5045040581244354,False
D179,14,-0.4691787701035657,False
D179,15,-0.5128611732708748,False
D179,16,-0.537657005371588,True
D179,17,-0.600739602687108,True
D179,18,-0.5280312087360046,False
D179,19,-0.5216859837682415,False
D179,20,-0.5016515933930151,False
D179,21,-0.49120980642497497,False
D179,22,-0.49335632796878576,False
D179,23,-0.5286692003114655,False
D179,24,-0.4961949447121757,False
D179,25,-0.48608456313373916,False
D179,26,-0.4829751565889218,False
D180,1,-0.4252935062433664,False
D180,2,-0.42489683913973714,False
D180,3,-0.40798294994575235,False
D180,4,-0.4183540640626276,False
D180,5,-0.43471611501929863,False
D180,6,-0.41547292742441105,False
D180,7,-0.4347916842861928,False
D180,8,-0.4118292717981316,False
D180,9,-0.4389072380109668,False
D180,10,-0.40308499684104526,False
D180,11,-0.4208101615738447,False
D180,12,-0.43886071373419366,False
D180,13,-0.40275530730091963,False
D180,14,-0.41737890270542666,False
D180,15,-0.5088685781284873,False
D180,16,-0.4058920608201932,False
D180,17,-0.4085109113951206,False
D180,18,-0.40841213342488497,False
D180,19,-0.39960040566170585,False
D180,20,-0.40804487948944584,False
D180,21,-0.40058311153017295,False
D180,22,-0.41891191813871015,False
D180,23,-0.4237532218442699,False
D180,24,-0.41301091866913087,False
D180,25,-0.4130968674076658,False
D180,26,-0.4193056738842935,False
D181,1,-0.4930732339926789,False
D181,2,-0.5400893880001926,True
D181,3,-0.4295044065565179,False
D181,4,-0.48198690973665115,False
D181,5,-0.4999888624815111,False
D181,6,-0.5038173207998236,False
D181,7,-0.4730389411483112,False
D181,8,-0.5379803565672492,True
D181,9,-0.5898988786711216,True
D181,10,-0.5415898000711249,True
D181,11,-0.523800693430447,False
D181,12,-0.46578557357095146,False
D181,13,-0.5208302524447035,False
D181,14,-0.4753425411591877,False
D181,15,-0.5172386132131186,False
D181,16,-0.6212396297431901,True
D181,17,-0.5255667601065585,False
D181,18,-0.49413486472806256,False
D181,19,-0.44719939478282544,False
D181,20,-0.5182704664898717,False
D181,21,-0.46827257092016317,False
D181,22,-0.4446363355363908,False
D181,23,-0.46004845316312876,False
D181,24,-0.5188666937586888,False
D181,25,-0.5236757414509218,False
D181,26,-0.49895074801527767,False
D182,1,-0.5025343581469075,False
D182,2,-0.49917287981381914,False
D182,3,-0.5259987506226957,False
D182,4,-0.5181386842814071,False
D182,5,-0.48351103364034026,False
D182,6,-0.5125200507114738,False
D182,7,-0.5365368930727672,True
D182,8,-0.48390336083242463,False
D182,9,-0.477129569647607,False
D182,10,-0.49244000482158706,False
D182,11,-0.4928562353673453,False
D182,12,-0.439992029837287,False
D182,13,-0.4850014618871804,False
D182,14,-0.5837643124252087,True
D182,15,-0.45965877305269354,False
D182,16,-0.4699821089763775,False
D182,17,-0.4661989275684714,False
D182,18,-0.48654487946748165,False
D182,19,-0.4787592794794745,False
D182,20,-0.49504332367235276,False
D182,21,-0.4580408655349667,False
D182,22,-0.4778721391456233,False
D182,23,-0.450286144116802,False
D182,24,-0.470803755106681,False
D182,25,-0.49827343467019475,False
D182,26,-0.4599770093189373,False
D183,1,-0.4100058843874689,False
D183,2,-0.4283583539079815,False
D183,3,-0.44896049705281965,False
D183,4,-0.4211616337366478,False
D183,5,-0.42828990714261483,False
D183,6,-0.41288240847254576,False
D183,7,-0.42098733846414305,False
D183,8,-0.4167175756852585,False
D183,9,-0.4200179581104037,False
D183,10,-0.48474736256792766,False
D183,11,-0.41385187285390684,False
D183,12,-0.40516811706242706,False
D183,13,-0.4286868652307613,False
D183,14,-0.412245592050799,False
D183,15,-0.4238638931356709,False
D183,16,-0.40492856451755804,False
D183,17,-0.4430640232758937,False
D183,18,-0.3960230777616144,False
D183,19,-0.414975877659409,False
D183,20,-0.4536948579377234,False
D183,21,-0.45214546229845676,False
D183,22,-0.3973198799904296,False
D183,23,-0.4138439020356015,False
D183,24,-0.4124801092173937,False
D183,25,-0.4425871803489025,False
D183,26,-0.460412182039595,False
D184,1,-0.44853189073823846,False
D184,2,-0.46738927254444473,False
D184,3,-0.4354851087639094,False
D184,4,-0.44635807498301733,False
D184,5,-0.4416599910666005,False
D184,6,-0.49024701655970826,False
D184,7,-0.45307005646865905,False
D184,8,-0.4360895255777219,False
D184,9,-0.4132138453395213,False
D184,10,-0.4560995737351453,False
D184,11,-0.4838519983418071,False
D184,12,-0.5279250030141457,False
D184,13,-0.5147990065969518,False
D184,14,-0.48872126178021796,False
D184,15,-0.5340297446503621,True
D184,16,-0.509992086004647,False
D184,17,-0.554405165723411,True
D185,1,-0.42071748611170406,False
D185,2,-0.4072861800015526,False
D185,3,-0.44513767255945375,False
D185,4,-0.43875909975538074,False
D185,5,-0.4265006840076016,False
D185,6,-0.42637771966696064,False
D185,7,-0.41059965382111246,False
D185,8,-0.44208265482977616,False
D185,9,-0.4388420430127054,False
D185,10,-0.45109188184073545,False
D185,11,-0.44935663908218426,False
D185,12,-0.41601884167171493,False
D185,13,-0.4629374023893568,False
D185,14,-0.42913564613783656,False
D185,15,-0.4259732953306627,False
D185,16,-0.5315146384023468,False
D185,17,-0.40087939384747495,False
D185,18,-0.4413996877783682,False
D185,19,-0.44282034154208816,False
D185,20,-0.45962953396891937,False
D185,21,-0.4355969059001946,False
D185,22,-0.4337841357292652,False
D185,23,-0.43309505504877743,False
D185,24,-0.4089296863042336,False
D185,25,-0.41714996669285853,False
D185,26,-0.4315223992708351,False
D186,1,-0.44251730269365075,False
D186,2,-0.4280680682863845,False
D186,3,-0.42971074227812783,False
D186,4,-0.44301534734503806,False
D186,5,-0.4276920573650228,False
D186,6,-0.4299877192974805,False
D186,7,-0.443442907676797,False
D186,8,-0.4424171918952622,False
D186,9,-0.4322211942412216,False
D186,10,-0.4343477835570863,False
D186,11,-0.42824746774887346,False
D186,12,-0.46246136017728695,False
D187,1,-0.4325760601976425,False
D187,2,-0.4102186003700015,False
D187,3,-0.41652037442088274,False
D187,4,-0.409482484390444,False
D187,5,-0.40457999607788253,False
D187,6,-0.39577732605731036,False
D187,7,-0.42071056554784425,False
D187,8,-0.40762185745576957,False
D187,9,-0.41735461072041785,False
D187,10,-0.4160252897047499,False
D187,11,-0.42188523892315943,False
D187,12,-0.42606154382163697,False
D187,13,-0.4301856119895788,False
D187,14,-0.4093568407033307,False
D187,15,-0.4367500520976643,False
D187,16,-0.43645440855628553,False
D187,17,-0.4048953949896067,False
D187,18,-0.401724113193591,False
D187,19,-0.4308106667539204,False
D187,20,-0.4189927576224834,False
D187,21,-0.42606175160876264,False
D187,22,-0.42946773604031163,False
D187,23,-0.40984820741801314,False
D187,24,-0.4397480255082856,False
D187,25,-0.4661093455584792,False
D187,26,-0.4283036109060744,False
D188,1,-0.43531409201385524,False
D188,2,-0.4040986539521625,False
D188,3,-0.42772902620078024,False
D188,4,-0.45645957619639,False
D188,5,-0.4216520039892666,False
D188,6,-0.4736241593165958,False
D188,7,-0.4159534952114332,False
D188,8,-0.4191304508968985,False
D188,9,-0.4221073782992989,False
D188,10,-0.4154437348822976,False
D188,11,-0.4559942031601627,False
D188,12,-0.42184575328200674,False
D188,13,-0.4158538246095422,False
D188,14,-0.42932419879098255,False
D188,15,-0.43207331668836224,False
D188,16,-0.41665674419715754,False
D188,17,-0.411967708851314,False
D188,18,-0.40765103453232737,False
D188,19,-0.4601920800996038,False
D188,20,-0.4375226555615247,False
D188,21,-0.4305102447287996,False
D188,22,-0.4423370375254664,False
D188,23,-0.4209577148350062,False
D188,24,-0.48612370847445247,False
D188,25,-0.44570502257468103,False
D188,26,-0.424813482115827,False
D189,1,-0.473899878328972,False
D189,2,-0.47815758022835236,False
D189,3,-0.452573142689691,False
D189,4,-0.44600424079387313,False
D189,5,-0.4532852251509674,False
D189,6,-0.4580461440012634,False
D189,7,-0.5204154340111321,False
D189,8,-0.4405528560241477,False
D189,9,-0.4671478000311759,False
D189,10,-0.5048100391952149,False
D189,11,-0.44486930837515265,False
D189,12,-0.4715683740927652,False
D189,13,-0.4541943115720837,False
D189,14,-0.47329611998137355,False
D189,15,-0.449664089921655,False
D189,16,-0.44372722491739514,False
D189,17,-0.44382449245125927,False
D189,18,-0.4746024483940779,False
D189,19,-0.4501448139742876,False
D189,20,-0.4491054178746067,False
D189,21,-0.44741322303079817,False
D189,22,-0.44812936732844066,False
D189,23,-0.4322411879109601,False
D189,24,-0.4658018051090004,False
D189,25,-0.4657917328084475,False
D189,26,-0.4302891012443954,False
D190,1,-0.430232886485836,False
D190,2,-0.4217343286805277,False
D190,3,-0.4221564295737669,False
D190,4,-0.4202640931193119,False
D190,5,-0.4136330007942135,False
D190,6,-0.42200537546212896,False
D190,7,-0.4149222082278748,False
D190,8,-0.4088332733422015,False
D190,9,-0.41473430848423803,False
D190,10,-0.4063424720851499,False
D190,11,-0.4046511815305622,False
D190,12,-0.40678780825130606,False
D190,13,-0.4025024822108265,False
D190,14,-0.4068469447243147,False
D190,15,-0.420942443690738,False
D190,16,-0.41604686574592015,False
D190,17,-0.4137750654167818,False
D190,18,-0.38997385202108803,False
D190,19,-0.4088134219088364,False
D190,20,-0.40114233527870874,False
D190,21,-0.42411119197554287,False
D190,22,-0.40519035344246196,False
D190,23,-0.4558445003345184,False
D190,24,-0.4039017009357668,False
D190,25,-0.4313877111700733,False
D190,26,-0.3964397908715136,False
D191,1,-0.44877992713615894,False
D191,2,-0.4677379805430702,False
D191,3,-0.440007100060344,False
D191,4,-0.4499806390443489,False
D191,5,-0.4200013494823133,False
D191,6,-0.425886973400026,False
D191,7,-0.42387480257574683,False
D191,8,-0.4396187301427735,False
D191,9,-0.4394899647829635,False
D191,10,-0.40550851332776294,False
D191,11,-0.4339903998112007,False
D191,12,-0.45382666996083604,False
D191,13,-0.4380303314740961,False
D191,14,-0.41916450045675796,False
D191,15,-0.40598847137860267,False
D191,16,-0.4102473850878946,False
D191,17,-0.413091814459832,False
D191,18,-0.43759814544835485,False
D191,19,-0.42831367680926985,False
D191,20,-0.4916871044340642,False
D191,21,-0.42960092231474717,False
D191,22,-0.41296637154780647,False
D191,23,-0.424736247988143,False
D191,24,-0.42344475960827804,False
D191,25,-0.43589044601621124,False
D191,26,-0.43758314009831306,False
D192,1,-0.49028834680477307,False
D192,2,-0.42972933502544997,False
D192,3,-0.435422085405388,False
D192,4,-0.45802775953501046,False
D192,5,-0.4639552767415949,False
D192,6,-0.4498410393423399,False
D192,7,-0.4505506768096196,False
D192,8,-0.4338441662711462,False
D192,9,-0.43247849633805524,False
D192,10,-0.45358401960043415,False
D192,11,-0.4197357341957454,False
D192,12,-0.4676347456741793,False
D192,13,-0.42403453490339243,False
D192,14,-0.43439795801442094,False
D192,15,-0.4415669660656977,False
D192,16,-0.4453432300788492,False
D192,17,-0.43952318139179974,False
D192,18,-0.4072667010177497,False
D192,19,-0.43406171718743614,False
D192,20,-0.47263657605662024,False
D192,21,-0.4311769383358221,False
D192,22,-0.44745351590705773,False
D192,23,-0.4219793229447385,False
D192,24,-0.45566820497888,False
D192,25,-0.4798531334370199,False
D192,26,-0.47086534562147886,False
D193,1,-0.4291616731335203,False
D193,2,-0.46732025377008324,False
D193,3,-0.4341278870778927,False
D193,4,-0.42574674743660884,False
D193,5,-0.46501971786342183,False
D193,6,-0.4885710656130844,False
D193,7,-0.39413043097545586,False
D193,8,-0.4557251754674983,False
D193,9,-0.41501527097239904,False
D193,10,-0.42304026780515286,False
D193,11,-0.43545570393358474,False
D193,12,-0.420770348945193,False
D193,13,-0.4822328701127797,False
D193,14,-0.494301564249201,False
D193,15,-0.44484430643408174,False
D193,16,-0.5482535913251129,True
D194,1,-0.457272364505531,False
D194,2,-0.4239365027828623,False
D194,3,-0.43821947871607314,False
D194,4,-0.533104953623578,False
D194,5,-0.4554819433116671,False
D194,6,-0.4356975661388734,False
D194,7,-0.4461124172616505,False
D194,8,-0.43146708169477094,False
D194,9,-0.46543134581395446,False
D194,10,-0.43800511770349265,False
D194,11,-0.5024547617069381,False
D194,12,-0.4804029343716672,False
D194,13,-0.4368965996459498,False
D194,14,-0.4497875165790885,False
D194,15,-0.43652422880997027,False
D194,16,-0.4221744371403551,False
D194,17,-0.4519594373159614,False
D194,18,-0.4266805467263467,False
D194,19,-0.424349355424846,False
D194,20,-0.45969734332297746,False
D194,21,-0.42823973561867057,False
D194,22,-0.4460101987611561,False
D194,23,-0.4751533271067877,False
D194,24,-0.4353400559188959,False
D194,25,-0.4523750346364913,False
D194,26,-0.50343436533036,False
D195,1,-0.41101883995017924,False
D195,2,-0.41561475719939855,False
D195,3,-0.41409776074978893,False
D195,4,-0.4231176960976088,False
D195,5,-0.4103769191759004,False
D195,6,-0.4145145761386545,False
D195,7,-0.43065123782593456,False
D195,8,-0.5146139583697825,False
D195,9,-0.406254892766656,False
D195,10,-0.4440401055366876,False
D195,11,-0.4337308857057712,False
D195,12,-0.457577214713632,False
D195,13,-0.41275771277772894,False
D195,14,-0.42617038224589937,False
D195,15,-0.4188208122544259,False
D195,16,-0.4203936661049733,False
D195,17,-0.4299545125203592,False
D195,18,-0.44750279903863216,False
D195,19,-0.4247090554398507,False
D196,1,-0.4392431819232363,False
D196,2,-0.4237609608934863,False
D196,3,-0.41355697661052,False
D196,4,-0.4137358903149617,False
D196,5,-0.4145894026026904,False
D196,6,-0.4313039310022505,False
D196,7,-0.4223378892299556,False
D196,8,-0.4168249801412632,False
D196,9,-0.4093798806316722,False
D196,10,-0.42298840406542265,False
D196,11,-0.42295057763098776,False
D196,12,-0.44572608158821597,False
D196,13,-0.4158525581174576,False
D196,14,-0.4210966493656953,False
D196,15,-0.40749290136890076,False
D196,16,-0.414145599782312,False
D196,17,-0.4183177774832192,False
D196,18,-0.44699966678442643,False
D196,19,-0.4228105701144165,False
D196,20,-0.4206518221721772,False
D196,21,-0.4661988863320111,False
D196,22,-0.4094609794137591,False
D196,23,-0.4210034750364067,False
D196,24,-0.4320757504404376,False
D196,25,-0.4712575682635608,False
D196,26,-0.4473592012770101,False
D197,1,-0.529504937272537,False
D197,2,-0.5085861595647239,False
D197,3,-0.48560503236302066,False
D197,4,-0.46743666026384384,False
D197,5,-0.46573224277421815,False
D197,6,-0.4868588398972288,False
D197,7,-0.4905420967463613,False
D197,8,-0.5110135699453607,False
D197,9,-0.4592201163734988,False
D197,10,-0.47490301472896346,False
D197,11,-0.4595623157973731,False
D197,12,-0.5192061023172049,False
D197,13,-0.5100067430009979,False
D197,14,-0.49681804987910155,False
D197,15,-0.4644505096990301,False
D197,16,-0.5050868354310712,False
D197,17,-0.5398567252353634,True
D197,18,-0.5060962905846649,False
D197,19,-0.46711924710538016,False
D197,20,-0.5085272084831074,False
D197,21,-0.49864981935469205,False
D197,22,-0.46552955046898103,False
D197,23,-0.46670606086958255,False
D197,24,-0.47381417372480245,False
D197,25,-0.4573157196393249,False
D197,26,-0.511196235978514,False
D198,1,-0.4099219194703951,False
D198,2,-0.4204633866637101,False
D198,3,-0.40712752938241986,False
D198,4,-0.4188741998614324,False
D198,5,-0.4190604106216244,False
D198,6,-0.4402017801896434,False
D198,7,-0.41737387588960806,False
D198,8,-0.4341701317582178,False
D198,9,-0.4211800097540348,False
D198,10,-0.42784862133551016,False
D198,11,-0.42646673249295697,False
D198,12,-0.4262545155380249,False
D198,13,-0.44500946708120825,False
D198,14,-0.4312263698832489,False
D198,15,-0.4031290403894987,False
D198,16,-0.4053130383685922,False
D198,17,-0.41946195809081777,False
D198,18,-0.40813678266473713,False
D198,19,-0.44235815656192795,False
D198,20,-0.41151755367534654,False
D198,21,-0.45297053452950425,False
D198,22,-0.42957436131788324,False
D198,23,-0.42049841032792135,False
D198,24,-0.4105295640200683,False
D198,25,-0.4267121413118961,False
D198,26,-0.41976358125809343,False
D199,1,-0.5176824515362185,False
D199,2,-0.47373742120482026,False
D199,3,-0.5192923705535427,False
D199,4,-0.5644109610865543,True
D199,5,-0.4919320927375284,False
D199,6,-0.4854043613342771,False
D199,7,-0.5307052464479641,False
D199,8,-0.5154762377047533,False
D199,9,-0.4975726282967006,False
D199,10,-0.5040508262136018,False
D199,11,-0.5262721113504087,False
D199,12,-0.5258744518141796,False
D199,13,-0.5007045274844452,False
D199,14,-0.5076018830117601,False
D199,15,-0.49326575567867803,False
D199,16,-0.4749152010733404,False
D199,17,-0.4878698402969942,False
D199,18,-0.4767105542167764,False
D199,19,-0.4853446802139582,False
D199,20,-0.49143389809590404,False
D199,21,-0.47070266822893203,False
D199,22,-0.4733962250651429,False
D199,23,-0.5507719712482048,True
D199,24,-0.4958947274917035,False
D199,25,-0.4841426275338946,False
D199,26,-0.5225229592574537,False
D200,1,-0.43531276471811414,False
D200,2,-0.4072875109434224,False
D200,3,-0.4208464574378199,False
D200,4,-0.4214322687931716,False
D200,5,-0.44405261010509894,False
D200,6,-0.4171461202191268,False
D200,7,-0.45466478646003605,False
D200,8,-0.4573366114617221,False
D200,9,-0.4547842431576472,False
D200,10,-0.4688716657806421,False
D200,11,-0.4559735019462601,False
D200,12,-0.4494927827933501,False
D200,13,-0.4237240735179882,False
D200,14,-0.437739932431653,False
D200,15,-0.42708490816848377,False
D200,16,-0.4540331103158666,False
D200,17,-0.4267433177504724,False
D201,1,-0.4817499054748164,False
D201,2,-0.48709886080194165,False
D201,3,-0.5147225772596581,False
D201,4,-0.5429581094312804,True
D201,5,-0.5170391545221209,False
D201,6,-0.5035063217103821,False
D201,7,-0.5002295791771498,False
D201,8,-0.5322564069927673,False
D201,9,-0.5685483127673878,True
D201,10,-0.5238195364199035,False
D201,11,-0.4815746621999984,False
D201,12,-0.5358155158724968,True
D201,13,-0.47379818986169575,False
D201,14,-0.48841138381783983,False
D201,15,-0.5279865569138853,False
D201,16,-0.4551246392901798,False
D201,17,-0.4603651508139944,False
D201,18,-0.5123628016516958,False
D201,19,-0.4874623016465446,False
D201,20,-0.4544331304430236,False
D201,21,-0.48196198707195614,False
D201,22,-0.4878983370338906,False
D201,23,-0.48591227171828705,False
D201,24,-0.45775565687627906,False
D201,25,-0.4758545724069313,False
D201,26,-0.4786445673552104,False
D202,1,-0.44380302069634414,False
D202,2,-0.46349773619045004,False
D202,3,-0.4572668806206284,False
D202,4,-0.4366596521261185,False
D202,5,-0.44319180698990385,False
D202,6,-0.4539909623568695,False
D202,7,-0.5204593335547508,False
D202,8,-0.4472571804037208,False
D202,9,-0.44389227116305824,False
D202,10,-0.48765965059365235,False
D202,11,-0.4198156096250658,False
D202,12,-0.5028650285258768,False
D202,13,-0.43774788301635065,False
D202,14,-0.4343236113070909,False
D202,15,-0.5183645437598277,False
D203,1,-0.4611828903223518,False
D203,2,-0.437287352489495,False
D203,3,-0.4815756083642165,False
D203,4,-0.4444335100882559,False
D203,5,-0.4914734807977063,False
D203,6,-0.42446823727915894,False
D203,7,-0.4798809963078775,False
D203,8,-0.4105619178791998,False
D203,9,-0.4405293212500105,False
D203,10,-0.4556553882001835,False
D203,11,-0.43607932320369275,False
D203,12,-0.4457030935031318,False
D203,13,-0.4676633956610462,False
D203,14,-0.4721873629828577,False
D203,15,-0.45135581526725516,False
D203,16,-0.4548763113604256,False
D203,17,-0.459697642236391,False
D203,18,-0.4285900077885543,False
D203,19,-0.42747013794052124,False
D203,20,-0.43362979084942826,False
D203,21,-0.4314308320078003,False
D203,22,-0.42798513114583414,False
D203,23,-0.4415479181827033,False
D203,24,-0.4694364731505714,False
D203,25,-0.4483293024351732,False
D203,26,-0.46628610884194854,False
D204,1,-0.43188335223104957,False
D204,2,-0.44016931684879884,False
D204,3,-0.5164042431470445,False
D204,4,-0.43016476161813755,False
D204,5,-0.4194917383065743,False
D204,6,-0.4738929634991384,False
D204,7,-0.4118939391440654,False
D204,8,-0.4099839467979489,False
D204,9,-0.403082700140175,False
D204,10,-0.5022717720327434,False
D204,11,-0.42123840019391756,False
D204,12,-0.422600110055904,False
D204,13,-0.47229981951450184,False
D204,14,-0.4063205527605242,False
D204,15,-0.42339012583304664,False
D204,16,-0.43100147948079587,False
D204,17,-0.4137609213114587,False
D204,18,-0.4203614378366078,False
D204,19,-0.5296008444160516,False
D204,20,-0.4076984675250502,False
D204,21,-0.4100937265726628,False
D204,22,-0.454534449967888,False
D204,23,-0.4303315552818479,False
D204,24,-0.40990995114240947,False
D204,25,-0.4442132528831926,False
D204,26,-0.43524649887596845,False
D205,1,-0.4412411414950859,False
D205,2,-0.41440592205400095,False
D205,3,-0.4365794395504922,False
D205,4,-0.41932290181344417,False
D205,5,-0.4844093891423071,False
D205,6,-0.46921811451694534,False
D205,7,-0.4276064449905039,False
D205,8,-0.42782057295047676,False
D205,9,-0.42542001756632397,False
D205,10,-0.4390105076019598,False
D205,11,-0.42437890986316235,False
D205,12,-0.4378438561386288,False
D205,13,-0.4267454836112866,False
D205,14,-0.4146072249256599,False
D205,15,-0.42194052944901084,False
D205,16,-0.43214019464634623,False
D205,17,-0.4418180625113448,False
D205,18,-0.42271827402904105,False
D205,19,-0.4422957863848667,False
D205,20,-0.44279826837856173,False
D205,21,-0.4196320238717592,False
D205,22,-0.4277998617945828,False
D205,23,-0.43412224431101354,False
D205,24,-0.43161283996504923,False
D205,25,-0.47716981123412755,False
D206,1,-0.40558857208594695,False
D206,2,-0.4173429586502787,False
D206,3,-0.4273362351986407,False
D206,4,-0.4141501740173161,False
D206,5,-0.41447424180327597,False
D206,6,-0.4446681063551979,False
D206,7,-0.4201781901820819,False
D206,8,-0.419973288024769,False
D206,9,-0.42859839386662957,False
D206,10,-0.45122303375205447,False
D206,11,-0.41784000902177304,False
D206,12,-0.41298375284479527,False
D206,13,-0.43364274150940635,False
D206,14,-0.43583767669720863,False
D206,15,-0.4330254080692582,False
D206,16,-0.4134053463866051,False
D206,17,-0.4255330001217008,False
D206,18,-0.4490856595766556,False
D206,19,-0.4678232355948763,False
D206,20,-0.4115064442953693,False
D206,21,-0.486808748985379,False
D206,22,-0.4375382184416462,False
D206,23,-0.44187611617695893,False
D206,24,-0.44200228801296276,False
D206,25,-0.44795729070550777,False
D206,26,-0.42282973002985214,False
D207,1,-0.45691048677503215,False
D207,2,-0.42808769317830075,False
D207,3,-0.537440257056302,True
D207,4,-0.4811956605116853,False
D207,5,-0.45191065689958654,False
D207,6,-0.45972096992397604,False
D207,7,-0.5188936776445178,False
D207,8,-0.4762331144933643,False
D207,9,-0.4852836552695278,False
D207,10,-0.505790672909964,False
D207,11,-0.4487639012503694,False
D207,12,-0.48057514861442563,False
D207,13,-0.4568041218709514,False
D207,14,-0.46199642743487584,False
D207,15,-0.4329812387781928,False
D207,16,-0.46373478005925267,False
D207,17,-0.4705009721306163,False
D207,18,-0.4845446344073202,False
D207,19,-0.4714144968292225,False
D207,20,-0.4995720324774833,False
D207,21,-0.48330342053140507,False
D207,22,-0.47216895966303,False
D207,23,-0.4821806739776002,False
D207,24,-0.4509539931871663,False
D207,25,-0.4984214077521011,False
D207,26,-0.47676730917002075,False
D208,1,-0.4693954536614698,False
D208,2,-0.48154884583493307,False
D208,3,-0.5164795701489989,False
D208,4,-0.4889641593540371,False
D208,5,-0.44223629117142527,False
D208,6,-0.5170867894266981,False
D208,7,-0.45711359047253636,False
D208,8,-0.46914220221909964,False
D208,9,-0.45488247622695926,False
D208,10,-0.4265172370703924,False
D208,11,-0.44606953173901626,False
D208,12,-0.49353720232000187,False
D208,13,-0.45599549165577963,False
D208,14,-0.4431213849347552,False
D208,15,-0.5168095838267287,False
D208,16,-0.4835174956795996,False
D208,17,-0.4457603792680089,False
D208,18,-0.4876792374338846,False
D208,19,-0.4759160131136921,False
D208,20,-0.47942438768442613,False
D208,21,-0.4629458104475105,False
D208,22,-0.4812109309985607,False
D208,23,-0.4668628928380362,False
D208,24,-0.4648696131652855,False
D208,25,-0.4634474544620849,False
D208,26,-0.5089541977274142,False
D209,1,-0.42336877673079365,False
D209,2,-0.4257447095845737,False
D209,3,-0.4140547390428384,False
D209,4,-0.4086077091361287,False
D209,5,-0.4251257835297253,False
D209,6,-0.4486444406947982,False
D209,7,-0.4209177815444558,False
D209,8,-0.4187935020523386,False
D209,9,-0.41612451771589587,False
D209,10,-0.44913450841130265,False
D209,11,-0.40146052136840255,False
D209,12,-0.4117324523085505,False
D209,13,-0.4380933728806579,False
D209,14,-0.41492410435355653,False
D209,15,-0.48734957217167013,False
D209,16,-0.4714731743281035,False
D209,17,-0.4317874533711376,False
D209,18,-0.4473583761074647,False
D209,19,-0.4565865889424942,False
D209,20,-0.43568831841029354,False
D209,21,-0.42170364417351386,False
D209,22,-0.4667715935804742,False
D209,23,-0.4098305500309518,False
D209,24,-0.4316355161262673,False
D209,25,-0.42189531240112227,False
D209,26,-0.4351231067443194,False
D210,1,-0.4514357979966956,False
D210,2,-0.4561158108151727,False
D210,3,-0.45106640455431896,False
D210,4,-0.48649565828381974,False
D210,5,-0.5200298612128089,False
D210,6,-0.4645345836135859,False
D210,7,-0.47104380499818477,False
D210,8,-0.44130371765083093,False
D210,9,-0.44593477424599137,False
D210,10,-0.4468125728379135,False
D210,11,-0.4673219548117053,False
D210,12,-0.47057264435889284,False
D210,13,-0.4476504754375538,False
D210,14,-0.4827823480806013,False
D210,15,-0.4717349619980575,False
D210,16,-0.4825786557397498,False
D210,17,-0.5005878182226235,False
D210,18,-0.4519309782360497,False
D210,19,-0.5073612398987014,False
D210,20,-0.5145012534433017,False
D210,21,-0.5051408312116681,False
D210,22,-0.47166822081138127,False
D210,23,-0.5302221943185963,False
D210,24,-0.501770232965847,False
D210,25,-0.4581467939866828,False
D210,26,-0.46199073771706667,False
D211,1,-0.4766623565679554,False
D211,2,-0.429441729513494,False
D211,3,-0.4847851875361273,False
D211,4,-0.43266248553151543,False
D211,5,-0.43544480424613674,False
D211,6,-0.42347195214227634,False
D211,7,-0.42202414422983425,False
D211,8,-0.42010729933808827,False
D211,9,-0.44533974041324154,False
D211,10,-0.40975717560820857,False
D211,11,-0.4648171465800366,False
D211,12,-0.3987883607504019,False
D211,13,-0.41289844557261185,False
D211,14,-0.44798623393441506,False
D211,15,-0.40348205510462637,False
D211,16,-0.4399394747733138,False
D211,17,-0.41560494783426655,False
D211,18,-0.4090146248828205,False
D211,19,-0.43049299282467324,False
D211,20,-0.4465170955551274,False
D211,21,-0.49812119159771573,False
D211,22,-0.43113174017943645,False
D211,23,-0.42052321770943224,False
D211,24,-0.4592029784976783,False
D211,25,-0.43305582177665475,False
D211,26,-0.4159997664522576,False
D212,1,-0.42635055664746624,False
D212,2,-0.4214012253009658,False
D212,3,-0.44833080250429647,False
D212,4,-0.4520842535602718,False
D212,5,-0.44923960430282467,False
D212,6,-0.48036702931462716,False
D212,7,-0.4618999884035204,False
D212,8,-0.4691764380856347,False
D212,9,-0.46060573126018445,False
D212,10,-0.43685633615789565,False
D212,11,-0.46500949878171244,False
D212,12,-0.4334416576532158,False
D212,13,-0.5060149247692193,False
D212,14,-0.43887882357154195,False
D212,15,-0.44412242455641016,False
D212,16,-0.47424273547033274,False
D212,17,-0.4760150374716269,False
D212,18,-0.4432488474139745,False
D212,19,-0.449512071874892,False
D212,20,-0.47815621902609134,False
D212,21,-0.4547059342289308,False
D212,22,-0.49650251956346214,False
D212,23,-0.46163088223002646,False
D212,24,-0.4555611765509073,False
D212,25,-0.4575389324412208,False
D212,26,-0.4678779330112235,False
D213,1,-0.49461664297516145,False
D213,2,-0.47734962136681136,False
D213,3,-0.47757661971053256,False
D213,4,-0.5081150823311514,False
D213,5,-0.5002734716144253,False
D213,6,-0.4740386877893294,False
D213,7,-0.49695305723073135,False
D213,8,-0.4871068744394551,False
D213,9,-0.4839554186295952,False
D213,10,-0.5206922408176617,False
D213,11,-0.5220083685473982,False
D213,12,-0.44994555182587553,False
D213,13,-0.46254069196179076,False
D213,14,-0.4919313666036906,False
D213,15,-0.4945500978338987,False
D213,16,-0.5308536926385807,False
D213,17,-0.49221589163276197,False
D213,18,-0.442043730826935,False
D213,19,-0.5057228365739961,False
D213,20,-0.5520333172342002,True
D213,21,-0.504864796448687,False
D213,22,-0.5057005059820477,False
D213,23,-0.4803634018716872,False
D213,24,-0.48846388672892227,False
D213,25,-0.5300529410885103,False
D213,26,-0.5164848863813277,False
D214,1,-0.4641269667520811,False
D214,2,-0.44440361890333585,False
D214,3,-0.465958310142543,False
D214,4,-0.473553426314287,False
D214,5,-0.44940866283011477,False
D214,6,-0.42937537196431796,False
D214,7,-0.45941829141603285,False
D214,8,-0.43757570348596125,False
D214,9,-0.4539879295518065,False
D214,10,-0.5098381768781076,False
D215,1,-0.419466585292638,False
D215,2,-0.41111406976688336,False
D215,3,-0.43301217483241355,False
D215,4,-0.48558221844838295,False
D215,5,-0.43826829011456203,False
D215,6,-0.4321217537218817,False
D215,7,-0.40196809313670745,False
D215,8,-0.42172746704984926,False
D215,9,-0.4321945297864141,False
D215,10,-0.5040103251446765,False
D215,11,-0.4327179502991178,False
D215,12,-0.4132851521511567,False
D215,13,-0.4147303601938006,False
D215,14,-0.40139678697487674,False
D215,15,-0.39717317870084845,False
D215,16,-0.42550289417095927,False
D215,17,-0.41705679059716894,False
D215,18,-0.4101626281901558,False
D215,19,-0.4077127488103355,False
D215,20,-0.4115321665591781,False
D215,21,-0.41368415116971236,False
D215,22,-0.43164344673630806,False
D215,23,-0.44969519189002516,False
D215,24,-0.40996349853599223,False
D215,25,-0.43887590605794746,False
D215,26,-0.4399196226104733,False
D216,1,-0.44269119910006877,False
D216,2,-0.4361958794838667,False
D216,3,-0.452997960921447,False
D216,4,-0.4658523114929709,False
D216,5,-0.43514616132878653,False
D216,6,-0.48831521012391094,False
D216,7,-0.4670448776170264,False
D216,8,-0.43078926601079987,False
D216,9,-0.44860284291673214,False
D216,10,-0.4729193430538181,False
D216,11,-0.4468422117799602,False
D216,12,-0.47102293026324404,False
D216,13,-0.44748545937825496,False
D216,14,-0.4414926374997326,False
D216,15,-0.46720175329379965,False
D216,16,-0.42175268095851054,False
D216,17,-0.42150376667368017,False
D216,18,-0.43934442952861885,False
D216,19,-0.4564694419874409,False
D216,20,-0.4562732709828436,False
D216,21,-0.41709357328767693,False
D216,22,-0.41268268366347666,False
D216,23,-0.4351497466329575,False
D216,24,-0.4576901255362673,False
D216,25,-0.457748486356815,False
D216,26,-0.4515237363134179,False
D217,1,-0.45844147748611086,False
D217,2,-0.40129608298338837,False
D217,3,-0.4876649423289403,False
D217,4,-0.41031277737289634,False
D217,5,-0.42068016585964924,False
D217,6,-0.42891124312501905,False
D217,7,-0.4605098074311548,False
D217,8,-0.42941053721021216,False
D217,9,-0.44533045631480345,False
D217,10,-0.4295588223342132,False
D217,11,-0.41424042528385924,False
D217,12,-0.4154096763531411,False
D217,13,-0.41838482606614424,False
D217,14,-0.43754846769975225,False
D217,15,-0.42511199793477955,False
D217,16,-0.4555918913702797,False
D217,17,-0.4067596810509146,False
D217,18,-0.4317485432496926,False
D217,19,-0.41285114406899376,False
D217,20,-0.4610215110275174,False
D217,21,-0.4062072461365012,False
D217,22,-0.4549887561976127,False
D217,23,-0.41715721489470886,False
D217,24,-0.4165050730094264,False
D217,25,-0.4119233950258114,False
D217,26,-0.4316282505956228,False
D218,1,-0.46733626839254794,False
D218,2,-0.488655953333919,False
D218,3,-0.4902500451099513,False
D218,4,-0.49596154155569716,False
D218,5,-0.4635364066886484,False
D218,6,-0.47530663328936196,False
D218,7,-0.5682554916323366,True
D218,8,-0.5011641181885433,False
D218,9,-0.46360717698257387,False
D218,10,-0.4677032935251291,False
D218,11,-0.5510393977493471,True
D218,12,-0.4704748059360783,False
D218,13,-0.49452665817359537,False
D218,14,-0.4468659589887041,False
D218,15,-0.45052308901252075,False
D218,16,-0.529237655386958,False
D218,17,-0.5313956568586022,False
D218,18,-0.4922815917807697,False
D218,19,-0.4527582981863503,False
D218,20,-0.4202478684504683,False
D218,21,-0.5627533273301617,True
D218,22,-0.4763524526188563,False
D218,23,-0.4823945470888915,False
D218,24,-0.44679971081740405,False
D218,25,-0.45301142579386233,False
D218,26,-0.5197725163571575,False
D219,1,-0.458616032117367,False
D219,2,-0.47092957066055163,False
D219,3,-0.45761500414352424,False
D219,4,-0.4452795534731216,False
D219,5,-0.44974165758953016,False
D219,6,-0.43776373391417717,False
D219,7,-0.46512480856461197,False
D219,8,-0.4680814632378313,False
D219,9,-0.5492247081897274,True
D219,10,-0.5403586210425813,True
D219,11,-0.5031701549280181,False
D219,12,-0.587774061441866,True
D219,13,-0.5940448451093283,True
D220,1,-0.4509978664150168,False
D220,2,-0.42740745248370304,False
D220,3,-0.43234517949161355,False
D220,4,-0.46273189685269694,False
D220,5,-0.4574794349562132,False
D220,6,-0.4976139886120047,False
D220,7,-0.4236937165169649,False
D220,8,-0.4266175340032911,False
D220,9,-0.4653965271667336,False
D220,10,-0.47959278276388884,False
D220,11,-0.45303844476831956,False
D220,12,-0.4384807808554278,False
D220,13,-0.4610797684343348,False
D220,14,-0.44512144047589003,False
D220,15,-0.4574000957513024,False
D220,16,-0.5212140330705384,False
D220,17,-0.4311242853715149,False
D220,18,-0.45386591895091366,False
D220,19,-0.43083121496912846,False
D220,20,-0.5106594498756157,False
D220,21,-0.4307200476550791,False
D220,22,-0.41689814767101474,False
D220,23,-0.4333562701389313,False
D220,24,-0.44280355819158906,False
D220,25,-0.48556341859214763,False
D220,26,-0.4801840626896858,False
D221,1,-0.4773916236673926,False
D221,2,-0.5060634002672624,False
D221,3,-0.5477563447850348,True
D221,4,-0.4888623443170035,False
D221,5,-0.5367477666454311,True
D221,6,-0.49559482149406736,False
D221,7,-0.44602096727225754,False
D221,8,-0.5040785380758085,False
D221,9,-0.4870017557368085,False
D221,10,-0.44565060585366484,False
D221,11,-0.4456083443594064,False
D221,12,-0.49128263333267014,False
D221,13,-0.4998820940520466,False
D221,14,-0.4755406348220422,False
D221,15,-0.49628184767588174,False
D221,16,-0.4942784455415767,False
D221,17,-0.4624960252332239,False
D221,18,-0.4924388527466892,False
D221,19,-0.46540245459476365,False
D221,20,-0.46579419321820953,False
D221,21,-0.4959038789060291,False
D221,22,-0.44237649609072016,False
D221,23,-0.5570844373521563,True
D221,24,-0.4704298171122362,False
D221,25,-0.46858685029432207,False
D221,26,-0.46111018403795173,False
D222,1,-0.42236324965128397,False
D222,2,-0.446220985984243,False
D222,3,-0.4790260278483534,False
D222,4,-0.42603519021006797,False
D222,5,-0.44854928961830304,False
D222,6,-0.4432481010203332,False
D222,7,-0.4421468775983436,False
D222,8,-0.473609717066686,False
D222,9,-0.41938026467493295,False
D222,10,-0.420325990695879,False
D222,11,-0.45489378688547977,False
D222,12,-0.5234863234312062,False
D222,13,-0.504676231200001,False
D222,14,-0.4627481338072767,False
D222,15,-0.5026109285821493,False
D222,16,-0.4659659708664445,False
D222,17,-0.4387462951399438,False
D222,18,-0.43586774416051416,False
D222,19,-0.4361344842803864,False
D222,20,-0.478372565515617,False
D222,21,-0.42701535852494643,False
D222,22,-0.44095669803364235,False
D222,23,-0.451073329542036,False
D222,24,-0.44539721759729883,False
D222,25,-0.4325845192685794,False
D222,26,-0.45284171423824315,False
D223,1,-0.518364148114603,False
D223,2,-0.47774825001986737,False
D223,3,-0.4374179120628891,False
D223,4,-0.4495756234700339,False
D223,5,-0.45225833028715323,False
D223,6,-0.4366285165379594,False
D223,7,-0.44331605644901045,False
D223,8,-0.43905666325811094,False
D223,9,-0.4587441109612016,False
D223,10,-0.4766442248558374,False
D223,11,-0.48997276126596767,False
D223,12,-0.44108388384155045,False
D223,13,-0.4610429190720232,False
D224,1,-0.48361869287528547,False
D224,2,-0.44835471654886955,False
D224,3,-0.4643713516247842,False
D224,4,-0.47625829467438824,False
D224,5,-0.4561543475512273,False
D224,6,-0.5078284922203272,False
D224,7,-0.4835876083530982,False
D224,8,-0.457851475666912,False
D224,9,-0.4564822213050673,False
D224,10,-0.45149947232807325,False
D224,11,-0.45959249608135805,False
D224,12,-0.45175495618242684,False
D224,13,-0.521053172284984,False
D224,14,-0.4817977637535883,False
D224,15,-0.4819273238752059,False
D224,16,-0.4943023680653464,False
D224,17,-0.46526617962763506,False
D224,18,-0.4464166514842454,False
D224,19,-0.4544075357675979,False
D224,20,-0.46891122412181047,False
D224,21,-0.44691819926529164,False
D224,22,-0.47425648962053896,False
D224,23,-0.4669895926839119,False
D224,24,-0.4615155859746033,False
D224,25,-0.4765168465492284,False
D224,26,-0.44539056200159466,False
D225,1,-0.4485155243814162,False
D225,2,-0.46267532452074145,False
D225,3,-0.46619581018495504,False
D225,4,-0.41615781764883886,False
D225,5,-0.4339019601425129,False
D225,6,-0.4369492765948407,False
D225,7,-0.4836649287764507,False
D225,8,-0.4239743960043075,False
D225,9,-0.4898053018983815,False
D225,10,-0.43544962995465475,False
D225,11,-0.46609739999609046,False
D225,12,-0.4638697216057943,False
D225,13,-0.4479036457970757,False
D225,14,-0.4967953494225557,False
D225,15,-0.4275803224312443,False
D225,16,-0.47539492514743426,False
D225,17,-0.4621722101770405,False
D225,18,-0.49045438880562986,False
D225,19,-0.4635143751117467,False
D225,20,-0.49546813765462966,False
D225,21,-0.4376254145979518,False
D225,22,-0.4993984638993749,False
D225,23,-0.46414471514932265,False
D225,24,-0.45189329712878856,False
D225,25,-0.4695026805697704,False
D225,26,-0.4520763856891667,False
D226,1,-0.46950965549158424,False
D226,2,-0.49866749090729745,False
D226,3,-0.4785235245116701,False
D226,4,-0.4811089352702499,False
D226,5,-0.4805024710454616,False
D226,6,-0.4572528224385627,False
D226,7,-0.4931846354965453,False
D226,8,-0.4963711166170714,False
D226,9,-0.4802023040579696,False
D226,10,-0.4663690022292334,False
D226,11,-0.5023228601356223,False
D226,12,-0.4620605745231265,False
D226,13,-0.5024769021047418,False
D226,14,-0.5112657330723548,False
D226,15,-0.4823442258697933,False
D226,16,-0.5091681228477296,False
D226,17,-0.5010676411146286,False
D226,18,-0.48659691758387835,False
D226,19,-0.5351705188765273,True
D226,20,-0.5132977392702067,False
D226,21,-0.47525673261880247,False
D226,22,-0.4983254044378395,False
D226,23,-0.48807468005570936,False
D226,24,-0.5162413585258329,False
D226,25,-0.4904077594396998,False
D226,26,-0.49591431804137215,False
D227,1,-0.4342341146305764,False
D227,2,-0.44248490660681267,False
D227,3,-0.41963527078616497,False
D227,4,-0.4097251217267404,False
D227,5,-0.4549981999394242,False
D227,6,-0.4269836563388921,False
D227,7,-0.4320841195536633,False
D227,8,-0.4325509571093131,False
D227,9,-0.4258846770815263,False
D227,10,-0.4522059731599572,False
D227,11,-0.42284280661425205,False
D227,12,-0.44916268052606273,False
D227,13,-0.41959284119126006,False
D227,14,-0.42449514133347077,False
D227,15,-0.4320723038893164,False
D227,16,-0.4334784552977931,False
D227,17,-0.46238706666403545,False
D227,18,-0.42209367907506556,False
D227,19,-0.4193074381178193,False
D227,20,-0.42900161665136227,False
D227,21,-0.42543193467405394,False
D227,22,-0.45516255547370554,False
D227,23,-0.42152493863203067,False
D227,24,-0.4197112229772921,False
D227,25,-0.4253469504149061,False
D227,26,-0.4341612514169721,False
D228,1,-0.4154567884199076,False
D228,2,-0.39964995458563046,False
D228,3,-0.41777146806258997,False
D228,4,-0.4064543904312082,False
D228,5,-0.4066066257879734,False
D228,6,-0.4248322263194322,False
D228,7,-0.40372183562879105,False
D228,8,-0.3974294759667726,False
D228,9,-0.3982835651302798,False
D228,10,-0.4329207672665691,False
D228,11,-0.41142726630454235,False
D228,12,-0.41049626967336506,False
D228,13,-0.4215264285084767,False
D228,14,-0.40511158751262644,False
D228,15,-0.3937388566302391,False
D228,16,-0.4226918845099328,False
D228,17,-0.4037566883856074,False
D228,18,-0.3971049547073665,False
D228,19,-0.4005302901832518,False
D228,20,-0.40163477920821894,False
D228,21,-0.4035872566957449,False
D228,22,-0.4175747845186458,False
D228,23,-0.44803725936320393,False
D228,24,-0.4021781229786049,False
D228,25,-0.4047966745337282,False
D228,26,-0.4064707400267759,False
D229,1,-0.4991119885554803,False
D229,2,-0.4496431650395565,False
D229,3,-0.46990902459594164,False
D229,4,-0.46907763116092777,False
D229,5,-0.45453749497325807,False
D229,6,-0.4480100892821647,False
D229,7,-0.47189678872234897,False
D229,8,-0.4751922250278842,False
D229,9,-0.5121320703188996,False
D229,10,-0.43057146404651775,False
D229,11,-0.5108241053685347,False
D229,12,-0.4388167649055002,False
D229,13,-0.4600627111064019,False
D229,14,-0.45290436534372913,False
D229,15,-0.4539914675025044,False
D229,16,-0.45239563414344547,False
D229,17,-0.4449311114254092,False
D229,18,-0.43851228774311063,False
D229,19,-0.4246811657951011,False
D229,20,-0.44553908049662355,False
D229,21,-0.4326110724321393,False
D229,22,-0.46862850250738236,False
D229,23,-0.5131671250899018,False
D229,24,-0.44349416320802404,False
D229,25,-0.4511331461712739,False
D229,26,-0.4525421769172175,False
D230,1,-0.4145381957105912,False
D230,2,-0.5169930495430662,False
D230,3,-0.4786727475047001,False
D230,4,-0.4255861349745431,False
D230,5,-0.4310914120564777,False
D230,6,-0.4687106796287879,False
D230,7,-0.46452437124253854,False
D230,8,-0.4834682861716705,False
D230,9,-0.4325178747905391,False
D230,10,-0.4051751440865543,False
D230,11,-0.4273872584958894,False
D230,12,-0.432571924151582,False
D230,13,-0.41081658447612324,False
D230,14,-0.42570287658562045,False
D230,15,-0.4099339566975348,False
D230,16,-0.4244469163506586,False
D230,17,-0.40740518203947074,False
D230,18,-0.42196365149845044,False
D230,19,-0.4044924759221651,False
D230,20,-0.4221226999959925,False
D230,21,-0.4134095060621694,False
D230,22,-0.40032037077027904,False
D230,23,-0.4388406933491256,False
D230,24,-0.44256144133340636,False
D230,25,-0.4343277434922097,False
D230,26,-0.4193344265680569,False
D231,1,-0.4826505146994868,False
D231,2,-0.41482174489562595,False
D231,3,-0.43038293500053226,False
D231,4,-0.4587015233799737,False
D231,5,-0.4809191504482194,False
D231,6,-0.4513109883468264,False
D231,7,-0.4334122296034499,False
D231,8,-0.4161366051281061,False
D231,9,-0.5445449106304108,True
D231,10,-0.4757107912426107,False
D231,11,-0.4529834375567014,False
D231,12,-0.4356157762435121,False
D231,13,-0.49149974919294775,False
D231,14,-0.4232226847096951,False
D231,15,-0.48408053210738655,False
D231,16,-0.44414945238885895,False
D231,17,-0.4219172901737643,False
D231,18,-0.43296145051216733,False
D231,19,-0.4356378587707376,False
D231,20,-0.4307487589594409,False
D231,21,-0.4579646521665257,False
D231,22,-0.4150711319639282,False
D231,23,-0.4460635112937849,False
D231,24,-0.445759042731849,False
D231,25,-0.43062812843671777,False
D231,26,-0.4378925810236526,False
D232,1,-0.47554567996157576,False
D232,2,-0.47670878252403365,False
D232,3,-0.4559176068820603,False
D232,4,-0.4879102165557706,False
D232,5,-0.44076564348887987,False
D232,6,-0.4238402966602823,False
D232,7,-0.4301453686735964,False
D232,8,-0.4383277657590607,False
D232,9,-0.4940239252761286,False
D232,10,-0.46517393871094526,False
D232,11,-0.4867323393315721,False
D232,12,-0.4389181499544436,False
D232,13,-0.4421714717947209,False
D232,14,-0.48810882514809395,False
D232,15,-0.43931489164720855,False
D232,16,-0.4756518764296399,False
D232,17,-0.4923561041962358,False
D232,18,-0.47295011007355103,False
D232,19,-0.4492418125603174,False
D232,20,-0.47959577217779803,False
D232,21,-0.43451554337943876,False
D232,22,-0.4735504499992094,False
D232,23,-0.42731882252319625,False
D232,24,-0.5256284617066818,False
D232,25,-0.48494333863139966,False
D232,26,-0.4744108834779467,False
D233,1,-0.4495539400426211,False
D233,2,-0.46970334404210623,False
D233,3,-0.44021539218805283,False
D233,4,-0.4891487876979564,False
D233,5,-0.4200223028184916,False
D233,6,-0.43391501577007585,False
D233,7,-0.41785427725272684,False
D233,8,-0.4430483964916881,False
D233,9,-0.42522864142709943,False
D233,10,-0.4221031743987194,False
D233,11,-0.4752070514678321,False
D233,12,-0.42818756236577665,False
D233,13,-0.44063299744185874,False
D233,14,-0.4238148239561155,False
D233,15,-0.4557476730057811,False
D233,16,-0.4517559000992378,False
D233,17,-0.4414729367046265,False
D233,18,-0.4448579736194481,False
D233,19,-0.4373921211061016,False
D233,20,-0.44916606757771593,False
D233,21,-0.4627471478268999,False
D233,22,-0.41683335065789645,False
D233,23,-0.42715270688678203,False
D233,24,-0.45753068299826744,False
D233,25,-0.4511845780853847,False
D233,26,-0.45119687462701313,False
D234,1,-0.4660501942477494,False
D234,2,-0.44738477106630026,False
D234,3,-0.4764521053346978,False
D234,4,-0.40985046789999,False
D234,5,-0.42548480765928964,False
D234,6,-0.4161405423707364,False
D234,7,-0.41915398295405437,False
D234,8,-0.42043576805649113,False
D234,9,-0.5158025415257943,False
D234,10,-0.45117139968288666,False
D234,11,-0.4480771420910265,False
D234,12,-0.44051079160904644,False
D234,13,-0.4497336043457588,False
D234,14,-0.46019523312040955,False
D234,15,-0.4321136596313087,False
D234,16,-0.4383953585747759,False
D234,17,-0.424261791516027,False
D234,18,-0.5038282895807045,False
D234,19,-0.4442155688236502,False
D234,20,-0.4535634646627169,False
D234,21,-0.48498213835620596,False
D234,22,-0.43005421450252146,False
D234,23,-0.4234540455905633,False
D234,24,-0.43407723193063075,False
D234,25,-0.44758375095868613,False
D234,26,-0.4545224776928727,False
D235,1,-0.44902600096911904,False
D235,2,-0.4954254451610465,False
D235,3,-0.48762262048294663,False
D235,4,-0.49595306969157404,False
D235,5,-0.46304615256465553,False
D235,6,-0.5246921739975162,False
D235,7,-0.4545546224136862,False
D235,8,-0.5693518117397769,True
D235,9,-0.5824354822498139,True
D235,10,-0.47668565369712435,False
D235,11,-0.48377430434977453,False
D235,12,-0.4929602496880093,False
D235,13,-0.4856093467703165,False
D235,14,-0.47346445538576837,False
D235,15,-0.44512350910142656,False
D235,16,-0.4635140511760596,False
D235,17,-0.4867110590177871,False
D235,18,-0.5069009850126456,False
D235,19,-0.4627530134141029,False
D235,20,-0.4820470575443938,False
D235,21,-0.4481294244139541,False
D235,22,-0.4637433111970858,False
D235,23,-0.48520254906324567,False
D235,24,-0.4785933343611621,False
D235,25,-0.4765607916912834,False
D235,26,-0.4981130463966107,False
D236,1,-0.43588831932202804,False
D236,2,-0.4726003569027726,False
D236,3,-0.4805285437008771,False
D236,4,-0.639122867426955,True
D236,5,-0.4791641143664041,False
D236,6,-0.6084421116619085,True
D236,7,-0.4639833342204662,False
D236,8,-0.45389347327953794,False
D236,9,-0.48522228788916966,False
D236,10,-0.4478009828983259,False
D236,11,-0.47118656405868165,False
D236,12,-0.539203622725336,True
D236,13,-0.4350663847900407,False
D236,14,-0.47638748716655016,False
D236,15,-0.41404579574013495,False
D236,16,-0.43914624725820484,False
D236,17,-0.5956702385623087,True
D236,18,-0.49324522420286593,False
D236,19,-0.4623358280722062,False
D236,20,-0.43197567672925535,False
D236,21,-0.5421418980480517,True
D236,22,-0.5034342857812175,False
D236,23,-0.5322638869460355,False
D236,24,-0.4578032662533075,False
D236,25,-0.4657117801386986,False
D236,26,-0.5183798779379154,False
D237,1,-0.43319955539633287,False
D237,2,-0.4132881638727923,False
D237,3,-0.4285165441000811,False
D237,4,-0.4402932140139825,False
D237,5,-0.3929417703485057,False
D237,6,-0.40909094406774904,False
D237,7,-0.4131279102106,False
D237,8,-0.41507178326439165,False
D237,9,-0.4273721260127236,False
D237,10,-0.43497214578273957,False
D237,11,-0.5283609697625582,False
D237,12,-0.41162695557544127,False
D237,13,-0.4290279398303109,False
D237,14,-0.4229621489736799,False
D237,15,-0.424163002288356,False
D237,16,-0.42537292171549,False
D237,17,-0.4073862922139012,False
D237,18,-0.4778438430937495,False
D237,19,-0.4024073218479259,False
D237,20,-0.39617893095470286,False
D237,21,-0.4196641876650648,False
D237,22,-0.4042028731178311,False
D237,23,-0.43879193102545155,False
D237,24,-0.4508684332888592,False
D237,25,-0.42501427615161563,False
D237,26,-0.4407822051952074,False
D238,1,-0.46632080824346817,False
D238,2,-0.39438591442107557,False
D238,3,-0.44795679397387,False
D238,4,-0.4168438256790403,False
D238,5,-0.4337477742481557,False
D238,6,-0.41777785870329603,False
D238,7,-0.42116577991816184,False
D238,8,-0.43827267675822257,False
D238,9,-0.40973683988613047,False
D238,10,-0.4213827445385942,False
D238,11,-0.44016366129131645,False
D238,12,-0.42299944417086494,False
D238,13,-0.41803038827567607,False
D238,14,-0.44232164140511304,False
D238,15,-0.431508106166233,False
D238,16,-0.43119027485883354,False
D238,17,-0.42027661073935535,False
D238,18,-0.43226061904268165,False
D238,19,-0.4106179900663313,False
D238,20,-0.4378557024608378,False
D238,21,-0.417464416723103,False
D238,22,-0.4313197477484802,False
D238,23,-0.4318396999100894,False
D238,24,-0.4190580035818717,False
D238,25,-0.40712814312689477,False
D238,26,-0.4195468683442667,False
D239,1,-0.45536732942579594,False
D239,2,-0.46390981642649287,False
D239,3,-0.4425732827806771,False
D239,4,-0.4525963579959659,False
D239,5,-0.4496650269581713,False
D239,6,-0.4921964156387732,False
D239,7,-0.4438774982133346,False
D239,8,-0.4737576344158177,False
D239,9,-0.5061345062469784,False
D239,10,-0.4548802733345517,False
D239,11,-0.46677600788027357,False
D239,12,-0.4339695384763936,False
D239,13,-0.47885649290691285,False
D239,14,-0.44123535953635645,False
D239,15,-0.5061992760224404,False
D239,16,-0.4773571517871045,False
D239,17,-0.4925273719187647,False
D239,18,-0.5111702101000634,False
D239,19,-0.508765980354582,False
D239,20,-0.5077439455613822,False
D239,21,-0.5120870514064082,False
D239,22,-0.5382512757352128,True
D239,23,-0.6393778995614435,True
D240,1,-0.4822097644217942,False
D240,2,-0.46750350373232785,False
D240,3,-0.45173931504506193,False
D240,4,-0.49465960416213023,False
D240,5,-0.47676581301821885,False
D240,6,-0.47835702707197364,False
D240,7,-0.4614446153420306,False
D240,8,-0.5004919568399656,False
D240,9,-0.46556290025386354,False
D240,10,-0.46980186087486575,False
D240,11,-0.4793791255797192,False
D240,12,-0.4928675468482415,False
D240,13,-0.4467183142150135,False
D240,14,-0.4660900983806879,False
D240,15,-0.45347318319666036,False
D240,16,-0.4801509068291116,False
D240,17,-0.5066812501906128,False
D240,18,-0.5016335949091032,False
D240,19,-0.5241465389298894,False
D240,20,-0.4789272483501063,False
D240,21,-0.4590041209540849,False
D240,22,-0.4710209540739402,False
D240,23,-0.4744357558601645,False
D240,24,-0.47038533440672975,False
D240,25,-0.47854583631076303,False
D240,26,-0.4695123992859392,False
D241,1,-0.4218821890069838,False
D241,2,-0.43904662451620213,False
D241,3,-0.41846278498051465,False
D241,4,-0.4213223867365046,False
D241,5,-0.41968550116916364,False
D241,6,-0.47616475315727874,False
D241,7,-0.4425760240874775,False
D241,8,-0.41504721612010564,False
D241,9,-0.4336283463247813,False
D241,10,-0.42908992126382506,False
D241,11,-0.47558877505451996,False
D241,12,-0.4408340833654086,False
D241,13,-0.4315954529763822,False
D241,14,-0.448208789311171,False
D241,15,-0.45440439321505316,False
D241,16,-0.46461059083856204,False
D241,17,-0.4090228101744614,False
D241,18,-0.44003543518265037,False
D241,19,-0.480677127264655,False
D241,20,-0.4294449767218847,False
D241,21,-0.4456117579603544,False
D241,22,-0.48676475084029225,False
D241,23,-0.41421184190827304,False
D241,24,-0.444916857468724,False
D241,25,-0.45695801815232157,False
D241,26,-0.429862873867216,False
D242,1,-0.40252905782120685,False
D242,2,-0.42727169393485553,False
D242,3,-0.40696495032112606,False
D242,4,-0.4071050023491072,False
D242,5,-0.4049664323241834,False
D242,6,-0.42640738677135775,False
D242,7,-0.40903110320530695,False
D242,8,-0.40008191257103476,False
D242,9,-0.45096638011831935,False
D242,10,-0.401774525595373,False
D242,11,-0.43303691852404924,False
D242,12,-0.43966216541108616,False
D242,13,-0.4179166007291368,False
D242,14,-0.41882835465979407,False
D242,15,-0.4422308392683477,False
D242,16,-0.4689211773484826,False
D242,17,-0.4069030171576316,False
D242,18,-0.3985428280033685,False
D242,19,-0.39734032805977404,False
D242,20,-0.40218571255848873,False
D242,21,-0.4079105780374416,False
D242,22,-0.40844570157786825,False
D242,23,-0.4963943549272397,False
D242,24,-0.4132979071603791,False
D242,25,-0.42071734811422284,False
D242,26,-0.40850354383011617,False
D243,1,-0.42411820804614464,False
D243,2,-0.4232194042114678,False
D243,3,-0.42109470868308546,False
D243,4,-0.4090064988880315,False
D243,5,-0.4032583658560159,False
D243,6,-0.40394254435512567,False
D243,7,-0.40443105828926756,False
D243,8,-0.44416974940458265,False
D243,9,-0.3908305544729635,False
D243,10,-0.39246321428706327,False
D243,11,-0.5081265495120867,False
D243,12,-0.4035992761943729,False
D243,13,-0.39968113900872476,False
D243,14,-0.4377488167409056,False
D243,15,-0.3995965984912092,False
D243,16,-0.4247063389062505,False
D243,17,-0.4092274390356005,False
D243,18,-0.4710845690093323,False
D243,19,-0.3997404455606875,False
D243,20,-0.4181813542617481,False
D243,21,-0.43934533432937206,False
D243,22,-0.4080699136518524,False
D243,23,-0.4423632374583971,False
D243,24,-0.43388816040805245,False
D243,25,-0.41931171203993345,False
D243,26,-0.440249198670066,False
D244,1,-0.4138957095731384,False
D244,2,-0.42514383204752787,False
D244,3,-0.42964947048153046,False
D244,4,-0.4124855056689768,False
D244,5,-0.42781783224657743,False
D244,6,-0.5031439180043034,False
D244,7,-0.39455734679767746,False
D244,8,-0.4553631425574368,False
D244,9,-0.4278434706304605,False
D244,10,-0.44835255867698376,False
D244,11,-0.426439754035731,False
D244,12,-0.4421975914040549,False
D244,13,-0.4070865313638015,False
D244,14,-0.42677484467936166,False
D244,15,-0.44516469278783377,False
D244,16,-0.49335640487661936,False
D244,17,-0.4376901665936782,False
D244,18,-0.44584446981506476,False
D244,19,-0.45257765915123965,False
D244,20,-0.42002507768588465,False
D244,21,-0.4140000178098485,False
D244,22,-0.436094869429057,False
D244,23,-0.45584927468717873,False
D244,24,-0.4113682285666404,False
D244,25,-0.49735515649453527,False
D244,26,-0.40064228692439136,False
D245,1,-0.4216756628943015,False
D245,2,-0.4196960815243972,False
D245,3,-0.4358967580138365,False
D245,4,-0.48474687695220303,False
D245,5,-0.43844203848650326,False
D245,6,-0.47832991181460033,False
D245,7,-0.44843896232726616,False
D245,8,-0.42591114885242015,False
D245,9,-0.47740197672773405,False
D245,10,-0.46564312060788027,False
D245,11,-0.47582819379080477,False
D245,12,-0.4282312042208262,False
D245,13,-0.4684235201765248,False
D245,14,-0.42144943577535365,False
D245,15,-0.41787614202210804,False
D245,16,-0.4524506355146856,False
D245,17,-0.44592511668357354,False
D245,18,-0.47624834616847594,False
D245,19,-0.4231437649070216,False
D245,20,-0.42141192496431923,False
D245,21,-0.4900940366106236,False
D245,22,-0.42727091143234874,False
D245,23,-0.4302577979513936,False
D245,24,-0.427346975239687,False
D245,25,-0.4313840464626932,False
D245,26,-0.42112123762244263,False
D246,1,-0.4459496167020427,False
D246,2,-0.4374208485685725,False
D246,3,-0.49927966363515464,False
D246,4,-0.46571290759418266,False
D246,5,-0.43824878609543777,False
D246,6,-0.4826377027673715,False
D246,7,-0.5207149218131174,False
D246,8,-0.517646324941513,False
D246,9,-0.47586847899332535,False
D246,10,-0.472972442580042,False
D246,11,-0.47539774943255264,False
D246,12,-0.49973431555704817,False
D246,13,-0.5131152402507625,False
D246,14,-0.4808915595593729,False
D246,15,-0.4507655152151767,False
D246,16,-0.4438659790897111,False
D246,17,-0.46277316494039805,False
D246,18,-0.42845237776972583,False
D246,19,-0.47729661413034935,False
D246,20,-0.4962563738932746,False
D246,21,-0.4643944088824913,False
D246,22,-0.48410237493086605,False
D246,23,-0.4926479832320193,False
D246,24,-0.5113615416646744,False
D246,25,-0.5772035869535125,True
D246,26,-0.5344776813776586,True
D247,1,-0.4520229104729865,False
D247,2,-0.45785151078102126,False
D247,3,-0.4347688409772336,False
D247,4,-0.4409624317982977,False
D247,5,-0.4285179945473581,False
D247,6,-0.41775370048600796,False
D247,7,-0.39567403086944003,False
D247,8,-0.4241618412636959,False
D247,9,-0.4379088947223825,False
D247,10,-0.4633483089405512,False
D247,11,-0.41846301449160445,False
D247,12,-0.4241726551550017,False
D247,13,-0.4209963951022073,False
D247,14,-0.4369980249374383,False
D247,15,-0.4389009902723988,False
D247,16,-0.4791527335985964,False
D247,17,-0.4178458411398572,False
D247,18,-0.4377115963967878,False
D247,19,-0.4168636500800851,False
D247,20,-0.4813197266888324,False
D247,21,-0.4534250049117624,False
D247,22,-0.4179511166730652,False
D247,23,-0.44542034169513783,False
D247,24,-0.417904031074429,False
D247,25,-0.42837489182101,False
D247,26,-0.4410690492085971,False
D248,1,-0.41133192154730747,False
D248,2,-0.4348397955070277,False
D248,3,-0.4213825468426086,False
D248,4,-0.41875324269218783,False
D248,5,-0.4432107193601296,False
D248,6,-0.4101356385543394,False
D248,7,-0.4167373783035689,False
D248,8,-0.4245623543691543,False
D248,9,-0.4512864234293211,False
D248,10,-0.47207870651498457,False
D248,11,-0.4580060581942867,False
D249,1,-0.5015707464452199,False
D249,2,-0.5255087008712127,False
D249,3,-0.44568887911041244,False
D249,4,-0.4742985193838481,False
D249,6,-0.5103891124567858,False
D249,7,-0.47355379003135906,False
D249,8,-0.5090763261616899,False
D249,9,-0.4705307274083807,False
D249,10,-0.5475780868958037,True
D249,11,-0.5877131885735071,True
D249,12,-0.5759471897065418,True
D249,13,-0.6470816825072657,True
D249,14,-0.6747799266942751,True
D250,1,-0.44755780151824043,False
D250,2,-0.4908472705974,False
D250,3,-0.44363037016026535,False
D250,4,-0.43995363966005796,False
D250,5,-0.46284800535154913,False
D250,6,-0.46188283588079726,False
D250,7,-0.45012076175690346,False
D250,8,-0.5017366706222398,False
D250,9,-0.43798589659821474,False
D250,10,-0.44932829455865975,False
D250,11,-0.4758636433581608,False
D250,12,-0.4340984948519185,False
D250,13,-0.47863204455824915,False
D250,14,-0.4336463843052971,False
D250,15,-0.4491487891605956,False
D250,16,-0.4529866635233343,False
D250,17,-0.4552807030737306,False
D250,18,-0.47350831058640114,False
D251,1,-0.45701407320650944,False
D251,2,-0.4596632187978663,False
D251,3,-0.43769729843515254,False
D251,4,-0.46376047979481594,False
D251,5,-0.4490499652476249,False
D251,6,-0.43980711728055527,False
D251,7,-0.4801781609368012,False
D251,8,-0.4795339741295636,False
D251,9,-0.46781725627427223,False
D251,10,-0.47833039039858605,False
D251,11,-0.4812380453143715,False
D251,12,-0.44637421652057957,False
D251,13,-0.4955095601180847,False
D251,14,-0.45863590539831856,False
D251,15,-0.4499187587443139,False
D251,16,-0.5174314328514167,False
D251,17,-0.45393339922800147,False
D251,18,-0.43917516900741427,False
D251,19,-0.43399788472837897,False
D251,20,-0.4968257715424384,False
D252,1,-0.5379519301229453,True
D252,2,-0.516059724803712,False
D252,3,-0.51354053229262,False
D252,4,-0.5128561235535983,False
D252,5,-0.519702510069751,False
D252,6,-0.5021518567055041,False
D252,7,-0.502998693036935,False
D252,8,-0.5095261973775509,False
D252,9,-0.5540009728351999,True
D252,10,-0.4770772671795544,False
D252,11,-0.5827998703023785,True
D252,12,-0.49399465476067317,False
D252,13,-0.53003349371141,False
D252,14,-0.5245634798880443,False
D252,15,-0.49338972323305635,False
D252,16,-0.47527171731544277,False
D252,17,-0.5040173805321754,False
D252,18,-0.5178109799935886,False
D252,19,-0.6004964890031185,True
D252,20,-0.5480865605395107,True
D252,21,-0.570702634504875,True
D252,22,-0.6044244670016128,True
D252,23,-0.679719306300882,True
D252,24,-0.6767176020290409,True
D252,25,-0.6158071118770833,True
D253,1,-0.40462894549057127,False
D253,2,-0.4103706420855425,False
D253,3,-0.4586204329572305,False
D253,4,-0.4206458322588544,False
D253,5,-0.4368523071447964,False
D253,6,-0.4403277657712394,False
D253,7,-0.4619095897577452,False
D253,8,-0.41622895418819167,False
D253,9,-0.5158592974474858,False
D253,10,-0.4777709817068223,False
D253,11,-0.4002433262242025,False
D253,12,-0.4459401946170665,False
D253,13,-0.4507973999667356,False
D253,14,-0.4201163368745452,False
D253,15,-0.44321528533694365,False
D253,16,-0.4035381150491967,False
D253,17,-0.4286310145732789,False
D253,18,-0.45618502204926425,False
D253,19,-0.42580327611790575,False
D253,20,-0.4190734985372241,False
D253,21,-0.4253272042153883,False
D253,22,-0.42784935987324213,False
D253,23,-0.4553941966924754,False
D253,24,-0.4229129591641285,False
D253,25,-0.4314940523874502,False
D253,26,-0.42462037065980496,False
D254,1,-0.42944640269685624,False
D254,2,-0.4337771593873125,False
D254,3,-0.4856332248680593,False
D254,4,-0.4179015608353671,False
D254,5,-0.42693854910348483,False
D254,6,-0.435108824838075,False
D254,7,-0.42876189654995295,False
D254,8,-0.4155880276896803,False
D254,9,-0.44024487155586656,False
D254,10,-0.424085288488728,False
D254,11,-0.4310915136448858,False
D254,12,-0.4635885859361116,False
D254,13,-0.4403499576916028,False
D254,14,-0.43540808456652524,False
D254,15,-0.4242932675238374,False
D254,16,-0.4739737625590407,False
D254,17,-0.4518194847515771,False
D254,18,-0.4187463451577228,False
D254,19,-0.43118632645140015,False
D254,20,-0.42640186159922555,False
D254,21,-0.42228856366314044,False
D254,22,-0.45404276401409244,False
D254,23,-0.4197476776353004,False
D254,24,-0.4358995767533168,False
D254,25,-0.4564431437657792,False
D254,26,-0.440129840982992,False
D255,1,-0.4340680476746414,False
D255,2,-0.4341397633806659,False
D255,3,-0.4999077825108321,False
D255,4,-0.4396053947508741,False
D255,5,-0.42922922140349473,False
D255,6,-0.46801244455836805,False
D255,7,-0.470267216414759,False
D255,8,-0.44349012852026365,False
D255,9,-0.4595966201985983,False
D255,10,-0.4402742433852989,False
D255,11,-0.45131521799190055,False
D255,12,-0.5127726595047585,False
D255,13,-0.43214721248757093,False
D255,14,-0.4791979179065499,False
D255,15,-0.5011136227749338,False
D255,16,-0.46221824053042926,False
D255,17,-0.49476761738472497,False
D255,18,-0.415071633508258,False
D255,19,-0.44934992690709485,False
D255,20,-0.4489964606516295,False
D255,21,-0.4748640207424064,False
D255,22,-0.4635412230174812,False
D255,23,-0.4656226944806873,False
D255,24,-0.4678303887658885,False
D255,25,-0.451942453104481,False
D255,26,-0.44109759078701277,False
D256,1,-0.44335301909682007,False
D256,2,-0.42374266034467534,False
D256,3,-0.5001022973150994,False
D256,4,-0.4552349149556303,False
D256,5,-0.47933060810694905,False
D256,6,-0.45561885388513623,False
D256,7,-0.4363684808675858,False
D256,8,-0.4513554104174609,False
D256,9,-0.4378175123892124,False
D256,10,-0.43891280474175715,False
D256,11,-0.4719529140797015,False
D256,12,-0.41501572276463444,False
D256,13,-0.44188277871349163,False
D256,14,-0.46015887384859805,False
D256,15,-0.4943473059047806,False
D256,16,-0.43062251239032795,False
D256,17,-0.42739002730846604,False
D256,18,-0.513582994743086,False
D256,19,-0.42960431162560087,False
D256,20,-0.4345702482007568,False
D256,21,-0.4518609808909301,False
D256,22,-0.4068936651406735,False
D256,23,-0.41776449722495834,False
D256,24,-0.43717100476131837,False
D256,25,-0.4433517377429216,False
D256,26,-0.42049554741738604,False
D257,1,-0.428414845104997,False
D257,2,-0.4269270134174149,False
D257,3,-0.4530173197108349,False
D257,4,-0.4303296791842408,False
D257,5,-0.42946020405256846,False
D257,6,-0.4267311237761443,False
D257,7,-0.40781324414603987,False
D257,8,-0.4313064187885346,False
D257,9,-0.4506328155257498,False
D257,10,-0.42231372685725305,False
D257,11,-0.43559446984495304,False
D257,12,-0.4402486256385746,False
D257,13,-0.4476323751659712,False
D257,14,-0.445048972807271,False
D257,15,-0.4213323359775886,False
D257,16,-0.4457948290832821,False
D257,17,-0.43640889605092237,False
D257,18,-0.4163652713027355,False
D257,19,-0.41827823271205433,False
D257,20,-0.44419373873120693,False
D257,21,-0.4709763764143701,False
D257,22,-0.4222606982167234,False
D257,23,-0.4312696461924646,False
D257,24,-0.43418701449589053,False
D257,25,-0.44784411253887124,False
D257,26,-0.4442626507349395,False
D258,1,-0.482533180505158,False
D258,2,-0.4653903700107644,False
D258,3,-0.4953712246624838,False
D258,4,-0.4850745230545198,False
D258,5,-0.4996837063003612,False
D258,6,-0.502368424837901,False
D258,7,-0.46191957702759057,False
D258,8,-0.5033257959989637,False
D258,9,-0.4974887436689659,False
D258,10,-0.46062871971975006,False
D258,11,-0.47910008942094795,False
D258,12,-0.48963184257455117,False
D258,13,-0.5706542401929314,True
D258,14,-0.4944559275495063,False
D258,15,-0.4919360559024923,False
D258,16,-0.5570858357018276,True
D258,17,-0.4840694219247912,False
D258,18,-0.4761064127583103,False
D258,19,-0.5401960050542322,True
D258,20,-0.49154922997038497,False
D258,21,-0.49545769556044167,False
D258,22,-0.4995353213030153,False
D258,23,-0.45725267075252524,False
D258,24,-0.49735127759627085,False
D258,25,-0.5123810085288071,False
D258,26,-0.4587455092280331,False
D259,1,-0.5053766303389108,False
D259,2,-0.534080554436243,True
D259,3,-0.4320873971138284,False
D259,4,-0.47385322722291884,False
D259,5,-0.5789721210123865,True
D259,6,-0.5181480413798538,False
D259,7,-0.520206509306336,False
D259,8,-0.5191812056597898,False
D259,9,-0.48236872677361553,False
D259,10,-0.5294175718181767,False
D259,11,-0.46522019414772425,False
D259,12,-0.4605550818661982,False
D259,13,-0.4620914018865514,False
D259,14,-0.479914862884211,False
D259,15,-0.5302419708202649,False
D259,16,-0.49668233727071187,False
D259,17,-0.48422169352700195,False
D259,18,-0.45374887578963885,False
D259,19,-0.5275957434451489,False
D259,20,-0.5167853998145385,False
D259,21,-0.5661944144028112,True
D259,22,-0.4628332313931641,False
D259,23,-0.4771175297590382,False
D259,24,-0.48815250312417974,False
D259,25,-0.4717123262869919,False
D259,26,-0.48516692275045786,False
D260,1,-0.5106473961726374,False
D260,2,-0.543227208186541,True
D260,3,-0.5079222636301823,False
D260,4,-0.49873622758687075,False
D260,5,-0.5091307483379126,False
D260,6,-0.5313911000308739,False
D260,7,-0.6060332376670888,True
D260,8,-0.5129238572572131,False
D260,9,-0.5014066837800847,False
D260,10,-0.4961957532690103,False
D260,11,-0.5527247365101642,True
D260,12,-0.4905012037828475,False
D260,13,-0.47056961255516616,False
D260,14,-0.4601816771486108,False
D260,15,-0.47280018206071983,False
D260,16,-0.46516286070623736,False
D260,17,-0.46838643300119964,False
D260,18,-0.4432030024809135,False
D260,19,-0.4773447811544268,False
D260,20,-0.5082972575718833,False
D260,21,-0.45205968979537225,False
D260,22,-0.5373836270336002,True
D260,23,-0.4814901607644944,False
D260,24,-0.5160121748164022,False
D260,25,-0.5045757222367441,False
D260,26,-0.4813260544263102,False
D261,1,-0.4101162110327089,False
D261,2,-0.4140344563070257,False
D261,3,-0.462245270441065,False
D261,4,-0.40082722886555205,False
D261,5,-0.4005772466629017,False
D261,6,-0.4211201665939818,False
D261,7,-0.42266565863410327,False
D261,8,-0.418013547339888,False
D261,9,-0.40574701086385406,False
D261,10,-0.4203171381003605,False
D261,11,-0.3973668267211782,False
D261,12,-0.4108145825191265,False
D261,13,-0.3955181690347953,False
D261,14,-0.3963627457613775,False
D261,15,-0.3947636591199286,False
D261,16,-0.4159884239376925,False
D261,17,-0.40555402812865116,False
D261,18,-0.41653834255402644,False
D261,19,-0.40275723584417716,False
D261,20,-0.4071600899386068,False
D261,21,-0.4594007329169479,False
D261,22,-0.412791619065271,False
D261,23,-0.4356057202086632,False
D261,24,-0.4026357822706562,False
D261,25,-0.4338663329955607,False
D261,26,-0.4172469595483399,False
D262,1,-0.5009904857255215,False
D262,2,-0.5015087909654194,False
D262,3,-0.46785351240365525,False
D262,4,-0.5553352264611096,True
D262,5,-0.5169482043452661,False
D262,6,-0.4900686230518671,False
D262,7,-0.464548353833275,False
D262,8,-0.46936799601823415,False
D262,9,-0.4979649592260657,False
D262,10,-0.4614090860180838,False
D262,11,-0.5011444919553127,False
D262,12,-0.46149876557103675,False
D262,13,-0.4484207379995157,False
D262,14,-0.4585461661594446,False
D262,15,-0.4687318626618941,False
D262,16,-0.46059051179116295,False
D262,17,-0.46092499661957204,False
D262,18,-0.5837900306304508,True
D262,19,-0.4388807157877206,False
D262,20,-0.49132060297413443,False
D262,21,-0.5310546117229743,False
D262,22,-0.45905784109499215,False
D262,23,-0.4346120470027792,False
D262,24,-0.4856255136014311,False
D262,25,-0.48842852558078415,False
D262,26,-0.469325520589228,False
D263,1,-0.4410712133769034,False
D263,2,-0.4061712069304385,False
D263,3,-0.44018313857089264,False
D263,4,-0.4419174817153595,False
D263,5,-0.41273763028942123,False
D263,6,-0.4088557966038529,False
D263,7,-0.4200512332309509,False
D263,8,-0.4589326895565723,False
D263,9,-0.4296410865951168,False
D263,10,-0.4189965884487605,False
D263,11,-0.4101465220212638,False
D263,12,-0.4553134266599918,False
D263,13,-0.41957256705980517,False
D263,14,-0.43783846666764337,False
D263,15,-0.4343239806161151,False
D263,16,-0.41095432081473915,False
D263,17,-0.4153138265417396,False
D263,18,-0.4488929346875908,False
D263,19,-0.42817598773819854,False
D263,20,-0.4009777816355651,False
D263,21,-0.4087715508050635,False
D263,22,-0.4440189274793087,False
D263,23,-0.39165342521772134,False
D263,24,-0.4628055817559037,False
D263,25,-0.43886359063310737,False
D263,26,-0.41143167693672783,False
D264,1,-0.4558587608604104,False
D264,2,-0.42560234728581103,False
D264,3,-0.4076695497150328,False
D264,4,-0.5203797640619585,False
D264,5,-0.44314249116955584,False
D264,6,-0.4301679927890579,False
D264,7,-0.4248730607892335,False
D264,8,-0.4273328652557643,False
D264,9,-0.43913069231044205,False
D264,10,-0.4296570963752672,False
D264,11,-0.4347203957669411,False
D264,12,-0.4423432851933803,False
D264,13,-0.43061964597842306,False
D264,14,-0.44848298895699934,False
D264,15,-0.4319938479191677,False
D264,16,-0.4500330291865582,False
D264,17,-0.4481459055575477,False
D264,18,-0.47163056989322294,False
D264,19,-0.4418518069607469,False
D264,20,-0.44226068527689727,False
D264,21,-0.42345108732454984,False
D264,22,-0.4172029473177714,False
D264,23,-0.4805462688537096,False
D264,24,-0.45634235407343227,False
D264,25,-0.41310793995448875,False
D264,26,-0.449438304469371,False
D265,1,-0.435818305666042,False
D265,2,-0.3861515549814981,False
D265,3,-0.3976024105134804,False
D265,4,-0.402390554864927,False
D265,5,-0.42030403555578993,False
D265,6,-0.4527826106819151,False
D265,7,-0.40871142230288343,False
D265,8,-0.4353890937166,False
D265,9,-0.4152730164083237,False
D265,10,-0.4131146561961985,False
D265,11,-0.4071536122939683,False
D265,12,-0.4368718983654883,False
D265,13,-0.4067291371139215,False
D265,14,-0.40494642674747,False
D265,15,-0.3991304709651188,False
D265,16,-0.4150582510686874,False
D265,17,-0.42272025391003604,False
D265,18,-0.4170379886146405,False
D265,19,-0.42741370964277653,False
D265,20,-0.4015236994259333,False
D265,21,-0.4209900689626212,False
D265,22,-0.4205735072479861,False
D265,23,-0.3967842559116851,False
D265,24,-0.3916689702100795,False
D265,25,-0.43125827935020455,False
D265,26,-0.3947637074635547,False
D266,1,-0.4157566586334197,False
D266,2,-0.4188203987393459,False
D266,3,-0.4281814306408032,False
D266,4,-0.4215936084784466,False
D266,5,-0.42015072565315686,False
D266,6,-0.43085874410048103,False
D266,7,-0.4481478282836482,False
D266,8,-0.44345152257111126,False
D266,9,-0.4385721256126853,False
D266,10,-0.45185873125345205,False
D266,11,-0.4391948482963469,False
D266,12,-0.4688383110935177,False
D266,13,-0.43493941923168217,False
D266,14,-0.4672447491981064,False
D266,15,-0.43531299625406733,False
D266,16,-0.4439546449704165,False
D266,17,-0.4466060129462428,False
D266,18,-0.4460826646738596,False
D266,19,-0.45356895135059566,False
D266,20,-0.4476202748293019,False
D266,21,-0.43016551658076263,False
D266,22,-0.4756334411336755,False
D266,23,-0.4404182861651357,False
D266,24,-0.4378116624759567,False
D266,25,-0.4531158446112152,False
D266,26,-0.458369738642309,False
D267,1,-0.4657647688034926,False
D267,2,-0.502640882002021,False
D267,3,-0.5223723391847536,False
D267,4,-0.5301241101582124,False
D267,5,-0.5131667972116404,False
D267,6,-0.4573125911657714,False
D267,7,-0.4599135710620738,False
D267,8,-0.45553620815376983,False
D267,9,-0.4914367957992627,False
D267,10,-0.4482519110476426,False
D267,11,-0.45550729693219133,False
D267,12,-0.46300453987977047,False
D267,13,-0.5506236346732002,True
D267,14,-0.447793977702439,False
D267,15,-0.4651843985910019,False
D267,16,-0.4616165362569191,False
D267,17,-0.4869199699953373,False
D267,18,-0.5053032747682569,False
D267,19,-0.4824678618883192,False
D267,20,-0.48556543009951914,False
D267,21,-0.49612391148081986,False
D267,22,-0.46305171870798095,False
D267,23,-0.4742886636704316,False
D267,24,-0.48375530429127794,False
D267,25,-0.46315582260886706,False
D267,26,-0.4864318022599228,False
D268,1,-0.47542509096209057,False
D268,2,-0.47633862532017657,False
D268,3,-0.4380807429997003,False
D268,4,-0.4498911457853842,False
D268,5,-0.4604519477036072,False
D268,6,-0.43908214713478577,False
D268,7,-0.43561187157679276,False
D268,8,-0.4586650303419462,False
D268,9,-0.47728550364990363,False
D268,10,-0.4382542729404715,False
D268,11,-0.44433998362430016,False
D268,12,-0.517354837096229,False
D268,13,-0.5026354312503055,False
D268,14,-0.5235879275472949,False
D268,15,-0.42679195145731874,False
D268,16,-0.44307520745633294,False
D268,17,-0.44754923662053875,False
D268,18,-0.5095803850605334,False
D268,19,-0.418356344028816,False
D268,20,-0.5211074438422342,False
D268,21,-0.43158270054735975,False
D268,22,-0.4483381335387457,False
D268,23,-0.42296023437096375,False
D268,24,-0.43497682965789347,False
D268,25,-0.47637668190115834,False
D268,26,-0.4891207177037195,False
D269,1,-0.5026051068567693,False
D269,2,-0.4407421531412363,False
D269,3,-0.44223839271077964,False
D269,4,-0.5372275612996015,True
D269,5,-0.4790016204032081,False
D269,6,-0.4883683433585531,False
D269,7,-0.5419655326530886,True
D269,8,-0.49684074295963526,False
D269,9,-0.5408049334122694,True
D269,10,-0.4872227518247663,False
D269,11,-0.49181813543886815,False
D269,12,-0.4834869906293305,False
D269,13,-0.47845683634013986,False
D269,14,-0.463561383693974,False
D269,15,-0.5530277683697892,True
D269,16,-0.5174802013011104,False
D269,17,-0.47521565766442225,False
D269,18,-0.515828946858197,False
D269,19,-0.4660521644833309,False
D269,20,-0.5384954478547239,True
D269,21,-0.47254637928360044,False
D269,22,-0.4805021229811437,False
D269,23,-0.5184025150610547,False
D269,24,-0.5283334977866168,False
D269,25,-0.4732169012217808,False
D269,26,-0.45109514239245463,False
D270,1,-0.4117083100126089,False
D270,2,-0.4166854473450257,False
D270,3,-0.4197939828003212,False
D270,4,-0.4288585203580138,False
D270,5,-0.41789778101421754,False
D270,6,-0.4214417275989788,False
D270,7,-0.40872050542294275,False
D270,8,-0.4632801656236298,False
D270,9,-0.42854300571697573,False
D270,10,-0.4283714604270641,False
D270,11,-0.5090076189801004,False
D270,12,-0.46266892009661087,False
D270,13,-0.41833084790961644,False
D270,14,-0.4165408043118065,False
D270,15,-0.443984804175048,False
D270,16,-0.4760386819897558,False
D270,17,-0.44361298355763223,False
D270,18,-0.41415150441617204,False
D270,19,-0.42334335987661126,False
D270,20,-0.42760390032357126,False
D270,21,-0.4330523772321091,False
D270,22,-0.42294728618368005,False
D270,23,-0.4367238032056565,False
D270,24,-0.45372953786736797,False
D270,25,-0.43734887607350076,False
D270,26,-0.4346347681898684,False
D271,1,-0.472982192586619,False
D271,2,-0.5371213546579128,True
D271,3,-0.4519719662059757,False
D271,4,-0.4921777743131992,False
D271,5,-0.5186720913784775,False
D271,6,-0.44649572776882773,False
D271,7,-0.44663504512317687,False
D271,8,-0.4460850624198252,False
D271,9,-0.4726686181152082,False
D271,10,-0.4818085373828823,False
D271,11,-0.4751709959590851,False
D271,12,-0.4841582034883716,False
D271,13,-0.4714170725402069,False
D271,14,-0.5040641821088867,False
D271,15,-0.43832575787380446,False
D271,16,-0.47385169265419896,False
D271,17,-0.4448451155043866,False
D271,18,-0.44824192831746507,False
D271,19,-0.4978788782441212,False
D271,20,-0.4592368106113021,False
D271,21,-0.43515709780077677,False
D271,22,-0.4540344847019458,False
D271,23,-0.5064790316539095,False
D271,24,-0.498874034680131,False
D271,25,-0.4677293274954665,False
D271,26,-0.422723360881965,False
D272,1,-0.4322698099499302,False
D272,2,-0.4053967047520666,False
D272,3,-0.40693853086290466,False
D272,4,-0.4414661574181352,False
D272,5,-0.41739763305210625,False
D272,6,-0.39938876515991834,False
D272,7,-0.45170308132997056,False
D272,8,-0.399112249863808,False
D272,9,-0.4016447899347378,False
D272,10,-0.4094383146139025,False
D272,11,-0.4070024162461096,False
D272,12,-0.4407592769066884,False
D272,13,-0.4327566762595872,False
D272,14,-0.39801239390748866,False
D272,15,-0.3870115596019341,False
D272,16,-0.4280271717205719,False
D272,17,-0.4058707812162738,False
D272,18,-0.389970017507308,False
D272,19,-0.47160824061514456,False
D272,20,-0.40284248483404883,False
D272,21,-0.4300595375285742,False
D272,22,-0.40452301905676225,False
D272,23,-0.42333418388985944,False
D272,24,-0.38994407668328296,False
D272,25,-0.39460607028671313,False
D272,26,-0.41546454894358853,False
D273,1,-0.5312693068674479,False
D273,2,-0.5455668611771388,True
D273,3,-0.5402744617700469,True
D273,4,-0.48179789751110763,False
D273,5,-0.5291081706577895,False
D273,6,-0.48952993439636305,False
D273,7,-0.5543847715949123,True
D273,8,-0.5298022238374821,False
D273,9,-0.47939692196332184,False
D273,10,-0.48187395024198,False
D273,11,-0.5547363577358558,True
D273,12,-0.49936561473469243,False
D273,13,-0.5417309775133323,True
D273,14,-0.5170360973934172,False
D273,15,-0.5215050345926476,False
D273,16,-0.5678059654841241,True
D273,17,-0.4833940766855136,False
D273,18,-0.4907481826044366,False
D273,19,-0.4876606632772791,False
D273,20,-0.5415970462716005,True
D273,21,-0.5586748749511107,True
D273,22,-0.5536682558820659,True
D273,23,-0.4632678807678742,False
D273,24,-0.500074007281826,False
D273,25,-0.47813338731471206,False
D273,26,-0.5046472583886233,False
D274,1,-0.4701894506550279,False
D274,2,-0.4920552065001957,False
D274,3,-0.4352351624895331,False
D274,4,-0.4248139694853827,False
D274,5,-0.4811886455978136,False
D274,6,-0.44724172757252123,False
D274,7,-0.5065086293310683,False
D274,8,-0.4704471076120545,False
D274,9,-0.4590064343622064,False
D274,10,-0.492848517851166,False
D274,11,-0.4519834649392702,False
D274,12,-0.4294764457812964,False
D274,13,-0.4597424476567638,False
D274,14,-0.43426692179666104,False
D274,15,-0.4659906163736183,False
D274,16,-0.43847225166809717,False
D274,17,-0.4500502525359917,False
D274,18,-0.4349556528453676,False
D274,19,-0.4937142000865246,False
D274,20,-0.5038543832099316,False
D274,21,-0.42244703527235433,False
D274,22,-0.45110972717827635,False
D274,23,-0.5277194744876972,False
D274,24,-0.46708565856269824,False
D274,25,-0.45929023251753537,False
D274,26,-0.4934420197823836,False
D275,1,-0.4229371576173066,False
D275,2,-0.3934054553847806,False
D275,3,-0.4248240866008579,False
D275,4,-0.3989254613039838,False
D275,5,-0.4342510608834821,False
D275,6,-0.42942605201620254,False
D275,7,-0.4272242123824354,False
D275,8,-0.40367870488979435,False
D275,9,-0.42542033709767135,False
D275,10,-0.41089715386960307,False
D275,11,-0.41489019492357776,False
D275,12,-0.3937658824174651,False
D275,13,-0.4182517754944653,False
D275,14,-0.3953166788071968,False
D275,15,-0.41401730748864335,False
D275,16,-0.41749779670559384,False
D275,17,-0.4066568545142843,False
D275,18,-0.39353328790456465,False
D275,19,-0.42018846387343894,False
D275,20,-0.41002535413580143,False
D275,21,-0.41015074368430465,False
D275,22,-0.43047955652438286,False
D275,23,-0.40173960216733634,False
D275,24,-0.4010160678355584,False
D275,25,-0.42668856229140956,False
D275,26,-0.3864210165386963,False
D276,1,-0.41808766658143104,False
D276,2,-0.3972995847009364,False
D276,3,-0.4189683837637265,False
D276,4,-0.445162596409472,False
D276,5,-0.42743098673649443,False
D276,6,-0.4654826954988694,False
D276,7,-0.4138928415854769,False
D276,8,-0.4680274806281526,False
D276,9,-0.41904728909631006,False
D277,1,-0.4534418450801692,False
D277,2,-0.46649976316242747,False
D277,3,-0.4503881760212373,False
D277,4,-0.48596928257275057,False
D277,5,-0.4284200566895954,False
D277,6,-0.4204222299737461,False
D277,7,-0.4421104882746384,False
D277,8,-0.4233884254196457,False
D277,9,-0.5048749281588994,False
D277,10,-0.4545829544786401,False
D277,11,-0.4727788661941091,False
D277,12,-0.45528189062800856,False
D277,13,-0.4282843813171818,False
D277,14,-0.4567082398915548,False
D277,15,-0.4541467474938771,False
D277,16,-0.4355282335445676,False
D277,17,-0.44537540294683525,False
D277,18,-0.4282208897310066,False
D277,19,-0.4517351779235939,False
D277,20,-0.5173326895976447,False
D277,21,-0.45993814559246926,False
D277,22,-0.4648723224463522,False
D277,23,-0.5127691561479898,False
D277,24,-0.4255505708954341,False
D277,25,-0.4758233630440883,False
D277,26,-0.4603588848102929,False
D278,1,-0.4726664570102456,False
D278,2,-0.4212573517298963,False
D278,3,-0.45080780451324076,False
D278,4,-0.42064847617814105,False
D278,5,-0.44754400580725473,False
D278,6,-0.4426691501664094,False
D278,7,-0.41643742073229495,False
D278,8,-0.4445200892618975,False
D278,9,-0.4385796543550348,False
D278,10,-0.4453518000787033,False
D278,11,-0.4394522400367283,False
D278,12,-0.42423724584372335,False
D278,13,-0.42312028670094964,False
D278,14,-0.43117246013294236,False
D278,15,-0.5096433540608862,False
D278,16,-0.453421854624272,False
D278,17,-0.44427452660192207,False
D278,18,-0.4280824755912881,False
D278,19,-0.42728887519584735,False
D278,20,-0.4205562601697867,False
D278,21,-0.4408222039153296,False
D278,22,-0.5167070844930285,False
D278,23,-0.4511394627704133,False
D278,24,-0.4166060178301316,False
D278,25,-0.42643464263077796,False
D278,26,-0.4293747405985659,False
D279,1,-0.44788437290397254,False
D279,2,-0.4311515111824953,False
D279,3,-0.42981716531754155,False
D279,4,-0.4186889915999732,False
D279,5,-0.44145909375089915,False
D279,6,-0.4549906628626352,False
D279,7,-0.43010434410754306,False
D279,8,-0.44795261445779483,False
D279,9,-0.44170923975568765,False
D279,10,-0.4265514119700847,False
D279,11,-0.464142046394469,False
D279,12,-0.5053012713093512,False
D279,13,-0.4464871089380145,False
D279,14,-0.5102849604650167,False
D279,15,-0.4430552727239962,False
D279,16,-0.4720626498271571,False
D279,17,-0.48717933858569273,False
D279,18,-0.5005729893527148,False
D279,19,-0.4349370590746072,False
D279,20,-0.4579391441239754,False
D279,21,-0.49453996595554417,False
D279,22,-0.4310838939022562,False
D279,23,-0.43786093071468263,False
D279,24,-0.44534015384499004,False
D279,25,-0.4341208442573914,False
D279,26,-0.44126337641622354,False
D280,1,-0.4671889094076389,False
D280,2,-0.42166159243511725,False
D280,3,-0.43111614069412757,False
D280,4,-0.4591724368161223,False
D280,5,-0.46534818809254136,False
D280,6,-0.4384016998555868,False
D280,7,-0.43679676531500694,False
D280,8,-0.4521638469985379,False
D280,9,-0.4339530054138323,False
D280,10,-0.4617407523112012,False
D280,11,-0.45613674587577047,False
D280,12,-0.4151207923456027,False
D280,13,-0.4493282259710299,False
D280,14,-0.49221349573195355,False
D280,15,-0.4450073683189303,False
D280,16,-0.46861565211119,False
D280,17,-0.45180746607458894,False
D280,18,-0.4586577139475512,False
D280,19,-0.43595445440389363,False
D280,20,-0.4083889703802611,False
D280,21,-0.4334705472638717,False
D280,22,-0.4278598727271023,False
D280,23,-0.42484705491052294,False
D280,24,-0.46459324075793446,False
D280,25,-0.44701669311147274,False
D280,26,-0.4661695672964436,False
D281,1,-0.4779573569509505,False
D281,2,-0.49338881157062403,False
D281,3,-0.42672076190104186,False
D281,4,-0.4369250074140889,False
D281,5,-0.44131839693390634,False
D281,6,-0.4493578584558097,False
D281,7,-0.4364703890001007,False
D281,8,-0.4461551342206903,False
D281,9,-0.465195999735862,False
D281,10,-0.4391968601475219,False
D281,11,-0.48603800713721235,False
D281,12,-0.43798185585239313,False
D281,13,-0.45889991402553704,False
D281,14,-0.4496390152477291,False
D281,15,-0.4288917890532752,False
D281,16,-0.42050335551375095,False
D281,17,-0.4631121322860928,False
D281,18,-0.44362081117194113,False
D281,19,-0.4285662419650166,False
D281,20,-0.4640607515193354,False
D281,21,-0.43926154399854683,False
D281,22,-0.45141613591287855,False
D281,23,-0.4594208081269655,False
D281,24,-0.42249630405781746,False
D281,25,-0.43435577331420777,False
D281,26,-0.44891495122493763,False
D282,1,-0.4608359724473307,False
D282,2,-0.49985651089551514,False
D282,3,-0.4716770347155877,False
D282,4,-0.4745857601412966,False
D282,5,-0.47468056935843317,False
D282,6,-0.5223774000492675,False
D282,7,-0.5221681934867713,False
D282,8,-0.5483239653218962,True
D282,9,-0.56300678856359,True
D282,10,-0.4550073846086314,False
D282,11,-0.5290090791475421,False
D282,12,-0.45541108660005436,False
D282,13,-0.46265779588173284,False
D282,14,-0.5314395072448209,False
D282,15,-0.5270847174611869,False
D282,16,-0.5296890918881039,False
D282,17,-0.45053966685589864,False
D282,18,-0.47031249082945736,False
D282,19,-0.5134763924444489,False
D282,20,-0.49561078580541107,False
D282,21,-0.538732318714109,True
D282,22,-0.5625680350404535,True
D282,23,-0.5137993779905541,False
D282,24,-0.49087775598101796,False
D282,25,-0.5124840670512503,False
D282,26,-0.5222594262597045,False
D283,1,-0.4401053746017112,False
D283,2,-0.4802504920472151,False
D283,3,-0.4263796644441926,False
D283,4,-0.4557130534024302,False
D283,5,-0.4497642930433846,False
D283,6,-0.4682619835886535,False
D283,7,-0.44635967995023196,False
D283,8,-0.4382447682029468,False
D283,9,-0.4357665860147576,False
D283,10,-0.4842443746010974,False
D283,11,-0.45842386809614705,False
D283,12,-0.45935221853340696,False
D283,13,-0.4654183116589024,False
D283,14,-0.4783941419392165,False
D283,15,-0.4922140216989005,False
D283,16,-0.4388733797443311,False
D283,17,-0.4703382963042528,False
D283,18,-0.4471512688367505,False
D283,19,-0.47981443946014163,False
D283,20,-0.47776791469857943,False
D283,21,-0.4846738454627473,False
D283,22,-0.49641578011781423,False
D283,23,-0.4803024132805672,False
D283,24,-0.48628484665473953,False
D283,25,-0.4506230627990273,False
D283,26,-0.4589675852687376,False
D284,1,-0.496022714998001,False
D284,2,-0.4808381168955312,False
D284,3,-0.4579802130503301,False
D284,4,-0.44313791789971957,False
D284,5,-0.4527805317881249,False
D284,6,-0.46430507947576666,False
D284,7,-0.4609105211762709,False
D284,8,-0.43045035114849334,False
D284,9,-0.43674956671728987,False
D284,10,-0.4567762162805971,False
D284,11,-0.45937151161496403,False
D284,12,-0.43710243448716707,False
D284,13,-0.432970855642049,False
D284,14,-0.43723313906756756,False
D284,15,-0.43956523868044345,False
D284,16,-0.447172145294853,False
D284,17,-0.48582224438532295,False
D284,18,-0.42880705814408887,False
D284,19,-0.4436767265283812,False
D284,20,-0.439718475359895,False
D284,21,-0.4649944467951541,False
D284,22,-0.46504288012905876,False
D284,23,-0.4399383476809265,False
D284,24,-0.4687856344598031,False
D284,25,-0.43671307238429957,False
D284,26,-0.4433358206381303,False
D285,1,-0.4820272802052223,False
D285,2,-0.47811137633101947,False
D285,3,-0.4923764202726379,False
D285,4,-0.49121614669117875,False
D285,5,-0.4466033245442452,False
D285,6,-0.5096455752602717,False
D285,7,-0.5023965008189939,False
D285,8,-0.46742506510944304,False
D285,9,-0.4475214656222975,False
D285,10,-0.5113340746324562,False
D285,11,-0.4383034543043378,False
D285,12,-0.48767752331196484,False
D285,13,-0.49914370417365117,False
D285,14,-0.4737395479975021,False
D285,15,-0.484516363212059,False
D285,16,-0.48430717967919723,False
D285,17,-0.4493590541503522,False
D285,18,-0.4883290400831529,False
D285,19,-0.45402651192800947,False
D285,20,-0.5146112279533515,False
D285,21,-0.45424618350360235,False
D285,22,-0.49458900827061525,False
D285,23,-0.5134608856834637,False
D285,24,-0.5472942109407137,True
D285,25,-0.495369985861294,False
D285,26,-0.4702403156342466,False
D286,1,-0.4466827473933608,False
D286,2,-0.4603311282841312,False
D286,3,-0.4322104779383797,False
D286,4,-0.4756536350557057,False
D286,5,-0.5029813091933135,False
D286,6,-0.442326493695554,False
D286,7,-0.4496478413891991,False
D286,8,-0.44515258908987504,False
D286,9,-0.46322589611986137,False
D286,10,-0.48481989291516336,False
D286,11,-0.5030851726540602,False
D286,12,-0.4292881484813288,False
D286,13,-0.49838599298673053,False
D286,14,-0.48003620349884657,False
D286,15,-0.47952803905685365,False
D286,16,-0.46053194684228316,False
D286,17,-0.47343077033966674,False
D286,18,-0.48012837419266213,False
D286,19,-0.45615277176541563,False
D286,20,-0.476910340135447,False
D286,21,-0.4514433364900436,False
D286,22,-0.4540646068841677,False
D286,23,-0.4513328021903376,False
D286,24,-0.47106031055802694,False
D286,25,-0.47042666903710384,False
D286,26,-0.4680591267247071,False
D287,1,-0.4943808369832653,False
D287,2,-0.4145275888961843,False
D287,3,-0.47460272496962114,False
D287,4,-0.4103395189409271,False
D287,5,-0.43820059079614554,False
D287,6,-0.49912374097474677,False
D287,7,-0.4258034597981873,False
D287,8,-0.5017661188410982,False
D287,9,-0.4660045484017789,False
D287,10,-0.4443220980161717,False
D287,11,-0.46008568989311277,False
D287,12,-0.4443774545224588,False
D287,13,-0.42868398464757135,False
D287,14,-0.43294011930709964,False
D287,15,-0.4327745826015052,False
D287,16,-0.43354633483593313,False
D287,17,-0.44348306799201853,False
D287,18,-0.47338743372400166,False
D287,19,-0.4992067655317304,False
D287,20,-0.534281682543895,True
D287,21,-0.46735699742013054,False
D287,22,-0.4553300931223343,False
D287,23,-0.5279093717889386,False
D287,24,-0.4307998791542956,False
D287,25,-0.5137235370777048,False
D287,26,-0.46446730271011655,False
D288,1,-0.4589804071569634,False
D288,2,-0.49659650564876157,False
D288,3,-0.4547509846654108,False
D288,4,-0.4651851455470376,False
D288,5,-0.4603265975114808,False
D288,6,-0.4810101628205748,False
D288,7,-0.4695428810706889,False
D288,8,-0.5310337825695203,False
D288,9,-0.4557197477989554,False
D288,10,-0.4291587922603553,False
D288,11,-0.48141539965481783,False
D288,12,-0.4741762857782347,False
D288,13,-0.4669863980787878,False
D288,14,-0.5178092902645892,False
D288,15,-0.491978243130591,False
D288,16,-0.46405557639666545,False
D288,17,-0.46704558541586927,False
D288,18,-0.4868566927691631,False
D288,19,-0.4532623944384314,False
D288,20,-0.43640185829762285,False
D288,21,-0.48303877917835414,False
D288,22,-0.46392962749444355,False
D288,23,-0.48560839843711895,False
D288,24,-0.4732754873126432,False
D288,25,-0.4639444285058113,False
D288,26,-0.463954884084425,False
D289,1,-0.4112298975157122,False
D289,2,-0.4016159014602386,False
D289,3,-0.47506652449039305,False
D289,4,-0.5383474191457912,True
D289,5,-0.41803882719044694,False
D289,6,-0.43812381930890876,False
D289,7,-0.43752125459686403,False
D289,8,-0.4165932376034872,False
D289,9,-0.4312791542387848,False
D289,10,-0.4202285292769722,False
D289,11,-0.4697918810150108,False
D289,12,-0.43134917278970114,False
D289,13,-0.4794529708626898,False
D289,14,-0.4397180110115053,False
D289,15,-0.4878903437354305,False
D289,16,-0.44742207068263673,False
D289,17,-0.421561367619695,False
D289,18,-0.4199863137568757,False
D289,19,-0.4393415427268098,False
D289,20,-0.4033892998664459,False
D289,21,-0.4208432911915949,False
D289,22,-0.40794058929602384,False
D289,23,-0.4460021759992448,False
D289,24,-0.4103483873225221,False
D289,25,-0.4058254143652455,False
D289,26,-0.4855460159461672,False
D290,1,-0.4971187308405422,False
D290,2,-0.501281842662452,False
D290,3,-0.505401964728909,False
D290,4,-0.47590623948416066,False
D290,5,-0.5176098453410457,False
D290,6,-0.5125718014040386,False
D290,7,-0.5099504149436322,False
D290,8,-0.5030299231754275,False
D290,9,-0.5479994021712495,True
D290,10,-0.5087493256980149,False
D290,11,-0.5601167834025321,True
D290,12,-0.5009100377969287,False
D290,13,-0.5016196958178399,False
D290,14,-0.5168377167755934,False
D290,15,-0.5113963676913375,False
D290,16,-0.5247984399735097,False
D290,17,-0.4895055319717778,False
D290,18,-0.47108323204734937,False
D290,19,-0.4895752541198886,False
D290,20,-0.4845983929549043,False
D290,21,-0.4880247316611084,False
D290,22,-0.5501627116531388,True
D290,23,-0.5131733450725573,False
D290,24,-0.4775871047381963,False
D290,25,-0.4771936617593737,False
D290,26,-0.5699938052721492,True
D291,1,-0.4517075329177096,False
D291,2,-0.4210952115108523,False
D291,3,-0.43181137205882014,False
D291,4,-0.4261061245937521,False
D291,5,-0.4189461544962002,False
D291,6,-0.4389564935679554,False
D291,7,-0.4205116810327813,False
D291,8,-0.4365333659170929,False
D291,9,-0.4207913526572701,False
D291,10,-0.439417946854234,False
D291,11,-0.4350446515408007,False
D291,12,-0.44974170234222727,False
D291,13,-0.41973405042687956,False
D291,14,-0.47226437326867304,False
D291,15,-0.4433653533540876,False
D291,16,-0.4557098043344156,False
D291,17,-0.4449702328282548,False
D291,18,-0.4467551588777273,False
D291,19,-0.4392957566706175,False
D291,20,-0.5067922152314124,False
D291,21,-0.4284938939099226,False
D291,22,-0.45284494386899177,False
D291,23,-0.4287800982406488,False
D291,24,-0.4540745858154758,False
D291,25,-0.44452984974200016,False
D291,26,-0.4579867112446375,False
D292,1,-0.4533743823113437,False
D292,2,-0.40077408059917446,False
D292,3,-0.42828283513647153,False
D292,4,-0.4315824277403067,False
D292,5,-0.425505008728482,False
D292,6,-0.5220163092972745,False
D292,7,-0.48595198936483824,False
D292,8,-0.4389657453926566,False
D292,9,-0.5206429912129187,False
D292,10,-0.47777492026989987,False
D292,11,-0.42436612638494453,False
D292,12,-0.4007994762787391,False
D292,13,-0.4065673713786152,False
D292,14,-0.4619527147739604,False
D292,15,-0.4843862438959299,False
D292,16,-0.5063236789293417,False
D292,17,-0.44553588398052113,False
D292,18,-0.4708672676440746,False
D292,19,-0.42954538728583824,False
D292,20,-0.4315672317389341,False
D292,21,-0.4171512969078883,False
D292,22,-0.45418896596768177,False
D292,23,-0.44222108264728666,False
D292,24,-0.4611221510852545,False
D292,25,-0.449980067027654,False
D292,26,-0.4974384376286482,False
D293,1,-0.43806344368320904,False
D293,2,-0.4310817891409913,False
D293,3,-0.4313838122766834,False
D293,4,-0.4298628558137868,False
D293,5,-0.4304432524036895,False
D293,6,-0.4493992314868911,False
D293,7,-0.4196101214586425,False
D293,8,-0.43801626151079587,False
D293,9,-0.4230435870644014,False
D293,10,-0.43721249255623557,False
D293,11,-0.4362505097321246,False
D293,12,-0.4485138183261504,False
D293,13,-0.4351041219738828,False
D293,14,-0.4369740246126234,False
D293,15,-0.47106166418255874,False
D293,16,-0.4537225289249031,False
D293,17,-0.40821956411008964,False
D293,18,-0.4170647589386179,False
D293,19,-0.4427346901755051,False
D293,20,-0.42241840763879174,False
D293,21,-0.4323281704840014,False
D293,22,-0.4508504820702389,False
D293,23,-0.41255398809559946,False
D293,24,-0.4486576489144204,False
D293,25,-0.47870590168769706,False
D293,26,-0.44190157065410024,False
D294,1,-0.42914152585455273,False
D294,2,-0.426474305326566,False
D294,3,-0.4020018655035438,False
D294,4,-0.46089791412971415,False
D294,5,-0.4437992771102857,False
D294,6,-0.44027469780526524,False
D294,7,-0.44432103186360755,False
D294,8,-0.4531543878448651,False
D294,9,-0.40848730138813394,False
D294,10,-0.42385995417322275,False
D294,11,-0.47105833898644145,False
D294,12,-0.4205799466727235,False
D294,13,-0.40185352929120877,False
D294,14,-0.4308944554314818,False
D294,15,-0.4114557784416828,False
D294,16,-0.4234725273645459,False
D294,17,-0.474319061962704,False
D294,18,-0.39006582094513575,False
D294,19,-0.4180499135078889,False
D294,20,-0.4175846558842574,False
D294,21,-0.41425963237319474,False
D294,22,-0.43904253968966755,False
D294,23,-0.4462160299166313,False
D294,24,-0.40548101023351524,False
D294,25,-0.4176605886861527,False
D294,26,-0.4058295397324663,False
D295,1,-0.5307217047552351,False
D295,2,-0.46602646792380953,False
D295,3,-0.5077942922802502,False
D295,4,-0.580452705038017,True
D295,5,-0.4647415995330291,False
D295,6,-0.5330959018913498,False
D295,7,-0.5436158153026373,True
D295,8,-0.5330243688642929,False
D295,9,-0.4858467417104297,False
D295,10,-0.5041239441695657,False
D295,11,-0.440524014096732,False
D295,12,-0.47835991043186976,False
D295,13,-0.4714168977886941,False
D295,14,-0.47566671220053736,False
D295,15,-0.47320615403292554,False
D295,16,-0.42814694867657915,False
D295,17,-0.5173333579885401,False
D295,18,-0.5560732243732521,True
D295,19,-0.45642031584833515,False
D295,20,-0.48721336995383174,False
D295,21,-0.5608719352167167,True
D295,22,-0.5568842924754706,True
D295,23,-0.6115389119623784,True
D295,24,-0.5082140152454938,False
D295,25,-0.5090304591578383,False
D295,26,-0.45825832386970256,False
D296,1,-0.4462943607052226,False
D296,2,-0.4226913222894473,False
D296,3,-0.43496130574051023,False
D296,4,-0.4414595957809876,False
D296,5,-0.4261859959050773,False
D296,6,-0.3987835243653144,False
D296,7,-0.4123702378171365,False
D296,8,-0.4528749041257077,False
D296,9,-0.39369279825266407,False
D296,10,-0.4486740740255557,False
D296,11,-0.4130283143238917,False
D296,12,-0.46186572437794865,False
D296,13,-0.4266726386102761,False
D296,14,-0.4083268488982604,False
D296,15,-0.4055027732821029,False
D296,16,-0.4046854650043188,False
D296,17,-0.40067313694010925,False
D296,18,-0.4086236865878051,False
D296,19,-0.4095543190744281,False
D296,20,-0.4171639550707911,False
D296,21,-0.41663668146895044,False
D296,22,-0.42077360053606205,False
D296,23,-0.4077729574418878,False
D296,24,-0.4380112861552098,False
D296,25,-0.41826704190835784,False
D296,26,-0.4011730647567885,False
D297,1,-0.41458133987226903,False
D297,2,-0.4241745636534624,False
D297,3,-0.45633577695658895,False
D297,4,-0.4122113775730782,False
D297,5,-0.4092669396188926,False
D297,6,-0.4263105866573021,False
D297,7,-0.4140693620916916,False
D297,8,-0.4285402381043592,False
D297,9,-0.4210056926420762,False
D297,10,-0.412289198121367,False
D297,11,-0.4118063955390072,False
D297,12,-0.43442753684246177,False
D297,13,-0.42785163735243614,False
D297,14,-0.4291475232112399,False
D297,15,-0.4923816572188232,False
D297,16,-0.40956069619146135,False
D297,17,-0.45800756708917245,False
D297,18,-0.4591516528139868,False
D297,19,-0.4174795367022236,False
D297,20,-0.43670336649103014,False
D297,21,-0.44479332822314654,False
D297,22,-0.41818745928996925,False
D297,23,-0.4192352515668065,False
D297,24,-0.4211163476666501,False
D297,25,-0.4275413751393764,False
D297,26,-0.4493612703258718,False
D298,1,-0.514363921983528,False
D298,2,-0.47039586420698964,False
D298,3,-0.5215926214655183,False
D298,4,-0.4849785435951324,False
D298,5,-0.45503481487637865,False
D298,6,-0.5316627389898713,False
D298,7,-0.5242166980902698,False
D298,8,-0.5670182104151641,True
D298,9,-0.5593007146956873,True
D298,10,-0.48926366620143624,False
D298,11,-0.5070520496065489,False
D298,12,-0.48992285044037126,False
D298,13,-0.4911719120019635,False
D298,14,-0.50789777574004,False
D298,15,-0.5046288399342412,False
D298,16,-0.4561906031095568,False
D298,17,-0.44779725943455173,False
D298,18,-0.4934964444253769,False
D298,19,-0.5153223081690794,False
D298,20,-0.5031084358788133,False
D298,21,-0.5099817135165137,False
D298,22,-0.45902355623670554,False
D298,23,-0.49219164218677486,False
D298,24,-0.5423435546896833,True
D298,25,-0.6110229863777469,True
D298,26,-0.5108553503337724,False
D299,1,-0.4559038571617861,False
D299,2,-0.45187511221550747,False
D299,3,-0.4375540941783663,False
D299,4,-0.4949318011128737,False
D299,5,-0.47985490814370924,False
D299,6,-0.46366900907023756,False
D299,7,-0.48924441714338046,False
D299,8,-0.47673918802836707,False
D299,9,-0.45298301481852393,False
D299,10,-0.47337364588639896,False
D299,11,-0.4918573100322288,False
D299,12,-0.4665279829223775,False
D299,13,-0.4599836012080129,False
D299,14,-0.45677788326069757,False
D299,15,-0.42913307827425906,False
D299,16,-0.4532910916932892,False
D299,17,-0.4584269380490176,False
D299,18,-0.44324421129708974,False
D299,19,-0.489368942787464,False
D299,20,-0.5351841765757627,True
D299,21,-0.45960666679541895,False
D299,22,-0.442941144523304,False
D299,23,-0.4645885504129452,False
D299,24,-0.4713884412149823,False
D299,25,-0.48760644624005295,False
D299,26,-0.4838802906103664,False
D300,1,-0.4701814820606981,False
D300,2,-0.4961755442368987,False
D300,3,-0.4721286396370338,False
D300,4,-0.4424414971666254,False
D300,5,-0.4688351958836618,False
D300,6,-0.47283786766041036,False
D300,7,-0.5274732909477182,False
D300,8,-0.4421909243685636,False
D300,9,-0.5084278993793442,False
D300,10,-0.4847645555471871,False
D300,11,-0.4775780449497846,False
D300,12,-0.4434543373102289,False
D300,13,-0.5186451228927786,False
D300,14,-0.4724526796228551,False
D300,15,-0.46918760901833784,False
D300,16,-0.47152656516167346,False
D300,17,-0.5213106496103997,False
D300,18,-0.5530077469375422,True
D300,19,-0.4660745596312374,False
D300,20,-0.4820271876751088,False
D300,21,-0.4611530395728882,False
D300,22,-0.48420082302708406,False
D300,23,-0.5132778516047998,False
D300,24,-0.5343080046744688,True
D300,25,-0.47004750708510395,False
D300,26,-0.48898612244562223,False
D301,1,-0.4827289115034231,False
D301,2,-0.4379430034645402,False
D301,3,-0.39969697400561155,False
D301,4,-0.4875900777245513,False
D301,5,-0.420381387434491,False
D301,6,-0.42409134060232623,False
D301,7,-0.4699495983340698,False
D301,8,-0.4935929252410169,False
D301,9,-0.431714186508427,False
D301,10,-0.39795195163013436,False
D301,11,-0.45633660694796524,False
D301,12,-0.408385172935277,False
D301,13,-0.42443452867815845,False
D301,14,-0.39750489566468655,False
D301,15,-0.421067642142578,False
D301,16,-0.4281229168420737,False
D301,17,-0.44281052320635395,False
D301,18,-0.4155182560657988,False
D301,19,-0.4082730185473375,False
D301,20,-0.4332349540539319,False
D301,21,-0.4438662012103172,False
D301,22,-0.42704445569109484,False
D301,23,-0.4071536342977611,False
D301,24,-0.4025472910050007,False
D301,25,-0.4208665413225244,False
D301,26,-0.4009249714657765,False
D302,1,-0.4754480888761031,False
D302,2,-0.41746166853897587,False
D302,3,-0.42897716975686917,False
D302,4,-0.40886775857750074,False
D302,5,-0.4303763652860755,False
D302,6,-0.42616829177660154,False
D302,7,-0.42917371090631307,False
D302,8,-0.4310800917650926,False
D302,9,-0.4273336311400184,False
D302,10,-0.4889214606392587,False
D302,11,-0.43080318081995744,False
D302,12,-0.5039838399346854,False
D302,13,-0.4644430163319548,False
D302,14,-0.431921946786365,False
D302,15,-0.44267275933537475,False
D302,16,-0.4324824501939636,False
D302,17,-0.43741632583589957,False
D302,18,-0.42357655423592055,False
D302,19,-0.4525412554266334,False
D302,20,-0.44713036691732166,False
D302,21,-0.45352136086312195,False
D302,22,-0.40203391127068844,False
D302,23,-0.4235729403260794,False
D302,24,-0.4261570424093618,False
D302,25,-0.47479918831049545,False
D302,26,-0.4577174869335404,False
D303,1,-0.4467859492976965,False
D303,2,-0.4622823489045955,False
D303,3,-0.4752689412268573,False
D303,4,-0.4427891116892719,False
D303,5,-0.4793214537020205,False
D303,6,-0.42692095225492194,False
D303,7,-0.43323015788221275,False
D303,8,-0.4357200868413342,False
D303,9,-0.43418024070364497,False
D303,10,-0.44830803981011785,False
D303,11,-0.4500948484494532,False
D303,12,-0.42793122375200143,False
D304,1,-0.4446586363057101,False
D304,2,-0.4292628854986774,False
D304,3,-0.39954689576553865,False
D304,4,-0.4239853456918845,False
D304,5,-0.44220233081656685,False
D304,6,-0.4746208918386588,False
D304,7,-0.4690989903250969,False
D304,8,-0.4271612508761169,False
D304,9,-0.47551412062087967,False
D304,10,-0.4631282448387987,False
D304,11,-0.48485214440697566,False
D304,12,-0.4277598387337377,False
D304,13,-0.40760839766181295,False
D304,14,-0.434760190281762,False
D304,15,-0.4602802541615749,False
D304,16,-0.42942907446672146,False
D304,17,-0.4329898722482947,False
D304,18,-0.41304738593832074,False
D304,19,-0.4684871412110623,False
D304,20,-0.4619215711808572,False
D304,21,-0.4365758210651495,False
D304,22,-0.47149653269619696,False
D304,23,-0.4672034834382811,False
D304,24,-0.42909422779628625,False
D304,25,-0.45008082787160386,False
D304,26,-0.4305749569861278,False
D305,1,-0.4510188423794777,False
D305,2,-0.4239813246596001,False
D305,3,-0.43739376493118337,False
D305,4,-0.49215990435608403,False
D305,5,-0.45456255565517784,False
D305,6,-0.45961507763369214,False
D305,7,-0.47904670065920985,False
D305,8,-0.4584931367925519,False
D305,9,-0.48851334843705535,False
D305,10,-0.41709398539639414,False
D305,11,-0.44444092818616027,False
D305,12,-0.4613768726355403,False
D305,13,-0.4422568134996514,False
D305,14,-0.5121427225373916,False
D305,15,-0.4800270784879216,False
D305,16,-0.5575187189061694,True
D305,17,-0.48277695056382697,False
D305,18,-0.45503048957340464,False
D305,19,-0.46944235243642235,False
D305,20,-0.4803068877903378,False
D305,21,-0.4761064861689575,False
D305,22,-0.4873612780465151,False
D305,23,-0.4239473234996568,False
D305,24,-0.4782553515739844,False
D305,25,-0.49522702582645406,False
D305,26,-0.5101252947747346,False
D306,1,-0.4759438179527813,False
D306,2,-0.4746780848490954,False
D306,3,-0.4533586117269832,False
D306,4,-0.4687098508697343,False
D306,5,-0.4801693310657861,False
D306,6,-0.49834472388141315,False
D306,7,-0.4757420239801906,False
D306,8,-0.48578305151687623,False
D306,9,-0.48029907430227303,False
D306,10,-0.43652474380542006,False
D306,11,-0.47433885483011806,False
D306,12,-0.4627781930862604,False
D306,13,-0.47375010321890343,False
D306,14,-0.5197013458884829,False
D306,15,-0.4869372214303477,False
D306,16,-0.5223436563287995,False
D306,17,-0.5302293700018369,False
D306,18,-0.5051342348411278,False
D306,19,-0.4737266833054845,False
D306,20,-0.4433382893707354,False
D306,21,-0.4449173101706848,False
D306,22,-0.4925295502435123,False
D306,23,-0.4595181668168672,False
D306,24,-0.46213213119057145,False
D306,25,-0.49035280076765125,False
D306,26,-0.48738040341715166,False
D307,1,-0.49270211449099915,False
D307,2,-0.570195758969017,True
D307,3,-0.543498979347455,True
D307,4,-0.5343495782006298,True
D307,5,-0.5500539784352241,True
D307,6,-0.5649488994251776,True
D307,7,-0.5333444843996776,False
D307,8,-0.5213754620216282,False
D307,9,-0.5590156534036026,True
D307,10,-0.4667486843359461,False
D307,11,-0.48046160109770525,False
D307,12,-0.4454717914502328,False
D307,13,-0.5166591960149292,False
D307,14,-0.4675243211583528,False
D307,15,-0.4482671407075976,False
D307,16,-0.5177667102098091,False
D307,17,-0.4551951824194202,False
D307,18,-0.4975621741777248,False
D307,19,-0.46747780498643415,False
D307,20,-0.4614959841145958,False
D307,21,-0.48377475231087635,False
D307,22,-0.4412688060128288,False
D307,23,-0.48205390822746075,False
D307,24,-0.48447586856026803,False
D307,25,-0.45634906890387683,False
D307,26,-0.5179386334767107,False
D308,1,-0.4493422053919099,False
D308,2,-0.46065289218790406,False
D308,3,-0.4459661783858252,False
D308,4,-0.4561135615857045,False
D308,5,-0.47092142068650883,False
D308,6,-0.47291341529357245,False
D308,7,-0.43853704709317315,False
D308,8,-0.5056208149027832,False
D308,9,-0.44726506320714227,False
D308,10,-0.4997245236421301,False
D308,11,-0.4467714621342423,False
D308,12,-0.49615353072486423,False
D308,13,-0.515403750661773,False
D308,14,-0.48120582831139,False
D308,15,-0.49088853508730645,False
D308,16,-0.5119332041045618,False
D308,17,-0.5127098572600529,False
D308,18,-0.43335908695505115,False
D308,19,-0.48751303069071633,False
D308,20,-0.49054351866292056,False
D308,21,-0.531453738596083,False
D308,22,-0.43742505618331856,False
D308,23,-0.45792109472265025,False
D308,24,-0.4949853057516952,False
D308,25,-0.5131099967746585,False
D308,26,-0.47966871900137653,False
D309,1,-0.4672172318824732,False
D309,2,-0.4533883034067879,False
D309,3,-0.5473248316550965,True
D309,4,-0.5012699529507543,False
D309,5,-0.4420927617370089,False
D309,6,-0.5479044808114131,True
D309,7,-0.47581736975298133,False
D309,8,-0.43008708046404487,False
D309,9,-0.47060286872079726,False
D309,10,-0.49257184967351464,False
D309,11,-0.48915177333971444,False
D309,12,-0.45569707167457707,False
D309,13,-0.4250989465006356,False
D309,14,-0.5252751025370173,False
D309,15,-0.5124983458178518,False
D309,16,-0.43971435493576944,False
D309,17,-0.4454136145985042,False
D309,18,-0.5102633853800892,False
D309,19,-0.5062735019225147,False
D309,20,-0.4888602682142016,False
D309,21,-0.44001318873074663,False
D309,22,-0.514618302829494,False
D309,23,-0.4579634191098406,False
D309,24,-0.4930356026056576,False
D309,25,-0.5242262735061471,False
D309,26,-0.45678570215069314,False
D310,1,-0.41470912425534223,False
D310,2,-0.4103609071645155,False
D310,3,-0.4258194611632254,False
D310,4,-0.43285015102030827,False
D310,5,-0.40937248410007737,False
D310,6,-0.41799010266411263,False
D310,7,-0.5167668838180425,False
D310,8,-0.4654444896595749,False
D310,9,-0.40882188977150796,False
D310,10,-0.42277590603317583,False
D310,11,-0.41796784991351915,False
D310,12,-0.4181018116147957,False
D310,13,-0.4160514178657432,False
D310,14,-0.4198928599047466,False
D310,15,-0.4630132231961568,False
D310,16,-0.4648162416067109,False
D310,17,-0.4762674274718527,False
D310,18,-0.41138339769744026,False
D310,19,-0.40313921337293096,False
D310,20,-0.4796594590279723,False
D310,21,-0.4081090745744793,False
D310,22,-0.4165220972041794,False
D310,23,-0.4834737948264831,False
D310,24,-0.41385425150213595,False
D310,25,-0.4237347833946774,False
D310,26,-0.44329999486967214,False
D311,1,-0.4688997776012773,False
D311,2,-0.42566304794525556,False
D311,3,-0.4453698109812956,False
D311,4,-0.4890038750678138,False
D311,5,-0.4796144912959409,False
D311,6,-0.48672231342490463,False
D311,7,-0.48158480740076387,False
D311,8,-0.5106780740351878,False
D311,9,-0.5053378365455133,False
D311,10,-0.4592037718720661,False
D311,11,-0.48076037010169803,False
D311,12,-0.5372590467654034,True
D311,13,-0.5076968506073218,False
D311,14,-0.47886372244121045,False
D311,15,-0.508442544075261,False
D311,16,-0.5226068255744478,False
D311,17,-0.5714034741813857,True
D311,18,-0.530520600861096,False
D311,19,-0.4745024643966483,False
D311,20,-0.4586719866753765,False
D311,21,-0.49586550482925085,False
D311,22,-0.5733011053088783,True
D311,23,-0.48695252634052216,False
D311,24,-0.5650198057285936,True
D311,25,-0.49883029165101095,False
D311,26,-0.5272675234861799,False
D312,1,-0.41021146228267485,False
D312,2,-0.4210732282703766,False
D312,3,-0.41434586259564493,False
D312,4,-0.4561202850579413,False
D312,5,-0.4336066235209148,False
D312,6,-0.4322767557869847,False
D312,7,-0.4126916907863671,False
D312,8,-0.44298306236087726,False
D312,9,-0.41376145269338865,False
D312,10,-0.4267332820245572,False
D312,11,-0.4221686420560327,False
D312,12,-0.4371065635028267,False
D312,13,-0.4143406811299423,False
D312,14,-0.40411444284841075,False
D312,15,-0.4131731292012355,False
D312,16,-0.4544923574717629,False
D312,17,-0.48570988184272823,False
D312,18,-0.43306698291084184,False
D312,19,-0.4534170009667837,False
D312,20,-0.40975683660936185,False
D312,21,-0.4261664974494979,False
D312,22,-0.41998073440744105,False
D312,23,-0.41010327795636214,False
D312,24,-0.4448587122866483,False
D312,25,-0.43560183785351886,False
D312,26,-0.4145989182387167,False
D313,1,-0.4298569449576152,False
D313,2,-0.4139335873057474,False
D313,3,-0.45852027385656613,False
D313,4,-0.4010893672174671,False
D313,5,-0.4419538397778088,False
D313,6,-0.4386126755969119,False
D313,7,-0.4103967778473948,False
D313,8,-0.39946769337342164,False
D313,9,-0.4170787324111627,False
D313,10,-0.4460807774139659,False
D313,11,-0.4180033546564126,False
D313,12,-0.42405897224957534,False
D313,13,-0.42200649227632386,False
D313,14,-0.4289796758516894,False
D313,15,-0.40166718004141977,False
D313,16,-0.4326357097651023,False
D313,17,-0.4259942591831638,False
D313,18,-0.4273547845743609,False
D313,19,-0.40976471750495636,False
D313,20,-0.4013103329991045,False
D313,21,-0.42763788015083637,False
D313,22,-0.402272184452528,False
D313,23,-0.4187561712117877,False
D313,24,-0.4239041405358046,False
D313,25,-0.41259144600066483,False
D313,26,-0.43334192428217627,False
D314,1,-0.4985887383431101,False
D314,2,-0.47881613543839807,False
D314,3,-0.45072181601701666,False
D314,4,-0.527353384852894,False
D314,5,-0.5133336482232391,False
D314,6,-0.48182790620905747,False
D314,7,-0.4635435804708274,False
D314,8,-0.5110733879319947,False
D314,9,-0.5006634632977237,False
D314,10,-0.4349357952829181,False
D314,11,-0.4494715155261645,False
D314,12,-0.4759777946874226,False
D314,13,-0.4884792105038642,False
D314,14,-0.48526816319179766,False
D314,15,-0.48221074721626184,False
D314,16,-0.46909527516140975,False
D314,17,-0.4805880358377122,False
D314,18,-0.4975527733262086,False
D314,19,-0.456608223688663,False
D314,20,-0.4917654407567989,False
D314,21,-0.4874772173174918,False
D314,22,-0.4832834258813383,False
D314,23,-0.4774573516380255,False
D314,24,-0.47508695592149885,False
D314,25,-0.4851756889091283,False
D314,26,-0.4617295472538341,False
D315,1,-0.4187825672137073,False
D315,2,-0.41369989305668353,False
D315,3,-0.4083173056261543,False
D315,4,-0.4279759843333773,False
D315,5,-0.4179060388871026,False
D315,6,-0.40411001277372344,False
D315,7,-0.44966040991964046,False
D315,8,-0.41421162146600543,False
D315,9,-0.4039345608597366,False
D315,10,-0.4060202941616789,False
D315,11,-0.4137245548421618,False
D315,12,-0.4304853676408046,False
D315,13,-0.4645754222688121,False
D315,14,-0.4409201887688687,False
D315,15,-0.4387811052770221,False
D315,16,-0.41743826600007466,False
D315,17,-0.44731866420629596,False
D315,18,-0.44683344849143863,False
D315,19,-0.4257895078594907,False
D315,20,-0.4367117474119938,False
D315,21,-0.4163441794954503,False
D315,22,-0.4594769489467011,False
D315,23,-0.4174452248357496,False
D315,24,-0.41913884152489383,False
D315,25,-0.4258067087817307,False
D315,26,-0.4405254418118453,False
D316,1,-0.40383048894294626,False
D316,2,-0.3935012979997299,False
D316,3,-0.4345625136194302,False
D316,4,-0.44091125323796687,False
D316,5,-0.5021552950198906,False
D316,6,-0.4184623125701419,False
D316,7,-0.4207132241270474,False
D316,8,-0.4256990921187819,False
D316,9,-0.45291976362541575,False
D316,10,-0.43513558112808026,False
D316,11,-0.5120249656160628,False
D316,12,-0.4026784211855847,False
D316,13,-0.471569523155936,False
D316,14,-0.4202716282327545,False
D316,15,-0.4358037905966577,False
D316,16,-0.47046803543639926,False
D316,17,-0.40600699859518297,False
D316,18,-0.4173989048904581,False
D316,19,-0.4054840249098027,False
D316,20,-0.4398828749757979,False
D316,21,-0.4569519097013122,False
D316,22,-0.42389025950029446,False
D316,23,-0.4377575300179514,False
D316,24,-0.4068693169603208,False
D316,25,-0.41540039272496665,False
D316,26,-0.40659069847799534,False
D317,1,-0.4418536068752136,False
D317,2,-0.41876033844876104,False
D317,3,-0.4110254440439672,False
D317,4,-0.4248938571254958,False
D317,5,-0.40839037486952334,False
D317,6,-0.44073609816477743,False
D317,7,-0.4066178516058662,False
D317,8,-0.4270424943561028,False
D317,9,-0.41109473627105736,False
D317,10,-0.39617455444851896,False
D317,11,-0.43971473258517124,False
D317,12,-0.4227690005651286,False
D317,13,-0.44960475263434363,False
D317,14,-0.4128511739124526,False
D317,15,-0.42312807338439506,False
D317,16,-0.440336524365981,False
D317,17,-0.4238550780078146,False
D317,18,-0.43777923828707993,False
D317,19,-0.41045267387699047,False
D317,20,-0.41289491683443474,False
D317,21,-0.44839518958974844,False
D317,22,-0.42427768640589514,False
D317,23,-0.43710109251792295,False
D317,24,-0.41854173245824494,False
D317,25,-0.39618208301167407,False
D317,26,-0.4663486946652579,False
D318,1,-0.5321580769925804,False
D318,2,-0.47609542001768135,False
D318,3,-0.5426585782934547,True
D318,4,-0.5770601717828371,True
D318,5,-0.540211594390507,True
D318,6,-0.5082308292551986,False
D318,7,-0.48132846507569604,False
D318,8,-0.48580196268407894,False
D318,9,-0.49887657456170975,False
D318,10,-0.462861663785625,False
D318,11,-0.5419564545741175,True
D318,12,-0.4641707245189891,False
D318,13,-0.48892824528193,False
D318,14,-0.4453567188114894,False
D318,15,-0.4917349473345171,False
D318,16,-0.5284064718357656,False
D318,17,-0.5565779031903408,True
D318,18,-0.529694149796408,False
D318,19,-0.47911223137584064,False
D318,20,-0.4818210559399804,False
D318,21,-0.4878907530243972,False
D318,22,-0.4959355012011083,False
D318,23,-0.4601693588774987,False
D318,24,-0.5268033256378527,False
D318,25,-0.4935314184756287,False
D318,26,-0.4779841909709506,False
D319,1,-0.42673137972142283,False
D319,2,-0.5323405050065162,False
D319,3,-0.4315054165991754,False
D319,4,-0.4232796634107237,False
D319,5,-0.45133544761670535,False
D319,6,-0.4294436012113535,False
D319,7,-0.431515856150386,False
D319,8,-0.4113207149765027,False
D319,9,-0.4370713927009509,False
D319,10,-0.4645363798876639,False
D319,11,-0.4927803773195889,False
D319,12,-0.4275324857762461,False
D319,13,-0.44174471676899524,False
D319,14,-0.48894225299939953,False
D319,15,-0.48043514236780416,False
D319,16,-0.4500232530633971,False
D319,17,-0.4573188933894609,False
D319,18,-0.47583006316121684,False
D319,19,-0.4652700111397684,False
D319,20,-0.44423394094201196,False
D319,21,-0.4604501526573338,False
D319,22,-0.44564936064861965,False
D319,23,-0.494851643257283,False
D319,24,-0.43451810430558635,False
D319,25,-0.44583989570828325,False
D319,26,-0.42085403029780755,False
D320,1,-0.4917580589444095,False
D320,2,-0.4165339983315122,False
D320,3,-0.45871594274012484,False
D320,4,-0.434341679176307,False
D320,5,-0.4472192292405875,False
D320,6,-0.43124369312988886,False
D320,7,-0.4776144881208726,False
D320,8,-0.4314049587344186,False
D320,9,-0.4247025880294132,False
D320,10,-0.4560803350321103,False
D320,11,-0.4327477409255812,False
D320,12,-0.42744893204060413,False
D320,13,-0.4367034802354471,False
D320,14,-0.459186083216489,False
D320,15,-0.4330614653093585,False
D320,16,-0.44703922077235786,False
D320,17,-0.42627540680388415,False
D320,18,-0.439943845014882,False
D320,19,-0.431058514651644,False
D320,20,-0.4384209776272101,False
D320,21,-0.502252008628483,False
D320,22,-0.43686930674586744,False
D320,23,-0.4407393838048291,False
D320,24,-0.4569783248020299,False
D320,25,-0.4496824176364506,False
D320,26,-0.4061549155964421,False
D321,1,-0.5145954391396638,False
D321,2,-0.45219518427052285,False
D321,3,-0.46185911306470584,False
D321,4,-0.4280000816524339,False
D321,5,-0.43714890592749117,False
D321,6,-0.42865667471219526,False
D321,7,-0.4370348248845596,False
D321,8,-0.3997594657099512,False
D321,9,-0.41637024927540217,False
D321,10,-0.41214176979469197,False
D321,11,-0.40746220931049143,False
D321,12,-0.4365152395310675,False
D321,13,-0.43167365890154114,False
D321,14,-0.4185802389781198,False
D321,15,-0.43083796728389506,False
D321,16,-0.42759800000819753,False
D321,17,-0.44357081996684544,False
D321,18,-0.5130771923592369,False
D321,19,-0.43798870224769565,False
D321,20,-0.4639894585097975,False
D321,21,-0.41350189849244406,False
D321,22,-0.49077855627740674,False
D321,23,-0.4129296386099897,False
D321,24,-0.44966818468374603,False
D321,25,-0.43959296515564983,False
D321,26,-0.41925372322123017,False
D322,1,-0.40240581691611554,False
D322,2,-0.4152752425026276,False
D322,3,-0.4621955603415183,False
D322,4,-0.4067318326601161,False
D322,5,-0.4097089635499485,False
D322,6,-0.4273341804476991,False
D322,7,-0.4103194874258627,False
D322,8,-0.49738291294191916,False
D322,9,-0.40041186375300736,False
D322,10,-0.4105488440231705,False
D322,11,-0.44212860023078526,False
D322,12,-0.40918585610366054,False
D322,13,-0.4077705961618417,False
D322,14,-0.4034336503243675,False
D322,15,-0.4381799498066173,False
D322,16,-0.4053383236329088,False
D322,17,-0.4121443197354645,False
D322,18,-0.4199899745168,False
D322,19,-0.40982199740338776,False
D322,20,-0.4362601866299647,False
D322,21,-0.3940633688564936,False
D322,22,-0.4115111109794368,False
D322,23,-0.3969518044480941,False
D322,24,-0.39948299404156357,False
D322,25,-0.41003778533115387,False
D322,26,-0.41897078336949495,False
D323,1,-0.4033033995289818,False
D323,2,-0.414302182904194,False
D323,3,-0.40794681079668377,False
D323,4,-0.42024055346600225,False
D323,5,-0.41906080929261,False
D323,6,-0.4467009254751112,False
D323,7,-0.39952316021701667,False
D323,8,-0.3925908333995229,False
D323,9,-0.4032796461653005,False
D323,10,-0.38884592007815744,False
D323,11,-0.39598183856306224,False
D323,12,-0.42474032521945737,False
D323,13,-0.4067137395494192,False
D323,14,-0.4091577547656898,False
D323,15,-0.39128492232154877,False
D323,16,-0.45668710084149494,False
D323,17,-0.40088020176632455,False
D323,18,-0.4421922894512836,False
D323,19,-0.40410502438248014,False
D323,20,-0.39806592195958335,False
D323,21,-0.40491784079366877,False
D323,22,-0.402880748219571,False
D323,23,-0.39303227327209256,False
D323,24,-0.4300046855266996,False
D323,25,-0.4278472970659212,False
D323,26,-0.43090676953781976,False
D324,1,-0.4629753771509403,False
D324,2,-0.4587518627888851,False
D324,3,-0.5172033428053937,False
D324,4,-0.42101059576207783,False
D324,5,-0.4628287696202732,False
D324,6,-0.4726879804451488,False
D324,7,-0.48951292899956617,False
D324,8,-0.4939676051615046,False
D324,9,-0.42336456660295857,False
D324,10,-0.45298428502916666,False
D324,11,-0.4766288712860696,False
D324,12,-0.4742295034668499,False
D324,13,-0.4952729409779819,False
D324,14,-0.4491090976605196,False
D324,15,-0.4664743276928518,False
D324,16,-0.4644131342097414,False
D324,17,-0.45339825779302434,False
D324,18,-0.45459147659096955,False
D324,19,-0.42680779085149567,False
D324,20,-0.432319598044879,False
D324,21,-0.42951121518853247,False
D324,22,-0.48281349071142293,False
D324,23,-0.5012146401835526,False
D324,24,-0.491375189900718,False
D324,25,-0.4467257450650076,False
D324,26,-0.47417761645644185,False
D325,1,-0.4446504376879614,False
D325,2,-0.49439674952588797,False
D325,3,-0.4510726568581894,False
D325,4,-0.483155314313752,False
D325,5,-0.44886043560922634,False
D325,6,-0.5312796939911348,False
D325,7,-0.48276774638876485,False
D325,8,-0.48412115897260044,False
D325,9,-0.4612514419870058,False
D325,10,-0.4423817035709817,False
D325,11,-0.45286969446786063,False
D325,12,-0.4505072962923355,False
D325,13,-0.4862255304568663,False
D325,14,-0.4950429686525654,False
D325,15,-0.47919630334572966,False
D325,16,-0.4863056723024397,False
D325,17,-0.5021046830062366,False
D325,18,-0.47991612154265967,False
D325,19,-0.5440390193514345,True
D325,20,-0.5489704801922419,True
D325,21,-0.5257377154266476,False
D325,22,-0.5665755582349667,True
D325,23,-0.6609770727656954,True
D326,1,-0.4972676708420827,False
D326,2,-0.5553989368593244,True
D326,3,-0.4942627186228766,False
D326,4,-0.538106310169414,True
D326,5,-0.4642329368388716,False
D326,6,-0.4526886979328836,False
D326,7,-0.5457148010226662,True
D326,8,-0.502355201438747,False
D326,9,-0.5112572561127464,False
D326,10,-0.43694470183143985,False
D326,11,-0.5003141923597426,False
D326,12,-0.45827406511471563,False
D326,13,-0.4822065910545012,False
D326,14,-0.4497461566567525,False
D326,15,-0.45875429809462875,False
D326,16,-0.5178670118337545,False
D326,17,-0.4685301510450555,False
D326,18,-0.47292701743593407,False
D326,19,-0.4531900368317382,False
D326,20,-0.4983226792314797,False
D326,21,-0.48827984623431747,False
D326,22,-0.4670270444620619,False
D326,23,-0.4512788344254597,False
D326,24,-0.496238394108545,False
D326,25,-0.46164204383464874,False
D326,26,-0.48594784284254217,False
D327,1,-0.4282390688878003,False
D327,2,-0.4925051897207949,False
D327,3,-0.44254285803695237,False
D327,4,-0.48622905095017954,False
D327,5,-0.47135502090784226,False
D327,6,-0.45563334125939914,False
D327,7,-0.46021575654251273,False
D327,8,-0.48504269953518103,False
D327,9,-0.4408338702284921,False
D327,10,-0.4775614669925506,False
D327,11,-0.5020401336939376,False
D327,12,-0.4463480536466275,False
D327,13,-0.46171201105583487,False
D327,14,-0.4592856349152241,False
D327,15,-0.5780240063257001,True
D327,16,-0.46295235418395886,False
D327,17,-0.5103393261980655,False
D327,18,-0.47082145188739405,False
D327,19,-0.4897778261037204,False
D327,20,-0.4400883181500174,False
D327,21,-0.47791798772957866,False
D327,22,-0.4995802971824545,False
D327,23,-0.436909102026744,False
D327,24,-0.46666438203485594,False
D327,25,-0.45901955252364235,False
D327,26,-0.5124206741474313,False
D328,1,-0.4680021682130028,False
D328,2,-0.4642326590956972,False
D328,3,-0.49468074424809066,False
D328,4,-0.5167960522849488,False
D328,5,-0.5030163143075248,False
D328,6,-0.5041360876309593,False
D328,7,-0.4829274499056194,False
D328,8,-0.4645077063928056,False
D328,9,-0.48458295561172454,False
D328,10,-0.5006697131158011,False
D328,11,-0.49448388962802986,False
D328,12,-0.5083274589454814,False
D328,13,-0.44926769594510446,False
D328,14,-0.4748710968051087,False
D328,15,-0.4808015274508088,False
D328,16,-0.4642070789142996,False
D328,17,-0.4706577991157925,False
D328,18,-0.4780755981637861,False
D328,19,-0.4822704090135944,False
D328,20,-0.5005293546365374,False
D328,21,-0.4943457152523052,False
D328,22,-0.46392300856201346,False
D328,23,-0.5023647780231071,False
D328,24,-0.47833940674767594,False
D328,25,-0.5058882082131078,False
D328,26,-0.4788346449623326,False
D329,1,-0.42674222682893936,False
D329,2,-0.43747849163806474,False
D329,3,-0.41678802636404966,False
D329,4,-0.4078973406432187,False
D329,5,-0.41590038997492534,False
D329,6,-0.4103382306226139,False
D329,7,-0.4074556729220752,False
D329,8,-0.45240180953964343,False
D329,9,-0.40532961998997186,False
D329,10,-0.40804951639169385,False
D329,11,-0.4215055834024185,False
D329,12,-0.4111729639945842,False
D329,13,-0.43741395050271614,False
D329,14,-0.41087801540576646,False
D329,15,-0.420917141748059,False
D329,16,-0.4532225079341419,False
D329,17,-0.4123307218437045,False
D329,18,-0.42160676792602453,False
D329,19,-0.4184464876130927,False
D329,20,-0.41181568050879774,False
D329,21,-0.4319777428092666,False
D329,22,-0.4382165124988555,False
D329,23,-0.42233027253098776,False
D329,24,-0.44290744352125755,False
D329,25,-0.41354562599712696,False
D329,26,-0.43408148685083253,False
D330,1,-0.42097870348726585,False
D330,2,-0.44966573616389743,False
D330,3,-0.4984567080527246,False
D330,4,-0.4313269524837668,False
D330,5,-0.44390876315729405,False
D330,6,-0.4438898397974914,False
D330,7,-0.42594319322838015,False
D330,8,-0.44096195452480047,False
D330,9,-0.44833133442681633,False
D330,10,-0.43487346018011974,False
D330,11,-0.4472336106163276,False
D330,12,-0.45611088067319094,False
D330,13,-0.48301469447684336,False
D330,14,-0.4786425161071862,False
D330,15,-0.4313603781535313,False
D330,16,-0.42821831369602,False
D330,17,-0.4244261024603928,False
D330,18,-0.45345050357653816,False
D330,19,-0.47516222610378633,False
D330,20,-0.4619361540445247,False
D330,21,-0.4618597010704515,False
D330,22,-0.4854025997236648,False
D330,23,-0.4338397617717507,False
D330,24,-0.5745911716812775,True
D331,1,-0.4548498518154902,False
D331,2,-0.438086923770053,False
D331,3,-0.44011971025468777,False
D331,4,-0.4507784025506687,False
D331,5,-0.44212949330312645,False
D331,6,-0.42442928010046405,False
D331,7,-0.42543885025581285,False
D331,8,-0.4412073601749731,False
D331,9,-0.4444985619686997,False
D331,10,-0.41797666515053034,False
D331,11,-0.41878202296827716,False
D331,12,-0.4272278831201388,False
D331,13,-0.43901455981784104,False
D331,14,-0.4324339878252965,False
D331,15,-0.4239315074717478,False
D331,16,-0.47053065663515753,False
D331,17,-0.4306953275825467,False
D331,18,-0.47460053832455495,False
D331,19,-0.42856060260462175,False
D331,20,-0.44704729230425316,False
D331,21,-0.42697674733630786,False
D331,22,-0.45089936911570516,False
D331,23,-0.5066975573046215,False
D331,24,-0.5126043349953024,False
D331,25,-0.5014281246158891,False
D331,26,-0.4368809212954921,False
D332,1,-0.48215337697864064,False
D332,2,-0.5074011191944865,False
D332,3,-0.5416278076512088,True
D332,4,-0.5006396491560807,False
D332,5,-0.5170825410753607,False
D332,6,-0.5253406336684772,False
D332,7,-0.45770091359861426,False
D332,8,-0.5667509151895085,True
D332,9,-0.46874631302096553,False
D332,10,-0.50791213394771,False
D332,11,-0.4865710534886172,False
D332,12,-0.4932829921444356,False
D332,13,-0.4414240028922125,False
D332,14,-0.4860353047586544,False
D332,15,-0.4643595973354217,False
D332,16,-0.49477647216413756,False
D332,17,-0.500221745347703,False
D332,18,-0.4714983613286284,False
D332,19,-0.5387185720400508,True
D332,20,-0.47780924395812047,False
D332,21,-0.46144103386409396,False
D332,22,-0.5264185275614242,False
D332,23,-0.48855942582843026,False
D332,24,-0.47975257196876575,False
D332,25,-0.48739476088557937,False
D332,26,-0.507716827107161,False
D333,1,-0.5111807745557905,False
D333,2,-0.4941758970734085,False
D333,3,-0.42523223988975384,False
D333,4,-0.4297998060594295,False
D333,5,-0.46029454079548415,False
D333,6,-0.48789855322901354,False
D333,7,-0.44061141708489904,False
D333,8,-0.4740695431186557,False
D333,9,-0.4479293863699926,False
D333,10,-0.4693270777701413,False
D333,11,-0.43609686404447895,False
D333,12,-0.497170514315374,False
D333,13,-0.46076783865067,False
D333,14,-0.5278689082773383,False
D333,15,-0.4489788371760224,False
D333,16,-0.46141529596155956,False
D333,17,-0.43454587489299623,False
D333,18,-0.43436531753817137,False
D333,19,-0.43348293543738026,False
D333,20,-0.4511672774450319,False
D333,21,-0.43514920551155334,False
D333,22,-0.4088316848684557,False
D333,23,-0.4300686330612791,False
D333,24,-0.4533931341020509,False
D333,25,-0.4266920716498269,False
D333,26,-0.49924601711891275,False
D334,1,-0.41712900811915965,False
D334,2,-0.4191582943867977,False
D334,3,-0.3968767152828306,False
D334,4,-0.3964102637344602,False
D334,5,-0.39850960506456623,False
D334,6,-0.4157707605628123,False
D334,7,-0.4114479077626449,False
D334,8,-0.39843360196450306,False
D334,9,-0.41407195899537325,False
D334,10,-0.40640678696512705,False
D334,11,-0.43004008685510636,False
D334,12,-0.39317125667041886,False
D334,13,-0.4150776463569431,False
D334,14,-0.4360960212848455,False
D334,15,-0.4144500750848059,False
D334,16,-0.42480593218427504,False
D334,17,-0.4143748944976917,False
D334,18,-0.40103584277547105,False
D334,19,-0.39499821847030914,False
D334,20,-0.43308072889293625,False
D334,21,-0.40684050265661115,False
D334,22,-0.4059276760482206,False
D334,23,-0.42448589160511874,False
D334,24,-0.469104167642729,False
D334,25,-0.424947297352114,False
D334,26,-0.41155515159688627,False
D335,1,-0.4722261377742732,False
D335,2,-0.46086594881394377,False
D335,3,-0.4824899573493943,False
D335,4,-0.4332134243692951,False
D335,5,-0.4735912499569362,False
D335,6,-0.48610781561399635,False
D335,7,-0.4794833073848405,False
D335,8,-0.4628520635842769,False
D335,9,-0.4903203805913027,False
D335,10,-0.4696476955766167,False
D335,11,-0.44130002946333285,False
D335,12,-0.4469375283427623,False
D335,13,-0.4525851105814498,False
D335,14,-0.46752027308570643,False
D335,15,-0.4811834072447275,False
D335,16,-0.46105747561962196,False
D335,17,-0.4647736090523044,False
D335,18,-0.4934677750543079,False
D335,19,-0.46744521793688887,False
D335,20,-0.46011204654185667,False
D335,21,-0.5419262678611553,True
D335,22,-0.44617556475195497,False
D335,23,-0.46299719714911586,False
D335,24,-0.46149456232408087,False
D335,25,-0.48243752804802065,False
D335,26,-0.4781703451161319,False
D336,1,-0.4260707938067618,False
D336,2,-0.4498372065749327,False
D336,3,-0.48744512823522373,False
D336,4,-0.4523631830934479,False
D336,5,-0.4709381467203849,False
D336,6,-0.44970769267728455,False
D336,7,-0.4414686799572287,False
D336,8,-0.46841241075496476,False
D336,9,-0.4193049294700843,False
D336,10,-0.46386035960401784,False
D336,11,-0.44225601833490064,False
D336,12,-0.42763501569785684,False
D336,13,-0.44833325906212235,False
D336,14,-0.4307340829419383,False
D336,15,-0.49149808110683035,False
D336,16,-0.4540440144921511,False
D336,17,-0.4475511180828669,False
D336,18,-0.44800007092471933,False
D336,19,-0.4444879323205391,False
D336,20,-0.47989355874264794,False
D336,21,-0.5051127493443048,False
D336,22,-0.4679969082348496,False
D336,23,-0.4609277073828712,False
D336,24,-0.472992501893793,False
D336,25,-0.4223701482504059,False
D336,26,-0.45782942585795483,False
D337,1,-0.4759949159161243,False
D337,2,-0.4889477311616437,False
D337,3,-0.4504617276755293,False
D337,4,-0.4494386901410461,False
D337,5,-0.5213980428289084,False
D337,6,-0.43611398873898144,False
D337,7,-0.49446016695844386,False
D337,8,-0.532108283858148,False
D337,9,-0.5782016532426745,True
D337,10,-0.5335857929235449,False
D337,11,-0.45733702940324594,False
D337,12,-0.4501018083231639,False
D337,13,-0.4756992048705556,False
D337,14,-0.46886039271530333,False
D337,15,-0.5125384132110499,False
D337,16,-0.543055296542732,True
D337,17,-0.4685706964499527,False
D337,18,-0.5305858915863003,False
D337,19,-0.4713472183220679,False
D337,20,-0.576516242128443,True
D337,21,-0.453979349213038,False
D337,22,-0.5760510554646524,True
D337,23,-0.5096194320804036,False
D337,24,-0.4539182927748698,False
D337,25,-0.5049336959161763,False
D337,26,-0.4990454298303905,False
D338,1,-0.4222734600226933,False
D338,2,-0.407470453228699,False
D338,3,-0.49756098042773916,False
D338,4,-0.45369463925229186,False
D338,5,-0.445388651519519,False
D338,6,-0.3957506261865981,False
D338,7,-0.44147326857342706,False
D338,8,-0.401177371947221,False
D338,9,-0.4676727532678255,False
D338,10,-0.43054465779916856,False
D338,11,-0.4112205607155011,False
D338,12,-0.44338068866098246,False
D338,13,-0.4261625522519266,False
D338,14,-0.43626488331553476,False
D338,15,-0.4144084744741225,False
D338,16,-0.4391565048239195,False
D338,17,-0.43112104222384007,False
D338,18,-0.4702071431792669,False
D338,19,-0.436944268955079,False
D338,20,-0.42580501248264835,False
D338,21,-0.424318191963911,False
D338,22,-0.47278692419941226,False
D338,23,-0.3953752908974467,False
D338,24,-0.43583226388346963,False
D338,25,-0.4389370307071391,False
D338,26,-0.4460341661700261,False
D339,1,-0.3907948344094782,False
D339,2,-0.4060138508155115,False
D339,3,-0.4045237288320849,False
D339,4,-0.46347604150159655,False
D339,5,-0.43987696194239595,False
D339,6,-0.42660570783156543,False
D339,7,-0.4024504002597763,False
D339,8,-0.40463138348396316,False
D339,9,-0.40921421304902117,False
D339,10,-0.4858507993262424,False
D340,1,-0.5267426575219276,False
D340,2,-0.4583927120285295,False
D340,3,-0.4768171865625918,False
D340,4,-0.48876862246223324,False
D340,5,-0.47291407528341467,False
D340,6,-0.5310054485609944,False
D340,7,-0.47997639623317595,False
D340,8,-0.4691448612410541,False
D340,9,-0.4710454012116218,False
D340,10,-0.49422069717280553,False
D340,11,-0.47666701271655126,False
D340,12,-0.47673427063976465,False
D340,13,-0.46052080854458494,False
D340,14,-0.47190420833392066,False
D340,15,-0.49325723547621736,False
D340,16,-0.5095730153497198,False
D340,17,-0.45372736115031637,False
D340,18,-0.4938482245132647,False
D340,19,-0.48070537798472257,False
D340,20,-0.4967631704992184,False
D340,21,-0.4688876221651346,False
D340,22,-0.4758892196611691,False
D340,23,-0.49803062487422306,False
D340,24,-0.4769815171428906,False
D340,25,-0.48809059383042225,False
D340,26,-0.469104643965103,False
D341,1,-0.40382971253507793,False
D341,2,-0.4382889790723626,False
D341,3,-0.41759549827246706,False
D341,4,-0.4090775367731404,False
D341,5,-0.41848133177159114,False
D341,6,-0.4843088354077436,False
D341,7,-0.4228176101173502,False
D341,8,-0.4265980458220604,False
D341,9,-0.40692171745498645,False
D341,10,-0.41367247103312776,False
D341,11,-0.4450569782601145,False
D341,12,-0.4102388389430677,False
D341,13,-0.40881657007198735,False
D341,14,-0.4188736026687644,False
D341,15,-0.43071911527724044,False
D341,16,-0.4092418699498897,False
D341,17,-0.4051341111940449,False
D341,18,-0.4166045864085181,False
D341,19,-0.41788537820945815,False
D341,20,-0.47574843559169927,False
D341,21,-0.402425930201349,False
D341,22,-0.4305939830277087,False
D341,23,-0.40720406045791774,False
D341,24,-0.45006738922138406,False
D341,25,-0.44023389642182403,False
D341,26,-0.40073381590478174,False
D342,1,-0.5031941369614719,False
D342,2,-0.5110319199422199,False
D342,3,-0.4968779485484684,False
D342,4,-0.48571691367994146,False
D342,5,-0.4910069287599005,False
D342,6,-0.4795665216603721,False
D342,7,-0.49536239357533257,False
D342,8,-0.4519548325005654,False
D342,9,-0.48621896151166283,False
D342,10,-0.48024480409236237,False
D342,11,-0.49464550920417755,False
D342,12,-0.513635874503253,False
D342,13,-0.4730357901402262,False
D342,14,-0.49240467248840963,False
D342,15,-0.48771329344851805,False
D342,16,-0.4913764815509383,False
D342,17,-0.4656434196608624,False
D342,18,-0.5021454747536812,False
D342,19,-0.5057197530331401,False
D342,20,-0.536031533291003,True
D342,21,-0.47385271240610494,False
D342,22,-0.5063941161782434,False
D342,23,-0.47540384254271567,False
D342,24,-0.4911461516776242,False
D342,25,-0.4991595145768708,False
D342,26,-0.5345313713746388,True
D343,1,-0.4075741401074011,False
D343,2,-0.4053206148616784,False
D343,3,-0.4400418025341181,False
D343,4,-0.4267704601570005,False
D343,5,-0.434490598634787,False
D343,6,-0.42359440114796787,False
D343,7,-0.4166238226550137,False
D343,8,-0.4112463216829351,False
D343,9,-0.4184351507660569,False
D343,10,-0.4336393447917085,False
D343,11,-0.409570200889393,False
D343,12,-0.43182353455526035,False
D343,13,-0.5055884964275575,False
D343,14,-0.4257559179476622,False
D343,15,-0.4158961275755909,False
D343,16,-0.5068713347810402,False
D343,17,-0.47793160381147304,False
D343,18,-0.4064094663137467,False
D343,19,-0.4059917964492558,False
D343,20,-0.4193398267146004,False
D343,21,-0.40929099384977985,False
D344,1,-0.5074168843341426,False
D344,2,-0.4716486180017463,False
D344,3,-0.4525762269645925,False
D344,4,-0.484986371724192,False
D344,5,-0.45055691669226017,False
D344,6,-0.4967090725452087,False
D344,7,-0.47224580401526317,False
D344,8,-0.46813886460840504,False
D344,9,-0.5364797335973917,True
D344,10,-0.4574259181246849,False
D344,11,-0.4514190386186303,False
D344,12,-0.475925076676984,False
D344,13,-0.5304198708435636,False
D344,14,-0.4720710494824203,False
D344,15,-0.44960530288542644,False
D344,16,-0.5257015043644201,False
D344,17,-0.5066768138711635,False
D344,18,-0.48776563132909695,False
D344,19,-0.4806111455033098,False
D344,20,-0.4464252936653588,False
D344,21,-0.47005894774702345,False
D344,22,-0.49085337960515363,False
D344,23,-0.48949221903748835,False
D344,24,-0.4899206485139157,False
D344,25,-0.4885808642564592,False
D344,26,-0.4846729855371323,False
D345,1,-0.40983851297046414,False
D345,2,-0.4104381561696925,False
D345,3,-0.4099118677585565,False
D345,4,-0.5021724523045515,False
D345,5,-0.42642075767526516,False
D345,6,-0.41103549600213996,False
D345,7,-0.42650886481187233,False
D345,8,-0.4045473940553288,False
D345,9,-0.48045511090861787,False
D345,10,-0.4009441340258909,False
D345,11,-0.42175508637431863,False
D345,12,-0.4088197668918363,False
D345,13,-0.41962904828912617,False
D345,14,-0.40889701443800325,False
D345,15,-0.39998367987435335,False
D345,16,-0.41698656854333727,False
D345,17,-0.40810430647347784,False
D345,18,-0.4126054167032883,False
D345,19,-0.4049396329815182,False
D345,20,-0.40843575167810364,False
D345,21,-0.40831252692805425,False
D345,22,-0.4072460936193643,False
D345,23,-0.41801190417083706,False
D345,24,-0.4068582504564901,False
D345,25,-0.40598910515812675,False
D345,26,-0.41684741147217286,False
D346,1,-0.5038743125152866,False
D346,2,-0.4359763296257388,False
D346,3,-0.4347318353287112,False
D346,4,-0.4363288495285959,False
D346,5,-0.4261590802499115,False
D346,6,-0.43066531187479656,False
D346,7,-0.45540239778888547,False
D346,8,-0.4993864555121366,False
D346,9,-0.4379241306352085,False
D346,10,-0.5044655787458863,False
D346,11,-0.449727606935494,False
D346,12,-0.5343564559121396,True
D346,13,-0.467534416709854,False
D346,14,-0.4706625761075164,False
D346,15,-0.4916416139190937,False
D346,16,-0.49638486636364526,False
D346,17,-0.5291641465313037,False
D346,18,-0.5318933088112449,False
D346,19,-0.541061295368406,True
D346,20,-0.5938048387940884,True
D346,21,-0.587908102917238,True
D347,1,-0.4345455506375253,False
D347,2,-0.4159963905598615,False
D347,3,-0.46380897601196913,False
D347,4,-0.42824854022805287,False
D347,5,-0.45238186700939276,False
D347,6,-0.4451226665298962,False
D347,7,-0.44356102548886855,False
D347,8,-0.44942936721800925,False
D347,9,-0.44113572573214027,False
D347,10,-0.4293307489987292,False
D347,11,-0.4249729803742795,False
D347,12,-0.4562534591497222,False
D347,13,-0.504306032615724,False
D347,14,-0.4342218644831594,False
D347,15,-0.4289861720872849,False
D347,16,-0.4519582790750165,False
D347,17,-0.40307827901753374,False
D347,18,-0.4313921074598758,False
D347,19,-0.4466386227989905,False
D347,20,-0.47290957041847004,False
D347,21,-0.41485558164459935,False
D347,22,-0.44002010379592427,False
D347,23,-0.4422075395258083,False
D347,24,-0.41216120301389436,False
D347,25,-0.43274878608469836,False
D347,26,-0.4334972764563495,False
D348,1,-0.5056562073239387,False
D348,2,-0.5251830447412899,False
D348,3,-0.5175546442011866,False
D348,4,-0.4895648828467942,False
D348,5,-0.4666674760216937,False
D348,6,-0.4708724233382614,False
D348,7,-0.5203384155126096,False
D348,8,-0.5535086585652235,True
D348,9,-0.5064458909963964,False
D348,10,-0.48522902923913047,False
D348,11,-0.5008350522595284,False
D348,12,-0.49547408773390716,False
D348,13,-0.5160979203345756,False
D348,14,-0.47322434336928604,False
D348,15,-0.5037085970019397,False
D348,16,-0.4943029961218796,False
D348,17,-0.4998969410455418,False
D348,18,-0.5973744196116669,True
D348,19,-0.47118201644245916,False
D348,20,-0.47591811557699587,False
D348,21,-0.46961875774932527,False
D348,22,-0.543392198334087,True
D348,23,-0.5133485149338729,False
D348,24,-0.49965458475788777,False
D348,25,-0.5561974878291364,True
D348,26,-0.508498670541077,False
D349,1,-0.39998486077993545,False
D349,2,-0.41512259670380663,False
D349,3,-0.42985166652536516,False
D349,4,-0.4298749380349865,False
D349,5,-0.41769183185834036,False
D349,6,-0.42214040901740835,False
D349,7,-0.40839014499844317,False
D349,8,-0.4108612906987759,False
D349,9,-0.4239830809573202,False
D349,10,-0.4134355751019627,False
D349,11,-0.42403175416779537,False
D349,12,-0.3988522302756573,False
D349,13,-0.4242427141294277,False
D349,14,-0.41612936971381187,False
D349,15,-0.44222653597153894,False
D349,16,-0.42206576297220105,False
D349,17,-0.4230034510126485,False
D349,18,-0.4280338874529476,False
D349,19,-0.43091943995854365,False
D349,20,-0.43136094477851167,False
D349,21,-0.4354433131438182,False
D349,22,-0.4279715712546851,False
D349,23,-0.4144311882390462,False
D349,24,-0.4149186005584392,False
D349,25,-0.42022716510907776,False
D349,26,-0.4085299681649613,False
D350,1,-0.49768330812224215,False
D350,2,-0.5057581011589491,False
D350,3,-0.44062000096801174,False
D350,4,-0.5194512773832856,False
D350,5,-0.5455377177766085,True
D350,6,-0.5673187970873381,True
D350,7,-0.5706410658738829,True
D350,8,-0.5598945421656466,True
D350,9,-0.6079732833063318,True
D350,10,-0.5907073869125046,True
D351,1,-0.6146358291068106,True
D351,2,-0.5070217532277908,False
D351,3,-0.47338522455625043,False
D351,4,-0.5379069913987417,True
D351,5,-0.6020638308565477,True
D351,6,-0.5181149911737803,False
D351,7,-0.5688416944148845,True
D351,8,-0.5009404105084038,False
D351,9,-0.5038313699794507,False
D351,10,-0.534535866966709,True
D351,11,-0.47903188945355196,False
D351,12,-0.477814941924407,False
D351,13,-0.45818531897510933,False
D351,14,-0.5329104056901506,False
D351,15,-0.49735755047852015,False
D351,16,-0.5476279332478357,True
D351,17,-0.5157459200102726,False
D351,18,-0.5500310048294353,True
D351,19,-0.5093519130340288,False
D351,20,-0.4844961788507969,False
D351,21,-0.47274856393224135,False
D351,22,-0.480912335999249,False
D351,23,-0.4947108904565706,False
D351,24,-0.5282255454152165,False
D351,25,-0.4779734311377699,False
D351,26,-0.5489058982270729,True
D352,1,-0.4595331999098643,False
D352,2,-0.472070528819419,False
D352,3,-0.4931449103028769,False
D352,4,-0.5153289809465093,False
D352,5,-0.4872826239188755,False
D352,6,-0.4965861899036164,False
D352,7,-0.4381208280806224,False
D352,8,-0.48090303903677717,False
D352,9,-0.47122853633629647,False
D352,10,-0.4694474601594999,False
D352,11,-0.5099343257851215,False
D352,12,-0.4430297402507151,False
D352,13,-0.46503818226821075,False
D352,14,-0.4654693567591511,False
D352,15,-0.4835364951187944,False
D352,16,-0.5137340997389382,False
D352,17,-0.4949178150008834,False
D352,18,-0.45960593188404575,False
D352,19,-0.4798815178834508,False
D352,20,-0.4547966491716143,False
D352,21,-0.5010593424659426,False
D352,22,-0.4836373195889287,False
D352,23,-0.4631210098886936,False
D352,24,-0.533847712053741,False
D352,25,-0.44734326640948585,False
D352,26,-0.44778979244771794,False
D353,1,-0.45148833543211164,False
D353,2,-0.4322002826400911,False
D353,3,-0.4249643340679966,False
D353,4,-0.4532622177236595,False
D353,5,-0.43213531714389597,False
D353,6,-0.4590590912438072,False
D353,7,-0.43659858002027835,False
D353,8,-0.4583396055169952,False
D353,9,-0.4600009714382166,False
D353,10,-0.43617092862703527,False
D353,11,-0.44103101695804625,False
D353,12,-0.448125059464006,False
D353,13,-0.43362174041480817,False
D353,14,-0.512171897626847,False
D353,15,-0.4667170583623307,False
D353,16,-0.46617438481277373,False
D353,17,-0.47047958283540486,False
D353,18,-0.4639205171631287,False
D353,19,-0.44497864953036137,False
D353,20,-0.4368897522419864,False
D353,21,-0.4171312324908288,False
D353,22,-0.41614486631570846,False
D353,23,-0.42287028169950863,False
D353,24,-0.4475012939305018,False
D353,25,-0.4212051286294485,False
D353,26,-0.4444952357262451,False
D354,1,-0.44556500465702803,False
D354,2,-0.42479861524494916,False
D354,3,-0.4278485690256356,False
D354,4,-0.4425654397966884,False
D354,5,-0.41340083058051513,False
D354,6,-0.42000137394438364,False
D354,7,-0.4254120698510983,False
D354,8,-0.4416129117341934,False
D354,9,-0.42063735962727417,False
D354,10,-0.4356825917590814,False
D354,11,-0.42413562677330485,False
D354,12,-0.43681517242548557,False
D354,13,-0.459998882483303,False
D354,14,-0.43440482951647863,False
D354,15,-0.4519013715834522,False
D354,16,-0.41547611192481276,False
D354,17,-0.46164595531580477,False
D354,18,-0.4599050020707787,False
D354,19,-0.45586896624225176,False
D354,20,-0.4255867618505393,False
D354,21,-0.47335662597000816,False
D354,22,-0.4543400941111026,False
D354,23,-0.4346716574900994,False
D354,24,-0.4380187138803785,False
D354,25,-0.4659584016502664,False
D354,26,-0.42485915187115175,False
D355,1,-0.49443918574649864,False
D355,2,-0.45366685671630647,False
D355,3,-0.452907475108778,False
D355,4,-0.47542223041711923,False
D355,5,-0.4598999325002373,False
D355,6,-0.48893148454310653,False
D355,7,-0.4706748543251365,False
D355,8,-0.4761848461374454,False
D355,9,-0.5505285798804728,True
D355,10,-0.4858299511316638,False
D355,11,-0.4931127306613218,False
D355,12,-0.4750459927660444,False
D355,13,-0.47318141799801033,False
D355,14,-0.5084946379571665,False
D355,15,-0.47262882197211425,False
D355,16,-0.5144843684134311,False
D355,17,-0.5275865838609929,False
D355,18,-0.5345907627087092,True
D355,19,-0.5389131632307846,True
D355,20,-0.5332491315052095,False
D355,21,-0.587034818801544,True
D355,22,-0.6290218607944525,True
D355,23,-0.5832020367255623,True
D355,24,-0.6332637736435972,True
D356,1,-0.43995794152366585,False
D356,2,-0.4992629560367012,False
D356,3,-0.4175497493877061,False
D356,4,-0.4335726922441776,False
D356,5,-0.4253063872598334,False
D356,6,-0.44108960030078675,False
D356,7,-0.4215840499512307,False
D356,8,-0.4857986752874623,False
D356,9,-0.44895239916028506,False
D356,10,-0.4175138170168843,False
D356,11,-0.49447926916522505,False
D356,12,-0.5033543303203952,False
D356,13,-0.4471159202716314,False
D356,14,-0.4191707771208029,False
D356,15,-0.4333354997634266,False
D356,16,-0.4620599180576342,False
D356,17,-0.41011122772802827,False
D356,18,-0.4759999838251616,False
D356,19,-0.48603118937359874,False
D356,20,-0.41421166527598574,False
D356,21,-0.42278737698996166,False
D356,22,-0.43447585034365926,False
D356,23,-0.4972119331304059,False
D356,24,-0.4537748102662615,False
D356,25,-0.408922218355702,False
D356,26,-0.41971024847311006,False
D357,1,-0.44467761657547206,False
D357,2,-0.45784189365512706,False
D357,3,-0.44534935431936246,False
D357,4,-0.45379586549260614,False
D357,5,-0.43295129766444873,False
D357,6,-0.45378205869605476,False
D357,7,-0.42894379904135493,False
D357,8,-0.45076750045579317,False
D357,9,-0.45915623851124243,False
D357,10,-0.4642069217247689,False
D357,11,-0.43996718512597094,False
D357,12,-0.44718675834186294,False
D357,13,-0.48866385747706026,False
D357,14,-0.4791786437254347,False
D357,15,-0.4555422371534065,False
D357,16,-0.45740736922670167,False
D357,17,-0.4817757811046311,False
D357,18,-0.45731003183722535,False
D357,19,-0.4788351321629406,False
D357,20,-0.4684029755390879,False
D357,21,-0.440231973160764,False
D357,22,-0.48459461042199137,False
D357,23,-0.4481279393367124,False
D357,24,-0.4875106586346754,False
D357,25,-0.4995242299409801,False
D357,26,-0.5045035376607935,False
D358,1,-0.42405627129484325,False
D358,2,-0.4282132503718962,False
D358,3,-0.4169755584203911,False
D358,4,-0.4447466269179824,False
D358,5,-0.40341566682076674,False
D358,6,-0.42860753298123755,False
D358,7,-0.4169920672985945,False
D358,8,-0.44319393148249625,False
D358,9,-0.4191461673046801,False
D358,10,-0.4291678785054315,False
D358,11,-0.4221343211956025,False
D358,12,-0.4097336502358989,False
D358,13,-0.4200116632068122,False
D358,14,-0.49681513206760947,False
D358,15,-0.44169744201980377,False
D358,16,-0.41581924704802964,False
D358,17,-0.43180514657813074,False
D358,18,-0.4289137161615513,False
D358,19,-0.42661357690868074,False
D358,20,-0.42141657738602567,False
D358,21,-0.4219744057827931,False
D358,22,-0.41395045006205533,False
D358,23,-0.42624895778126215,False
D358,24,-0.4389143493045907,False
D358,25,-0.42291564159015155,False
D358,26,-0.4393970249628078,False
D359,1,-0.4096429592669463,False
D359,2,-0.4126565855270172,False
D359,3,-0.40118922134467133,False
D359,4,-0.4252329200596638,False
D359,5,-0.41396950408686156,False
D359,6,-0.4105265456159951,False
D359,7,-0.424441994216894,False
D359,8,-0.4150655113648628,False
D359,9,-0.4459970828242553,False
D359,10,-0.4312840116744754,False
D359,11,-0.39717212852799016,False
D359,12,-0.4269332844933728,False
D359,13,-0.41605085560571237,False
D359,14,-0.42335285308538967,False
D359,15,-0.405734720738972,False
D359,16,-0.42384839676349967,False
D359,17,-0.4443076359162595,False
D359,18,-0.44574808122605925,False
D359,19,-0.43237890036149845,False
D359,20,-0.4373000965179613,False
D359,21,-0.43553012860443485,False
D359,22,-0.42957737565620285,False
D360,1,-0.488527310588345,False
D360,2,-0.481858936908479,False
D360,3,-0.48527216769425924,False
D360,4,-0.4899738897666949,False
D360,5,-0.5018924892319264,False
D360,6,-0.464864906944266,False
D360,7,-0.4786188995095771,False
D360,8,-0.49689175760057536,False
D360,9,-0.46150290762879537,False
D360,10,-0.49168677496727914,False
D360,11,-0.4985236965217065,False
D360,12,-0.4744500210560228,False
D360,13,-0.4622800587461239,False
D360,14,-0.4619079186723801,False
D360,15,-0.5024112503965364,False
D360,16,-0.5176875051676549,False
D360,17,-0.5160741040745934,False
D360,18,-0.46306624454791023,False
D360,19,-0.47886147142931185,False
D360,20,-0.4945470319458045,False
D360,21,-0.4802117433576898,False
D360,22,-0.5022972412504676,False
D360,23,-0.5242747792632185,False
D360,24,-0.4928869658442142,False
D360,25,-0.47370563089201784,False
D360,26,-0.5174091503717013,False
D361,1,-0.535249617296133,True
D361,2,-0.5086661844492637,False
D361,3,-0.5157797567863224,False
D361,4,-0.5006910357061185,False
D361,5,-0.4500533565080598,False
D361,6,-0.4976382826622998,False
D361,7,-0.5186403334214341,False
D361,8,-0.5378195070293764,True
D361,9,-0.5497056551105995,True
D361,10,-0.5585888643011505,True
D361,11,-0.5534204180039849,True
D362,1,-0.44487889169873096,False
D362,2,-0.4398085103140215,False
D362,3,-0.42430216115580116,False
D362,4,-0.4270257393987469,False
D362,5,-0.44038176857613054,False
D362,6,-0.447493598345405,False
D362,7,-0.44909907127022913,False
D362,8,-0.43859537027885054,False
D362,9,-0.493692733134242,False
D362,10,-0.4533994041560467,False
D362,11,-0.4351784949077404,False
D362,12,-0.47029173326109847,False
D362,13,-0.47170694266428814,False
D362,14,-0.4394450882351007,False
D362,15,-0.43117381332721405,False
D362,16,-0.461152399318149,False
D362,17,-0.44633539888408136,False
D362,18,-0.4964748160948246,False
D362,19,-0.4510764747541826,False
D362,20,-0.5012264475593194,False
D362,21,-0.4461644531664718,False
D362,22,-0.4251092520078971,False
D362,23,-0.43418790696308757,False
D362,24,-0.4297911486110959,False
D362,25,-0.4738686005961951,False
D362,26,-0.4213489731082803,False
D363,1,-0.49935630566302847,False
D363,2,-0.4551998076785609,False
D363,3,-0.476735649105342,False
D363,4,-0.4485641664429821,False
D363,5,-0.46009418223493415,False
D363,6,-0.45564782500266465,False
D363,7,-0.4894099343402164,False
D363,8,-0.506416604536049,False
D363,9,-0.43376155689603946,False
D363,10,-0.45170388255890137,False
D363,11,-0.45068809202990273,False
D363,12,-0.4592336202204766,False
D363,13,-0.4564412672297877,False
D363,14,-0.44905648979654256,False
D363,15,-0.4504930163398817,False
D363,16,-0.461941075759671,False
D363,17,-0.43941287248647437,False
D363,18,-0.42746580374023785,False
D363,19,-0.4470374195444728,False
D363,20,-0.45979149076103937,False
D363,21,-0.4373084366444787,False
D363,22,-0.4856145577010189,False
D363,23,-0.47345539076280563,False
D363,24,-0.45815921281552996,False
D363,25,-0.4367552293693901,False
D363,26,-0.4598225275521377,False
D364,1,-0.4711964274179023,False
D364,2,-0.4485271430990891,False
D364,3,-0.471790721095968,False
D364,4,-0.46482229943625786,False
D364,5,-0.4226003588834802,False
D364,6,-0.4046160997669017,False
D364,7,-0.48394494278589767,False
D364,8,-0.46097162083485227,False
D364,9,-0.4330714911740582,False
D364,10,-0.43815645814200627,False
D364,11,-0.40062196483064744,False
D364,12,-0.44106229060986263,False
D364,13,-0.42024347786164534,False
D364,14,-0.44000977293944904,False
D364,15,-0.4370185050996929,False
D364,16,-0.4460300229845599,False
D364,17,-0.44976827653014917,False
D364,18,-0.4219856187193855,False
D364,19,-0.41095873499619434,False
D364,20,-0.422898144270992,False
D364,21,-0.4683109222525951,False
D364,22,-0.4491307463071299,False
D364,23,-0.4404225899414278,False
D364,24,-0.4307152734446735,False
D364,25,-0.4451638942489611,False
D365,1,-0.4611991462495759,False
D365,2,-0.5059885431283441,False
D365,3,-0.47520752307976677,False
D365,4,-0.4700419239374089,False
D365,5,-0.4889274548834451,False
D365,6,-0.4776504172859206,False
D365,7,-0.4841093936391058,False
D365,8,-0.4891897917923601,False
D365,9,-0.4725414797515811,False
D365,10,-0.48676498261254425,False
D365,11,-0.4954873078819984,False
D365,12,-0.4761388536294166,False
D365,13,-0.5042310182022123,False
D365,14,-0.44391910055818967,False
D365,15,-0.46102711585866524,False
D365,16,-0.493593222258705,False
D365,17,-0.5406833318185904,True
D365,18,-0.4695044983740577,False
D365,19,-0.46055959430910026,False
D365,20,-0.4736322116636357,False
D365,21,-0.4544848991642077,False
D365,22,-0.4747600065543043,False
D365,23,-0.48718942705068147,False
D365,24,-0.4737676753782373,False
D365,25,-0.48270747401175335,False
D365,26,-0.563029902404961,True
D366,1,-0.4089768143625541,False
D366,2,-0.425177552721854,False
D366,3,-0.42788063660031045,False
D366,4,-0.40652635216030825,False
D366,5,-0.43255361093240124,False
D366,6,-0.4296826184075942,False
D366,7,-0.4418498377879949,False
D366,8,-0.4110540552470216,False
D366,9,-0.44535711919833687,False
D366,10,-0.44717927777253563,False
D366,11,-0.44266007770310123,False
D366,12,-0.4172005102606683,False
D366,13,-0.4149380398797205,False
D366,14,-0.4079434719833364,False
D366,15,-0.4046603744266623,False
D366,16,-0.4689656063682244,False
D366,17,-0.4203099933067596,False
D366,18,-0.44010516448637454,False
D366,19,-0.4591056469506563,False
D366,20,-0.4303310951405614,False
D366,21,-0.440194468857966,False
D366,22,-0.46864900412246835,False
D366,23,-0.4140367979194832,False
D366,24,-0.4195427042648933,False
D366,25,-0.4288679350220366,False
D366,26,-0.4512236076009531,False
D367,1,-0.4814991116232759,False
D367,2,-0.48240092978164834,False
D367,3,-0.47378961502188466,False
D367,4,-0.477595640542169,False
D367,5,-0.4427969299021535,False
D367,6,-0.5090658774905266,False
D367,7,-0.4966486699366137,False
D367,8,-0.4953611508883092,False
D367,9,-0.49665929858334196,False
D367,10,-0.5537868601817006,True
D367,11,-0.5051488881682191,False
D367,12,-0.5104803342061837,False
D367,13,-0.4786747635540175,False
D367,14,-0.5046458349878575,False
D367,15,-0.5271570075517987,False
D367,16,-0.48353836340101564,False
D367,17,-0.47290904027844366,False
D367,18,-0.45814866641233815,False
D367,19,-0.4916309032985982,False
D367,20,-0.4970021910147028,False
D367,21,-0.47648387077300536,False
D367,22,-0.5158319293352661,False
D367,23,-0.5402075503661963,True
D367,24,-0.4792561492386233,False
D367,25,-0.5156955492689064,False
D367,26,-0.5467509573488241,True
D368,1,-0.4106668229952537,False
D368,2,-0.40281880095924094,False
D368,3,-0.41177847980622884,False
D368,4,-0.3992178251186033,False
D368,5,-0.3967773123735535,False
D368,6,-0.3982521533173314,False
D368,7,-0.4074167546871895,False
D368,8,-0.4012328842935084,False
D368,9,-0.4078930288427591,False
D368,10,-0.4191745972920712,False
D368,11,-0.45892597875286023,False
D368,12,-0.418215955089772,False
D368,13,-0.44127239886066966,False
D368,14,-0.41544431173033297,False
D368,15,-0.42485540021221,False
D368,16,-0.40270605714247854,False
D368,17,-0.4040835680708632,False
D368,18,-0.4075262008039212,False
D368,19,-0.3986305888671442,False
D368,20,-0.41126572023542624,False
D368,21,-0.4195874696511116,False
D368,22,-0.4196651566844252,False
D368,23,-0.4223460745452876,False
D368,24,-0.39298985154919464,False
D368,25,-0.405298399594889,False
D368,26,-0.4393679421955757,False
D369,1,-0.469096087330931,False
D369,2,-0.43589288514408725,False
D369,3,-0.43536109662652067,False
D369,4,-0.4205905958779086,False
D369,5,-0.43961900561969075,False
D369,6,-0.4302816771824368,False
D369,7,-0.44452743924406973,False
D369,8,-0.45473229528526954,False
D369,9,-0.41390073383348414,False
D369,10,-0.4302156220555611,False
D369,11,-0.4762071160552568,False
D369,12,-0.41278465537040926,False
D369,13,-0.46100895417806353,False
D369,14,-0.4246448525992933,False
D369,15,-0.42204589079766275,False
D369,16,-0.4387417735034177,False
D369,17,-0.41726523266265725,False
D369,18,-0.45615146293391445,False
D369,19,-0.46808053214287976,False
D369,20,-0.4493781202938374,False
D369,21,-0.43353024684458097,False
D369,22,-0.46711351433643367,False
D369,23,-0.42073505301669023,False
D369,24,-0.41249428944221883,False
D369,25,-0.4205795203769608,False
D369,26,-0.41413200012066914,False
D370,1,-0.40704140754903506,False
D370,2,-0.4128041996884569,False
D370,3,-0.4119209982914176,False
D370,4,-0.4260908051260788,False
D370,5,-0.45236367228889873,False
D370,6,-0.41079800067348254,False
D370,7,-0.41267695914967406,False
D370,8,-0.4288716465601777,False
D370,9,-0.423124411668275,False
D370,10,-0.40893593371746995,False
D370,11,-0.4302873053375599,False
D370,12,-0.5618745405570156,True
D370,13,-0.43153671543661487,False
D370,14,-0.4650162981526562,False
D370,15,-0.452773070541613,False
D370,16,-0.41591359770908704,False
D370,17,-0.4378239296218375,False
D370,18,-0.45634564691465446,False
D370,19,-0.44553053661505293,False
D370,20,-0.41566434888197795,False
D370,21,-0.44443527913159486,False
D370,22,-0.442351915783299,False
D370,23,-0.40900129819162445,False
D370,24,-0.4020674851541926,False
D370,25,-0.4303027112945141,False
D370,26,-0.42476984866066275,False
D371,1,-0.4023693612252083,False
D371,2,-0.44352306733779495,False
D371,3,-0.4737630291283895,False
D371,4,-0.4166961481943001,False
D371,5,-0.4237102564059609,False
D371,6,-0.43547336373424106,False
D371,7,-0.41787284679665265,False
D371,8,-0.4288786065637033,False
D371,9,-0.47341977351839193,False
D371,10,-0.48284900519637547,False
D371,11,-0.4046580287053495,False
D371,12,-0.430020542082854,False
D371,13,-0.41911189295486867,False
D371,14,-0.40715630360796295,False
D371,15,-0.44107686121732625,False
D371,16,-0.4168292161600553,False
D371,17,-0.4164140745315912,False
D371,18,-0.42833639895756936,False
D371,19,-0.4224300135700277,False
D371,20,-0.4367290795560051,False
D371,21,-0.4337049818794853,False
D371,22,-0.4304836044389602,False
D371,23,-0.4116908232292798,False
D371,24,-0.41772506461923564,False
D371,25,-0.4229566984239827,False
D371,26,-0.42024739211196394,False
D372,1,-0.41421247281279244,False
D372,2,-0.41463578518277366,False
D372,3,-0.42887868556017955,False
D372,4,-0.42305993988920293,False
D372,5,-0.4348201205822449,False
D372,6,-0.41322376362346275,False
D372,7,-0.40956673127276405,False
D372,8,-0.4162164426610237,False
D372,9,-0.42684417770352495,False
D372,10,-0.41405662050270964,False
D372,11,-0.4137437989694647,False
D372,12,-0.4179480432362967,False
D372,13,-0.47028064843655,False
D372,14,-0.5227039864095184,False
D372,15,-0.39451483638355617,False
D372,16,-0.40401949013723587,False
D372,17,-0.4065531493427328,False
D372,18,-0.41663982398158134,False
D372,19,-0.41464067158772194,False
D372,20,-0.4308753869255826,False
D372,21,-0.49130215197040694,False
D372,22,-0.40636327078313383,False
D372,23,-0.4186344841503859,False
D372,24,-0.4128133039325619,False
D372,25,-0.42330488613818984,False
D372,26,-0.43663218496555795,False
D373,1,-0.41653990680608055,False
D373,2,-0.4236913072192262,False
D373,3,-0.4338724712851121,False
D373,4,-0.477652620415966,False
D373,5,-0.43336317089708626,False
D373,6,-0.40400739530608104,False
D373,7,-0.5118091151052809,False
D373,8,-0.5265496358071323,False
D373,9,-0.40427865668185115,False
D373,10,-0.4380330332357975,False
D373,11,-0.43741239376898594,False
D373,12,-0.44066784115544316,False
D373,13,-0.41617601236525126,False
D373,14,-0.4198393133786077,False
D373,15,-0.43299709907275163,False
D373,16,-0.41253856201693545,False
D373,17,-0.4379344816598983,False
D373,18,-0.4423927941499189,False
D373,19,-0.40203936346407926,False
D373,20,-0.39835119168057037,False
D373,21,-0.4685208069267873,False
D373,22,-0.4814456229098175,False
D373,23,-0.42316775981865,False
D373,24,-0.43365306862614506,False
D373,25,-0.4465195980395469,False
D373,26,-0.44312216236972135,False
D374,1,-0.589275674994649,True
D374,2,-0.49111486650382863,False
D374,3,-0.5032062771655567,False
D374,4,-0.551774271302158,True
D374,5,-0.5230381682718384,False
D374,6,-0.49879078723545867,False
D374,7,-0.49245068262758923,False
D374,8,-0.5632684368557423,True
D374,9,-0.5619377610001873,True
D374,10,-0.559031977695714,True
D374,11,-0.5178857231018876,False
D374,12,-0.5167176023001884,False
D374,13,-0.4741033396788737,False
D374,14,-0.5202542902560657,False
D374,15,-0.5626654311643228,True
D374,16,-0.5159861090327129,False
D374,17,-0.5357798896428042,True
D374,18,-0.5691824048210015,True
D374,19,-0.5286582670895646,False
D374,20,-0.5339788919246564,True
D374,21,-0.4900293472551524,False
D374,22,-0.5287647426438765,False
D374,23,-0.5151083815806435,False
D374,24,-0.5155982258496993,False
D374,25,-0.5270767658078265,False
D374,26,-0.5279018094504586,False
D375,1,-0.4384445786024694,False
D375,2,-0.455831442229618,False
D375,3,-0.5152955221525883,False
D375,4,-0.44466598638302535,False
D375,5,-0.43466837353730575,False
D375,6,-0.4425172315620173,False
D375,7,-0.42412996611663506,False
D375,8,-0.4483437226551303,False
D375,9,-0.44991931020459025,False
D375,10,-0.4687856169087441,False
D375,11,-0.48119474857397143,False
D376,1,-0.4046216760041875,False
D376,2,-0.42417439484344405,False
D376,3,-0.4095302843830227,False
D376,4,-0.40343260096684525,False
D376,5,-0.41238087518896277,False
D376,6,-0.39860540396506544,False
D376,7,-0.3948205121956607,False
D376,8,-0.4162172625079696,False
D376,9,-0.393922905238972,False
D376,10,-0.40337618654206053,False
D376,11,-0.4007112513380398,False
D376,12,-0.4143784277562432,False
D376,13,-0.5014832598595711,False
D376,14,-0.4124621775035161,False
D376,15,-0.4101050185204168,False
D376,16,-0.4481390273449926,False
D376,17,-0.39954091756309995,False
D376,18,-0.4343696530354159,False
D376,19,-0.3975121358865228,False
D376,20,-0.4058581807162787,False
D376,21,-0.45325728777190205,False
D376,22,-0.41034373724963097,False
D376,23,-0.4124071761270141,False
D376,24,-0.43632117596621883,False
D376,25,-0.4028625209355224,False
D376,26,-0.419243789410953,False
D377,1,-0.4781222936149359,False
D377,2,-0.5640226908794927,True
D377,3,-0.4729250328446633,False
D377,4,-0.4897944936022085,False
D377,5,-0.47847962781175907,False
D377,6,-0.4601349841294003,False
D377,7,-0.5672908730000157,True
D377,8,-0.4700619704069266,False
D377,9,-0.5179222410587423,False
D377,10,-0.48148939439182936,False
D377,11,-0.48038840408321254,False
D377,12,-0.49965112227261976,False
D377,13,-0.5254550530721844,False
D377,14,-0.5258059934060197,False
D377,15,-0.5001888736275438,False
D377,16,-0.5403270847655423,True
D377,17,-0.45646197104577496,False
D377,18,-0.4754393849160462,False
D377,19,-0.519328547269514,False
D377,20,-0.5269241609830093,False
D377,21,-0.5228112549824565,False
D377,22,-0.4674071516835397,False
D377,23,-0.46820026051986685,False
D377,24,-0.4969850603098338,False
D377,25,-0.46386644219926776,False
D377,26,-0.5075905157672709,False
D378,1,-0.47278639784048426,False
D378,2,-0.4578504344208656,False
D378,3,-0.47194767284096706,False
D378,4,-0.4585814350152014,False
D378,5,-0.4757610539346857,False
D378,6,-0.49132938592966086,False
D378,7,-0.46063294531912324,False
D378,8,-0.47118791992128145,False
D378,9,-0.44512491488406586,False
D378,10,-0.4948134413015467,False
D378,11,-0.4757284422687989,False
D378,12,-0.5120039899444605,False
D378,13,-0.5297193451311442,False
D378,14,-0.4519637378457899,False
D378,15,-0.46776807497569245,False
D378,16,-0.4472400183837149,False
D378,17,-0.4698194544412662,False
D378,18,-0.4580481651676485,False
D378,19,-0.4679017363237833,False
D378,20,-0.4586000180860585,False
D378,21,-0.5097703406940501,False
D378,22,-0.48692879134961514,False
D378,23,-0.5302731483819242,False
D378,24,-0.5028004099139055,False
D378,25,-0.5144119193938905,False
D378,26,-0.44384682170849316,False
D379,1,-0.4822339660817115,False
D379,2,-0.469439947473153,False
D379,3,-0.4542502587274243,False
D379,4,-0.45621630439144095,False
D379,5,-0.4215641111308095,False
D379,6,-0.45174064933038427,False
D379,7,-0.4502042044645374,False
D379,8,-0.4225073533082991,False
D379,9,-0.4066285514855829,False
D379,10,-0.4263281789116388,False
D379,11,-0.4288785787423108,False
D379,12,-0.4773813041942245,False
D379,13,-0.44741770235863865,False
D379,14,-0.4444263803050613,False
D379,15,-0.4452515196242516,False
D379,16,-0.423839021909059,False
D379,17,-0.47196485197820426,False
D379,18,-0.4633277849250397,False
D379,19,-0.42500313850139493,False
D379,20,-0.4703070121684189,False
D379,21,-0.45485420846374897,False
D380,1,-0.4790725618329896,False
D380,2,-0.3984377906544359,False
D380,3,-0.410139193623518,False
D380,4,-0.441802931961711,False
D380,5,-0.41589533847005555,False
D380,6,-0.4418905179299682,False
D380,7,-0.46196227469324486,False
D380,8,-0.4221201143108171,False
D380,9,-0.4578590595546037,False
D380,10,-0.4105357319193692,False
D380,11,-0.4130118196311425,False
D380,12,-0.4092217300637823,False
D380,13,-0.4246803190445312,False
D380,14,-0.44741497471110075,False
D380,15,-0.4095679214424503,False
D380,16,-0.4511004838254107,False
D380,17,-0.40061009723076235,False
D380,18,-0.4026606341546585,False
D380,19,-0.45781175074760355,False
D380,20,-0.40953977867916397,False
D380,21,-0.440602907266462,False
D380,22,-0.43152378074483394,False
D380,23,-0.52816093472831,False
D380,24,-0.4378137198960721,False
D380,25,-0.4557998130688202,False
D380,26,-0.4283170342870468,False
D381,1,-0.43296290376686175,False
D381,2,-0.4604343224014047,False
D381,3,-0.4663389432926261,False
D381,4,-0.43793404034988853,False
D381,5,-0.4539590973620781,False
D381,6,-0.5149481368424378,False
D381,7,-0.43657464935805346,False
D381,8,-0.4124740440865521,False
D381,9,-0.4676561482876984,False
D381,10,-0.5094812451364253,False
D381,11,-0.4526869759271652,False
D381,12,-0.44212431526188956,False
D381,13,-0.4448702841956999,False
D381,14,-0.45627867702619374,False
D381,15,-0.4674945246634046,False
D381,16,-0.4252246280524193,False
D381,17,-0.47071715285948423,False
D381,18,-0.4526713694912665,False
D381,19,-0.4713099169189293,False
D381,20,-0.4540019668529902,False
D381,21,-0.44792058966217563,False
D381,22,-0.430613685498867,False
D381,23,-0.4525210921257202,False
D381,24,-0.46628191511448663,False
D381,25,-0.4490737752397145,False
D381,26,-0.43194427472291963,False
D382,1,-0.4357756094253568,False
D382,2,-0.5893880734247972,True
D382,3,-0.5625345325302475,True
D382,4,-0.46413481016774344,False
D382,5,-0.4542489340798845,False
D382,6,-0.45058097666107755,False
D382,7,-0.45109524458241446,False
D382,8,-0.45581563019215166,False
D382,9,-0.4434867556868423,False
D382,10,-0.44934351793876004,False
D382,11,-0.4464052570557499,False
D382,12,-0.4954277379315675,False
D382,13,-0.4408366696444256,False
D382,14,-0.4513349895664314,False
D382,15,-0.46423682514564374,False
D382,16,-0.4454520012951437,False
D382,17,-0.4333317893794038,False
D382,18,-0.4429448055567003,False
D382,19,-0.467815692954594,False
D382,20,-0.4798932674585181,False
D382,21,-0.4409226486390674,False
D382,22,-0.4875249696787987,False
D382,23,-0.45507091251196263,False
D382,24,-0.4513756904603532,False
D382,25,-0.46583149496914056,False
D382,26,-0.44540841995872876,False
D383,1,-0.4656172035400995,False
D383,2,-0.42408731371515174,False
D383,3,-0.41172718075355164,False
D383,4,-0.4088197063700373,False
D383,5,-0.46067510727480365,False
D383,6,-0.45035636221325315,False
D383,7,-0.5097456071642178,False
D383,8,-0.4341171839382075,False
D383,9,-0.436804217081229,False
D383,10,-0.4713053648924292,False
D383,11,-0.46254934881986737,False
D383,12,-0.4126480221043144,False
D383,13,-0.4893603199778373,False
D383,14,-0.4520831015630642,False
D383,15,-0.44727504826493647,False
D383,16,-0.4150935594834011,False
D383,17,-0.42630653071208907,False
D383,18,-0.4149952860168642,False
D383,19,-0.40967661651027243,False
D383,20,-0.44893535189901523,False
D383,21,-0.44533689881634164,False
D383,22,-0.45147742839287364,False
D383,23,-0.47627226741904327,False
D383,24,-0.40837073706268284,False
D383,25,-0.40916840497000206,False
D383,26,-0.484684996714912,False
D384,1,-0.4240968902557531,False
D384,2,-0.4145487289169938,False
D384,3,-0.41583040967378787,False
D384,4,-0.42042134905708933,False
D384,5,-0.39679012347939147,False
D384,6,-0.41139250628512797,False
D384,7,-0.43755264103568864,False
D384,8,-0.4191257078736884,False
D384,9,-0.42497849757173745,False
D384,10,-0.4126532963348821,False
D384,11,-0.4282142911533543,False
D384,12,-0.4400126381381133,False
D384,13,-0.4969563427995902,False
D384,14,-0.4402852973159477,False
D384,15,-0.42592922849539266,False
D384,16,-0.42835001942656603,False
D384,17,-0.4204865395204417,False
D384,18,-0.42695956365912974,False
D384,19,-0.41544408876557143,False
D384,20,-0.41565770370683675,False
D384,21,-0.4214263796108214,False
D384,22,-0.40782738897435783,False
D384,23,-0.4389788917196411,False
D384,24,-0.43641628768217877,False
D384,25,-0.43194948480223083,False
D384,26,-0.40845060841608616,False
D385,1,-0.42986962675502344,False
D385,2,-0.4495466908468176,False
D385,3,-0.4718296876245151,False
D385,4,-0.4429297708007442,False
D385,5,-0.47748909417680546,False
D385,6,-0.43845247467786097,False
D385,7,-0.44356512390912345,False
D385,8,-0.4715929156887458,False
D385,9,-0.43976875103608465,False
D385,10,-0.4533132636858808,False
D385,11,-0.42732779729351095,False
D385,12,-0.4520099639150788,False
D385,13,-0.43908672644165925,False
D385,14,-0.4559607160036796,False
D385,15,-0.45362240387121355,False
D385,16,-0.5373710658676247,True
D385,17,-0.5256462732534983,False
D385,18,-0.5198290876338021,False
D385,19,-0.4774542190939952,False
D385,20,-0.5363348041027349,True
D385,21,-0.5310671205437261,False
D385,22,-0.5629919218185736,True
D385,23,-0.5830431293336584,True
D386,1,-0.46245580454827995,False
D386,2,-0.45135713216453405,False
D386,3,-0.49031719587619554,False
D386,4,-0.46171100013625316,False
D386,5,-0.5007300136738383,False
D386,6,-0.4535235268076596,False
D386,7,-0.48989363250959245,False
D386,8,-0.44732897716361897,False
D386,9,-0.4555653506260362,False
D386,10,-0.4503498904313948,False
D386,11,-0.5012795151870391,False
D386,12,-0.46719106605338734,False
D386,13,-0.48715491029319424,False
D386,14,-0.44553902126977657,False
D386,15,-0.4544802407413116,False
D386,16,-0.46584810751862843,False
D386,17,-0.580390788287344,True
D386,18,-0.48349578948942745,False
D386,19,-0.462825034946969,False
D386,20,-0.4790814977567961,False
D386,21,-0.486752797667656,False
D386,22,-0.4823503280640344,False
D386,23,-0.4854225791930997,False
D386,24,-0.46777694605146125,False
D386,25,-0.5308840530187783,False
D386,26,-0.4649927256352379,False
D387,1,-0.4918964902187657,False
D387,2,-0.566294658940331,True
D387,3,-0.4639287940756224,False
D387,4,-0.5331106508882618,False
D387,5,-0.4672852181153164,False
D387,6,-0.4410809884397004,False
D387,7,-0.44575638230769554,False
D387,8,-0.4753358689163946,False
D387,9,-0.5579990291764487,True
D387,10,-0.43891375547826034,False
D387,11,-0.43714823760014615,False
D387,12,-0.5374081740788195,True
D387,13,-0.4993767874991402,False
D387,14,-0.44736094358181744,False
D387,15,-0.5012531017281326,False
D387,16,-0.5131721335340774,False
D387,17,-0.5060164616614535,False
D387,18,-0.5129420336617064,False
D387,19,-0.48486379778271027,False
D387,20,-0.4542192878367255,False
D387,21,-0.4838050144079272,False
D387,22,-0.46476725611540637,False
D387,23,-0.5052015728931928,False
D387,24,-0.46211601685668,False
D387,25,-0.4706589662025442,False
D387,26,-0.43602917142758557,False
D388,1,-0.45917933830660707,False
D388,2,-0.4320756463829439,False
D388,3,-0.4264451230678293,False
D388,4,-0.4107160788266898,False
D388,5,-0.4533148682300286,False
D388,6,-0.424035546773173,False
D388,7,-0.45350022029382503,False
D388,8,-0.46522742445223303,False
D388,9,-0.42840481294918786,False
D388,10,-0.428217711749685,False
D388,11,-0.44905295813257423,False
D388,12,-0.48837673910117235,False
D388,13,-0.4411724593531108,False
D388,14,-0.43843568260663435,False
D388,15,-0.4404924065733189,False
D388,16,-0.4171097932951852,False
D388,17,-0.4561750585178633,False
D388,18,-0.4520888651704682,False
D388,19,-0.4713625918297147,False
D388,20,-0.42606125695598634,False
D388,21,-0.5285589909781421,False
D388,22,-0.427941250286239,False
D388,23,-0.41788206340289774,False
D388,24,-0.458631480653521,False
D388,25,-0.42425647540843137,False
D388,26,-0.46715852783902023,False
D389,1,-0.47136099774056917,False
D389,2,-0.4847926436931413,False
D389,3,-0.5111048015062669,False
D389,4,-0.5113689157205729,False
D389,5,-0.49428452083943103,False
D389,6,-0.5036582306342612,False
D389,7,-0.6231884377011208,True
D389,8,-0.5221881304133078,False
D389,9,-0.5396702504933184,True
D389,10,-0.6388774613063628,True
D390,1,-0.47052787255132983,False
D390,2,-0.4413707098110919,False
D390,3,-0.4848712821374143,False
D390,4,-0.49150658372445316,False
D390,5,-0.49649741817453685,False
D390,6,-0.474386675710921,False
D390,7,-0.4487197160709478,False
D390,8,-0.4586239198475684,False
D390,9,-0.5000016976992262,False
D390,10,-0.5055430255488816,False
D390,11,-0.4655343178294987,False
D390,12,-0.46828094250137403,False
D390,13,-0.5015410942597347,False
D390,14,-0.4639397166407333,False
D390,15,-0.48797960736845786,False
D390,16,-0.47696883007888013,False
D390,17,-0.4644788495893224,False
D390,18,-0.5024417438588945,False
D390,19,-0.4701859887389336,False
D390,20,-0.531419576779397,False
D390,21,-0.51863392064386,False
D390,22,-0.45279644379245193,False
D390,23,-0.4464627743793146,False
D390,24,-0.46537229156892085,False
D390,25,-0.5040927986946231,False
D390,26,-0.5332120525329638,False
D391,1,-0.4312814200288175,False
D391,2,-0.449331721902149,False
D391,3,-0.5077339297509033,False
D391,4,-0.4595505111258797,False
D391,5,-0.437724633495165,False
D391,6,-0.45350952123010396,False
D391,7,-0.4359424479741533,False
D391,8,-0.4179947088042732,False
D391,9,-0.5153567466427729,False
D391,10,-0.45228746660504293,False
D391,11,-0.44505978395071205,False
D391,12,-0.46291199425232815,False
D391,13,-0.4166346952298226,False
D391,14,-0.4187468140422534,False
D391,15,-0.43952866817652436,False
D391,16,-0.4388105022918325,False
D391,17,-0.4346074183537736,False
D391,18,-0.4257959771277026,False
D391,19,-0.43030048716380864,False
D391,20,-0.4488304317681281,False
D391,21,-0.42384555616429626,False
D391,22,-0.40714255684216616,False
D391,23,-0.4238257702065668,False
D391,24,-0.4235507310822186,False
D391,25,-0.5163331928440973,False
D391,26,-0.4375999135232378,False
D392,1,-0.48246288405756627,False
D392,2,-0.4887220345357787,False
D392,3,-0.48361744038540366,False
D392,4,-0.5013941817770147,False
D392,5,-0.5092157029794175,False
D392,6,-0.5509097423500918,True
D392,7,-0.5130272604645634,False
D392,8,-0.536945910845354,True
D392,9,-0.4832984278910583,False
D392,10,-0.4732286168172834,False
D392,11,-0.6305177414607598,True
D392,12,-0.5154043867897741,False
D392,13,-0.5181935535919616,False
D392,14,-0.4769446387518332,False
D392,15,-0.49820171113416534,False
D392,16,-0.5241698988258792,False
D392,17,-0.49333158283354517,False
D392,18,-0.5046367234988557,False
D392,19,-0.5203260166960672,False
D392,20,-0.4825759772947243,False
D392,21,-0.4828998059744677,False
D392,22,-0.511120065739815,False
D392,23,-0.5080544554455289,False
D392,24,-0.4845071622621752,False
D392,25,-0.49633289487758053,False
D392,26,-0.5331372222591374,False
D393,1,-0.4582945850146877,False
D393,2,-0.4279099604279094,False
D393,3,-0.42607122244296886,False
D393,4,-0.44413195672770117,False
D393,5,-0.43463673463826624,False
D393,6,-0.48560383395882883,False
D393,7,-0.46273283703037843,False
D393,8,-0.46524877979381246,False
D393,9,-0.47147467158674644,False
D393,10,-0.46634176698032825,False
D393,11,-0.45336539144966864,False
D393,12,-0.47762242732420385,False
D393,13,-0.4387333500562282,False
D393,14,-0.44673036259395876,False
D393,15,-0.45111441321156626,False
D393,16,-0.4287599801411458,False
D393,17,-0.4482786813003871,False
D393,18,-0.4706520783523294,False
D393,19,-0.46282586225234507,False
D393,20,-0.4752453952230192,False
D393,21,-0.4281253790031368,False
D393,22,-0.4572534181042781,False
D393,23,-0.4347233441203855,False
D393,24,-0.47227187589986386,False
D393,25,-0.45778529148415725,False
D393,26,-0.46169764039699235,False
D394,1,-0.3936592257108311,False
D394,2,-0.401107157702917,False
D394,3,-0.4375225265312908,False
D394,4,-0.4309533965287691,False
D394,5,-0.4338374935612819,False
D394,6,-0.43105543341133984,False
D394,7,-0.4302728618894886,False
D394,8,-0.4202015490770526,False
D394,9,-0.4530239457153477,False
D394,10,-0.42947801457835966,False
D394,11,-0.41727095196043734,False
D394,12,-0.3937698889586592,False
D394,13,-0.41944056674153674,False
D394,14,-0.41498534387096025,False
D394,15,-0.46168938859771375,False
D394,16,-0.4232086792712763,False
D394,17,-0.3971851612784075,False
D394,18,-0.39327783188904913,False
D394,19,-0.4085062787220678,False
D394,20,-0.4443101643346921,False
D394,21,-0.42280841932986074,False
D394,22,-0.4192178332915061,False
D394,23,-0.404190269340574,False
D394,24,-0.40073858619702474,False
D394,25,-0.4079633338901267,False
D394,26,-0.39498733887608084,False
D395,1,-0.44906254961881426,False
D395,2,-0.4679419569030189,False
D395,3,-0.4441957137383206,False
D395,4,-0.4983973579978466,False
D395,5,-0.46811429831694074,False
D395,6,-0.4799277502622428,False
D395,7,-0.43196980307932203,False
D395,8,-0.4470979673496985,False
D395,9,-0.4429627997659892,False
D395,10,-0.4559161939213308,False
D395,11,-0.48031588676122744,False
D395,12,-0.4751226732130251,False
D395,13,-0.4565042777377765,False
D395,14,-0.4782261431320422,False
D395,15,-0.5227363544044316,False
D395,16,-0.46890512183990624,False
D395,17,-0.44428666680174445,False
D395,18,-0.4659801238579328,False
D395,19,-0.5002073501424239,False
D395,20,-0.4781533768097723,False
D395,21,-0.43699096796917586,False
D395,22,-0.43687359788837865,False
D395,23,-0.4495059574923747,False
D395,24,-0.49870732758377684,False
D395,25,-0.4792802517813034,False
D395,26,-0.4922797721943588,False
D396,1,-0.4111856203166121,False
D396,2,-0.42697329897037056,False
D396,3,-0.43979016053106806,False
D396,4,-0.42864779884521464,False
D396,5,-0.4814635804898136,False
D396,6,-0.43048819658226406,False
D396,7,-0.4026634648542257,False
D396,8,-0.42405178049368625,False
D396,9,-0.4282025990038014,False
D396,10,-0.43506887657983984,False
D396,11,-0.44376130761032656,False
D396,12,-0.4340439157008771,False
D396,13,-0.3979947478183111,False
D396,14,-0.4457734018913959,False
D396,15,-0.41320726421391807,False
D396,16,-0.44458893852628706,False
D396,17,-0.4202803775879964,False
D396,18,-0.41372711629704945,False
D396,19,-0.43954439921312405,False
D396,20,-0.4066659564993782,False
D396,21,-0.4442796077950464,False
D396,22,-0.4233377604891594,False
D396,23,-0.40782073073148506,False
D396,24,-0.4170495867776641,False
D396,25,-0.40680110449552753,False
D396,26,-0.40232504489498566,False
D397,1,-0.4513354308213088,False
D397,2,-0.4151196799846402,False
D397,3,-0.4371508678512766,False
D397,4,-0.4141462513185832,False
D397,5,-0.42809400169673517,False
D397,6,-0.4219583630948197,False
D397,7,-0.4166926169833352,False
D397,8,-0.4527802959275254,False
D397,9,-0.4128853634469016,False
D397,10,-0.44312292341767096,False
D397,11,-0.45263284629599737,False
D397,12,-0.4573141533757504,False
D397,13,-0.4373403827471445,False
D397,14,-0.45788486889109775,False
D397,15,-0.43623562863484006,False
D397,16,-0.4345368716585908,False
D397,17,-0.42687489449027427,False
D397,18,-0.4180590658525251,False
D397,19,-0.42508802710105975,False
D397,20,-0.4335748908344793,False
D397,21,-0.42977162316330897,False
D397,22,-0.42920974640668896,False
D397,23,-0.4115797124352414,False
D397,24,-0.4158253975556384,False
D397,25,-0.42394976914313875,False
D397,26,-0.42715332385421095,False
D398,1,-0.4336074526452433,False
D398,2,-0.4572322043165905,False
D398,3,-0.47371990483585835,False
D398,4,-0.42969787757444433,False
D398,5,-0.44556855524774464,False
D398,6,-0.42785608386753526,False
D398,7,-0.4107594308064629,False
D398,8,-0.4485510058924916,False
D398,9,-0.43575393460851963,False
D398,10,-0.41455316003849035,False
D398,11,-0.4179975046519678,False
D398,12,-0.4188413782638888,False
D398,13,-0.44157261922059526,False
D398,14,-0.4885451240312713,False
D398,15,-0.44785585167783587,False
D398,16,-0.4681776493234791,False
D399,1,-0.41949515401970117,False
D399,2,-0.4030398464139444,False
D399,3,-0.41880869900048207,False
D399,4,-0.4246874615341624,False
D399,5,-0.41381532565467927,False
D399,6,-0.41259197539543085,False
D399,7,-0.4210828280625085,False
D399,8,-0.4196635384599381,False
D399,9,-0.41185255647568686,False
D399,10,-0.4239148940692972,False
D399,11,-0.43487999377401443,False
D399,12,-0.4166094715619366,False
D399,13,-0.4114089108318558,False
D399,14,-0.4278943156516057,False
D399,15,-0.4142764418179205,False
D399,16,-0.42528502414703695,False
D399,17,-0.40589798552851664,False
D399,18,-0.42184643080031375,False
D399,19,-0.4331266799562649,False
D399,20,-0.4211589237615598,False
D399,21,-0.42549342035972954,False
D399,22,-0.42134084186543286,False
D399,23,-0.4270326007304077,False
D399,24,-0.4260021029936248,False
D399,25,-0.4181219622285495,False
D399,26,-0.40903043622083146,False
D400,1,-0.47007419586163113,False
D400,2,-0.404881367656512,False
D400,3,-0.4596729988915099,False
D400,4,-0.41885759870421363,False
D400,5,-0.4343911489565036,False
D400,6,-0.4168536174085271,False
D400,7,-0.4711007011025146,False
D400,8,-0.48019629138654374,False
D400,9,-0.4412614864181673,False
D400,10,-0.4347828283589213,False
D400,11,-0.4510290961356014,False
D400,12,-0.41823257602058306,False
D400,13,-0.4395163728350127,False
D400,14,-0.44299269226335225,False
D400,15,-0.4438760133756618,False
D400,16,-0.48118072550298546,False
D400,17,-0.45136634969167305,False
D400,18,-0.4379235737698975,False
D400,19,-0.45381373476285297,False
D400,20,-0.43140159125011523,False
D400,21,-0.444658336587678,False
D400,22,-0.429830399800616,False
D400,23,-0.41248553828292084,False
D400,24,-0.4218369569749688,False
D400,25,-0.41279085014605793,False
D400,26,-0.4605801913629606,False
D401,1,-0.46520572321175596,False
D401,2,-0.4628601041817296,False
D401,3,-0.4361649983792675,False
D401,4,-0.49898547560333,False
D401,5,-0.48171154705450414,False
D401,6,-0.46849107837369647,False
D401,7,-0.486087960105206,False
D401,8,-0.46790975962393344,False
D401,9,-0.461201858609524,False
D401,10,-0.46262265329659696,False
D401,11,-0.4568324337242449,False
D401,12,-0.45268904746605776,False
D401,13,-0.4399451793381174,False
D401,14,-0.4505582738714199,False
D401,15,-0.4594660636473298,False
D401,16,-0.4519570880130171,False
D401,17,-0.4517220876906785,False
D401,18,-0.4951804468459097,False
D401,19,-0.442523480828712,False
D401,20,-0.45414590135750366,False
D401,21,-0.4551487606880835,False
D401,22,-0.47244515482277794,False
D401,23,-0.43939319635150514,False
D401,24,-0.5049580249656049,False
D401,25,-0.47274471744277,False
D401,26,-0.5255577138677845,False
D402,1,-0.4180801833979274,False
D402,2,-0.44062782803391654,False
D402,3,-0.41642229850131096,False
D402,4,-0.4247392489087828,False
D402,5,-0.4152731100591929,False
D402,6,-0.421348869436462,False
D402,7,-0.4251144407249475,False
D402,8,-0.44786393929140794,False
D402,9,-0.42852685631429904,False
D402,10,-0.4431030192849847,False
D402,11,-0.4466452395335032,False
D402,12,-0.45491154601473616,False
D402,13,-0.4087363632277305,False
D402,14,-0.44790193366530695,False
D402,15,-0.4228820309841291,False
D402,16,-0.4341464732947095,False
D402,17,-0.45499245425177404,False
D402,18,-0.40370770631458736,False
D402,19,-0.42077926012571587,False
D402,20,-0.4438603355549722,False
D402,21,-0.4575126721514154,False
D402,22,-0.4197159428444901,False
D402,23,-0.46492670639581335,False
D402,24,-0.44559664296139834,False
D402,25,-0.41691987872809444,False
D402,26,-0.41768308768548573,False
D403,1,-0.470657883360185,False
D403,2,-0.4313921359470747,False
D403,3,-0.4520398070417061,False
D403,4,-0.45889274293174437,False
D403,5,-0.44155344026449367,False
D403,6,-0.43174957916388224,False
D403,7,-0.4467714495847167,False
D403,8,-0.4476597281451987,False
D403,9,-0.5092093027410027,False
D403,10,-0.46784555363888264,False
D403,11,-0.42973747354719277,False
D403,12,-0.43859333664206707,False
D403,13,-0.43463457303475544,False
D403,14,-0.4244418781393607,False
D403,15,-0.4282814319564055,False
D403,16,-0.43599631413250794,False
D403,17,-0.4434664025469429,False
D403,18,-0.4867924931400454,False
D403,19,-0.4215631370498936,False
D403,20,-0.4292991737361179,False
D403,21,-0.520756441890374,False
D403,22,-0.425274717152853,False
D403,23,-0.4408299906094321,False
D403,24,-0.42989166018399366,False
D403,25,-0.4507821546973232,False
D403,26,-0.4582871468088713,False
D404,1,-0.4544788218346299,False
D404,2,-0.4217548475111393,False
D404,3,-0.460793775346935,False
D404,4,-0.43998091219265917,False
D404,5,-0.43997410667375064,False
D404,6,-0.448123477281815,False
D404,7,-0.4589027642574798,False
D404,8,-0.43370007289259493,False
D404,9,-0.4522036035590087,False
D404,10,-0.43299476706679646,False
D404,11,-0.4667989841676708,False
D404,12,-0.46026642652233957,False
D404,13,-0.43175280606561106,False
D404,14,-0.4890795178962714,False
D404,15,-0.4441792143682857,False
D404,16,-0.44166231071585244,False
D404,17,-0.45580283401099375,False
D404,18,-0.43294243690906015,False
D404,19,-0.44910665849939513,False
D404,20,-0.47838444173035793,False
D404,21,-0.48395366913827526,False
D404,22,-0.4569034911637948,False
D404,23,-0.4777172790224879,False
D404,24,-0.44920896633026364,False
D404,25,-0.4625624494714417,False
D404,26,-0.46298586407746906,False
D405,1,-0.4865251039942064,False
D405,2,-0.4707891045298064,False
D405,3,-0.47246165864136686,False
D405,4,-0.4911544875421196,False
D405,5,-0.46550808571057106,False
D405,6,-0.4725488134958903,False
D405,7,-0.4278277559205127,False
D405,8,-0.47301280855012445,False
D405,9,-0.47733206451044835,False
D405,10,-0.5261151010667904,False
D405,11,-0.48406564977021516,False
D405,12,-0.4998751867903066,False
D405,13,-0.46841586056495155,False
D405,14,-0.4509042139768887,False
D405,15,-0.4848505912912582,False
D405,16,-0.4725785777738192,False
D405,17,-0.45400895069154773,False
D405,18,-0.46619346227150776,False
D405,19,-0.44268171800727313,False
D405,20,-0.4435124206913985,False
D405,21,-0.4644100493262485,False
D405,22,-0.47008197261552376,False
D405,23,-0.4787755107303138,False
D405,24,-0.48080920073432115,False
D405,25,-0.4653593841800464,False
D405,26,-0.4814309992444695,False
D406,1,-0.42139224004290565,False
D406,2,-0.41155357519605257,False
D406,3,-0.4339951803626547,False
D406,4,-0.42831383338428036,False
D406,5,-0.4240500447205983,False
D406,6,-0.44336376639570163,False
D406,7,-0.4340907082827086,False
D406,8,-0.4397121931409991,False
D406,9,-0.44842300294386034,False
D406,10,-0.4158715988867714,False
D406,11,-0.44107392982664306,False
D406,12,-0.45519158585307457,False
D406,13,-0.4531978138183584,False
D406,14,-0.4721850841740677,False
D406,15,-0.4274840141546656,False
D406,16,-0.42032047947824447,False
D406,17,-0.43984482857487345,False
D406,18,-0.42219478452761894,False
D406,19,-0.4417643088633273,False
D406,20,-0.4255795161085967,False
D406,21,-0.41416393546698294,False
D406,22,-0.43514834340139896,False
D406,23,-0.39582761565143604,False
D406,24,-0.44122435551061856,False
D406,25,-0.4441421065186964,False
D406,26,-0.4301868061738861,False
D407,1,-0.45355683064638386,False
D407,2,-0.421312006598631,False
D407,3,-0.4599498701374148,False
D407,4,-0.45295729211330354,False
D407,5,-0.43084771204636024,False
D407,6,-0.44778367982813155,False
D407,7,-0.42537677993053996,False
D407,8,-0.4305415864142733,False
D407,9,-0.43551973190247373,False
D407,10,-0.467724513312259,False
D407,11,-0.4320221321973998,False
D407,12,-0.4567038483773645,False
D407,13,-0.43277372307369805,False
D407,14,-0.45931419023705916,False
D407,15,-0.4403173579691975,False
D407,16,-0.4515059832572965,False
D407,17,-0.440271097870838,False
D407,18,-0.4409695425591516,False
D407,19,-0.461525953997115,False
D407,20,-0.4917127973231847,False
D407,21,-0.4770018585985489,False
D407,22,-0.4425548435857101,False
D407,23,-0.4936185038590928,False
D407,24,-0.43961220275021773,False
D407,25,-0.4431949856437421,False
D407,26,-0.45584453553899706,False
D408,1,-0.4594684840604461,False
D408,2,-0.43006753465175007,False
D408,3,-0.441376049025444,False
D408,4,-0.41244658969548853,False
D408,5,-0.44470043304201495,False
D408,6,-0.44762661516542485,False
D408,7,-0.40992809524470186,False
D408,8,-0.40767580875827086,False
D408,9,-0.4080783047100658,False
D408,10,-0.4091658043875582,False
D408,11,-0.40109855496622737,False
D408,12,-0.43639556595908546,False
D408,13,-0.41275568542310553,False
D408,14,-0.416732331167223,False
D408,15,-0.3999257982649637,False
D408,16,-0.3984714278207731,False
D408,17,-0.4799474257158674,False
D408,18,-0.42896244607410594,False
D408,19,-0.41780828067846654,False
D408,20,-0.4036660600915588,False
D408,21,-0.41467681446933813,False
D408,22,-0.44834562167959535,False
D408,23,-0.4317033981451023,False
D408,24,-0.4308424867270441,False
D408,25,-0.4160893841620521,False
D408,26,-0.4362438366016339,False
D409,1,-0.4090380424494725,False
D409,2,-0.40743829071641496,False
D409,3,-0.46031142589335006,False
D409,4,-0.4532715995968807,False
D409,5,-0.41405352920226685,False
D409,6,-0.4036130240976022,False
D409,7,-0.43095898453810605,False
D409,8,-0.4342532678713231,False
D409,9,-0.45649389208165214,False
D409,10,-0.45358389077868594,False
D409,11,-0.4056237774277168,False
D409,12,-0.41867224475722814,False
D409,13,-0.41930758873647145,False
D409,14,-0.4155261125916739,False
D409,15,-0.4307768807752121,False
D409,16,-0.42527746889261897,False
D409,17,-0.43782087764634164,False
D409,18,-0.4351895758231334,False
D409,19,-0.4068085846040436,False
D409,20,-0.4585834297635294,False
D409,21,-0.42554679895732805,False
D409,22,-0.42308432567022314,False
D409,23,-0.488363493645913,False
D409,24,-0.4325695932727165,False
D409,25,-0.42360475745689613,False
D409,26,-0.40175931951290605,False
D410,1,-0.4371190732694388,False
D410,2,-0.4180492012471474,False
D410,3,-0.4050153375122336,False
D410,4,-0.4273351993122925,False
D410,5,-0.42239281629916525,False
D410,6,-0.43761015546944354,False
D410,7,-0.41687650529020465,False
D410,8,-0.407305784222531,False
D410,9,-0.4706258863718174,False
D410,10,-0.4461711231785709,False
D410,11,-0.4018403143297156,False
D410,12,-0.4162181695192685,False
D410,13,-0.44056106436686526,False
D410,14,-0.4346074945084119,False
D410,15,-0.42682964971040516,False
D410,16,-0.400144086898569,False
D410,17,-0.43080827908279196,False
D410,18,-0.40404900727885146,False
D410,19,-0.49832114618160855,False
D410,20,-0.4519918872894132,False
D410,21,-0.44393004889026083,False
D410,22,-0.4370358937896952,False
D410,23,-0.435066401696488,False
D410,24,-0.42600848250971923,False
D410,25,-0.41090141472894925,False
D410,26,-0.46131476613617645,False
D411,1,-0.43992746132065436,False
D411,2,-0.41663196688855975,False
D411,3,-0.44192775126388223,False
D411,4,-0.4523139159957717,False
D411,5,-0.4169779796444413,False
D411,6,-0.45179372536718193,False
D411,7,-0.42931940590954876,False
D411,8,-0.43146673643258693,False
D411,9,-0.4197422135053821,False
D411,10,-0.45253094388100257,False
D411,11,-0.4332649421900472,False
D411,12,-0.42612028937074825,False
D411,13,-0.4238851079102603,False
D411,14,-0.42206137249621944,False
D411,15,-0.4680488491068083,False
D411,16,-0.445242377034505,False
D411,17,-0.4538178764699021,False
D411,18,-0.4660550967632905,False
D411,19,-0.45832061403848084,False
D411,20,-0.4354951431285349,False
D411,21,-0.4355279862211908,False
D411,22,-0.43223199125905803,False
D411,23,-0.44573355834501893,False
D411,24,-0.4467500480955865,False
D411,25,-0.4378046026086355,False
D411,26,-0.4236316691212618,False
D412,1,-0.476648031207638,False
D412,2,-0.48533216101972637,False
D412,3,-0.5001027311368753,False
D412,4,-0.5094252346531271,False
D412,5,-0.5202408230243933,False
D412,6,-0.47049169064746,False
D412,7,-0.5116857549773285,False
D412,8,-0.525337536788924,False
D412,9,-0.49235793357081786,False
D412,10,-0.48093221575251177,False
D412,11,-0.4637152926648683,False
D412,12,-0.4895625425194258,False
D412,13,-0.5010951522283631,False
D412,14,-0.4693747368024478,False
D412,15,-0.5054235575115464,False
D412,16,-0.514461803289737,False
D412,17,-0.5337789886781826,False
D412,18,-0.4729071481776706,False
D412,19,-0.5421159304997702,True
D412,20,-0.4869203348504275,False
D412,21,-0.5381634401355976,True
D412,22,-0.5214770876251097,False
D412,23,-0.4989223358241421,False
D412,24,-0.4949304313104726,False
D412,25,-0.49334629171399447,False
D412,26,-0.45967187162027245,False
D413,1,-0.4326889648553737,False
D413,2,-0.4357795015584713,False
D413,3,-0.4434150048635693,False
D413,4,-0.40746778115938986,False
D413,5,-0.42495869910688283,False
D413,6,-0.42538362836824267,False
D413,7,-0.4100111393386738,False
D413,8,-0.41183839425654034,False
D413,9,-0.43150368839652997,False
D413,10,-0.47155051531287745,False
D414,1,-0.4365821544582867,False
D414,2,-0.43098462459392534,False
D414,3,-0.41443016593685456,False
D414,4,-0.4371739590184788,False
D414,5,-0.4263861581660857,False
D414,6,-0.43619108955797453,False
D414,7,-0.4429513331584327,False
D414,8,-0.40978327573414447,False
D414,9,-0.43341600059039687,False
D414,10,-0.42888714039862097,False
D414,11,-0.43774433155332737,False
D414,12,-0.4627792362660044,False
D414,13,-0.44188056465248887,False
D414,14,-0.43212196089166205,False
D414,15,-0.4794247551866096,False
D414,16,-0.472956315394515,False
D414,17,-0.431314134480546,False
D414,18,-0.4338714266304055,False
D414,19,-0.4310487123898988,False
D414,20,-0.4599259227613261,False
D414,21,-0.45509655840342145,False
D414,22,-0.4437431556907015,False
D414,23,-0.4821125252233509,False
D414,24,-0.4461212342062985,False
D414,25,-0.4698529114356152,False
D414,26,-0.43876475958580186,False
D415,1,-0.4928391748295395,False
D415,2,-0.6047641755906844,True
D415,3,-0.4685051562511931,False
D415,4,-0.47901750680303634,False
D415,5,-0.46182618630816813,False
D415,6,-0.43081394206015505,False
D415,7,-0.48345304201809236,False
D415,8,-0.52512165076102,False
D415,9,-0.43818269342096605,False
D415,10,-0.448956339260616,False
D415,11,-0.48144833603693205,False
D415,12,-0.4319434205872188,False
D415,13,-0.4500185653416457,False
D415,14,-0.47545255801006403,False
D415,15,-0.4472008779046568,False
D415,16,-0.42574856348949924,False
D415,17,-0.4448162621864586,False
D415,18,-0.43636075094275656,False
D415,19,-0.4254522625813102,False
D415,20,-0.4347186113215601,False
D415,21,-0.5047666124135199,False
D415,22,-0.44380335501161783,False
D415,23,-0.4425287486940458,False
D415,24,-0.4460232988728346,False
D415,25,-0.4276823452852402,False
D415,26,-0.43496225596966803,False
D416,1,-0.4304391419670937,False
D416,2,-0.42940823468903067,False
D416,3,-0.4132340057056915,False
D416,4,-0.4404073300254292,False
D416,5,-0.4173927790657476,False
D416,6,-0.4177078219326182,False
D416,7,-0.4707425912994578,False
D416,8,-0.4517528472236272,False
D416,9,-0.4530806537131275,False
D416,10,-0.4651757666879748,False
D416,11,-0.4083706234344026,False
D416,12,-0.40797081336340535,False
D416,13,-0.42158398393076346,False
D416,14,-0.40850397184915876,False
D416,15,-0.43144621450810705,False
D416,16,-0.410090332849403,False
D416,17,-0.41024641060086836,False
D416,18,-0.41357367346281343,False
D416,19,-0.4480797235811724,False
D416,20,-0.43888563448906887,False
D416,21,-0.4133876394151123,False
D416,22,-0.4139841820855855,False
D416,23,-0.419586467079636,False
D416,24,-0.42968648099393725,False
D416,25,-0.4090081284398423,False
D416,26,-0.42541726231933996,False
D417,1,-0.4725728324557553,False
D417,2,-0.5334290340834913,False
D417,3,-0.49819348364474075,False
D417,4,-0.49167029350695507,False
D417,5,-0.48770771661931617,False
D417,6,-0.45209207068653456,False
D417,7,-0.5056660556173219,False
D417,8,-0.4550561006317897,False
D417,9,-0.4911322445159032,False
D417,10,-0.4978730320604555,False
D417,11,-0.5365680571716877,True
D417,12,-0.4960260172573999,False
D417,13,-0.49005154948304885,False
D417,14,-0.4877695679482249,False
D417,15,-0.5054678943906207,False
D417,16,-0.5229297915058385,False
D417,17,-0.5493621644791807,True
D417,18,-0.5361292477972415,True
D417,19,-0.4652601264679835,False
D417,20,-0.4956422465022179,False
D417,21,-0.4547591906876059,False
D417,22,-0.5209319876554868,False
D417,23,-0.49812937358903364,False
D417,24,-0.5576524131551713,True
D417,25,-0.5496081382901928,True
D417,26,-0.48687905606579734,False
D418,1,-0.40546629286838454,False
D418,2,-0.41309938467537943,False
D418,3,-0.41456275955177324,False
D418,4,-0.3918897057508833,False
D418,5,-0.4098506915605007,False
D418,6,-0.390992766841817,False
D418,7,-0.40918549837060164,False
D418,8,-0.42498228275884653,False
D418,9,-0.4196386142960085,False
D418,10,-0.4040708017291935,False
D418,11,-0.40378560665227115,False
D418,12,-0.4126119982122955,False
D418,13,-0.4222852972651682,False
D418,14,-0.4144962136779271,False
D418,15,-0.41450503164186103,False
D418,16,-0.4061588309848187,False
D418,17,-0.44443199257476435,False
D418,18,-0.40786414098844875,False
D418,19,-0.4179369967424379,False
D418,20,-0.405691521081627,False
D418,21,-0.42132666780891104,False
D418,22,-0.42238303703985414,False
D418,23,-0.41086706431880116,False
D418,24,-0.4618037087062379,False
D418,25,-0.4039826726441926,False
D418,26,-0.4020504115626851,False
D419,1,-0.4848193592502053,False
D419,2,-0.5201447120499383,False
D419,3,-0.48242132411960803,False
D419,4,-0.49887097018630205,False
D419,5,-0.4845846355709342,False
D419,6,-0.4628191663358266,False
D419,7,-0.4833068228795771,False
D419,8,-0.514667017012378,False
D419,9,-0.4795011863997104,False
D419,10,-0.46719009495418584,False
D419,11,-0.5077325611391825,False
D419,12,-0.4657650906183344,False
D419,13,-0.47707327352099826,False
D419,14,-0.4857272567557408,False
D419,15,-0.5285830156467742,False
D419,16,-0.49461707217445433,False
D419,17,-0.4451073924768424,False
D419,18,-0.5270046288040188,False
D419,19,-0.5194697197302256,False
D419,20,-0.48938579872608967,False
D419,21,-0.5539060493471388,True
D419,22,-0.555572072740613,True
D419,23,-0.6818841144049825,True
D419,24,-0.6208873791678291,True
D420,1,-0.4780180213954758,False
D420,2,-0.4513600227936451,False
D420,3,-0.43481947254035347,False
D420,4,-0.4331157899726265,False
D420,5,-0.4654896627731739,False
D420,6,-0.427507379986134,False
D420,7,-0.4765644153958631,False
D420,8,-0.45721296930938005,False
D420,9,-0.4669797275889076,False
D420,10,-0.4441208044002302,False
D420,11,-0.4364987985083319,False
D420,12,-0.4749761456596405,False
D420,13,-0.4865182961925703,False
D420,14,-0.4621308044752242,False
D420,15,-0.49272580947986355,False
D420,16,-0.5022589795082257,False
D420,17,-0.46781752349672345,False
D420,18,-0.47018638507714394,False
D420,19,-0.46092201541141664,False
D420,20,-0.46443207141932785,False
D420,21,-0.4372728677002946,False
D420,22,-0.45918472550166384,False
D420,23,-0.4967636375437196,False
D420,24,-0.4866089527501109,False
D420,25,-0.4657644050366166,False
D420,26,-0.504495570502925,False
D421,1,-0.4515125470111453,False
D421,2,-0.43020395434127545,False
D421,3,-0.46461636820091945,False
D421,4,-0.43537193401364965,False
D421,5,-0.433366628112632,False
D421,6,-0.46364308706979546,False
D421,7,-0.42178950944714483,False
D421,8,-0.45233947727929125,False
D421,9,-0.4568263881106106,False
D421,10,-0.4377497677314052,False
D421,11,-0.45255531939361904,False
D421,12,-0.4205743839984153,False
D421,13,-0.4584234808272988,False
D421,14,-0.43096804891673546,False
D421,15,-0.43801559209635754,False
D421,16,-0.48158513773512035,False
D421,17,-0.42737669571782705,False
D421,18,-0.4206395138579579,False
D421,19,-0.43424952789205706,False
D421,20,-0.4348083209177792,False
D421,21,-0.45769405495027926,False
D421,22,-0.454889840760766,False
D421,23,-0.47569543762752065,False
D421,24,-0.42842226191793553,False
D421,25,-0.46641684178694187,False
D421,26,-0.4203932854596301,False
D422,1,-0.48683306151369277,False
D422,2,-0.4589126036794979,False
D422,3,-0.4860573084234694,False
D422,4,-0.460630074972043,False
D422,5,-0.48083819303166103,False
D422,6,-0.5829613628482712,True
D422,7,-0.5074989777767158,False
D422,8,-0.5393670954682082,True
D422,9,-0.5005974928673244,False
D422,10,-0.5333639133636223,False
D422,11,-0.480437827147107,False
D422,12,-0.5452020472054115,True
D422,13,-0.4457015096857493,False
D422,14,-0.5227305381971485,False
D422,15,-0.4553644192274275,False
D422,16,-0.48448762544926227,False
D422,17,-0.4627323526091,False
D422,18,-0.5137531417407,False
D422,19,-0.47420345835436956,False
D422,20,-0.5005040966305447,False
D422,21,-0.4885720010755442,False
D422,22,-0.5106013019640171,False
D422,23,-0.5051924818095794,False
D422,24,-0.5506924046441545,True
D422,25,-0.4773871286769423,False
D422,26,-0.47772941958751064,False
D423,1,-0.49658046012372553,False
D423,2,-0.4241934443507908,False
D423,3,-0.41474359289399193,False
D423,4,-0.4593513213792289,False
D423,5,-0.4267288253227307,False
D423,6,-0.4344761033883714,False
D423,7,-0.42501163445196183,False
D423,8,-0.44111172166929363,False
D423,9,-0.44676820941843204,False
D423,10,-0.447510669219408,False
D423,11,-0.4351031446761622,False
D423,12,-0.4331903974709254,False
D423,13,-0.45176727578068115,False
D423,14,-0.423961278120956,False
D423,15,-0.43467304849735544,False
D423,16,-0.4225630520872504,False
D423,17,-0.44473512032708784,False
D423,18,-0.47716822227778505,False
D423,19,-0.44032499514159035,False
D423,20,-0.42215261286617717,False
D423,21,-0.4267639918757951,False
D423,22,-0.4580135129770223,False
D423,23,-0.42182114409568733,False
D423,24,-0.469478526597303,False
D423,25,-0.431842734041122,False
D423,26,-0.45269838595892264,False
D424,1,-0.508868440493524,False
D424,2,-0.6248340251655686,True
D424,3,-0.4929268948974879,False
D424,4,-0.49415798541097417,False
D424,5,-0.5069060177823314,False
D424,6,-0.474980531599411,False
D424,7,-0.5280084127885295,False
D424,8,-0.46363584264348606,False
D424,9,-0.5469198306671471,True
D424,10,-0.5408629306220353,True
D424,11,-0.4788018879706971,False
D424,12,-0.5015822360289612,False
D424,13,-0.5797670368238308,True
D424,14,-0.5186266669370371,False
D424,15,-0.5081203157292764,False
D424,16,-0.506537753638217,False
D424,17,-0.5218098934825797,False
D424,18,-0.5170602599752316,False
D424,19,-0.5411118967359619,True
D424,20,-0.5961923041466973,True
D424,21,-0.6185704250776713,True
D424,22,-0.6088806349471685,True
D424,23,-0.5877049567997661,True
D425,1,-0.4760915727034926,False
D425,2,-0.40288969720208734,False
D425,3,-0.43162349443657855,False
D425,4,-0.41874471344007697,False
D425,5,-0.44575341648542754,False
D425,6,-0.43100718736062243,False
D425,7,-0.4248519480307063,False
D425,8,-0.45553992583926123,False
D425,9,-0.4140649663600594,False
D425,10,-0.46824570577528013,False
D425,11,-0.42309297519895867,False
D425,12,-0.459028345063844,False
D425,13,-0.42956995861676606,False
D425,14,-0.44450090537475995,False
D425,15,-0.47002164486737885,False
D425,16,-0.4957746149124789,False
D425,17,-0.4683112558839741,False
D425,18,-0.4310174919515247,False
D425,19,-0.42818546074207087,False
D425,20,-0.43640835580382037,False
D425,21,-0.43332454550057786,False
D425,22,-0.42400851911888,False
D425,23,-0.4164204223540933,False
D425,24,-0.4749776181670041,False
D425,25,-0.4408577787366224,False
D425,26,-0.41984087160102995,False
D426,1,-0.4604578624575249,False
D426,2,-0.44921907268053773,False
D426,3,-0.43079480359927375,False
D426,4,-0.4885785164079012,False
D426,5,-0.4447403350570711,False
D426,6,-0.4922798989053916,False
D426,7,-0.4636524647187614,False
D426,8,-0.4582238271327893,False
D426,9,-0.4484907742978219,False
D426,10,-0.4430909379910366,False
D426,11,-0.4513816102343858,False
D426,12,-0.4484734812157379,False
D426,13,-0.4305305319830899,False
D426,14,-0.4458543969363112,False
D426,15,-0.4255599340443133,False
D426,16,-0.47115149640439585,False
D426,17,-0.4410381057620866,False
D426,18,-0.4469552297170624,False
D426,19,-0.45663735304452363,False
D426,20,-0.4792288308056411,False
D426,21,-0.4358426304698724,False
D426,22,-0.48436431794323764,False
D426,23,-0.47065884372584743,False
D426,24,-0.45774847190093676,False
D426,25,-0.4308462474128191,False
D426,26,-0.49583137893498186,False
D427,1,-0.45872073198051483,False
D427,2,-0.4683648620648566,False
D427,3,-0.4577718120676197,False
D427,4,-0.48572160532769515,False
D427,5,-0.43911598184204237,False
D427,6,-0.5430039503114011,True
D427,7,-0.4670899874787937,False
D427,8,-0.4488948283541432,False
D427,9,-0.4621357876687485,False
D427,10,-0.495558547482723,False
D427,11,-0.5080867522977233,False
D427,12,-0.4754969690645075,False
D427,13,-0.494873146143063,False
D427,14,-0.4468144069933833,False
D427,15,-0.45637428413969666,False
D427,16,-0.44419167917503866,False
D427,17,-0.4577088229719988,False
D427,18,-0.4770054097075964,False
D427,19,-0.472832980212063,False
D427,20,-0.4771289782255204,False
D427,21,-0.511994218240902,False
D427,22,-0.5289044277525748,False
D427,23,-0.47404217753474853,False
D427,24,-0.45222342979899954,False
D427,25,-0.43411485485733436,False
D427,26,-0.45815881484828136,False
D428,1,-0.4129660533867405,False
D428,2,-0.4393672063229577,False
D428,3,-0.42718358713133253,False
D428,4,-0.42209475903455185,False
D428,5,-0.43082349524904456,False
D428,6,-0.4747744899895851,False
D428,7,-0.43213373265333493,False
D428,8,-0.4400572966586027,False
D428,9,-0.4297235877291308,False
D428,10,-0.4374548455643354,False
D428,11,-0.449881232393572,False
D428,12,-0.4270088417068451,False
D428,13,-0.42823538067333156,False
D428,14,-0.43804811903966,False
D428,15,-0.4344769102530191,False
D428,16,-0.4665515421286027,False
D428,17,-0.4284543128133474,False
D428,18,-0.4354594484320249,False
D428,19,-0.43282339997294944,False
D428,20,-0.4268882470886136,False
D428,21,-0.44375590987120156,False
D428,22,-0.43993120288701354,False
D428,23,-0.453417289993898,False
D428,24,-0.4492302582370892,False
D428,25,-0.44532732638375483,False
D428,26,-0.45644221299706567,False
D429,1,-0.5037231613697001,False
D429,2,-0.5473705270315702,True
D429,3,-0.46041620243578335,False
D429,4,-0.47759769613601893,False
D429,5,-0.45685393661653173,False
D429,6,-0.4443010650459298,False
D429,7,-0.46089196467375243,False
D429,8,-0.516006081906267,False
D429,9,-0.48127342523267447,False
D429,10,-0.45470574637193717,False
D429,11,-0.4683978139113425,False
D429,12,-0.459827946833867,False
D429,13,-0.49246154435528655,False
D429,14,-0.4580299775153636,False
D429,15,-0.45855492708284545,False
D429,16,-0.49617376938363916,False
D429,17,-0.5163065365406087,False
D429,18,-0.4963885188253427,False
D429,19,-0.45148195959911225,False
D429,20,-0.5139702940430492,False
D429,21,-0.4908547386445215,False
D429,22,-0.45083347582111855,False
D429,23,-0.4282368896326798,False
D429,24,-0.45506035273905165,False
D429,25,-0.47634271630673125,False
D429,26,-0.452493737497882,False
D430,1,-0.4995486472891739,False
D430,2,-0.45693968005274793,False
D430,3,-0.4590533433431838,False
D430,4,-0.42917665802106447,False
D430,5,-0.45383410805700913,False
D430,6,-0.4976006317719603,False
D430,7,-0.44703125680130684,False
D430,8,-0.45718673570135665,False
D430,9,-0.43330521426971963,False
D430,10,-0.4864867380058593,False
D430,11,-0.48769158070862056,False
D430,13,-0.48075251752694065,False
D430,14,-0.45176110184939994,False
D430,15,-0.4721209941175947,False
D430,16,-0.5152287545264335,False
D430,17,-0.46716991562885124,False
D430,18,-0.47572471223433216,False
D430,19,-0.48201933733926006,False
D430,20,-0.6034174917413307,True
D430,21,-0.45965506386383087,False
D430,22,-0.5223349578117602,False
D430,23,-0.439264459528042,False
D430,24,-0.5429107055818484,True
D430,25,-0.5179396219937857,False
D430,26,-0.5210707573215017,False
D431,1,-0.4106554014287199,False
D431,2,-0.45538778811656017,False
D431,3,-0.4095935384630187,False
D431,4,-0.450871920336753,False
D431,5,-0.4275529447701603,False
D431,6,-0.4113699460017099,False
D431,7,-0.45248539795563847,False
D431,8,-0.4185009737517331,False
D431,9,-0.43908215159667224,False
D431,10,-0.41846796749767057,False
D431,11,-0.4749396958592076,False
D431,12,-0.42936877585934313,False
D431,13,-0.4025322480746715,False
D431,14,-0.40715983306266573,False
D431,15,-0.4363053940821522,False
D431,16,-0.46437756128044405,False
D431,17,-0.43464157105422063,False
D431,18,-0.4263661055145749,False
D431,19,-0.42670770552041626,False
D431,20,-0.428854277505382,False
D431,21,-0.423422619990339,False
D431,22,-0.42856404549505683,False
D431,23,-0.43306208097240617,False
D431,24,-0.41446833015227463,False
D431,25,-0.43306885398731193,False
D431,26,-0.4052297863934736,False
D432,1,-0.5451252655515147,True
D432,2,-0.5507008790442769,True
D432,3,-0.5015203877507873,False
D432,4,-0.565285610487117,True
D432,5,-0.4823657773731737,False
D432,6,-0.5076050257511675,False
D432,7,-0.5406180612586409,True
D432,8,-0.47712464876233907,False
D432,9,-0.49019042559875037,False
D432,10,-0.49376982572144956,False
D432,11,-0.5187587628516076,False
D432,12,-0.49894509234422024,False
D432,13,-0.5880723759991802,True
D432,14,-0.4697911121486045,False
D432,15,-0.4631232787364963,False
D432,16,-0.48834909587457137,False
D432,17,-0.5164801974993447,False
D432,18,-0.5736115299705337,True
D432,19,-0.4675989374077857,False
D432,20,-0.4861950173526081,False
D432,21,-0.4885979280234845,False
D432,22,-0.47705431215595595,False
D432,23,-0.5816931063033411,True
D432,24,-0.501242575665812,False
D432,25,-0.5208704447085482,False
D432,26,-0.5988342624307728,True
D433,1,-0.4698571607490358,False
D433,2,-0.46112878498850185,False
D433,3,-0.44547808321342053,False
D433,4,-0.43376592523258045,False
D433,5,-0.4585569909801979,False
D433,6,-0.461442764121471,False
D433,7,-0.45640233041551354,False
D433,8,-0.4585034134664963,False
D433,9,-0.4437517522712063,False
D433,10,-0.4751095687349603,False
D433,11,-0.48274952912014985,False
D433,12,-0.4888810647870952,False
D433,13,-0.4606654540149955,False
D433,14,-0.4884612046806744,False
D433,15,-0.4407815316320741,False
D433,16,-0.4727008842061409,False
D433,17,-0.5142575233969582,False
D433,18,-0.4485932024971911,False
D433,19,-0.4330258568890349,False
D434,1,-0.4304328590206501,False
D434,2,-0.4008583383650718,False
D434,3,-0.40284708519097095,False
D434,4,-0.48965657263467943,False
D434,5,-0.43043816652215117,False
D434,6,-0.4421603918351089,False
D434,7,-0.3990520297687866,False
D434,8,-0.420724725162595,False
D434,9,-0.4165139244595587,False
D434,10,-0.4410487439248277,False
D434,11,-0.3953161271084467,False
D434,12,-0.4056412041357489,False
D434,13,-0.3933658852733596,False
D434,14,-0.4230662106665095,False
D434,15,-0.40954658752550227,False
D434,16,-0.3871613001401053,False
D434,17,-0.4079067843563346,False
D434,18,-0.4340291875387838,False
D434,19,-0.40696075913987273,False
D434,20,-0.4224592031174943,False
D434,21,-0.4316945501520231,False
D434,22,-0.40575161824922384,False
D434,23,-0.3885407602521127,False
D434,24,-0.4147510598597605,False
D434,25,-0.41676482307423923,False
D434,26,-0.42293435381205663,False
D435,1,-0.4542807592184834,False
D435,2,-0.42986307309747146,False
D435,3,-0.4353965656569645,False
D435,4,-0.45087753341793924,False
D435,5,-0.46441737622262846,False
D435,6,-0.45432022775857256,False
D435,7,-0.4469038544185309,False
D435,8,-0.4860204668168392,False
D435,9,-0.42647871727777703,False
D435,10,-0.4684131889340522,False
D435,11,-0.43870522737965195,False
D435,12,-0.4611753326942213,False
D435,13,-0.45705504800507857,False
D435,14,-0.4295263119700661,False
D435,15,-0.44792548185336445,False
D435,16,-0.4499457844449827,False
D435,17,-0.45030574147298097,False
D435,18,-0.43377631188508714,False
D435,19,-0.4575586615074859,False
D435,20,-0.47462647265403524,False
D435,21,-0.43301638573508466,False
D435,22,-0.4483390714715362,False
D435,23,-0.4398282256128184,False
D435,24,-0.4446175822653134,False
D435,25,-0.4334407930549025,False
D435,26,-0.42164837920378545,False
D436,1,-0.4482492293031127,False
D436,2,-0.4615167531555806,False
D436,3,-0.4375361341939688,False
D436,4,-0.44535783455185096,False
D436,5,-0.4342362259486662,False
D436,6,-0.4698648987444009,False
D436,7,-0.41849476589890783,False
D436,8,-0.45797660689537856,False
D436,9,-0.4268641554723561,False
D436,10,-0.4726592641579456,False
D436,11,-0.4649500334527835,False
D436,12,-0.4389328090913913,False
D436,13,-0.4616464160279398,False
D436,14,-0.44017266197215094,False
D436,15,-0.4825457556336685,False
D436,16,-0.4149643752385493,False
D436,17,-0.4555701634753033,False
D436,18,-0.4262276981420344,False
D436,19,-0.4329787049842496,False
D436,20,-0.47414135092903387,False
D436,21,-0.43440765592047836,False
D436,22,-0.40595767830190754,False
D436,23,-0.4524095737854205,False
D436,24,-0.45276227744112507,False
D436,25,-0.45243740403094546,False
D436,26,-0.4886677972557285,False
D437,1,-0.42494461920976784,False
D437,2,-0.5040577357030706,False
D437,3,-0.46615069148663907,False
D437,4,-0.4649401107121413,False
D437,5,-0.4076170517257096,False
D437,6,-0.42663819209724496,False
D437,7,-0.46008268940427793,False
D437,8,-0.4756265327713386,False
D437,9,-0.40347842465351524,False
D437,10,-0.4418425221796215,False
D437,11,-0.4343658406314635,False
D438,1,-0.47474181337963284,False
D438,2,-0.45354743682812115,False
D438,3,-0.4705308352998858,False
D438,4,-0.4385612997631771,False
D438,5,-0.4273610601344766,False
D438,6,-0.4590660194593359,False
D438,7,-0.4644748294378399,False
D438,8,-0.47741631796611805,False
D438,9,-0.4848075151637068,False
D438,10,-0.44449136793790595,False
D438,11,-0.4546169818977992,False
D438,12,-0.5550335121113664,True
D438,13,-0.4918659807362665,False
D438,14,-0.45560927088120134,False
D438,15,-0.4760808300643089,False
D438,16,-0.45683486715494726,False
D438,17,-0.4473173018311966,False
D438,18,-0.49761121520493723,False
D438,19,-0.4598888316724222,False
D438,20,-0.46751469165206444,False
D438,21,-0.4415993685791357,False
D438,22,-0.43084141621438726,False
D438,23,-0.5184682208154102,False
D438,24,-0.4445650490678709,False
D438,25,-0.4688326412357473,False
D438,26,-0.464222801097733,False
D439,1,-0.4329242667900078,False
D439,2,-0.4418355884449195,False
D439,3,-0.42919037578603647,False
D439,4,-0.46118671778248727,False
D439,5,-0.43415004113291755,False
D439,6,-0.45866432307091265,False
D439,7,-0.46143160754284956,False
D439,8,-0.4428331925114927,False
D439,9,-0.4114347810215616,False
D439,10,-0.4505771046517716,False
D439,11,-0.4803356038832055,False
D439,12,-0.4852992821945197,False
D439,13,-0.47190568820393236,False
D439,14,-0.471152276082545,False
D439,15,-0.47301687422061034,False
D439,16,-0.42276006326099397,False
D439,17,-0.43023279279080784,False
D439,18,-0.4798482528904561,False
D439,19,-0.4440043797790595,False
D439,20,-0.4760673341923283,False
D439,21,-0.4344516842850961,False
D439,22,-0.42532944906660003,False
D439,23,-0.48261320401522345,False
D439,24,-0.4934975330495173,False
D439,25,-0.42963268265334464,False
D439,26,-0.44578641569163224,False
D440,1,-0.44138632458066945,False
D440,2,-0.42366942580996375,False
D440,3,-0.4246175042307133,False
D440,4,-0.4566413840169847,False
D440,5,-0.4118084131669096,False
D440,6,-0.45503957550250707,False
D440,7,-0.43623872071681336,False
D440,8,-0.41484774026274174,False
D440,9,-0.43218196779863005,False
D440,10,-0.4095540563153962,False
D440,11,-0.4278641001097553,False
D440,12,-0.4254483251487043,False
D440,13,-0.45463070049397747,False
D440,14,-0.46789446073666896,False
D440,15,-0.45836245318188173,False
D440,16,-0.46014058112734907,False
D440,17,-0.4592707625850639,False
D440,18,-0.4185501575740921,False
D440,19,-0.44426479838459154,False
D440,20,-0.43892138874183506,False
D440,21,-0.4152425986667053,False
D440,22,-0.4377159611570133,False
D440,23,-0.4422897370416938,False
D440,24,-0.4296832589653937,False
D440,25,-0.43095001879106243,False
D440,26,-0.44018051951880277,False
D441,1,-0.47336651815557856,False
D441,2,-0.4048471014348559,False
D441,3,-0.44016308166219154,False
D441,4,-0.45274457742495333,False
D441,5,-0.4226661773471978,False
D441,6,-0.4457566917938407,False
D441,7,-0.4302727143885287,False
D441,8,-0.4291838285182722,False
D441,9,-0.4176134663555309,False
D441,10,-0.42461992667084797,False
D441,11,-0.4346099318612281,False
D441,12,-0.4721145065240107,False
D441,13,-0.44621249629902376,False
D441,14,-0.404730086537411,False
D441,15,-0.4692464643671221,False
D441,16,-0.412558783054395,False
D441,17,-0.4180575221691439,False
D441,18,-0.4419609054366268,False
D441,19,-0.43072310669145936,False
D441,20,-0.4593270643236709,False
D441,21,-0.4338895841649838,False
D441,22,-0.42515601247961105,False
D441,23,-0.4626038798116628,False
D441,24,-0.4686010096375608,False
D441,25,-0.4248265640255509,False
D441,26,-0.4407665991847665,False
D442,1,-0.41106768763579205,False
D442,2,-0.44927982525887233,False
D442,3,-0.4351899655368863,False
D442,4,-0.4205235355026916,False
D442,5,-0.4201471132603289,False
D442,6,-0.42387776574057073,False
D442,7,-0.43240888547841727,False
D442,8,-0.42623358637795317,False
D442,9,-0.42585157146765923,False
D442,10,-0.43875207361321905,False
D442,11,-0.44180480364892705,False
D442,12,-0.46848970740310114,False
D442,13,-0.44956263044968536,False
D442,14,-0.483153048239861,False
D442,15,-0.42883761863847814,False
D442,16,-0.42770640494720374,False
D442,17,-0.43581425439721266,False
D442,18,-0.43255359766422163,False
D442,19,-0.42563570133381795,False
D442,20,-0.4611106915767114,False
D442,21,-0.43701175586865093,False
D442,22,-0.43866988557520753,False
D442,23,-0.48819692089560834,False
D442,24,-0.43541516467194286,False
D442,25,-0.43176512193673183,False
D442,26,-0.4270453099380167,False
D443,1,-0.4332712937547723,False
D443,2,-0.5220801195466873,False
D443,3,-0.39568162934435286,False
D443,4,-0.4642676939240735,False
D443,5,-0.46274207972365167,False
D443,6,-0.4148105031843571,False
D443,7,-0.47336256012964395,False
D443,8,-0.47946649300508715,False
D443,9,-0.4234373808576562,False
D443,10,-0.45785585841554605,False
D443,11,-0.42632681626017604,False
D443,12,-0.41875372000831756,False
D443,13,-0.4405226043745179,False
D443,14,-0.46715959157418996,False
D443,15,-0.41186309984115876,False
D443,16,-0.4182584318664848,False
D443,17,-0.43508971919928885,False
D443,18,-0.4801077507290185,False
D443,19,-0.4716799322394547,False
D443,20,-0.41775503830621624,False
D443,21,-0.3997484295933626,False
D443,22,-0.4343243612134186,False
D443,23,-0.41455162652167843,False
D443,24,-0.45722506198034024,False
D443,25,-0.4882318754499371,False
D443,26,-0.4320837731567235,False
D444,1,-0.451513981951673,False
D444,2,-0.43434305644848914,False
D444,3,-0.42140117306662905,False
D444,4,-0.4639261287796186,False
D444,5,-0.4453383195050532,False
D444,6,-0.5003792706986793,False
D444,7,-0.45903530985635593,False
D444,8,-0.4118892068204027,False
D444,9,-0.4536499859724912,False
D444,10,-0.43469725994005787,False
D444,11,-0.4190286017491337,False
D444,12,-0.4537088418663967,False
D444,13,-0.4211551504264702,False
D444,14,-0.4239938479897642,False
D444,15,-0.4446591658848234,False
D444,16,-0.48132291321314863,False
D444,17,-0.4204217396448479,False
D444,18,-0.4241764779642162,False
D444,19,-0.44675699931969726,False
D444,20,-0.5050483188577276,False
D444,21,-0.434575757690921,False
D444,22,-0.4247346479471205,False
D444,23,-0.47405333410511313,False
D444,24,-0.4290212864599812,False
D444,25,-0.4700497968226163,False
D445,1,-0.4474195648509733,False
D445,2,-0.4387908585573524,False
D445,3,-0.44374538902868516,False
D445,4,-0.45208558454156683,False
D445,5,-0.4328537022838202,False
D445,6,-0.4775515045331467,False
D445,7,-0.4810826210044701,False
D445,8,-0.47486356123684276,False
D445,9,-0.4502429633130903,False
D445,10,-0.4818347732401044,False
D445,11,-0.48178184232801824,False
D445,12,-0.48017852819035595,False
D445,13,-0.4498853966748157,False
D445,14,-0.48601445281234007,False
D445,15,-0.49353048690632256,False
D445,16,-0.5238825722729616,False
D445,17,-0.5385522816404039,True
D445,18,-0.5273999975343913,False
D445,19,-0.4824877996482385,False
D445,20,-0.6071966107619634,True
D446,1,-0.5156377839764158,False
D446,2,-0.4619336655920247,False
D446,3,-0.46513997791748307,False
D446,4,-0.4664446580961845,False
D446,5,-0.5121853339583149,False
D446,6,-0.5384032467074553,True
D446,7,-0.5124391299302667,False
D446,8,-0.49961582832439033,False
D446,9,-0.44231774494311576,False
D446,10,-0.4922324579674975,False
D446,11,-0.547816664538863,True
D446,12,-0.5309392605889,False
D446,13,-0.5015386501919656,False
D446,14,-0.5036728151345671,False
D446,15,-0.4934599446882804,False
D446,16,-0.5467827729197354,True
D446,17,-0.49249888188782376,False
D446,18,-0.5526953044422287,True
D446,19,-0.4842777967128915,False
D446,20,-0.5399984661861563,True
D446,21,-0.5129586952397177,False
D446,22,-0.47908096407153195,False
D446,23,-0.5321226336305673,False
D446,24,-0.5086555266883159,False
D446,25,-0.5494078532937117,True
D446,26,-0.4487127146193325,False
D447,1,-0.5009371201532942,False
D447,2,-0.4690155517377081,False
D447,3,-0.5379988145836828,True
D447,4,-0.5146647925783873,False
D447,5,-0.46231673125266787,False
D447,6,-0.48928948950578327,False
D447,7,-0.47562666217869304,False
D447,8,-0.4631782469312266,False
D447,9,-0.4550689156697737,False
D447,10,-0.5050871590916758,False
D447,11,-0.47886005150265626,False
D447,12,-0.4789396700538487,False
D447,13,-0.46048838359222394,False
D447,14,-0.5138244902690626,False
D447,15,-0.45037276156514455,False
D447,16,-0.5053291227338091,False
D447,17,-0.5019660938424708,False
D447,18,-0.483087038265618,False
D447,19,-0.4392645389484232,False
D447,20,-0.5003986646255144,False
D447,21,-0.4794003417915134,False
D447,22,-0.5061998477078641,False
D447,23,-0.48786584865176025,False
D447,24,-0.5001369084919595,False
D447,25,-0.47696961268394417,False
D447,26,-0.4973148639968615,False
D448,1,-0.4987031018148269,False
D448,2,-0.528409509228585,False
D448,3,-0.46214692302296456,False
D448,4,-0.4797861626482224,False
D448,5,-0.5162208313482106,False
D448,6,-0.568923662762114,True
D448,7,-0.44541777661514326,False
D448,8,-0.5519611442996103,True
D448,9,-0.44410334264115475,False
D448,10,-0.5027283214558067,False
D448,11,-0.49395253905794795,False
D448,12,-0.5296211761295133,False
D448,13,-0.508296441034457,False
D448,14,-0.523032917373127,False
D448,15,-0.4878499766424555,False
D448,16,-0.5181455088843767,False
D448,17,-0.4381317027323954,False
D448,18,-0.45357216946372486,False
D448,19,-0.4906661676855818,False
D448,20,-0.4920416368423873,False
D448,21,-0.4924955687318869,False
D448,22,-0.5424882189486425,True
D448,23,-0.524894909546508,False
D448,24,-0.558141977923166,True
D448,25,-0.4885930502320682,False
D448,26,-0.5540354153446252,True
D449,1,-0.463496627901486,False
D449,2,-0.5201281193273051,False
D449,3,-0.4591912503747722,False
D449,4,-0.4643652693590632,False
D449,5,-0.4634162697392521,False
D449,6,-0.4807010162551249,False
D449,7,-0.45668506766149264,False
D449,8,-0.5014734575309046,False
D449,9,-0.47061325540964627,False
D449,10,-0.578859054046313,True
D449,11,-0.45195672245803564,False
D449,12,-0.485986723570309,False
D449,13,-0.5068098810456538,False
D449,14,-0.5304416450988352,False
D449,15,-0.49200286850123,False
D449,16,-0.4908734725307817,False
D449,17,-0.5148946419238292,False
D449,18,-0.4747422825837214,False
D449,19,-0.4461923470466633,False
D449,20,-0.4399685626821293,False
D449,21,-0.5474312143603514,True
D449,22,-0.45480933975255833,False
D449,23,-0.49079515759916026,False
D449,24,-0.5024563286459109,False
D449,25,-0.5022045655736004,False
D449,26,-0.516696925666298,False
D450,1,-0.4764353779366543,False
D450,2,-0.515695016247542,False
D450,3,-0.5202955748159567,False
D450,4,-0.5623995951172722,True
D450,5,-0.5588679843944041,True
D450,6,-0.5395520145793704,True
D450,7,-0.5013818835319224,False
D450,8,-0.524998968892469,False
D450,9,-0.5509567870508412,True
D450,10,-0.5239298289503397,False
D450,11,-0.5136957175188328,False
D450,12,-0.4719122928178458,False
D450,13,-0.5268801377715293,False
D450,14,-0.5599472426817742,True
D450,15,-0.5314664998204517,False
D450,16,-0.5720942473461988,True
D450,17,-0.5071005460507281,False
D450,18,-0.5171854098784217,False
D450,19,-0.5468968673931262,True
D450,20,-0.49665282204690925,False
D450,21,-0.5197824427376676,False
D450,22,-0.48855886662119274,False
D450,23,-0.5144161905735835,False
D450,24,-0.5081722301633517,False
D450,25,-0.5334915177593563,False
D450,26,-0.5233438006236395,False
D451,1,-0.5051005443954397,False
D451,2,-0.4855359762808001,False
D451,3,-0.5461860777633382,True
D451,4,-0.5722859461322088,True
D451,5,-0.5103771330746423,False
D451,6,-0.48678988925600425,False
D451,7,-0.5109806060473625,False
D451,8,-0.4762267356718993,False
D451,9,-0.4961059137195331,False
D451,10,-0.49406439372858885,False
D451,11,-0.5016649736405718,False
D451,12,-0.49527865094516227,False
D451,13,-0.49120617880146406,False
D451,14,-0.5023567370656542,False
D451,15,-0.48590332922174645,False
D451,16,-0.5445646717605588,True
D451,17,-0.4776779053760501,False
D451,18,-0.48472224447863194,False
D451,19,-0.46582294660815127,False
D451,20,-0.45020362223056254,False
D451,21,-0.5585869402015357,True
D451,22,-0.4937002844396177,False
D451,23,-0.4733264664095006,False
D451,24,-0.4945352783632224,False
D451,25,-0.506533736693434,False
D451,26,-0.470268833662716,False
D452,1,-0.4876427466545981,False
D452,2,-0.4213075965752042,False
D452,3,-0.4403647331954215,False
D452,4,-0.41049946809816995,False
D452,5,-0.5360419017963907,True
D452,6,-0.4292320588765827,False
D452,7,-0.4873936791210709,False
D452,8,-0.4683270444001201,False
D452,9,-0.47771432104291583,False
D452,10,-0.44817208408181,False
D452,11,-0.4647919910710981,False
D452,12,-0.4432026204859406,False
D452,13,-0.44290118196236655,False
D452,14,-0.42968602946838824,False
D452,15,-0.41655723204807255,False
D452,16,-0.45472401471807194,False
D452,17,-0.44241116574878875,False
D452,18,-0.42548142847337983,False
D452,19,-0.4427568323794189,False
D452,20,-0.4548712261705958,False
D452,21,-0.467833407601631,False
D452,22,-0.45869976689222225,False
D452,23,-0.41709821974069883,False
D452,24,-0.42917207307762306,False
D452,25,-0.41148719845852705,False
D452,26,-0.4193843195430385,False
D453,1,-0.4479777815553054,False
D453,2,-0.454128787477815,False
D453,3,-0.4537611945913698,False
D453,4,-0.41748406553542916,False
D453,5,-0.4623410967044795,False
D453,6,-0.4386486969436057,False
D453,7,-0.4440941355857774,False
D453,8,-0.42949255079967585,False
D453,9,-0.4344861848463952,False
D453,10,-0.47521178875611225,False
D453,11,-0.4326329157215783,False
D453,12,-0.4530974068300189,False
D453,13,-0.4175798104890911,False
D453,14,-0.41534356225238533,False
D453,15,-0.4479002216515131,False
D453,16,-0.42278570400022175,False
D453,17,-0.41639056212612074,False
D453,18,-0.4212317709352859,False
D453,19,-0.4416462574072722,False
D453,20,-0.40760543644999414,False
D453,21,-0.4508048145092204,False
D453,22,-0.42337010068922226,False
D453,23,-0.48747934417621214,False
D453,24,-0.41687538599456825,False
D453,25,-0.42884497911260233,False
D453,26,-0.4202938364877901,False
D454,1,-0.4498332193291737,False
D454,2,-0.4215183902066541,False
D454,3,-0.42796301168320944,False
D454,4,-0.5541720878376789,True
D454,5,-0.44952924973311487,False
D454,6,-0.42980323603058435,False
D454,7,-0.41972716626435114,False
D454,8,-0.41291439297592886,False
D454,9,-0.4235741848890537,False
D454,10,-0.43618012221627733,False
D454,11,-0.4184125739782988,False
D454,12,-0.4404273276190162,False
D454,13,-0.4340538939062182,False
D454,14,-0.42959155522714193,False
D454,15,-0.4408123149022328,False
D454,16,-0.43936380430890926,False
D454,17,-0.4313378471747059,False
D454,18,-0.4480028619992946,False
D454,19,-0.4599904699950696,False
D454,20,-0.4210836465428985,False
D454,21,-0.43329360270399664,False
D454,22,-0.44365152694305016,False
D454,23,-0.532077503237169,False
D454,24,-0.5052515106318088,False
D454,25,-0.4056810466853225,False
D454,26,-0.4092025349472469,False
D455,1,-0.4054121983322539,False
D455,2,-0.4920288528391189,False
D455,3,-0.4132742189202764,False
D455,4,-0.403061165629485,False
D455,5,-0.4425552277827519,False
D455,6,-0.42186898129426786,False
D455,7,-0.4352231342171531,False
D455,8,-0.43492805901399856,False
D455,9,-0.4905303604712999,False
D455,10,-0.43781790574192386,False
D455,11,-0.4114464154598848,False
D455,12,-0.40533334769206103,False
D455,13,-0.4616906270538927,False
D455,14,-0.4059527777840615,False
D455,15,-0.42496347022301206,False
D455,16,-0.42098506182998996,False
D455,17,-0.4203329249847258,False
D455,18,-0.4366248511447409,False
D455,19,-0.4637097863616815,False
D455,20,-0.4807180470460733,False
D455,21,-0.40482477231524583,False
D455,22,-0.46655195466268434,False
D455,23,-0.4240597288988541,False
D455,24,-0.4293373964405599,False
D455,25,-0.4127066782857388,False
D455,26,-0.42768442532378587,False
D456,1,-0.4287158111516825,False
D456,2,-0.42072851198261024,False
D456,3,-0.41964111274274657,False
D456,4,-0.3997499567909979,False
D456,5,-0.43792653477230237,False
D456,6,-0.42062586803888474,False
D456,7,-0.417383705199419,False
D456,8,-0.4206769280637522,False
D456,9,-0.44332201105193836,False
D456,10,-0.442997378460952,False
D456,11,-0.41108944090649435,False
D456,12,-0.4252208018011993,False
D456,13,-0.4403047114510481,False
D456,14,-0.4429195685562797,False
D456,15,-0.42885608787226664,False
D456,16,-0.454670959210362,False
D456,17,-0.44320611385544123,False
D456,18,-0.41412133037172644,False
D456,19,-0.4234589087818288,False
D456,20,-0.4054217073076123,False
D456,21,-0.4096834557026388,False
D456,22,-0.42960048785224275,False
D456,23,-0.40058093002266226,False
D456,24,-0.40075480789080353,False
D456,25,-0.4062445375145314,False
D456,26,-0.42527990863948845,False
D457,1,-0.4103401706491329,False
D457,2,-0.4507453911666532,False
D457,3,-0.42548911851332866,False
D457,4,-0.4201874106368114,False
D457,5,-0.410575406739316,False
D457,6,-0.4109367815869424,False
D457,7,-0.40662981696103423,False
D457,8,-0.4165436200631571,False
D457,9,-0.40905898324580453,False
D457,10,-0.4330820157332332,False
D457,11,-0.4333672556221437,False
D457,12,-0.4187871271891825,False
D457,13,-0.40255846698989295,False
D457,14,-0.44303052719817415,False
D457,15,-0.41637635111894733,False
D457,16,-0.4140946836824968,False
D457,17,-0.39559296041229713,False
D457,18,-0.42038308147006676,False
D457,19,-0.40301304476455657,False
D457,20,-0.40094277478540935,False
D457,21,-0.4214632897491062,False
D457,22,-0.45501524001284915,False
D457,23,-0.413362290980482,False
D457,24,-0.41032174067985294,False
D457,25,-0.4670198774009782,False
D457,26,-0.44451511736699784,False
D458,1,-0.5520929376248438,True
D458,2,-0.5689590305242651,True
D458,3,-0.5033969623216396,False
D458,4,-0.5622825747015485,True
D458,5,-0.50853086781347,False
D458,6,-0.5152787524362553,False
D458,7,-0.555291633491453,True
D458,8,-0.5211891261020601,False
D458,9,-0.5162968123080879,False
D458,10,-0.5673924968751619,True
D458,11,-0.5209255783635839,False
D458,12,-0.5029029979735149,False
D458,13,-0.5789308645311145,True
D458,14,-0.5483983143673352,True
D458,15,-0.5171276112941635,False
D458,16,-0.519287226107284,False
D458,17,-0.5461797085014422,True
D458,18,-0.5547906341082822,True
D458,19,-0.614291992825263,True
D458,20,-0.6421615612029906,True
D458,21,-0.6281153792805849,True
D458,22,-0.6622041651991322,True
D458,23,-0.6643119983744531,True
D459,1,-0.5302175628106038,False
D459,2,-0.5014066915115056,False
D459,3,-0.5389576191972942,True
D459,4,-0.5185579441737261,False
D459,5,-0.5215229702336175,False
D459,6,-0.5039056067852152,False
D459,7,-0.485649084254542,False
D459,8,-0.553783772959063,True
D459,9,-0.4966062287159628,False
D459,10,-0.5150931069618829,False
D459,11,-0.4673099258768429,False
D459,12,-0.4760184348684033,False
D459,13,-0.527871841727424,False
D459,14,-0.5111148699884029,False
D459,15,-0.47633884404780785,False
D459,16,-0.4835271636219067,False
D459,17,-0.5219418622278933,False
D459,18,-0.5099164034304342,False
D459,19,-0.5520797117168449,True
D459,20,-0.5460690451919614,True
D459,21,-0.5404991254629508,True
D459,22,-0.5772975902998848,True
D459,23,-0.48458388735904107,False
D459,24,-0.5592865235361137,True
D459,25,-0.5566718843310721,True
D459,26,-0.56788809961405,True
D460,1,-0.4699881297204071,False
D460,2,-0.5125602203863143,False
D460,3,-0.47535600340955303,False
D460,4,-0.53856879111281,True
D460,5,-0.538554354931412,True
D460,6,-0.5043872744919257,False
D460,7,-0.4993471904696556,False
D460,8,-0.5154679700841259,False
D460,9,-0.4859008110506614,False
D460,10,-0.4995149351232917,False
D460,11,-0.5153264272873628,False
D460,12,-0.4783615312617213,False
D460,13,-0.4839177268644095,False
D460,14,-0.4875830348477287,False
D460,15,-0.5040059311658469,False
D460,16,-0.4880909273020407,False
D460,17,-0.5413541947040019,True
D460,18,-0.4691397252556916,False
D460,19,-0.4764049922844149,False
D460,20,-0.48623015158914307,False
D460,21,-0.4727675119317525,False
D460,22,-0.5311350908147313,False
D460,23,-0.4971895262797344,False
D460,24,-0.48849829202822725,False
D460,25,-0.476064156133087,False
D460,26,-0.560345596356201,True
D461,1,-0.4417831165422044,False
D461,2,-0.5021846561406739,False
D461,3,-0.4226215770484437,False
D461,4,-0.45102001974321154,False
D461,5,-0.46021116289258274,False
D461,6,-0.41602518362277213,False
D461,7,-0.43804359695607187,False
D461,8,-0.39871436046622394,False
D461,9,-0.4015941060806463,False
D461,10,-0.40931195384731456,False
D461,11,-0.440940874801293,False
D461,12,-0.455524576718073,False
D461,13,-0.4282489135275404,False
D461,14,-0.4075721702014761,False
D461,15,-0.4494835921435213,False
D461,16,-0.4645145116354423,False
D461,17,-0.41668472028138764,False
D461,18,-0.40331175374112366,False
D461,19,-0.42752988298364136,False
D461,20,-0.43418091632481076,False
D461,21,-0.4382142167218847,False
D461,22,-0.41841083256310996,False
D461,23,-0.48985710934871013,False
D461,24,-0.4395600635589953,False
D461,25,-0.472338236453242,False
D461,26,-0.42371563291599507,False
D462,1,-0.462928602306244,False
D462,2,-0.45733248181573133,False
D462,3,-0.5153279245635128,False
D462,4,-0.4723037938967006,False
D462,5,-0.4440153946914441,False
D462,6,-0.4751240887720119,False
D462,7,-0.49192552044942894,False
D462,8,-0.4425776823055733,False
D462,9,-0.48226453089678156,False
D462,10,-0.47868388103921566,False
D462,11,-0.5055899674164872,False
D462,12,-0.4591934817317948,False
D462,13,-0.4525885859134538,False
D462,14,-0.5178767412051629,False
D462,15,-0.4426026174536818,False
D462,16,-0.47717389753651146,False
D462,17,-0.5213661781561633,False
D462,18,-0.46611653228347716,False
D462,19,-0.4773995582519032,False
D462,20,-0.49559775040273224,False
D462,21,-0.5811439761674767,True
D462,22,-0.4450697107811583,False
D462,23,-0.501330737542391,False
D462,24,-0.47294268915480214,False
D462,25,-0.5352969884049722,True
D462,26,-0.45601791622929677,False
D463,1,-0.41221264743378827,False
D463,2,-0.4125807185994347,False
D463,3,-0.41790338461356624,False
D463,4,-0.4284751299206084,False
D463,5,-0.4505031649497519,False
D463,6,-0.40673672665544447,False
D463,7,-0.41048681727011005,False
D463,8,-0.4272353143465916,False
D463,9,-0.4140318329359989,False
D463,10,-0.40622973408596774,False
D463,11,-0.4192914908433489,False
D463,12,-0.41533018286146195,False
D463,13,-0.4326249304198682,False
D463,14,-0.44391744918723075,False
D463,15,-0.4394949761614294,False
D463,16,-0.4404803074927148,False
D463,17,-0.4432811724044628,False
D464,1,-0.44239484884349156,False
D464,2,-0.4504260313654712,False
D464,3,-0.41426228550109206,False
D464,4,-0.4469080323131191,False
D464,5,-0.4213924948571084,False
D464,6,-0.4523171850170919,False
D464,7,-0.42988913722206834,False
D464,8,-0.46497039274585483,False
D464,9,-0.4332136702497481,False
D464,10,-0.45647068664129364,False
D464,11,-0.44073948392265305,False
D465,1,-0.4321930525149039,False
D465,2,-0.42145786491238907,False
D465,3,-0.4205955964226778,False
D465,4,-0.4366562959127114,False
D465,5,-0.44122952257332604,False
D465,6,-0.435678738807618,False
D465,7,-0.4140794247903375,False
D465,8,-0.43454797726557154,False
D465,9,-0.4401728808974383,False
D465,10,-0.44323095563209486,False
D465,11,-0.42824426646666675,False
D465,12,-0.4276739593096502,False
D465,13,-0.452711166816235,False
D465,14,-0.43679200623090564,False
D465,15,-0.45604572553787315,False
D465,16,-0.45756205078423645,False
D465,17,-0.4450160092994418,False
D465,18,-0.42637365690468587,False
D465,19,-0.4454205210690612,False
D465,20,-0.4254174109804619,False
D465,21,-0.43817305548465024,False
D465,22,-0.45767044129599266,False
D465,23,-0.42454840027265406,False
D465,24,-0.43968286807220863,False
D465,25,-0.4437740499196639,False
D465,26,-0.4319077012319007,False
D466,1,-0.44127131894216354,False
D466,2,-0.4441441678745549,False
D466,3,-0.504226161598515,False
D466,4,-0.4540575100895356,False
D466,5,-0.45105586689241456,False
D466,6,-0.4321428264336461,False
D466,7,-0.4300572025763822,False
D466,8,-0.4623564063542123,False
D466,9,-0.4323199980450001,False
D466,10,-0.4707972600967088,False
D466,11,-0.4475379169145104,False
D466,12,-0.44836553007968055,False
D466,13,-0.416751120082258,False
D466,14,-0.44508905878369626,False
D466,15,-0.43252507260141526,False
D466,16,-0.4345704718754276,False
D466,17,-0.43829050911296513,False
D466,18,-0.421136684413682,False
D466,19,-0.43621294392193743,False
D466,20,-0.49696378616646264,False
D466,21,-0.4460985345351229,False
D466,22,-0.44850320416136996,False
D466,23,-0.45217360838011944,False
D466,24,-0.4626922376538935,False
D466,25,-0.4584602910979933,False
D466,26,-0.4204395400266012,False
D467,1,-0.49072445808488263,False
D467,2,-0.5299906241193746,False
D467,3,-0.4778014799410636,False
D467,4,-0.4689461741072817,False
D467,5,-0.5110098041704895,False
D467,6,-0.4990206207555706,False
D467,7,-0.48123382993276165,False
D467,8,-0.45758253309955926,False
D467,9,-0.49995378501136134,False
D467,10,-0.5187323748473337,False
D467,11,-0.4684948616522003,False
D467,12,-0.5279342962826156,False
D467,13,-0.47184278762699766,False
D467,14,-0.55393611795003,True
D467,15,-0.49098431595264064,False
D467,16,-0.49753961914056455,False
D467,17,-0.5024458013306787,False
D467,18,-0.46380574519979834,False
D467,19,-0.4599911209658918,False
D467,20,-0.45573058157578167,False
D467,21,-0.5455833183997537,True
D467,22,-0.48127967072657324,False
D467,23,-0.46591826504156303,False
D467,24,-0.5398945820152753,True
D467,25,-0.469736984567835,False
D467,26,-0.4926335868377269,False
D468,1,-0.4221363570980817,False
D468,2,-0.4695607765626943,False
D468,3,-0.4194657727906333,False
D468,4,-0.44964238551163993,False
D468,5,-0.40405257204497597,False
D468,6,-0.40754876508496735,False
D468,7,-0.41824099270942877,False
D468,8,-0.4495094054759976,False
D468,9,-0.44819347454249403,False
D468,10,-0.40823386406797074,False
D468,11,-0.47618168064126937,False
D468,12,-0.4419588329422013,False
D468,13,-0.4235727893871804,False
D468,14,-0.3991077242276114,False
D468,15,-0.4170419546592415,False
D468,16,-0.4325956497538964,False
D468,17,-0.4241055286972539,False
D468,18,-0.4335769105650224,False
D468,19,-0.4267441879603994,False
D468,20,-0.42859253333719616,False
D468,21,-0.40687172953002326,False
D468,22,-0.4148270268769134,False
D468,23,-0.4125541403858202,False
D468,24,-0.41335163660605245,False
D468,25,-0.45743833457927374,False
D468,26,-0.40342206214121396,False
D469,1,-0.41464948398580265,False
D469,2,-0.4361480285716701,False
D469,3,-0.40535345405638623,False
D469,4,-0.47728492695354185,False
D469,5,-0.45458564483837277,False
D469,6,-0.4484123136902527,False
D469,7,-0.4083711908868057,False
D469,8,-0.40652452436216885,False
D469,9,-0.4289988769218182,False
D469,10,-0.42374736772184396,False
D469,11,-0.476531618353373,False
D469,12,-0.4576112488833888,False
D469,13,-0.49587795073323776,False
D469,14,-0.4632839886093465,False
D469,15,-0.4408798077010918,False
D469,16,-0.46277104557413606,False
D470,1,-0.4501290082154048,False
D470,2,-0.40993236098274144,False
D470,3,-0.42936396723509346,False
D470,4,-0.44471196129514234,False
D470,5,-0.4468431215107399,False
D470,6,-0.3940521962893194,False
D470,7,-0.42593481273660333,False
D470,8,-0.42395287784205804,False
D470,9,-0.43104046974745036,False
D470,10,-0.418869454767546,False
D470,11,-0.4439250965128277,False
D470,12,-0.4362802878825963,False
D470,13,-0.4832945102734468,False
D470,14,-0.39609081436402754,False
D470,15,-0.45333854063877854,False
D470,16,-0.43800095352824164,False
D470,17,-0.43422005456538626,False
D470,18,-0.44842665800098536,False
D470,19,-0.550163418783855,True
D470,20,-0.4349985846808829,False
D470,21,-0.4434421075896102,False
D470,22,-0.5003898666114194,False
D470,23,-0.41503867360288593,False
D470,24,-0.4503944458034399,False
D470,25,-0.45061709080643736,False
D470,26,-0.46963451971996484,False
D471,1,-0.4632644908572936,False
D471,2,-0.4435879888793998,False
D471,3,-0.4222137872637991,False
D471,4,-0.47747112400967756,False
D471,5,-0.43489289504202416,False
D471,6,-0.4344912224344781,False
D471,7,-0.46182887651093457,False
D471,8,-0.4239513892374726,False
D471,9,-0.4590423296792225,False
D471,10,-0.45742586582603284,False
D471,11,-0.48945145286053726,False
D471,12,-0.4875685292632386,False
D471,13,-0.4753248114288201,False
D471,14,-0.4513686667808093,False
D471,15,-0.4323456826997673,False
D471,16,-0.44342730524071267,False
D471,17,-0.45942290906133676,False
D471,18,-0.4191332549324766,False
D471,19,-0.430437094384485,False
D471,20,-0.4612760327115046,False
D471,21,-0.4180633532619125,False
D471,22,-0.4658249363638317,False
D471,23,-0.44970074731721144,False
D471,24,-0.44012509155183344,False
D471,25,-0.4892470185520853,False
D471,26,-0.4453755871269804,False
D472,1,-0.49520594003667795,False
D472,2,-0.4339489035425295,False
D472,3,-0.4201762465122653,False
D472,4,-0.43191156475798786,False
D472,5,-0.47211851211157085,False
D472,6,-0.4785862847407878,False
D472,7,-0.47708887744023704,False
D472,8,-0.4611085037994455,False
D472,9,-0.4547235470085128,False
D472,10,-0.4721882287185152,False
D472,11,-0.44001322098297685,False
D472,12,-0.45363974003140545,False
D472,13,-0.48762243999313665,False
D472,14,-0.5003228114596892,False
D472,15,-0.44328529825569457,False
D472,16,-0.4344660067039964,False
D472,17,-0.4429469744621778,False
D472,18,-0.43507115579652805,False
D472,19,-0.47786745084918475,False
D472,20,-0.4667090146540756,False
D472,21,-0.4557692088252968,False
D472,22,-0.48052259375439876,False
D472,23,-0.46301763098260307,False
D472,24,-0.46473309130325074,False
D472,25,-0.4869806283667082,False
D472,26,-0.4664584515438737,False
D473,1,-0.5013307359129017,False
D473,2,-0.5127066138007134,False
D473,3,-0.5235489078296457,False
D473,4,-0.49106806297597344,False
D473,5,-0.5012013709131599,False
D473,6,-0.463284981445363,False
D473,7,-0.47900866906146583,False
D473,8,-0.6111349932524214,True
D473,9,-0.4828507574509186,False
D473,10,-0.47176178050502476,False
D473,11,-0.4793039417985583,False
D473,12,-0.5011711188969654,False
D473,13,-0.4589284690151864,False
D473,14,-0.4688942617878904,False
D473,15,-0.5049059604957139,False
D473,16,-0.5551299290252695,True
D473,17,-0.46364388459145406,False
D473,18,-0.5148160277860252,False
D473,19,-0.47692495753341924,False
D473,20,-0.48366173311397687,False
D473,21,-0.512523218201863,False
D473,22,-0.48732022251393814,False
D473,23,-0.4458194062191993,False
D473,24,-0.5106612655273188,False
D473,25,-0.4635654400638905,False
D473,26,-0.48593199848863705,False
D474,1,-0.5525579167369985,True
D474,2,-0.494300657232933,False
D474,3,-0.45424298683881353,False
D474,4,-0.4438140073628425,False
D474,5,-0.5132033919136615,False
D474,6,-0.45442578251484994,False
D474,7,-0.47624274254546173,False
D474,8,-0.4555235141265032,False
D474,9,-0.4988589530863993,False
D474,10,-0.49731918674111353,False
D474,11,-0.5115625835533286,False
D474,12,-0.4547144352709067,False
D474,13,-0.47743590352424453,False
D474,14,-0.4788374826041811,False
D474,15,-0.4973870889347823,False
D474,16,-0.4758845114383474,False
D474,17,-0.4605648082021233,False
D474,18,-0.4818821782008763,False
D474,19,-0.45624292548612494,False
D474,20,-0.5268181381189599,False
D474,21,-0.431556742718319,False
D474,22,-0.47573303904873293,False
D474,23,-0.49460304929529664,False
D474,24,-0.48796570245804444,False
D474,25,-0.4952261662066428,False
D474,26,-0.4417914882848947,False
D475,1,-0.413615982290336,False
D475,2,-0.4219603168872439,False
D475,3,-0.46949585294692364,False
D475,4,-0.42403621584194406,False
D475,5,-0.446230384179344,False
D475,6,-0.43114913764173585,False
D475,7,-0.4589200517290448,False
D475,8,-0.43591598983022184,False
D475,9,-0.4064581544195195,False
D475,10,-0.43662375762208466,False
D475,11,-0.4032422263986452,False
D475,12,-0.40890920658781366,False
D475,13,-0.4289672920182563,False
D475,14,-0.4156049487135155,False
D475,15,-0.4466169565172696,False
D475,16,-0.4248344270297225,False
D475,17,-0.41489767863188315,False
D475,18,-0.4166118168734056,False
D475,19,-0.39436694909551306,False
D475,20,-0.4223078386907174,False
D475,21,-0.42380388656399903,False
D475,22,-0.39778220908686157,False
D475,23,-0.42757953258762826,False
D475,24,-0.4182917384882966,False
D475,25,-0.47304651493321587,False
D475,26,-0.40958243882598355,False
D476,1,-0.4226720311774316,False
D476,2,-0.38958087947846043,False
D476,3,-0.42093490829450814,False
D476,4,-0.4156484888343625,False
D476,5,-0.42309573557814695,False
D476,6,-0.4286897559886829,False
D476,7,-0.4162869776537459,False
D476,8,-0.4184093826827428,False
D476,9,-0.40784582352557286,False
D476,10,-0.4431741973255901,False
D476,11,-0.4361482692694108,False
D476,12,-0.4415341888517208,False
D476,13,-0.43931110440238125,False
D476,14,-0.417776791478816,False
D476,15,-0.4170134294143682,False
D476,16,-0.44139053614237556,False
D476,17,-0.41652947884801855,False
D476,18,-0.46293858312548564,False
D476,19,-0.46746291226184983,False
D476,20,-0.4429616648085119,False
D476,21,-0.43953080318796844,False
D476,22,-0.40083886833681465,False
D476,23,-0.4170991784324728,False
D476,24,-0.45046851593028214,False
D476,25,-0.41191984346878024,False
D476,26,-0.4145312913009115,False
D477,1,-0.3983415868636237,False
D477,2,-0.4171623277027553,False
D477,3,-0.42124723001765874,False
D477,4,-0.4049346390437877,False
D477,5,-0.3972664541797153,False
D477,6,-0.4096991853600288,False
D477,7,-0.4043630379273364,False
D477,8,-0.4032892063309955,False
D477,9,-0.388078530472989,False
D477,10,-0.4407969044104021,False
D477,11,-0.4015377389086905,False
D477,12,-0.41878382577243756,False
D477,13,-0.3980197287843157,False
D477,14,-0.4001752209301176,False
D477,15,-0.40352618597839673,False
D477,16,-0.391991830687928,False
D477,17,-0.39999916549179343,False
D477,18,-0.4079203789049073,False
D477,19,-0.41999641370133706,False
D477,20,-0.39985649242850196,False
D477,21,-0.4098318069208428,False
D477,22,-0.4136068728034982,False
D477,23,-0.4109313625955226,False
D477,24,-0.41955480971563597,False
D477,25,-0.42832943434961607,False
D477,26,-0.41193905916955637,False
D478,1,-0.4304185901162163,False
D478,2,-0.429598376968541,False
D478,3,-0.40233579810988696,False
D478,4,-0.43667562315365754,False
D478,5,-0.41801300692756743,False
D478,6,-0.4160920417617103,False
D478,7,-0.4331154863406299,False
D478,8,-0.4204900864685114,False
D478,9,-0.4093347359703924,False
D478,10,-0.44629940702888704,False
D478,11,-0.43627252094622165,False
D478,12,-0.4629880237078812,False
D478,13,-0.43684961713868453,False
D478,14,-0.4256884633118924,False
D478,15,-0.4225324728642541,False
D478,16,-0.46303734108249567,False
D478,17,-0.43035576215279014,False
D478,18,-0.4216422128889945,False
D478,19,-0.4127102021746824,False
D478,20,-0.424901238947578,False
D478,21,-0.5212116035117932,False
D479,1,-0.5171183391370495,False
D479,2,-0.5109968432418661,False
D479,3,-0.501426942859874,False
D479,4,-0.4644680960796735,False
D479,5,-0.4576936828077048,False
D479,6,-0.4808839780273976,False
D479,7,-0.5327680024043924,False
D479,8,-0.4543258458501282,False
D479,9,-0.5090689827774159,False
D479,10,-0.4842136110114848,False
D479,11,-0.4912107799250487,False
D479,12,-0.48042781374156657,False
D479,13,-0.47335236524323,False
D479,14,-0.4444696224471357,False
D479,15,-0.4723776487200865,False
D479,16,-0.4605605385708135,False
D479,17,-0.4876038707051927,False
D479,18,-0.552621919087552,True
D479,19,-0.5369627135170411,True
D479,20,-0.5634449307088527,True
D479,21,-0.5921410338177255,True
D479,22,-0.5270984653399987,False
D479,23,-0.6124345082194482,True
D480,1,-0.4628913768674052,False
D480,2,-0.48406733411210146,False
D480,3,-0.4467261816264185,False
D480,4,-0.45673369560488997,False
D480,5,-0.4473450970238638,False
D480,6,-0.4289526250082465,False
D480,7,-0.43410242612441396,False
D480,8,-0.49947625248005084,False
D480,9,-0.43647254808392777,False
D480,10,-0.448265208448814,False
D480,11,-0.4063653571246893,False
D480,12,-0.4110967822903848,False
D480,13,-0.4351827413866026,False
D480,14,-0.42679341473537424,False
D480,15,-0.4245590346191743,False
D480,16,-0.4255123397099117,False
D480,17,-0.4610907134594399,False
D480,18,-0.47764933742690163,False
D480,19,-0.41723351991978813,False
D480,20,-0.42944302799831524,False
D480,21,-0.42029268797688446,False
D480,22,-0.46220421951135193,False
D480,23,-0.4376102378252121,False
D480,24,-0.41744681349143364,False
D480,25,-0.43517731809475013,False
D480,26,-0.41735073823852903,False
D481,1,-0.4818629703283473,False
D481,2,-0.4578466947838045,False
D481,3,-0.4737851174309446,False
D481,4,-0.478717215281753,False
D481,5,-0.47510430130758163,False
D481,6,-0.44907712403490935,False
D481,7,-0.5011718209667466,False
D481,8,-0.4913959954619032,False
D481,9,-0.4396011212260051,False
D481,10,-0.48700824554085076,False
D481,11,-0.4312116128757045,False
D481,12,-0.45749816409769417,False
D481,13,-0.4753669985958957,False
D481,14,-0.49880786499301527,False
D481,15,-0.4985171133650405,False
D481,16,-0.5765750297470705,True
D481,17,-0.5467473384870282,True
D481,18,-0.6151348968243157,True
D481,19,-0.650412228587554,True
D482,1,-0.4344964088606443,False
D482,2,-0.41606286485067284,False
D482,3,-0.4134921577297345,False
D482,4,-0.4258649065417,False
D482,5,-0.43736024045433197,False
D482,6,-0.4359942303689599,False
D482,7,-0.4412512879680381,False
D482,8,-0.4594777576522902,False
D482,9,-0.42901660070212927,False
D482,10,-0.44737171038661994,False
D482,11,-0.4452730706176409,False
D482,12,-0.47498248286126493,False
D482,13,-0.4344292226360842,False
D482,14,-0.4515764031376251,False
D482,15,-0.4558038987448122,False
D482,16,-0.43668385834833034,False
D482,17,-0.4985415693582669,False
D482,18,-0.42541114441516914,False
D482,19,-0.44370749796792364,False
D482,20,-0.43562610689124065,False
D482,21,-0.44244250007778324,False
D482,22,-0.4319405379544739,False
D482,23,-0.45157494286121763,False
D482,24,-0.45095924578797375,False
D482,25,-0.43628949916069854,False
D482,26,-0.4292205707693663,False
D483,1,-0.45232965350358534,False
D483,2,-0.45560977167281436,False
D483,3,-0.44390926548034165,False
D483,4,-0.4743890588292895,False
D483,5,-0.45279307772108557,False
D483,6,-0.4350133945862271,False
D483,7,-0.4223612916696515,False
D483,8,-0.4384546649355309,False
D483,9,-0.4734791094424019,False
D483,10,-0.45358670694338044,False
D483,11,-0.43247329401958823,False
D483,12,-0.45300247522445414,False
D483,13,-0.4511456385854712,False
D483,14,-0.46691398541714785,False
D483,15,-0.4420897827899638,False
D483,16,-0.453895688064367,False
D483,17,-0.48024543738244296,False
D483,18,-0.48561789427042557,False
D483,19,-0.4857175744757749,False
D483,20,-0.4259127673346252,False
D483,21,-0.49465410810638133,False
D483,22,-0.4625291243444775,False
D483,23,-0.4404245065427307,False
D483,24,-0.4777155582531758,False
D483,25,-0.47048366707722294,False
D483,26,-0.48701479860067887,False
D484,1,-0.4287806384668822,False
D484,2,-0.48143150677262064,False
D484,3,-0.5183032153660913,False
D484,4,-0.4508544205667851,False
D484,5,-0.4318453458190943,False
D484,6,-0.44153633239940865,False
D484,7,-0.45118019597757875,False
D484,8,-0.47101859285340325,False
D484,9,-0.47067262950375666,False
D484,10,-0.5024714553519788,False
D484,11,-0.43053850720351755,False
D484,12,-0.45786885911353464,False
D484,13,-0.4736502479555339,False
D484,14,-0.5028222782560519,False
D484,15,-0.49759069669992523,False
D484,16,-0.4510584163979813,False
D484,17,-0.4443133985338844,False
D484,18,-0.4611074185788708,False
D484,19,-0.4479761640798468,False
D484,20,-0.49014302832608914,False
D484,21,-0.5453756273076545,True
D484,22,-0.4780505065903555,False
D484,23,-0.48696831961025305,False
D484,24,-0.4712659440219324,False
D484,25,-0.4478871169108983,False
D484,26,-0.45696020588297365,False
D485,1,-0.5402714719221189,True
D485,2,-0.40997066610132493,False
D485,3,-0.4459696889942564,False
D485,4,-0.4300783688208975,False
D485,5,-0.4385889087090227,False
D485,6,-0.4466069731869616,False
D485,7,-0.4339624607772906,False
D485,8,-0.42674867737601574,False
D485,9,-0.41294805850535615,False
D485,10,-0.42022002720912666,False
D485,11,-0.5059250538934664,False
D485,12,-0.484878353376512,False
D485,13,-0.4639824295563373,False
D485,14,-0.4525019887748262,False
D485,15,-0.42252402199437644,False
D485,16,-0.44633226060681247,False
D485,17,-0.4453593695709869,False
D485,18,-0.44864703784155757,False
D485,19,-0.41615664960756826,False
D485,20,-0.46755833489965665,False
D485,21,-0.4624637644278262,False
D485,22,-0.4905176849514381,False
D485,23,-0.4290854904055672,False
D485,24,-0.4652466548255462,False
D485,25,-0.4272099310694198,False
D485,26,-0.44345188481331216,False
D486,1,-0.46458536497807806,False
D486,2,-0.4763621645849864,False
D486,3,-0.45095384476056344,False
D486,4,-0.47859450362820666,False
D486,5,-0.510918313469495,False
D486,6,-0.4816004247596483,False
D486,7,-0.4450683684209132,False
D486,8,-0.48643607554121204,False
D486,9,-0.5192243254303199,False
D486,10,-0.46609538251728366,False
D486,11,-0.5094938708261354,False
D486,12,-0.4490460441026413,False
D486,13,-0.4488568500911915,False
D486,14,-0.527334581117095,False
D486,15,-0.49823244742711664,False
D486,16,-0.47545342860308726,False
D486,17,-0.47603680955009176,False
D486,18,-0.4635673965141903,False
D486,19,-0.45550986544786637,False
D486,20,-0.48708759809644764,False
D486,21,-0.4834509959775823,False
D486,22,-0.5076819292695891,False
D486,23,-0.4825781757996001,False
D486,24,-0.4756267474672939,False
D486,25,-0.45992089035737144,False
D486,26,-0.4434565556161801,False
D487,1,-0.5078896422366136,False
D487,2,-0.48996605153453643,False
D487,3,-0.46965155245139745,False
D487,4,-0.47269454878123895,False
D487,5,-0.4416901675162692,False
D487,6,-0.4599724368473385,False
D487,7,-0.451565644714969,False
D487,8,-0.4833497553382862,False
D487,9,-0.4774540972296505,False
D487,10,-0.4944093277246451,False
D487,11,-0.49036037305426455,False
D487,12,-0.5076665507848269,False
D487,13,-0.48138069327068783,False
D487,14,-0.4745554996521463,False
D487,15,-0.4937787582702395,False
D487,16,-0.4982646025925215,False
D487,17,-0.4974861608903483,False
D487,18,-0.5245908016236982,False
D487,19,-0.463772578856177,False
D487,20,-0.48312050735774487,False
D487,21,-0.4555139975408124,False
D487,22,-0.4654798741445833,False
D487,23,-0.5148325009326808,False
D487,24,-0.4824142939943393,False
D487,25,-0.47158891126805175,False
D487,26,-0.48305243474468523,False
D488,1,-0.44282936321029637,False
D488,2,-0.4482834952824512,False
D488,3,-0.44690854701675625,False
D488,4,-0.43358186474526905,False
D488,5,-0.43989922631324985,False
D488,6,-0.44658938683593735,False
D488,7,-0.4570638646383092,False
D488,8,-0.4509529890883157,False
D488,9,-0.4855259544285572,False
D488,10,-0.443126878229968,False
D488,11,-0.4554977445568784,False
D488,12,-0.46353767508113686,False
D488,13,-0.45009875382968767,False
D488,14,-0.47576449307351076,False
D489,1,-0.46853156410954494,False
D489,2,-0.41151615134584935,False
D489,3,-0.42037354360258616,False
D489,4,-0.42349532730972,False
D489,5,-0.396065683914344,False
D489,6,-0.42026506327725727,False
D489,7,-0.4288644069863466,False
D489,8,-0.399979978468799,False
D489,9,-0.43073043025370694,False
D489,10,-0.42334585553409065,False
D489,11,-0.43159013120381057,False
D489,12,-0.4047221913953175,False
D489,13,-0.4063639915518906,False
D489,14,-0.46174222936624504,False
D489,15,-0.42386356835230243,False
D489,16,-0.4576283307317736,False
D489,17,-0.45956428121451615,False
D489,18,-0.41383674441197166,False
D489,19,-0.44972049591523766,False
D489,20,-0.40202122690571424,False
D489,21,-0.42968545898373833,False
D489,22,-0.39902396376940746,False
D489,23,-0.4150117825476888,False
D489,24,-0.45732660528850105,False
D489,25,-0.43807298901971503,False
D489,26,-0.42902853486182374,False
D490,1,-0.4348331455672761,False
D490,2,-0.4508413348612821,False
D490,3,-0.4237659537303109,False
D490,4,-0.45610943086442385,False
D490,5,-0.4400466941833648,False
D490,6,-0.46591751394786396,False
D490,7,-0.44532057176418877,False
D490,8,-0.4934615314806065,False
D490,9,-0.4585166503792752,False
D490,10,-0.48141803838014163,False
D490,11,-0.42503177849850315,False
D490,12,-0.4369390739671307,False
D490,13,-0.42730036805915766,False
D490,14,-0.4627023060202237,False
D490,15,-0.44175399070693805,False
D490,16,-0.4589751848451856,False
D490,17,-0.4533709665367598,False
D490,18,-0.4774499172645329,False
D490,19,-0.465774806312549,False
D490,20,-0.4436678854889428,False
D490,21,-0.45690186511694114,False
D490,22,-0.44795086952620533,False
D490,23,-0.4559077730624262,False
D490,24,-0.49609060740663424,False
D490,25,-0.4887845488525566,False
D490,26,-0.42832997044863735,False
D491,1,-0.45163470867746774,False
D491,2,-0.4623745589386884,False
D491,3,-0.4847284132704809,False
D491,4,-0.4514270887562036,False
D491,5,-0.4606355176909227,False
D491,6,-0.5016812267783649,False
D491,7,-0.4936916485812634,False
D491,8,-0.49375084077193276,False
D491,9,-0.4846478012514189,False
D491,10,-0.4921989218527835,False
D491,11,-0.47062274694595463,False
D491,12,-0.4577163448584781,False
D491,13,-0.46882470049909936,False
D491,14,-0.44972875778138843,False
D491,15,-0.45529827678938933,False
D491,16,-0.519301677762063,False
D491,17,-0.4920528210839453,False
D491,18,-0.463662582697477,False
D491,19,-0.4799437333407939,False
D491,20,-0.4831764692058687,False
D491,21,-0.45703524322626554,False
D491,22,-0.45943250202925795,False
D491,23,-0.49240756623587445,False
D491,24,-0.4939797856727333,False
D491,25,-0.4817592169451867,False
D491,26,-0.48365345546500776,False
D492,1,-0.49172822685557643,False
D492,2,-0.455823169047262,False
D492,3,-0.45317206553269446,False
D492,4,-0.45615776040831824,False
D492,5,-0.48024064529164173,False
D492,6,-0.4779964385084998,False
D492,7,-0.4261692532222075,False
D492,8,-0.5405608304480441,True
D492,9,-0.43230457893223556,False
D492,10,-0.45695635920491445,False
D492,11,-0.44701812395150475,False
D492,12,-0.5283187631832177,False
D493,1,-0.40490195996986217,False
D493,2,-0.4117481041627088,False
D493,3,-0.44426398250616045,False
D493,4,-0.5390767272884841,True
D493,5,-0.40463831642036585,False
D493,6,-0.42083378765684004,False
D493,7,-0.437041300812598,False
D493,8,-0.40261809211825733,False
D493,9,-0.46070948814055623,False
D493,10,-0.4294611658565538,False
D493,11,-0.43304899945236736,False
D493,12,-0.4420469152242537,False
D493,13,-0.4338845944705902,False
D493,14,-0.4108189299643915,False
D493,15,-0.44959349581038616,False
D493,16,-0.4024273764791065,False
D493,17,-0.39315106518469073,False
D493,18,-0.42844659772491356,False
D493,19,-0.42157185234956684,False
D493,20,-0.40567365222205004,False
D493,21,-0.42968410370479376,False
D493,22,-0.41583475988975777,False
D493,23,-0.40536096415237854,False
D493,24,-0.4484257985029807,False
D493,25,-0.4000283326356442,False
D493,26,-0.42691633944082746,False
D494,1,-0.45684356653402053,False
D494,2,-0.46953394485144107,False
D494,3,-0.4573780121643717,False
D494,4,-0.426271865954338,False
D494,5,-0.4516698685103402,False
D494,6,-0.4886536519464366,False
D494,7,-0.46798580561227987,False
D494,8,-0.47857714956942027,False
D494,9,-0.4443134274405803,False
D494,10,-0.491889780363034,False
D494,11,-0.46298299474364124,False
D494,12,-0.5168860867165672,False
D494,13,-0.45725511559313503,False
D494,14,-0.4319465717740869,False
D494,15,-0.43129882006475895,False
D494,16,-0.5054111232750769,False
D494,17,-0.4689630434406179,False
D494,18,-0.42988419910793485,False
D494,19,-0.4842842557392251,False
D494,20,-0.43570787299188196,False
D494,21,-0.4627457406175736,False
D494,22,-0.49364297492745346,False
D494,23,-0.45943205194491504,False
D494,24,-0.5219175857890105,False
D494,25,-0.45575155599591005,False
D494,26,-0.47896013038120006,False
D495,1,-0.42948230147391336,False
D495,2,-0.48923980553870833,False
D495,3,-0.44826208710512727,False
D495,4,-0.44768960074073544,False
D495,5,-0.4287247581749993,False
D495,6,-0.4154872904139838,False
D495,7,-0.433067826436041,False
D495,8,-0.45607108856872813,False
D495,9,-0.42109973653402827,False
D495,10,-0.42041350696791985,False
D495,11,-0.44390005461865384,False
D495,12,-0.4313104936389417,False
D495,13,-0.41289156767196544,False
D495,14,-0.42748283734494824,False
D495,15,-0.44559382369978734,False
D495,16,-0.42676666195809876,False
D495,17,-0.43221042167768453,False
D495,18,-0.44328804107961006,False
D495,19,-0.43103463795170627,False
D496,1,-0.516353193752844,False
D496,2,-0.47414568082815783,False
D496,3,-0.5688143232664041,True
D496,4,-0.4964040818192822,False
D496,5,-0.5146148530428826,False
D496,6,-0.48533957315939286,False
D496,7,-0.48653726565023453,False
D496,8,-0.5000176004820582,False
D496,9,-0.46327637132407,False
D496,10,-0.4972862660812639,False
D496,11,-0.5223135796349301,False
D496,12,-0.44484761133714606,False
D496,13,-0.47710533391851623,False
D496,14,-0.4871957999353189,False
D496,15,-0.5190799111459301,False
D496,16,-0.4787048011026098,False
D496,17,-0.49029326857837247,False
D496,18,-0.496713706895098,False
D496,19,-0.47059965071357696,False
D496,20,-0.5279735371137931,False
D496,21,-0.47622671207896056,False
D496,22,-0.5037560358600222,False
D496,23,-0.4683610228336148,False
D496,24,-0.4745715221221252,False
D496,25,-0.4596293212432272,False
D496,26,-0.478763300871545,False
D497,1,-0.4283750207878491,False
D497,2,-0.41406519202969805,False
D497,3,-0.49002488243284276,False
D497,4,-0.4216830310722539,False
D497,5,-0.4461685693983397,False
D497,6,-0.444342952661734,False
D497,7,-0.44107629704927237,False
D497,8,-0.4858847656397175,False
D497,9,-0.4257430940554152,False
D497,10,-0.4575771400594009,False
D497,11,-0.4670370654499986,False
D497,12,-0.4640463886300379,False
D497,13,-0.4461973046259736,False
D497,14,-0.4401652551663108,False
D497,15,-0.4240911412301736,False
D497,16,-0.49028491079737396,False
D497,17,-0.4594869645348678,False
D497,18,-0.447299556070882,False
D497,19,-0.5368470421509683,True
D497,20,-0.541033129463837,True
D497,21,-0.5435940334830257,True
D497,22,-0.53892089450613,True
D497,23,-0.541321748356647,True
D497,24,-0.5542927874557827,True
D498,1,-0.47034830510946846,False
D498,2,-0.45037450527714434,False
D498,3,-0.4749740799031007,False
D498,4,-0.46047279275632624,False
D498,5,-0.4857152502620754,False
D498,6,-0.46641693728591666,False
D498,7,-0.4538612282379003,False
D498,8,-0.4265818206659404,False
D498,9,-0.44752897928790103,False
D498,10,-0.4879437699207727,False
D498,11,-0.42465595894150376,False
D498,12,-0.4449274282665626,False
D498,13,-0.43826001845183976,False
D498,14,-0.4960350364291591,False
D498,15,-0.45790335591013837,False
D498,16,-0.4140793993050512,False
D498,17,-0.41916234064092045,False
D498,18,-0.509150359916721,False
D498,19,-0.43568497140543666,False
D498,20,-0.42626407141779343,False
D498,21,-0.4123114572341785,False
D498,22,-0.4510256512809572,False
D498,23,-0.4456745298037544,False
D498,24,-0.4138144874500894,False
D498,25,-0.4403809479776799,False
D498,26,-0.419970571065596,False
D499,1,-0.5173261380053473,False
D499,2,-0.4621788406863048,False
D499,3,-0.4291241576580129,False
D499,4,-0.39960069052557773,False
D499,5,-0.4293680051664957,False
D499,6,-0.4755339588515199,False
D499,7,-0.4816773033558855,False
D499,8,-0.49656041949665225,False
D499,9,-0.43605898665401077,False
D499,10,-0.43183012007283145,False
D499,11,-0.44803400912125757,False
D499,12,-0.5260588637047796,False
D499,13,-0.41979796860209995,False
D499,14,-0.3994412162750145,False
D499,15,-0.43968638238545626,False
D499,16,-0.45923054560655174,False
D499,17,-0.40739205665154515,False
D499,18,-0.42606204957852367,False
D499,19,-0.4399159051140588,False
D499,20,-0.4237669043587092,False
D499,21,-0.5554712428732225,True
D500,1,-0.4833340966887351,False
D500,2,-0.5068165200438927,False
D500,3,-0.5233115862169148,False
D500,4,-0.49680859593964055,False
D500,5,-0.5015188585575672,False
D500,6,-0.49735756937110426,False
D500,7,-0.47967226068467167,False
D500,8,-0.4863106863314805,False
D500,9,-0.48029501483093184,False
D500,10,-0.534504363701065,True
D500,11,-0.5029254615104445,False
D500,12,-0.5044481821558421,False
D500,13,-0.49643600041654234,False
D500,14,-0.5246060244546472,False
D500,15,-0.49291512848855396,False
D500,16,-0.5073769122610844,False
D500,17,-0.495983124590628,False
D500,18,-0.5131652247402411,False
D500,19,-0.5039433393978602,False
D500,20,-0.512425777372852,False
D500,21,-0.5095787549286852,False
D500,22,-0.49351996006585047,False
D500,23,-0.5135587024387395,False
D500,24,-0.4967573124380889,False
D500,25,-0.5418905123063995,True
D500,26,-0.5462019093819277,True
D501,1,-0.432415214289319,False
D501,2,-0.4174576833119026,False
D501,3,-0.4346822853637249,False
D501,4,-0.4075936265795673,False
D501,5,-0.4321501455995046,False
D501,6,-0.42000206089949726,False
D501,7,-0.42198798332984583,False
D501,8,-0.42995161835189877,False
D501,9,-0.41845567251108684,False
D501,10,-0.42347579223693566,False
D501,11,-0.42484956531743434,False
D501,12,-0.41877627991686855,False
D501,13,-0.40590859693731,False
D501,14,-0.42109938319010276,False
D501,15,-0.4839003260744459,False
D501,16,-0.4148960933900454,False
D501,17,-0.44898460732984047,False
D501,18,-0.4260845443770583,False
D501,19,-0.4677687799483626,False
D501,20,-0.41370671884388244,False
D501,21,-0.4532936744913472,False
D501,22,-0.42929698575111325,False
D501,23,-0.4457949459404446,False
D501,24,-0.4300823821338388,False
D501,25,-0.45408321356071135,False
D501,26,-0.4212105097563577,False
D502,1,-0.41730921032252016,False
D502,2,-0.4180599068396504,False
D502,3,-0.41707377022524406,False
D502,4,-0.41466045850092026,False
D502,5,-0.5042355320281537,False
D502,6,-0.4181304548249849,False
D502,7,-0.3949072634038345,False
D502,8,-0.4318050772093491,False
D502,9,-0.4064609267232035,False
D502,10,-0.42401080818855424,False
D502,11,-0.39815548573379805,False
D502,12,-0.41848410084171833,False
D502,13,-0.4055677317907399,False
D502,14,-0.39225391483448485,False
D502,15,-0.40387985179131464,False
D502,16,-0.4099598708702941,False
D502,17,-0.441796799697178,False
D502,18,-0.419637278225493,False
D502,19,-0.41070781932748496,False
D502,20,-0.4071665526367817,False
D502,21,-0.46854336104600275,False
D503,1,-0.4406065983969841,False
D503,2,-0.5265261113484512,False
D503,3,-0.4409475448127251,False
D503,4,-0.5366397616368813,True
D503,5,-0.4453736496113917,False
D503,6,-0.48877498737746683,False
D503,7,-0.45810017527897473,False
D503,8,-0.5207385106737736,False
D503,9,-0.4361914262563764,False
D503,10,-0.4559107671745195,False
D503,11,-0.4919411489621854,False
D503,12,-0.4647778292363253,False
D503,13,-0.46635152287341797,False
D503,14,-0.4394827784761734,False
D503,15,-0.4504244407645738,False
D503,16,-0.4548676588825127,False
D503,17,-0.45626395478178805,False
D503,18,-0.43020132524254057,False
D503,19,-0.45739315689514753,False
D503,20,-0.48332973766666415,False
D503,21,-0.4611361262593382,False
D503,22,-0.4663870611521644,False
D503,23,-0.4714787834193396,False
D503,24,-0.4576126809223447,False
D503,25,-0.41909299348895546,False
D503,26,-0.43303949190462815,False
D504,1,-0.4374993022188385,False
D504,2,-0.41474527291578506,False
D504,3,-0.46070395966397165,False
D504,4,-0.4414727931257452,False
D504,5,-0.45258529218638016,False
D504,6,-0.43147978190303304,False
D504,7,-0.4278162666282516,False
D504,8,-0.44300207356282895,False
D504,9,-0.49289631324218636,False
D504,10,-0.49879875433632853,False
D504,11,-0.41721574078411866,False
D504,12,-0.45195407853649305,False
D504,13,-0.44473189581721645,False
D504,14,-0.4174399939980514,False
D504,15,-0.47178029520700326,False
D504,16,-0.47775449991253727,False
D504,17,-0.44173558942386637,False
D504,18,-0.4553318600845714,False
D504,19,-0.508299492172401,False
D504,20,-0.42510061025913237,False
D504,21,-0.4414929413426772,False
D504,22,-0.46242216709352796,False
D504,23,-0.4601446583090654,False
D504,24,-0.5083411424855675,False
D504,25,-0.42876032586367424,False
D504,26,-0.4471840881414503,False
D505,1,-0.5018530846331951,False
D505,2,-0.5410089075411985,True
D505,3,-0.4597833294046424,False
D505,4,-0.5021340447195402,False
D505,5,-0.5173561704607291,False
D505,6,-0.4848483316354506,False
D505,7,-0.5321643224336546,False
D505,8,-0.5079816435606327,False
D505,9,-0.47034131448799965,False
D505,10,-0.47964042358086106,False
D505,11,-0.5271413043536919,False
D505,12,-0.48832569671760123,False
D505,13,-0.5640765234613432,True
D505,14,-0.5089851431464952,False
D505,15,-0.4709096332300813,False
D505,16,-0.4971597052236468,False
D505,17,-0.49096818169441325,False
D505,18,-0.48980556570567385,False
D505,19,-0.4617808977276162,False
D505,20,-0.4452286230414447,False
D505,21,-0.509966066416231,False
D505,22,-0.5359054614545803,True
D505,23,-0.4879773499528925,False
D505,24,-0.49380355991238634,False
D505,25,-0.4971976831660603,False
D505,26,-0.4625876484332374,False
D506,1,-0.44726815280320215,False
D506,2,-0.47250635584035455,False
D506,3,-0.43578544278380055,False
D506,4,-0.4619945574293878,False
D506,5,-0.4407585691900403,False
D506,6,-0.4798691448078388,False
D506,7,-0.44499883244833405,False
D506,8,-0.4287457403475581,False
D506,9,-0.48211846873199743,False
D506,10,-0.44825537714253766,False
D506,11,-0.43435670969173573,False
D506,12,-0.46454308234826786,False
D506,13,-0.4500776335310758,False
D506,14,-0.4462343654912335,False
D506,15,-0.4798496918006706,False
D506,16,-0.43745639479030324,False
D506,17,-0.42709042695437444,False
D506,18,-0.481389445264945,False
D506,19,-0.5060948865320244,False
D506,20,-0.5030158033505613,False
D506,21,-0.4612144471342884,False
D506,22,-0.4625841621227545,False
D506,23,-0.4812849543322321,False
D506,24,-0.4578785306499711,False
D506,25,-0.45141619790458176,False
D506,26,-0.5254420692798313,False
D507,1,-0.4908580814709467,False
D507,2,-0.48340005901830246,False
D507,3,-0.4533406606323087,False
D507,4,-0.4638584754141785,False
D507,5,-0.5220251959750912,False
D507,6,-0.4647356628754557,False
D507,7,-0.465445243338909,False
D507,8,-0.4825645902821631,False
D507,9,-0.4395788521549445,False
D507,10,-0.4478344072160232,False
D507,11,-0.48176149791450307,False
D507,12,-0.4929597110604908,False
D507,13,-0.5105689804335749,False
D507,14,-0.4779415302529965,False
D507,15,-0.5160256068693364,False
D507,16,-0.506749799610124,False
D507,17,-0.5219673463159787,False
D507,18,-0.5344370777930672,True
D507,19,-0.49046452465938917,False
D507,20,-0.49095142154060456,False
D507,21,-0.5353259977444677,True
D507,22,-0.4816358508280798,False
D507,23,-0.5114793084424295,False
D507,24,-0.44535285607546665,False
D507,25,-0.48181422458499584,False
D507,26,-0.5042335682261825,False
D508,1,-0.41879533335088076,False
D508,2,-0.439852741130726,False
D508,3,-0.41669831099917415,False
D508,4,-0.4377274968799319,False
D508,5,-0.4307527410410653,False
D508,6,-0.4552560273841015,False
D508,7,-0.43073657552113004,False
D508,8,-0.44137110291649606,False
D508,9,-0.44721855365897534,False
D508,10,-0.43362333428808153,False
D508,11,-0.4413913833706353,False
D508,12,-0.41750408590730226,False
D508,13,-0.4534050388336428,False
D508,14,-0.4214229514372996,False
D508,15,-0.4287830445183124,False
D508,16,-0.42060899439553484,False
D508,17,-0.43497140423918595,False
D508,18,-0.5118416854506519,False
D508,19,-0.48095642811706757,False
D508,20,-0.45378179408530783,False
D508,21,-0.463311260570776,False
D508,22,-0.47053799013853814,False
D508,23,-0.4440866774955682,False
D509,1,-0.4335183405494746,False
D509,2,-0.43870739793338404,False
D509,3,-0.43127403129198666,False
D509,4,-0.4439641033291024,False
D509,5,-0.4162970647881676,False
D509,6,-0.4306172963057947,False
D509,7,-0.4289394178511318,False
D509,8,-0.4311224345498004,False
D509,9,-0.4319290944428999,False
D509,10,-0.4670263543945523,False
D509,11,-0.42241075069812617,False
D509,12,-0.4569960554207842,False
D509,13,-0.4361822520466718,False
D509,14,-0.49980396076120265,False
D509,15,-0.41729590094003394,False
D509,16,-0.45535210821328537,False
D509,17,-0.4386791921217813,False
D509,18,-0.4502125055958665,False
D509,19,-0.48310942836955095,False
D509,20,-0.43056393796336856,False
D509,21,-0.43645124043243894,False
D509,22,-0.44785049261529086,False
D509,23,-0.42403615966990577,False
D509,24,-0.43470998524049737,False
D509,25,-0.47374334432453347,False
D510,1,-0.4290601158981436,False
D510,2,-0.4160716457236487,False
D510,3,-0.4288982382432664,False
D510,4,-0.4295582047832217,False
D510,5,-0.43642595384239874,False
D510,6,-0.4112532394887789,False
D510,7,-0.42514482318345054,False
D510,8,-0.42046727191768085,False
D510,9,-0.4123605117071068,False
D510,10,-0.4277554425112005,False
D510,11,-0.4153069559115455,False
D510,12,-0.42768844761905295,False
D510,13,-0.4197717497961695,False
D510,14,-0.41398441145889836,False
D510,15,-0.4280561944385036,False
D510,16,-0.4680468231308239,False
D510,17,-0.40619592649039793,False
D510,18,-0.4388641760015736,False
D510,19,-0.432330120294362,False
D510,20,-0.42172182160500354,False
D510,21,-0.42792974434581443,False
D510,22,-0.4406571595005805,False
D510,23,-0.4177567120677838,False
D510,24,-0.4051087682215191,False
D510,25,-0.4543454931278141,False
D510,26,-0.43440169258550343,False
D511,1,-0.4375494357775177,False
D511,2,-0.42688447285764525,False
D511,3,-0.42006829425310854,False
D511,4,-0.4134787619791828,False
D511,5,-0.4657837907783662,False
D511,6,-0.4690527124594372,False
D511,7,-0.42135516380106725,False
D511,8,-0.4167913580686314,False
D511,9,-0.45606491060775717,False
D511,10,-0.4382483408303911,False
D511,11,-0.4149115799119703,False
D511,12,-0.4126720569762255,False
D511,13,-0.41890983640642926,False
D511,14,-0.45972570488764125,False
D511,15,-0.449729041949641,False
D511,16,-0.4077911892196543,False
D511,17,-0.4190291457263849,False
D511,18,-0.41988499479428326,False
D511,19,-0.44145805588466214,False
D511,20,-0.4271636084634096,False
D511,21,-0.4301531465943753,False
D511,22,-0.41993166649343355,False
D511,23,-0.4251461607843927,False
D511,24,-0.42233798047555743,False
D511,25,-0.4091840729380148,False
D511,26,-0.43260486347573096,False
D512,1,-0.40569767436026805,False
D512,2,-0.46240686755358323,False
D512,3,-0.41889400373094166,False
D512,4,-0.4553940377248138,False
D512,5,-0.443091563065131,False
D512,6,-0.426886239860681,False
D512,7,-0.41922875510820323,False
D512,8,-0.49701613176548537,False
D512,9,-0.4093578955311283,False
D512,10,-0.43721270665655265,False
D512,11,-0.4207655147282632,False
D512,12,-0.45102108693091686,False
D512,13,-0.4148491001005248,False
D512,14,-0.4060730562000771,False
D512,15,-0.43305028053149247,False
D512,16,-0.4298342441026335,False
D512,17,-0.4194826287287907,False
D512,18,-0.4210888245954994,False
D512,19,-0.43477144656001016,False
D512,20,-0.41245188620648054,False
D512,21,-0.4229193544239578,False
D512,22,-0.41851306584692116,False
D512,23,-0.40808856570962937,False
D512,24,-0.4317445082130963,False
D512,25,-0.41504408499093115,False
D512,26,-0.44164577401378835,False
D513,1,-0.4011822683304155,False
D513,2,-0.42484443485794776,False
D513,3,-0.4308863249995245,False
D513,4,-0.40270095042403364,False
D513,5,-0.40526858364701485,False
D513,6,-0.41267652043545716,False
D513,7,-0.4200833598842625,False
D513,8,-0.41182847509591064,False
D513,9,-0.4133136750295363,False
D513,10,-0.4210953452489088,False
D513,11,-0.41569065081620277,False
D513,12,-0.42578432902073543,False
D513,13,-0.4019136639400438,False
D513,14,-0.4186157421353245,False
D513,15,-0.41225854167698944,False
D513,16,-0.4378035995695177,False
D513,17,-0.42568430388702927,False
D513,18,-0.4327511171558541,False
D513,19,-0.4049650385463354,False
D513,20,-0.43771134026469144,False
D513,21,-0.433502587913394,False
D513,22,-0.443902074830219,False
D513,23,-0.4238830278539632,False
D513,24,-0.5138357250868486,False
D514,1,-0.40057146093777757,False
D514,2,-0.44272910418727285,False
D514,3,-0.4457533727803624,False
D514,4,-0.44567454541496887,False
D514,5,-0.4055491189866244,False
D514,6,-0.47886903827621924,False
D514,7,-0.3988443997338248,False
D514,8,-0.41651403317753755,False
D514,9,-0.4049879482847261,False
D514,10,-0.4095613090975328,False
D514,11,-0.43424311523914033,False
D514,12,-0.3955994025347881,False
D514,13,-0.39323234188331885,False
D514,14,-0.3961943629472923,False
D514,15,-0.4273562301032478,False
D514,16,-0.4324162857598708,False
D514,17,-0.4018149513614545,False
D514,18,-0.40831896727156564,False
D514,19,-0.4072493007956021,False
D514,20,-0.4102249714945625,False
D514,21,-0.42194395169750115,False
D514,22,-0.4229896061454439,False
D514,23,-0.4388794419683351,False
D514,24,-0.4271033756257184,False
D514,25,-0.4287108541317199,False
D514,26,-0.3944062551767757,False
D515,1,-0.40371700480410144,False
D515,2,-0.4061764273052504,False
D515,3,-0.41619280517462387,False
D515,4,-0.4405294359288877,False
D515,5,-0.41699924097774055,False
D515,6,-0.42625272039893564,False
D515,7,-0.4050869455915304,False
D515,8,-0.4052673615406989,False
D515,9,-0.4165701654085503,False
D515,10,-0.42885446326243226,False
D515,11,-0.4218737251407831,False
D515,12,-0.4034511509943062,False
D515,13,-0.4171216586785777,False
D515,14,-0.4665774207906433,False
D515,15,-0.44023967167731015,False
D515,16,-0.44280287621247966,False
D515,17,-0.4084215980081486,False
D515,18,-0.411438474698034,False
D515,19,-0.39678010541063874,False
D515,20,-0.4210897893054756,False
D515,21,-0.40963705992755534,False
D515,22,-0.412067725988352,False
D515,23,-0.4542207301537165,False
D515,24,-0.415175432352636,False
D515,25,-0.42340337436745734,False
D515,26,-0.42299920393432283,False
D516,1,-0.4814243886164345,False
D516,2,-0.4484609536490152,False
D516,3,-0.45765806640062523,False
D516,4,-0.45892105454664583,False
D516,5,-0.4677662593618706,False
D516,6,-0.46584589933424414,False
D516,7,-0.4261012777471774,False
D516,8,-0.4453793736169558,False
D516,9,-0.4291915637294964,False
D516,10,-0.46273658605564777,False
D516,11,-0.5081358457517781,False
D516,12,-0.4416536202261482,False
D516,13,-0.4379444003648152,False
D516,14,-0.46645250687187756,False
D516,15,-0.4418033808991335,False
D516,16,-0.44318601867248586,False
D516,17,-0.4587710903759974,False
D516,18,-0.43691034990975114,False
D516,19,-0.42627961723028934,False
D516,20,-0.44235069021882284,False
D516,21,-0.44416757807689444,False
D516,22,-0.4717114066391682,False
D516,23,-0.47426951534868583,False
D516,24,-0.4915909853208423,False
D516,25,-0.4858966997006321,False
D516,26,-0.4371980192464495,False
D517,1,-0.48355986747996776,False
D517,2,-0.41873777068122064,False
D517,3,-0.4527366708981611,False
D517,4,-0.5043981619605166,False
D517,5,-0.43655248256683155,False
D517,6,-0.4418922162820419,False
D517,7,-0.4751320470103968,False
D517,8,-0.45953700450929347,False
D517,9,-0.4288308671838589,False
D517,10,-0.4423271533411029,False
D517,11,-0.5752123555812477,True
D517,12,-0.43819536210537385,False
D517,13,-0.47658926704281346,False
D517,14,-0.4534595998864197,False
D517,15,-0.455396474021513,False
D517,16,-0.40866202574009836,False
D517,17,-0.4975093788774553,False
D517,18,-0.6240034645169033,True
D517,19,-0.5198407691080723,False
D517,20,-0.48563982330008176,False
D517,21,-0.5002196778328887,False
D517,22,-0.4484691726334282,False
D517,23,-0.49351124600743507,False
D517,24,-0.48558765404264104,False
D517,25,-0.4694632015844058,False
D517,26,-0.46508643698433905,False
D518,1,-0.5122757543443315,False
D518,2,-0.4778141698435691,False
D518,3,-0.4603031616712534,False
D518,4,-0.44197899908270366,False
D518,5,-0.4522228138727243,False
D518,6,-0.48268617266026553,False
D518,7,-0.5364287580037649,True
D518,8,-0.49247058249395026,False
D518,9,-0.49720383977939486,False
D518,10,-0.552495568977321,True
D518,11,-0.5591850858016651,True
D518,12,-0.5739529251085271,True
D518,13,-0.5832177333124857,True
D518,14,-0.6073681917617637,True
D519,1,-0.4419265829116978,False
D519,2,-0.4255485475643757,False
D519,3,-0.4549969895776132,False
D519,4,-0.47297832467953654,False
D519,5,-0.42574420641193494,False
D519,6,-0.4919338814066713,False
D519,7,-0.44326201812257254,False
D519,8,-0.4682708843089847,False
D519,9,-0.42023034113728225,False
D519,10,-0.4759604625635417,False
D519,11,-0.4360706030580635,False
D519,12,-0.49243400219549,False
D519,13,-0.44881408192781536,False
D519,14,-0.4320786181620176,False
D519,15,-0.46387300130637626,False
D519,16,-0.49982241910794517,False
D519,17,-0.447119007238046,False
D519,18,-0.44753385640127136,False
D519,19,-0.4464124021022359,False
D519,20,-0.4401760999161862,False
D519,21,-0.4079662596518893,False
D519,22,-0.4485462761896865,False
D519,23,-0.43909166937127897,False
D519,24,-0.42558252584899836,False
D519,25,-0.4458161203551224,False
D519,26,-0.45693434687262907,False
D520,1,-0.4462755740477593,False
D520,2,-0.42605106949047794,False
D520,3,-0.4432121103776721,False
D520,4,-0.43951320963487805,False
D520,5,-0.45339645180433885,False
D520,6,-0.4377625280260114,False
D520,7,-0.4323261034606062,False
D520,8,-0.47694097715703604,False
D520,9,-0.4466064277926693,False
D520,10,-0.442868836472577,False
D520,11,-0.4325497863389515,False
D520,12,-0.41306599907757,False
D520,13,-0.42389869698818394,False
D520,14,-0.46889229718923475,False
D520,15,-0.440296371507432,False
D520,16,-0.4526151005519446,False
D520,17,-0.4349041585299106,False
D520,18,-0.45231852998160776,False
D520,19,-0.4526920738737084,False
D520,20,-0.47107037645336336,False
D520,21,-0.4860329955038065,False
D520,22,-0.46344700506300524,False
D520,23,-0.45891385213090524,False
D520,24,-0.4468462714819164,False
D520,25,-0.4581217795850926,False
D520,26,-0.43617748221923885,False
D521,1,-0.4253428704306691,False
D521,2,-0.4251059758021714,False
D521,3,-0.42741856120861976,False
D521,4,-0.4122950848297266,False
D521,5,-0.4243918990145034,False
D521,6,-0.41443435634022374,False
D521,7,-0.4270825223927362,False
D521,8,-0.40418091641819576,False
D521,9,-0.4222880881201557,False
D521,10,-0.40742508395533744,False
D521,11,-0.42757502161164407,False
D521,12,-0.45712905557900835,False
D521,13,-0.41730710666849163,False
D521,14,-0.42406488068220355,False
D521,15,-0.4219635307756927,False
D521,16,-0.4327469764347066,False
D521,17,-0.4075891404243757,False
D521,18,-0.44699171190467396,False
D521,19,-0.4056115147194759,False
D521,20,-0.4363926813400942,False
D521,21,-0.451321161318174,False
D521,22,-0.4363344909784114,False
D521,23,-0.44660078102484174,False
D521,24,-0.4165359894193368,False
D521,25,-0.42706342026926536,False
D521,26,-0.4386637795507303,False
D522,1,-0.49072617121611745,False
D522,2,-0.5107017044595429,False
D522,3,-0.482064354094731,False
D522,4,-0.5323380276899929,False
D522,5,-0.4725214030295983,False
D522,6,-0.47116442162109107,False
D522,7,-0.486526101051584,False
D522,8,-0.5169072893172155,False
D522,9,-0.4827589693254441,False
D522,10,-0.4751231417688252,False
D522,11,-0.44637498139872706,False
D522,12,-0.5328008475274397,False
D522,13,-0.44309617115451716,False
D522,14,-0.4400205965893858,False
D522,15,-0.4226790952344436,False
D522,16,-0.46592719997956406,False
D522,17,-0.47329634681342836,False
D522,18,-0.5021857706268216,False
D522,19,-0.5849415131152372,True
D522,20,-0.4499572193902246,False
D522,21,-0.47731023866223066,False
D522,22,-0.5064621827220267,False
D522,23,-0.4726599350714537,False
D522,24,-0.46658698788709985,False
D522,25,-0.5202155665789442,False
D522,26,-0.4471387089981511,False
D523,1,-0.4552290938465737,False
D523,2,-0.46287240671904795,False
D523,3,-0.4806536017247501,False
D523,4,-0.4489434841154807,False
D523,5,-0.46109512807583475,False
D523,6,-0.44239455433480884,False
D523,7,-0.42921092658640075,False
D523,8,-0.44563957485793987,False
D523,9,-0.4253350458675966,False
D523,10,-0.44065041465351323,False
D523,11,-0.4197006435244599,False
D523,12,-0.4813325963592447,False
D523,13,-0.45158197938028405,False
D523,14,-0.45160792969700425,False
D523,15,-0.45133943245297725,False
D523,16,-0.42484053965632534,False
D523,17,-0.42648013079445335,False
D523,18,-0.4268483455014094,False
D523,19,-0.4234424494059469,False
D523,20,-0.49428136937006106,False
D523,21,-0.4353918322031067,False
D523,22,-0.4141321385450473,False
D523,23,-0.4601348059168348,False
D523,24,-0.43757207024729017,False
D523,25,-0.46931282133618046,False
D523,26,-0.47804234931099715,False
D524,1,-0.5032422645935848,False
D524,2,-0.5199261946060738,False
D524,3,-0.5438228631796683,True
D524,4,-0.47753594533455707,False
D524,5,-0.5390676286719575,True
D524,6,-0.5151800014798594,False
D524,7,-0.49860200489692935,False
D524,8,-0.4989797354313904,False
D524,9,-0.5482899242814858,True
D524,10,-0.5579725138635898,True
D524,11,-0.4878797243210743,False
D524,12,-0.5521306586585486,True
D524,13,-0.4934615249576299,False
D524,14,-0.4944895813056673,False
D524,15,-0.518790735138763,False
D524,16,-0.4926101502966947,False
D524,17,-0.4806893154571734,False
D524,18,-0.5383103612674143,True
D524,19,-0.4630769327761613,False
D524,20,-0.5706327507576676,True
D524,21,-0.5288226504774416,False
D524,22,-0.48892967327457043,False
D524,23,-0.47421195717323195,False
D524,24,-0.5059272087009345,False
D524,25,-0.5006406169770327,False
D524,26,-0.5093899377395991,False
D525,1,-0.5175751259042614,False
D525,2,-0.4875586278683224,False
D525,3,-0.4517973132958466,False
D525,4,-0.47555394529071315,False
D525,5,-0.49073498383132913,False
D525,6,-0.5098328247853405,False
D525,7,-0.4403607669504141,False
D525,8,-0.5607669847397103,True
D525,9,-0.4790779237153643,False
D525,10,-0.44559730719472007,False
D525,11,-0.48440700171752976,False
D525,12,-0.4700217180990966,False
D525,13,-0.48210298021198367,False
D525,14,-0.4488806335672479,False
D525,15,-0.47392286464467287,False
D525,16,-0.48481534977184587,False
D525,17,-0.45893782409069395,False
D525,18,-0.44983900486035133,False
D525,19,-0.4651865008414247,False
D525,20,-0.494146501647679,False
D525,21,-0.5477155361834812,True
D525,22,-0.4562849206192348,False
D525,23,-0.47217089419844854,False
D525,24,-0.5617323939146,True
D525,25,-0.5400284077772671,True
D525,26,-0.4961571024843492,False
D526,1,-0.4525707167950115,False
D526,2,-0.4424794577335449,False
D526,3,-0.4799437274328288,False
D526,4,-0.4963405550125254,False
D526,5,-0.46591856076101,False
D526,6,-0.44466370023772417,False
D526,7,-0.4697413144268678,False
D526,8,-0.4640399893007264,False
D526,9,-0.42138308087183596,False
D526,10,-0.4378719153372784,False
D526,11,-0.4796176547205007,False
D526,12,-0.43892592107187,False
D526,13,-0.46900959411420795,False
D526,14,-0.45045414855640975,False
D526,15,-0.4760324253526296,False
D526,16,-0.46364077699180406,False
D526,17,-0.47435400418361984,False
D526,18,-0.43631058358020364,False
D526,19,-0.4724609001010027,False
D526,20,-0.47404732125552895,False
D526,21,-0.5275706122792962,False
D526,22,-0.4843818669042527,False
D526,23,-0.4911488638133091,False
D526,24,-0.5555491587381305,True
D526,25,-0.4848807445779527,False
D526,26,-0.48844595101879307,False
D527,1,-0.47913524170523597,False
D527,2,-0.46523640458811083,False
D527,3,-0.43322542917327733,False
D527,4,-0.5122792149752039,False
D527,5,-0.5094218586897479,False
D527,6,-0.4557746937619879,False
D527,7,-0.48077954035148424,False
D527,8,-0.4992831581420639,False
D527,9,-0.44278173727357606,False
D527,10,-0.48224454975708214,False
D527,11,-0.483723673885533,False
D527,12,-0.4550393873763392,False
D527,13,-0.52176680077282,False
D527,14,-0.45177826484199957,False
D527,15,-0.4421236362512288,False
D527,16,-0.47033668234783677,False
D527,17,-0.452263288232214,False
D527,18,-0.46662285656887637,False
D527,19,-0.4594284053371215,False
D527,20,-0.455964223085507,False
D527,21,-0.4728943947397866,False
D527,22,-0.5135234111111043,False
D527,23,-0.45224283151480443,False
D527,24,-0.47249311001612704,False
D527,25,-0.4517261733028504,False
D527,26,-0.46553076061885695,False
D528,1,-0.4847745835433555,False
D528,2,-0.5105540735709705,False
D528,3,-0.4261595800283021,False
D528,4,-0.43599224804782405,False
D528,5,-0.4366335443867288,False
D528,6,-0.4722104591410847,False
D528,7,-0.4508032705847645,False
D528,8,-0.4218043198080483,False
D528,9,-0.4205467639372596,False
D528,10,-0.4388668959214111,False
D528,11,-0.4219319300937356,False
D528,12,-0.43236651129044196,False
D528,13,-0.41765946182293734,False
D528,14,-0.4029827119511625,False
D528,15,-0.4286937305358655,False
D528,16,-0.41745467080560383,False
D528,17,-0.4018859344347019,False
D528,18,-0.4073835996584952,False
D528,19,-0.4098894039058682,False
D528,20,-0.4177170719554485,False
D528,21,-0.40381510237706464,False
D528,22,-0.41519259297768557,False
D528,23,-0.4216710549843608,False
D528,24,-0.404906454939108,False
D528,25,-0.4785063959657734,False
D528,26,-0.40983737994040087,False
D529,1,-0.4362999283063645,False
D529,2,-0.47767872456509747,False
D529,3,-0.4545786468302148,False
D529,4,-0.44980315698142836,False
D529,5,-0.44141728620686466,False
D529,6,-0.4538923829088325,False
D529,7,-0.4565287754399478,False
D529,8,-0.4407937926070235,False
D529,9,-0.4551738951806164,False
D529,10,-0.4333130103423884,False
D529,11,-0.41561346240726305,False
D529,12,-0.4387034771828985,False
D529,13,-0.43550541733265796,False
D529,14,-0.49646676663456757,False
D530,1,-0.5006238750732239,False
D530,2,-0.525065709879597,False
D530,3,-0.5085845464260474,False
D530,4,-0.5420567233216687,True
D530,5,-0.5683111725085994,True
D530,6,-0.5328444433583369,False
D530,7,-0.4812421113784164,False
D530,8,-0.4975564534360983,False
D530,9,-0.5399465209286527,True
D530,10,-0.5644338085114083,True
D530,11,-0.5725830611787445,True
D530,12,-0.5952175080106977,True
D530,13,-0.4927943644646385,False
D530,14,-0.5168740371291046,False
D530,15,-0.4953105740102831,False
D530,16,-0.5446502879973325,True
D530,17,-0.5394790667657899,True
D530,18,-0.524899756899872,False
D530,19,-0.5377319966614511,True
D530,20,-0.5457959144129036,True
D530,21,-0.4850358193844971,False
D530,22,-0.518774625624488,False
D530,23,-0.5582856285438578,True
D530,24,-0.49682334303738357,False
D530,25,-0.5395540624678818,True
D530,26,-0.5401331893302123,True
D531,1,-0.4660702135562829,False
D531,2,-0.49332938400960186,False
D531,3,-0.4799282930387869,False
D531,4,-0.472917005899361,False
D531,5,-0.43163143459766784,False
D531,6,-0.4685512925695964,False
D531,7,-0.4518563829770647,False
D531,8,-0.5423471671789766,True
D531,9,-0.586364899589156,True
D531,10,-0.5701406177581781,True
D531,11,-0.6234096308198736,True
D531,12,-0.4913544767760908,False
D531,13,-0.560622406329827,True
D531,14,-0.6596187369239815,True
D532,1,-0.4290626185564564,False
D532,2,-0.41264068861447767,False
D532,3,-0.4335730874809727,False
D532,4,-0.4383684106898429,False
D532,5,-0.41284015776578087,False
D532,6,-0.4485789536571553,False
D532,7,-0.4108297373886675,False
D532,8,-0.4226231248035975,False
D532,9,-0.4138173644790349,False
D532,10,-0.4522333493276756,False
D532,11,-0.43805794019813643,False
D532,12,-0.44332408523043043,False
D532,13,-0.42463712612515503,False
D532,14,-0.42135335749173325,False
D532,15,-0.43466736048240395,False
D532,16,-0.5038137114469934,False
D532,17,-0.42978526317198157,False
D532,18,-0.43945134784273426,False
D532,19,-0.46229222906472717,False
D532,20,-0.4327197813273323,False
D532,21,-0.421518124409183,False
D532,22,-0.4476748939675099,False
D532,23,-0.4083458008237207,False
D532,24,-0.4360532574949151,False
D532,25,-0.42620139549301,False
D532,26,-0.4463594111764515,False
D533,1,-0.4146631746713704,False
D533,2,-0.5065907400793366,False
D533,3,-0.41200327890700583,False
D533,4,-0.42135815117924186,False
D533,5,-0.43280875617558395,False
D533,6,-0.4024697445628939,False
D533,7,-0.4373464428091464,False
D533,8,-0.4374058632937937,False
D533,9,-0.4559263908453636,False
D533,10,-0.4103674760974605,False
D533,11,-0.4306168363681987,False
D533,12,-0.4462995431266548,False
D533,13,-0.425507112946643,False
D533,14,-0.4080567237278615,False
D533,15,-0.4270581596702762,False
D533,16,-0.42198166873870485,False
D533,17,-0.4221001195455363,False
D533,18,-0.41824181140982314,False
D533,19,-0.4298780653041444,False
D533,20,-0.41103822096284337,False
D533,21,-0.45149807708373585,False
D533,22,-0.4261731957976509,False
D533,23,-0.42894327078157246,False
D533,24,-0.43129136869211165,False
D533,25,-0.44195195005334637,False
D533,26,-0.41426649223412326,False
D534,1,-0.4480847530048545,False
D534,2,-0.41197739896436963,False
D534,3,-0.4082455090358877,False
D534,4,-0.4134785460003332,False
D534,5,-0.41338535993115394,False
D534,6,-0.4146531938942027,False
D534,7,-0.4266431644655138,False
D534,8,-0.43302569194209223,False
D534,9,-0.4368880369628518,False
D534,10,-0.4285219622982397,False
D534,11,-0.4348390008424659,False
D534,12,-0.41549539495769716,False
D534,13,-0.43275724048375885,False
D534,14,-0.41719900104832824,False
D534,15,-0.485166590915561,False
D534,16,-0.42439499521609975,False
D534,17,-0.45535846196834356,False
D534,18,-0.43007501304339396,False
D534,19,-0.45073362314368337,False
D534,20,-0.5030095734140786,False
D534,21,-0.41992457647485926,False
D534,22,-0.44157007908736423,False
D534,23,-0.4799088079004785,False
D534,24,-0.4208332292253843,False
D534,25,-0.416511293989546,False
D534,26,-0.443444079395656,False
D535,1,-0.4033436714233659,False
D535,2,-0.43087140691423464,False
D535,3,-0.4325611232530927,False
D535,4,-0.4174349312070683,False
D535,5,-0.4080074735853875,False
D535,6,-0.4209072610243518,False
D535,7,-0.4075053826178916,False
D535,8,-0.4329575844697063,False
D535,9,-0.4101930985038357,False
D535,10,-0.43354636495407856,False
D535,11,-0.4294907706821245,False
D535,12,-0.42186896163320436,False
D535,13,-0.40265028882033105,False
D535,14,-0.4302863469669538,False
D535,15,-0.42028377867907796,False
D535,16,-0.41581483237618816,False
D535,17,-0.40441055049636115,False
D535,18,-0.4029361644763081,False
D535,19,-0.4509734585039839,False
D535,20,-0.431019689586371,False
D535,21,-0.42085690327258923,False
D535,22,-0.4519605191980119,False
D535,23,-0.4097843941043694,False
D535,24,-0.4257459922817825,False
D535,25,-0.4249260118521647,False
D535,26,-0.3968903600628832,False
D536,1,-0.4673275448769741,False
D536,2,-0.4640249008501106,False
D536,3,-0.4556275224071083,False
D536,4,-0.44268008321902164,False
D536,5,-0.4429816195006589,False
D536,6,-0.45187003301946843,False
D536,7,-0.4493549621843506,False
D536,8,-0.4615203552911165,False
D536,9,-0.47090801206642946,False
D536,10,-0.4669290448628689,False
D536,11,-0.4961945567863464,False
D536,12,-0.48487170597830387,False
D536,13,-0.45229259756612317,False
D536,14,-0.45222713780143664,False
D536,15,-0.44218425343613194,False
D536,16,-0.5159284720228607,False
D536,17,-0.4593974114937714,False
D536,18,-0.4528963481949244,False
D536,19,-0.4768687488987075,False
D536,20,-0.48190781861775844,False
D536,21,-0.4659121664133756,False
D536,22,-0.4425963027048832,False
D536,23,-0.4938907309763973,False
D536,24,-0.45895361702274295,False
D536,25,-0.47883873362701856,False
D536,26,-0.4602246849194584,False
D537,1,-0.49165207540504174,False
D537,2,-0.4253119304693794,False
D537,3,-0.4590036339287822,False
D537,4,-0.4366995346184479,False
D537,5,-0.4359655636839204,False
D537,6,-0.4610010042061958,False
D537,7,-0.4443526799034698,False
D537,8,-0.45198145735055106,False
D537,9,-0.42529296465018135,False
D537,10,-0.4269657700824492,False
D537,11,-0.41398333810636195,False
D537,12,-0.4777778985696384,False
D537,13,-0.4512109232042924,False
D537,14,-0.4795519786850673,False
D537,15,-0.46960213629157016,False
D537,16,-0.4587753697568014,False
D537,17,-0.45662539922193374,False
D537,18,-0.46498878048267567,False
D537,19,-0.4651815472520921,False
D537,20,-0.4709633087287716,False
D537,21,-0.43654354337897394,False
D537,22,-0.4353428340399522,False
D537,23,-0.44603984192990637,False
D537,24,-0.4874541667689836,False
D537,25,-0.48362625197926606,False
D537,26,-0.4541011299817261,False
D538,1,-0.5302420663435071,False
D538,2,-0.48639290456383194,False
D538,3,-0.5277829099936624,False
D538,4,-0.4978636673143966,False
D538,5,-0.5328024135707097,False
D538,6,-0.624212711578834,True
D538,7,-0.6071008672859896,True
D538,8,-0.5885158585690414,True
D538,9,-0.6321981108488727,True
D538,10,-0.6302392858622033,True
D538,11,-0.657163305252366,True
D538,12,-0.6791326965860752,True
D539,1,-0.4291351604534076,False
D539,2,-0.4420633062787715,False
D539,3,-0.4133831445843463,False
D539,4,-0.4410084429049865,False
D539,5,-0.4301277350511476,False
D539,6,-0.4403766265956283,False
D539,7,-0.44356224821402446,False
D539,8,-0.45312763089631236,False
D539,9,-0.4869419612031894,False
D539,10,-0.4293109199579812,False
D539,11,-0.4157592730182614,False
D539,12,-0.4059960607891177,False
D539,13,-0.4375799057116215,False
D539,14,-0.4498599665717753,False
D539,15,-0.4077272801034898,False
D540,1,-0.45900556688171584,False
D540,2,-0.4776501360570879,False
D540,3,-0.46535297285925453,False
D540,4,-0.4655798714822759,False
D540,5,-0.48162310759770827,False
D540,6,-0.4633632056063218,False
D540,7,-0.47679469911298733,False
D540,8,-0.4955074238234586,False
D540,9,-0.4938681374372296,False
D540,10,-0.48917934298660126,False
D540,11,-0.47141798212453956,False
D540,12,-0.519504403600441,False
D540,13,-0.4587867519516114,False
D540,14,-0.4920259274542743,False
D540,15,-0.4608365373720855,False
D540,16,-0.46045925972984475,False
D540,17,-0.4697740434111069,False
D540,18,-0.5147262439229165,False
D540,19,-0.4940341200731061,False
D540,20,-0.49237561678650144,False
D540,21,-0.43591113023774397,False
D540,22,-0.49793923177819244,False
D540,23,-0.4959318546829598,False
D540,24,-0.48322981965291084,False
D540,25,-0.4587838169568444,False
D540,26,-0.5018841350752608,False
D541,1,-0.4751795323579292,False
D541,2,-0.46254331392027764,False
D541,3,-0.5320294007208235,False
D541,4,-0.49815422184707814,False
D541,5,-0.5599741590414303,True
D541,6,-0.4809973649924477,False
D541,7,-0.5075688093722783,False
D541,8,-0.5232477327166237,False
D541,9,-0.5389176770467006,True
D541,10,-0.5421478512470312,True
D541,11,-0.46514201828532875,False
D541,12,-0.45751599201279514,False
D541,13,-0.5278601762030518,False
D541,14,-0.45784695851082874,False
D541,15,-0.5154396653876006,False
D541,16,-0.5303389736036044,False
D541,17,-0.4767428503036263,False
D541,18,-0.4893503358839296,False
D541,19,-0.5098559291014123,False
D541,20,-0.5215885972916519,False
D541,21,-0.4978645025724207,False
D541,22,-0.48660074369200584,False
D541,23,-0.4971908056790987,False
D541,24,-0.46022914630687173,False
D541,25,-0.4634218542712077,False
D541,26,-0.49547561701463233,False
D542,1,-0.537239489890519,True
D542,2,-0.5265129713856876,False
D542,3,-0.5397924994241093,True
D542,4,-0.548077514556647,True
D542,5,-0.4958359909990231,False
D542,6,-0.49374883548893267,False
D542,7,-0.5185543862784908,False
D542,8,-0.5509804459288257,True
D542,9,-0.49451550946962963,False
D542,10,-0.5114003930294018,False
D542,11,-0.46748631655854733,False
D542,12,-0.5413865047259616,True
D542,13,-0.4725646161792182,False
D542,14,-0.4670539157466044,False
D542,15,-0.49737017063339434,False
D542,16,-0.4657881009975461,False
D542,17,-0.508549122704233,False
D542,18,-0.4659763910691395,False
D542,19,-0.48560085886877874,False
D542,20,-0.4899479700162312,False
D542,21,-0.5211320409662792,False
D542,22,-0.5091388782075503,False
D542,23,-0.49017774619641113,False
D542,24,-0.5287340589994273,False
D542,25,-0.46687572791474957,False
D542,26,-0.5941664086823308,True
D543,1,-0.43707066005969025,False
D543,2,-0.4732317285740855,False
D543,3,-0.42763330807721806,False
D543,4,-0.43014827208389966,False
D543,5,-0.43338486169727947,False
D543,6,-0.45725096048767083,False
D543,7,-0.4244017022461897,False
D543,8,-0.4245958903055668,False
D543,9,-0.4299404917104656,False
D543,10,-0.49202085236131543,False
D543,11,-0.42673153180144646,False
D543,12,-0.41755288798412443,False
D543,13,-0.4433400529185215,False
D543,14,-0.41488559002450376,False
D543,15,-0.44730819996181564,False
D543,16,-0.42622819123899,False
D543,17,-0.4414435836684,False
D543,18,-0.45761864132063584,False
D543,19,-0.4275192831437851,False
D543,20,-0.4428179585681024,False
D543,21,-0.4412274973679952,False
D543,22,-0.43853997835240194,False
D543,23,-0.42802696073741575,False
D543,24,-0.41712756882578905,False
D543,25,-0.4273554489968161,False
D543,26,-0.44094967851786915,False
D544,1,-0.4446414983490419,False
D544,2,-0.44313549614770464,False
D544,3,-0.4691080475496096,False
D544,4,-0.4342602577005246,False
D544,5,-0.48173174797563156,False
D544,6,-0.4188125844940286,False
D544,7,-0.41064500811205296,False
D544,8,-0.4231703694704685,False
D544,9,-0.5358781528958624,True
D544,10,-0.45904860038091766,False
D544,11,-0.5008559962937544,False
D544,12,-0.4410040591913183,False
D544,13,-0.42341951030934466,False
D544,14,-0.4203939380053486,False
D544,15,-0.43082575768484926,False
D544,16,-0.4466265802701433,False
D544,17,-0.4381816890938322,False
D544,18,-0.43393837143155856,False
D544,19,-0.4210329187476159,False
D544,20,-0.40852190691836077,False
D545,1,-0.44659123037780846,False
D545,2,-0.439964437240576,False
D545,3,-0.45261633166834214,False
D545,4,-0.4617278049220686,False
D545,5,-0.48104122414557415,False
D545,6,-0.4773115523474039,False
D545,7,-0.43482395098689236,False
D545,8,-0.4949170554458495,False
D545,9,-0.4797838294736594,False
D545,10,-0.4511854440213888,False
D545,11,-0.48056639921018285,False
D545,12,-0.46849761691508024,False
D545,13,-0.4517989895622745,False
D545,14,-0.4313792014769127,False
D545,15,-0.4761009961962398,False
D545,16,-0.5111196112069867,False
D545,17,-0.4554984984971277,False
D545,18,-0.4723972667675181,False
D545,19,-0.5013578447524005,False
D545,20,-0.4834367160981749,False
D545,21,-0.5119295544942077,False
D545,22,-0.4485979477436293,False
D545,23,-0.4769470827265659,False
D545,24,-0.4783441557269636,False
D545,25,-0.5103202193981053,False
D545,26,-0.4458664483023818,False
D546,1,-0.4712298359804484,False
D546,2,-0.46459231804097556,False
D546,3,-0.5442594782619138,True
D546,4,-0.47527897789214596,False
D546,5,-0.45237904013992863,False
D546,6,-0.4528454711736396,False
D546,7,-0.49612399982408867,False
D546,8,-0.4941176267246214,False
D546,9,-0.46675401393065746,False
D546,10,-0.5209869984475394,False
D546,11,-0.4865586584836238,False
D546,12,-0.468384427093981,False
D546,13,-0.43600001369575875,False
D546,14,-0.4836144346015217,False
D546,15,-0.5104317448416454,False
D546,16,-0.4470614131800096,False
D546,17,-0.48825169403540275,False
D546,18,-0.5962907942272626,True
D546,19,-0.5047715257601549,False
D546,20,-0.4714556543819202,False
D546,21,-0.44395837431589713,False
D546,22,-0.5184248940004316,False
D546,23,-0.4565201419855293,False
D546,24,-0.44034815188494014,False
D546,25,-0.4687793263513171,False
D546,26,-0.4657695133983307,False
D547,1,-0.4901789614858794,False
D547,2,-0.4386527443286705,False
D547,3,-0.41421031809462294,False
D547,4,-0.41543108933156636,False
D547,5,-0.42579842517641614,False
D547,6,-0.446785268014084,False
D547,7,-0.46555790146226206,False
D547,8,-0.45308129449783374,False
D547,9,-0.44262240153233245,False
D548,1,-0.47971211061080093,False
D548,2,-0.45444262002301145,False
D548,3,-0.4857981187092546,False
D548,4,-0.5777704168152039,True
D548,5,-0.47723020121562226,False
D548,6,-0.5194880519923833,False
D548,7,-0.47679710883673304,False
D548,8,-0.4741326514944234,False
D548,9,-0.48084112092807507,False
D548,10,-0.5179149904252509,False
D548,11,-0.5430922040629517,True
D548,12,-0.5800123427723088,True
D548,13,-0.45085944931650296,False
D548,14,-0.46190653691239125,False
D548,15,-0.4633437031633876,False
D548,16,-0.47595711659258605,False
D548,17,-0.5145720504741631,False
D548,18,-0.5060637340036079,False
D548,19,-0.4691674288593361,False
D548,20,-0.4559237644564677,False
D548,21,-0.5515182152135896,True
D548,22,-0.5170611082589245,False
D548,23,-0.47248304618970566,False
D548,24,-0.555995510639704,True
D548,25,-0.4974016179660227,False
D548,26,-0.6060759118951983,True
D549,1,-0.4188522945225704,False
D549,2,-0.42192264365984167,False
D549,3,-0.4143787769856643,False
D549,4,-0.4252744413520101,False
D549,5,-0.4041109989764749,False
D549,6,-0.4236288390026486,False
D549,7,-0.4252321083492673,False
D549,8,-0.4112735262142154,False
D549,9,-0.4835780388287643,False
D549,10,-0.4515179669573917,False
D549,11,-0.45928145479904015,False
D549,12,-0.42493053829367305,False
D549,13,-0.4198293457065964,False
D549,14,-0.4217231671154874,False
D549,15,-0.41861107329239594,False
D549,16,-0.4248976319030284,False
D549,17,-0.42384328654182124,False
D549,18,-0.4198130214440175,False
D549,19,-0.4881743190944779,False
D549,20,-0.4171396209389732,False
D549,21,-0.44823620482054816,False
D549,22,-0.42023138804092314,False
D549,23,-0.4345160731533374,False
D549,24,-0.4106820820633691,False
D549,25,-0.4678004112407357,False
D549,26,-0.41627149239159866,False
D550,1,-0.44996321947510776,False
D550,2,-0.4543111855788053,False
D550,3,-0.46296115175749053,False
D550,4,-0.4603868153089549,False
D550,5,-0.4714845618027961,False
D550,6,-0.43820438544320695,False
D550,7,-0.4596740812192547,False
D550,8,-0.4436204193604641,False
D550,9,-0.4524588440654606,False
D550,10,-0.44725837748518527,False
D550,11,-0.43918024781096393,False
D550,12,-0.4445711559231085,False
D550,13,-0.43201410162539255,False
D550,14,-0.49724339152096136,False
D550,15,-0.4302604181087475,False
D550,16,-0.42691297065068085,False
D550,17,-0.4668056333465684,False
D550,18,-0.4633470451613542,False
D550,19,-0.4645243273306184,False
D550,20,-0.45414068379348627,False
D550,21,-0.441320865137931,False
D550,22,-0.4857629122944259,False
D550,23,-0.4717854352209397,False
D550,24,-0.5244332614937952,False
D551,1,-0.4306726160418675,False
D551,2,-0.5107864589998785,False
D551,3,-0.48611011284996214,False
D551,4,-0.4307772883955967,False
D551,5,-0.4716293322063876,False
D551,6,-0.4364759819580828,False
D551,7,-0.48136458738044896,False
D551,8,-0.465381433835684,False
D551,9,-0.4289197203619536,False
D551,10,-0.4557078027239648,False
D551,11,-0.4465507169093723,False
D551,12,-0.44104902175974486,False
D551,13,-0.4287867997116242,False
D551,14,-0.47820931218350116,False
D551,15,-0.47000012779275746,False
D551,16,-0.45557348928422525,False
D551,17,-0.45422717210474883,False
D551,18,-0.490156680684461,False
D551,19,-0.4656219177115752,False
D551,20,-0.5145999100102678,False
D551,21,-0.4927566179064764,False
D551,22,-0.5081320271618682,False
D551,23,-0.5438991505815395,True
D551,24,-0.5469703821425251,True
D552,1,-0.41139668652164396,False
D552,2,-0.39910807858578984,False
D552,3,-0.4161727735353675,False
D552,4,-0.3945226917934326,False
D552,5,-0.41988595709157844,False
D552,6,-0.406149003768657,False
D552,7,-0.4217846454272068,False
D552,8,-0.4030810336143615,False
D552,9,-0.40082963917192055,False
D552,10,-0.4159896102673179,False
D552,11,-0.42015968659690933,False
D552,12,-0.4379536452725465,False
D552,13,-0.5161326051813524,False
D552,14,-0.42944231857134013,False
D553,1,-0.4089010744749823,False
D553,2,-0.49387537865435216,False
D553,3,-0.4164449685305906,False
D553,4,-0.43645230046790723,False
D553,5,-0.4240611300276408,False
D553,6,-0.4263451745268585,False
D553,7,-0.42632561357688675,False
D553,8,-0.4295172090133345,False
D553,9,-0.4778175739035017,False
D553,10,-0.4402811091620641,False
D553,11,-0.404578243939195,False
D553,12,-0.4646728477531814,False
D553,13,-0.45830095161292617,False
D553,14,-0.45797006859960704,False
D553,15,-0.4563078109000871,False
D553,16,-0.4414564039504457,False
D554,1,-0.38594268325371706,False
D554,2,-0.4110331992120951,False
D554,3,-0.40352145888671237,False
D554,4,-0.45699107995295696,False
D554,5,-0.41331185617880467,False
D554,6,-0.4265768648855048,False
D554,7,-0.41813048560939275,False
D554,8,-0.4107324474865174,False
D554,9,-0.42801822036262827,False
D554,10,-0.4182074102656051,False
D554,11,-0.42802520471381317,False
D554,12,-0.4221281612893029,False
D554,13,-0.4265511733557595,False
D554,14,-0.3992063865974966,False
D554,15,-0.4258223621947917,False
D554,16,-0.4108739652378703,False
D554,17,-0.3936785000006948,False
D554,18,-0.4137551245523706,False
D554,19,-0.43927434891087774,False
D554,20,-0.44604818980484584,False
D554,21,-0.4190898972695375,False
D554,22,-0.448290083474617,False
D554,23,-0.404496620812881,False
D554,24,-0.45317423381481003,False
D554,25,-0.4049203497232198,False
D554,26,-0.39689419531440095,False
D555,1,-0.4018175287062218,False
D555,2,-0.4006875493817487,False
D555,3,-0.4142664656191977,False
D555,4,-0.4593705838964324,False
D555,5,-0.42881427922790716,False
D555,6,-0.435707140529303,False
D555,7,-0.41527087181658207,False
D555,8,-0.42131801297476135,False
D555,9,-0.44233175513984874,False
D555,10,-0.390519940653185,False
D555,11,-0.4284173846009253,False
D555,12,-0.38948847290153776,False
D555,13,-0.44686599482474276,False
D555,14,-0.4134062016664342,False
D555,15,-0.4359636310853675,False
D555,16,-0.41666768097161655,False
D555,17,-0.3938398574444254,False
D555,18,-0.4601965193966182,False
D555,19,-0.41475899569619207,False
D555,20,-0.3902212529239531,False
D555,21,-0.4074473656801847,False
D555,22,-0.43238115703210356,False
D555,23,-0.4047644347789645,False
D555,24,-0.38783020685650366,False
D555,25,-0.43154885828397443,False
D555,26,-0.4483422057733761,False
D556,1,-0.44182371989507313,False
D556,2,-0.44119809198565074,False
D556,3,-0.44639677955036566,False
D556,4,-0.46586270710124456,False
D556,5,-0.44743901532937325,False
D556,6,-0.46509303757773246,False
D556,7,-0.46181730687710026,False
D556,8,-0.43183898345952315,False
D556,9,-0.44775256898688737,False
D556,10,-0.45338002342480344,False
D556,11,-0.425118229976446,False
D556,12,-0.46622438972512725,False
D556,13,-0.44318068380657955,False
D556,14,-0.4671091741668611,False
D556,15,-0.42609813172078564,False
D556,16,-0.45150914815298865,False
D556,17,-0.492980204768885,False
D556,18,-0.4681565928824521,False
D556,19,-0.47053500385866415,False
D556,20,-0.4793151051247188,False
D556,21,-0.4680389040430523,False
D556,22,-0.47231614122486726,False
D556,23,-0.4598217392833265,False
D556,24,-0.515030249836575,False
D556,25,-0.45403876654172565,False
D556,26,-0.45464005714447886,False
D557,1,-0.42831888848520416,False
D557,2,-0.4382877033030663,False
D557,3,-0.43796684893246635,False
D557,4,-0.4521601321060412,False
D557,5,-0.43794106049431925,False
D557,6,-0.4570636558278594,False
D557,7,-0.44189691998039654,False
D557,8,-0.4260404676146168,False
D557,9,-0.44546955673639105,False
D557,10,-0.46145791294021815,False
D557,11,-0.4623799828841543,False
D557,12,-0.44044152352721605,False
D557,13,-0.4531492208297973,False
D557,14,-0.4434914982870126,False
D557,15,-0.42544784097867283,False
D557,16,-0.42685817583269764,False
D557,17,-0.4352589934870307,False
D557,18,-0.4498334357908147,False
D557,19,-0.4552850752774261,False
D557,20,-0.5167369067930017,False
D557,21,-0.4538358390011647,False
D557,22,-0.4213110546882415,False
D557,23,-0.4650154938638019,False
D557,24,-0.4570241441692091,False
D557,25,-0.42698174253591464,False
D557,26,-0.4503740682209866,False
D558,1,-0.41077227590409243,False
D558,2,-0.4115513289920067,False
D558,3,-0.4435304004014302,False
D558,4,-0.41430417137338477,False
D558,5,-0.41540459762940957,False
D558,6,-0.42624795573666163,False
D558,7,-0.41187760646740723,False
D558,8,-0.4143371344921405,False
D558,9,-0.427820105776592,False
D558,10,-0.427582091112545,False
D558,11,-0.4230056514463472,False
D558,12,-0.4218806407504361,False
D558,13,-0.407317702519827,False
D558,14,-0.42966958691390367,False
D558,15,-0.41808659523031994,False
D558,16,-0.40937214556295254,False
D558,17,-0.4877071136072595,False
D558,18,-0.43364365164494145,False
D558,19,-0.44013012528892514,False
D558,20,-0.41506557267916233,False
D558,21,-0.4189796702103941,False
D558,22,-0.42619344666175346,False
D558,23,-0.4174433863738972,False
D558,24,-0.422316089084291,False
D558,25,-0.4509834916615772,False
D558,26,-0.4479491949572268,False
D559,1,-0.4738822508081199,False
D559,2,-0.4242075462240059,False
D559,3,-0.4733852260207411,False
D559,4,-0.4388117714572573,False
D559,5,-0.4637194016016799,False
D559,6,-0.4938398835971806,False
D559,7,-0.4804938042072801,False
D559,8,-0.5491302775481349,True
D559,9,-0.562043525591477,True
D560,1,-0.45350017361274936,False
D560,2,-0.4212481825708303,False
D560,3,-0.43797775830788055,False
D560,4,-0.4169028826061199,False
D560,5,-0.41578819990544114,False
D560,6,-0.43907816860189774,False
D560,7,-0.4282731930804179,False
D560,8,-0.4058368061256608,False
D560,9,-0.430811244414009,False
D560,10,-0.45809509671676335,False
D560,11,-0.44221122297509186,False
D560,12,-0.4195013132955653,False
D560,13,-0.4484018197084025,False
D560,14,-0.41080257377246393,False
D560,15,-0.44592507847460405,False
D560,16,-0.4346039030298723,False
D560,17,-0.43060885209456295,False
D560,18,-0.40123907361989936,False
D560,19,-0.4397266896962888,False
D560,20,-0.4242876766526266,False
D560,21,-0.43732473404482325,False
D560,22,-0.41654007267042886,False
D560,23,-0.42161185214610725,False
D560,24,-0.41825575698397277,False
D560,25,-0.4220537741388401,False
D560,26,-0.4501356120836441,False
D561,1,-0.4620892206943704,False
D561,2,-0.49971754881100183,False
D561,3,-0.4791325664157323,False
D561,4,-0.5195736117870259,False
D561,5,-0.5423937243808951,True
D561,6,-0.5309478132092453,False
D561,7,-0.48211510121862416,False
D561,8,-0.4849258459051047,False
D561,9,-0.4779315507124044,False
D561,10,-0.4367141201340646,False
D561,11,-0.5151849168431291,False
D561,12,-0.5354632413782902,True
D561,13,-0.4546055616502177,False
D561,14,-0.4724601075300689,False
D561,15,-0.4604044061280051,False
D561,16,-0.4677509626561867,False
D561,17,-0.4898088154777225,False
D561,18,-0.4863249565534385,False
D561,19,-0.44916015188860425,False
D561,20,-0.44721526260288014,False
D561,21,-0.432249541132238,False
D561,22,-0.46211385619013884,False
D561,23,-0.5161869386197429,False
D561,24,-0.47558444314358206,False
D561,25,-0.49813534995106257,False
D561,26,-0.5013449733696994,False
D562,1,-0.45969508369466516,False
D562,2,-0.43711755651093315,False
D562,3,-0.4282210677208019,False
D562,4,-0.45726755773924016,False
D562,5,-0.4212265917896162,False
D562,6,-0.4619726431454215,False
D562,7,-0.4172055875500796,False
D562,8,-0.4653154726752218,False
D562,9,-0.46572443772894545,False
D562,10,-0.45296220432757345,False
D562,11,-0.44277442856943316,False
D562,12,-0.42432895962635087,False
D562,13,-0.4510052836188073,False
D562,14,-0.4477260388412143,False
D562,15,-0.4529396225124988,False
D562,16,-0.4573432026015058,False
D562,17,-0.43561635123964343,False
D562,18,-0.463829130477922,False
D562,19,-0.4622566030632171,False
D562,20,-0.48114980748488373,False
D562,21,-0.43957941061631123,False
D562,22,-0.4752612185932908,False
D562,23,-0.44172991052677774,False
D562,24,-0.4738097559849957,False
D562,25,-0.43509967487376244,False
D562,26,-0.44135718321444745,False
D563,1,-0.435205607279437,False
D563,2,-0.4341599317987217,False
D563,3,-0.48779312383674434,False
D563,4,-0.44379016833598983,False
D563,5,-0.42777790772741947,False
D563,6,-0.4412954936532974,False
D563,7,-0.44535242157952754,False
D563,8,-0.43784590056879347,False
D563,9,-0.45299065013262263,False
D563,10,-0.43990041927524803,False
D563,11,-0.45197470301466963,False
D563,12,-0.47031063498519593,False
D563,13,-0.43054943168416066,False
D563,14,-0.4312007747873407,False
D563,15,-0.437044961284159,False
D563,16,-0.4619319739562392,False
D563,17,-0.4382516479542482,False
D563,18,-0.46739191656557333,False
D563,19,-0.43631611687896465,False
D563,20,-0.4152645491454178,False
D563,21,-0.44500866613516177,False
D563,22,-0.4291489242243072,False
D563,23,-0.4309920472372332,False
D563,24,-0.4653904834995506,False
D563,25,-0.4496275753123554,False
D563,26,-0.42916654786890746,False
D564,1,-0.425987233770646,False
D564,2,-0.41611683575659475,False
D564,3,-0.40985495931216914,False
D564,4,-0.41252270625249,False
D564,5,-0.4440479476874395,False
D564,6,-0.4415581500968931,False
D564,7,-0.42026909238607035,False
D564,8,-0.43926355173224363,False
D564,9,-0.4296148461446893,False
D564,10,-0.43866421188138927,False
D564,11,-0.42847250921400365,False
D564,12,-0.4123835855681899,False
D564,13,-0.4220619410139488,False
D564,14,-0.42574984132963434,False
D564,15,-0.40657069584754263,False
D564,16,-0.43672162094325895,False
D564,17,-0.41440793585032815,False
D564,18,-0.4524793894670876,False
D564,19,-0.42459949689807464,False
D564,20,-0.4153245333666426,False
D564,21,-0.43447598858009684,False
D564,22,-0.41444288850858185,False
D564,23,-0.40633664452805157,False
D564,24,-0.42474839670612874,False
D564,25,-0.46430126951165185,False
D564,26,-0.4047059253342514,False
D565,1,-0.43798590659716385,False
D565,2,-0.4331768848312947,False
D565,3,-0.4785719337596943,False
D565,4,-0.45307861541745015,False
D565,5,-0.4184392654982243,False
D565,6,-0.4565817149916151,False
D565,7,-0.41737283203306563,False
D565,8,-0.44898579455916915,False
D565,9,-0.42602755859632024,False
D565,10,-0.4510868719134812,False
D565,11,-0.47076585717067315,False
D565,12,-0.4265097527941081,False
D565,13,-0.44121116609750155,False
D565,14,-0.4433887133764405,False
D565,15,-0.432055192427596,False
D565,16,-0.45237148801030974,False
D565,17,-0.463110321117887,False
D565,18,-0.4408376042158855,False
D565,19,-0.451604979873421,False
D565,20,-0.4409639851288441,False
D565,21,-0.4369924464393305,False
D565,22,-0.4836518705614433,False
D565,23,-0.46307427611313834,False
D566,1,-0.45347912002875745,False
D566,2,-0.4657075797010519,False
D566,3,-0.4853725466867966,False
D566,4,-0.4796200083617492,False
D566,5,-0.4913248704803304,False
D566,6,-0.47424283113319493,False
D566,7,-0.48123323509115407,False
D566,8,-0.4506325421391472,False
D566,9,-0.4624181317909228,False
D566,10,-0.4518822590814767,False
D566,11,-0.47098695635495164,False
D566,12,-0.4583966934965118,False
D566,13,-0.45579548050114604,False
D566,14,-0.49023941716722924,False
D566,15,-0.4694029649976415,False
D566,16,-0.45092082708919334,False
D566,17,-0.486359298529767,False
D566,18,-0.44726105966926755,False
D566,19,-0.48026253712521444,False
D566,20,-0.4481911620545336,False
D566,21,-0.44626899052250046,False
D566,22,-0.450903672680219,False
D566,23,-0.46404926762356563,False
D566,24,-0.4607151105590923,False
D566,25,-0.49529325336910274,False
D566,26,-0.4989841832982745,False
D567,1,-0.5343194768432988,True
D567,2,-0.52742054483637,False
D567,3,-0.4797383185521882,False
D567,4,-0.47235553903359756,False
D567,5,-0.5777886757284956,True
D567,6,-0.47721367969287587,False
D567,7,-0.4810182588202737,False
D567,8,-0.5751904379306901,True
D567,9,-0.5046834483917364,False
D567,10,-0.5732247062713196,True
D567,11,-0.48497572210983975,False
D567,12,-0.5156635168369184,False
D567,13,-0.4783160650026927,False
D567,14,-0.49063662159878385,False
D567,15,-0.45579653932651176,False
D567,16,-0.48524241949160296,False
D567,17,-0.49340807861105834,False
D567,18,-0.5076743840751408,False
D567,19,-0.4869065788251159,False
D567,20,-0.5070889538861816,False
D567,21,-0.5480978017114227,True
D567,22,-0.503536732144596,False
D567,23,-0.49756137591039207,False
D567,24,-0.49999251744006207,False
D567,25,-0.5152838909279477,False
D567,26,-0.5046513559375491,False
D568,1,-0.4251165756497759,False
D568,2,-0.42184424726178,False
D568,3,-0.44911365123565605,False
D568,4,-0.4154627523576367,False
D568,5,-0.42689588489806995,False
D568,6,-0.4287255695425378,False
D568,7,-0.4269412405726762,False
D568,8,-0.41818084394694827,False
D568,9,-0.418194869711074,False
D568,10,-0.4558306342687477,False
D568,11,-0.41734356419200974,False
D568,12,-0.42877678717052575,False
D568,13,-0.39936660626285625,False
D568,14,-0.4668266214636097,False
D568,15,-0.42581710862241556,False
D568,16,-0.4200300447913794,False
D568,17,-0.4425505698981561,False
D568,18,-0.42485876984067,False
D568,19,-0.41036662893033266,False
D568,20,-0.42461850878509666,False
D568,21,-0.41128864000005505,False
D568,22,-0.46940050574123665,False
D568,23,-0.42306100737876656,False
D568,24,-0.4303062410273555,False
D568,25,-0.4388981818441089,False
D568,26,-0.4481804662614615,False
D569,1,-0.5053429695398378,False
D569,2,-0.4608091040962122,False
D569,3,-0.48915038219719076,False
D569,4,-0.47148908623545266,False
D569,5,-0.4402767167327598,False
D569,6,-0.45679810289314754,False
D569,7,-0.4508921384006446,False
D569,8,-0.47561239777530334,False
D569,9,-0.46295968988993286,False
D569,10,-0.4628358894592518,False
D569,11,-0.501207108221669,False
D569,12,-0.5430807789033502,True
D569,13,-0.49059725638609314,False
D569,14,-0.47364637077553234,False
D569,15,-0.48066396473269796,False
D569,16,-0.5045609522158124,False
D569,17,-0.5082840763011901,False
D569,18,-0.4749193625036811,False
D569,19,-0.49011237752763365,False
D569,20,-0.533345484893154,False
D569,21,-0.5441224361021972,True
D569,22,-0.5496411517387157,True
D569,23,-0.574459904634742,True
D569,24,-0.5806036895197296,True
D569,25,-0.637036555984382,True
D570,1,-0.4759490854776538,False
D570,2,-0.48313653387379824,False
D570,3,-0.48456680519988415,False
D570,4,-0.46822366611799204,False
D570,5,-0.5067718574933288,False
D570,6,-0.4530690749972003,False
D570,7,-0.47847521878031746,False
D570,8,-0.45097888325060015,False
D570,9,-0.5113273271834221,False
D570,10,-0.5140405403258358,False
D570,11,-0.48136475861560446,False
D570,12,-0.5347067587860981,True
D570,13,-0.5011594464474944,False
D570,14,-0.4966070973504034,False
D570,15,-0.48463581642599357,False
D570,16,-0.4661347563977551,False
D570,17,-0.44795810705992856,False
D570,18,-0.4711215638364249,False
D570,19,-0.48089232321301895,False
D570,20,-0.46179426627433784,False
D570,21,-0.4594758145155504,False
D570,22,-0.4783998697066053,False
D570,23,-0.49947266162061316,False
D570,24,-0.4966405471112174,False
D570,25,-0.4696332492731406,False
D570,26,-0.495389605331134,False
D571,1,-0.463214597565097,False
D571,2,-0.4760398520558087,False
D571,3,-0.5781046900987098,True
D571,4,-0.4463599271248933,False
D571,5,-0.48914384277282796,False
D571,6,-0.45552503631623853,False
D571,7,-0.4611701453488754,False
D571,8,-0.4818126499999293,False
D571,9,-0.4687120062183963,False
D571,10,-0.4836936661228435,False
D571,11,-0.480274903815177,False
D571,12,-0.538807381210452,True
D571,13,-0.4703656386055583,False
D571,14,-0.4426967197651793,False
D571,15,-0.4841212523063033,False
D571,16,-0.4591975333821499,False
D571,17,-0.49302496999805806,False
D571,18,-0.48894764880628677,False
D571,19,-0.49158216633039703,False
D571,20,-0.47975200038825727,False
D571,21,-0.5723478625312269,True
D571,22,-0.4409634603723631,False
D571,23,-0.5022785405677048,False
D571,24,-0.5224108920742627,False
D571,25,-0.48808574442430747,False
D571,26,-0.5666431157853051,True
D572,1,-0.4481657188168785,False
D572,2,-0.5214273349177069,False
D572,3,-0.5540074715430611,True
D572,4,-0.4876569339442421,False
D572,5,-0.569818014079032,True
D572,6,-0.5393096881058981,True
D572,7,-0.4880859146750334,False
D572,9,-0.5401018159247225,True
D572,10,-0.5105818045227775,False
D572,11,-0.47121661242991325,False
D572,12,-0.5154811181157359,False
D572,13,-0.5103012174220928,False
D572,14,-0.476251722448651,False
D572,15,-0.4496073255804987,False
D572,16,-0.5212585175561257,False
D572,17,-0.4580168236549872,False
D572,18,-0.4997999935422975,False
D572,19,-0.5013110230075462,False
D572,20,-0.47883352419332936,False
D572,21,-0.48970291917603687,False
D572,23,-0.45224350324266643,False
D572,24,-0.46716383333825834,False
D572,25,-0.48861167233808783,False
D572,26,-0.47833231077309357,False
D573,1,-0.4648775076271895,False
D573,2,-0.46652134040670046,False
D573,3,-0.4976583078455929,False
D573,4,-0.48585373338001836,False
D573,5,-0.5166990259645852,False
D573,6,-0.47032554354903033,False
D573,7,-0.48270709347038504,False
D573,8,-0.47249467046488064,False
D573,9,-0.4452703664406425,False
D573,10,-0.4740769062084062,False
D573,11,-0.46778809637966945,False
D573,12,-0.4893483493824043,False
D573,13,-0.526116054504259,False
D573,14,-0.4859976407996223,False
D573,15,-0.47628915434219016,False
D573,16,-0.5053633632460095,False
D573,17,-0.46574916173805403,False
D573,18,-0.46023089089560293,False
D573,19,-0.5018920040375499,False
D573,20,-0.4806965718557847,False
D573,21,-0.4998241303190429,False
D573,22,-0.49817920813752103,False
D573,23,-0.5129693209105283,False
D573,24,-0.5045139053374574,False
D573,25,-0.49993003846926554,False
D573,26,-0.4626160049127297,False
D574,1,-0.4792357909426238,False
D574,2,-0.4096218331169252,False
D574,3,-0.4348412754291599,False
D574,4,-0.4103842040162135,False
D574,5,-0.42519904705234995,False
D574,6,-0.39914273038043535,False
D574,7,-0.42611069364940957,False
D574,8,-0.4187820184728041,False
D574,9,-0.41837886180426315,False
D574,10,-0.4264676896339265,False
D574,11,-0.4436923580120243,False
D574,12,-0.4429394116534117,False
D574,13,-0.41104079095966717,False
D574,14,-0.41625049633928557,False
D574,15,-0.42555081137486717,False
D574,16,-0.4493059509410136,False
D574,17,-0.4427897981846543,False
D574,18,-0.41400896429685624,False
D574,19,-0.46111502486974826,False
D574,20,-0.41655349111106044,False
D574,21,-0.409620643761938,False
D574,22,-0.41493443555645554,False
D574,23,-0.41437566276294024,False
D574,24,-0.4142354270095256,False
D574,25,-0.43557230583272205,False
D574,26,-0.42184329105390506,False
D575,1,-0.49580090723246034,False
D575,2,-0.4378644458337035,False
D575,3,-0.4403952803081475,False
D575,4,-0.4079652238407869,False
D575,5,-0.42018992710180014,False
D575,6,-0.420279120596191,False
D575,7,-0.4721871201149416,False
D575,8,-0.46726997659111674,False
D575,9,-0.402075633876476,False
D575,10,-0.4126237391024691,False
D575,11,-0.44353376404224265,False
D575,12,-0.39677192153260443,False
D575,13,-0.45584876815189784,False
D575,14,-0.4098625820678783,False
D575,15,-0.4267748090386774,False
D575,16,-0.41443556822195177,False
D575,17,-0.43234385072099507,False
D575,18,-0.4095087222506627,False
D575,19,-0.4283346215482216,False
D575,20,-0.49721225440237765,False
D575,21,-0.4160698153471083,False
D575,22,-0.4102733615547011,False
D575,23,-0.40728371953483844,False
D575,24,-0.4350778464293587,False
D575,25,-0.4091702804913752,False
D575,26,-0.4595935702981473,False
D576,1,-0.435221732061263,False
D576,2,-0.4024388167831546,False
D576,3,-0.4295230542881499,False
D576,4,-0.44477161317811853,False
D576,5,-0.43326518148469706,False
D576,6,-0.4094562025834657,False
D576,7,-0.409148347576135,False
D576,8,-0.4794890708616707,False
D576,9,-0.4424339794600316,False
D576,10,-0.4075313334124766,False
D576,11,-0.41199847889413554,False
D576,12,-0.4531534585144131,False
D576,13,-0.41779158267481314,False
D576,14,-0.4268344920726574,False
D576,15,-0.42662930582074277,False
D576,16,-0.4118201353366879,False
D576,17,-0.45208455660428054,False
D576,18,-0.4000677264064945,False
D576,19,-0.417030733935574,False
D576,20,-0.42399658268255497,False
D576,21,-0.42484377742095114,False
D576,22,-0.42891184416392913,False
D576,23,-0.4081333269438471,False
D576,24,-0.4232655652593599,False
D576,25,-0.40378421289052946,False
D576,26,-0.4128173638029531,False
D577,1,-0.4556194299962581,False
D577,2,-0.4343809173313129,False
D577,3,-0.43831981115945073,False
D577,4,-0.42773805090782147,False
D577,5,-0.4829331975498929,False
D577,6,-0.4227348010052338,False
D577,7,-0.4217409590751174,False
D577,8,-0.4628335107009769,False
D577,9,-0.4465008773522511,False
D577,10,-0.43165241931765275,False
D577,11,-0.4495733481390759,False
D577,12,-0.4421441455221056,False
D577,13,-0.45687019696637526,False
D577,14,-0.4191887213329953,False
D577,15,-0.42160929905857775,False
D577,16,-0.44964950532139747,False
D577,17,-0.49211050959660224,False
D577,18,-0.47269756711628735,False
D577,19,-0.47414026189650105,False
D577,20,-0.44657150931072964,False
D577,21,-0.45480157125233733,False
D577,22,-0.4432227932841815,False
D577,23,-0.45713911275835206,False
D577,24,-0.49739341460567066,False
D577,25,-0.48204451947229,False
D577,26,-0.4857272052474666,False
D578,1,-0.47000882363382257,False
D578,2,-0.4491574196480135,False
D578,3,-0.44245773758957985,False
D578,4,-0.4418065732724363,False
D578,5,-0.42427416130492296,False
D578,6,-0.4466406608354887,False
D578,7,-0.4397724169142155,False
D578,8,-0.4483703123783144,False
D578,9,-0.4400425321524235,False
D578,10,-0.4298932225192552,False
D578,11,-0.43612897418710966,False
D578,12,-0.4647354603554777,False
D578,13,-0.4359932802777728,False
D578,14,-0.45523974912545084,False
D578,15,-0.44394697973628844,False
D578,16,-0.48745174011472947,False
D578,17,-0.5048971255124916,False
D578,18,-0.4468392415472468,False
D578,19,-0.44490613427123743,False
D578,20,-0.4356204106180328,False
D578,21,-0.465007463114602,False
D578,22,-0.4431814715865112,False
D578,23,-0.4762306650755487,False
D578,24,-0.41768350993285186,False
D578,25,-0.45162185910662,False
D578,26,-0.43548613001236897,False
D579,1,-0.41395453690735406,False
D579,2,-0.4348113826994957,False
D579,3,-0.43306705279860536,False
D579,4,-0.44245194770282353,False
D579,5,-0.44926772256746866,False
D579,6,-0.42609559879498,False
D579,7,-0.47537788036498296,False
D579,8,-0.4419833630842302,False
D579,9,-0.4585675406483866,False
D579,10,-0.4603427574163253,False
D579,11,-0.4800167596673281,False
D579,12,-0.42677919109559176,False
D579,13,-0.4722470701833601,False
D579,14,-0.45704613569821,False
D579,15,-0.4289900061972947,False
D579,16,-0.48475206233504325,False
D579,17,-0.44389647820481426,False
D579,18,-0.4271854716328078,False
D579,19,-0.45970649176719985,False
D579,20,-0.4206931548508952,False
D579,21,-0.43616287532142306,False
D579,22,-0.43038041899006574,False
D579,23,-0.45961720894858343,False
D579,24,-0.4342708032624012,False
D579,25,-0.4485970517911585,False
D579,26,-0.4362733438510472,False
D580,1,-0.5173365300829935,False
D580,2,-0.4993821368381396,False
D580,3,-0.4854633585925081,False
D580,4,-0.4838447489165302,False
D580,5,-0.5458816813007813,True
D580,6,-0.5839913783532821,True
D580,7,-0.5955083127163318,True
D580,8,-0.5844278825099819,True
D580,9,-0.5843650121508484,True
D580,10,-0.6419193283334113,True
D580,11,-0.5817365841902774,True
D581,1,-0.4756141093437434,False
D581,2,-0.4267792885186151,False
D581,3,-0.4877956883126684,False
D581,4,-0.4758210680954597,False
D581,5,-0.535969694700192,True
D581,6,-0.4584772783547929,False
D581,7,-0.4908331381262133,False
D581,8,-0.5094753071552782,False
D581,9,-0.4623159828465834,False
D581,10,-0.5148425677924311,False
D581,11,-0.43032689757043846,False
D581,12,-0.4583577945079475,False
D581,13,-0.41830165529437263,False
D581,14,-0.49946221156088777,False
D581,15,-0.47732169636209315,False
D581,16,-0.45403807315320033,False
D581,17,-0.46328740824995257,False
D581,18,-0.46099209384323536,False
D581,19,-0.4744263249298027,False
D581,20,-0.4646766049489206,False
D581,21,-0.49945899767682084,False
D581,22,-0.469220798794596,False
D581,23,-0.5205907937490886,False
D581,24,-0.44997857584134154,False
D581,25,-0.4701504596050314,False
D581,26,-0.4297292394555417,False
D582,1,-0.4494289676375384,False
D582,2,-0.4295725652380914,False
D582,3,-0.4405483152763203,False
D582,4,-0.4105069542750421,False
D582,5,-0.4244372851074497,False
D582,6,-0.41803243590915595,False
D582,7,-0.41669490419560445,False
D582,8,-0.44495626346302325,False
D582,9,-0.4275219972397814,False
D582,10,-0.4634319735524558,False
D582,11,-0.4670815451924851,False
D582,12,-0.42612586657391355,False
D582,13,-0.41803706028699084,False
D582,14,-0.4357559829423478,False
D582,15,-0.41853723433411716,False
D582,16,-0.4474034436866599,False
D582,17,-0.4405230152682406,False
D582,18,-0.4393431377182343,False
D582,19,-0.45098919367584794,False
D582,20,-0.4159112672731339,False
D582,21,-0.42761185666059554,False
D582,22,-0.4315644496393459,False
D582,23,-0.4185705894078573,False
D582,24,-0.4386904041476147,False
D582,25,-0.4267518333646769,False
D582,26,-0.41407994453677305,False
D583,1,-0.4683628146806309,False
D583,2,-0.47228361674770586,False
D583,3,-0.48772173926344525,False
D583,4,-0.4869246795539693,False
D583,5,-0.5346374209281617,True
D583,6,-0.47603699025954643,False
D583,7,-0.5210378696040657,False
D583,8,-0.505655036828792,False
D583,9,-0.4771383410760038,False
D583,10,-0.47504669320645326,False
D583,11,-0.5301486174608416,False
D583,12,-0.4679371510942913,False
D583,13,-0.4608690604761684,False
D583,14,-0.5230587473804056,False
D583,15,-0.4913497949086659,False
D583,16,-0.5009863668785207,False
D583,17,-0.4781485377392757,False
D583,18,-0.5413178283748976,True
D583,19,-0.5126104187392919,False
D583,20,-0.598028296707452,True
D583,21,-0.5463701004864258,True
D583,22,-0.6058728189926872,True
D583,23,-0.5172455814042755,False
D583,24,-0.6068978698813796,True
D584,1,-0.41476044441010634,False
D584,2,-0.4260459239791244,False
D584,3,-0.4445599122749684,False
D584,4,-0.4253330886100857,False
D584,5,-0.4326009187929563,False
D584,6,-0.4166321541351322,False
D584,7,-0.3956545389167122,False
D584,8,-0.41021833134532315,False
D584,9,-0.42477926882295336,False
D584,10,-0.40444231951128445,False
D584,11,-0.3912268681513387,False
D584,12,-0.4456513617008934,False
D584,13,-0.41890754729008,False
D584,14,-0.42550790981388353,False
D584,15,-0.41413431490532493,False
D584,16,-0.3982131308867088,False
D584,17,-0.4490082280408013,False
D584,18,-0.43736879636610254,False
D584,19,-0.42612032111655174,False
D584,20,-0.38545615597542154,False
D584,21,-0.39438683057482826,False
D584,22,-0.4097961192483484,False
D584,23,-0.41486188458197754,False
D584,24,-0.4340602048276502,False
D584,25,-0.4040984030435465,False
D584,26,-0.40832234613409524,False
D585,1,-0.42665296821112925,False
D585,2,-0.4476098727561095,False
D585,3,-0.42241214774358116,False
D585,4,-0.42235661892040877,False
D585,5,-0.4244533776051873,False
D585,6,-0.4284949240353158,False
D585,7,-0.4146832272241057,False
D585,8,-0.47447761060593396,False
D585,9,-0.4380114266931953,False
D585,10,-0.5299389278732632,False
D585,11,-0.4315909668747937,False
D585,12,-0.4398893342122507,False
D585,13,-0.4695508530787081,False
D585,14,-0.4503210276454721,False
D585,15,-0.4245077349611034,False
D585,16,-0.4275743316586107,False
D585,17,-0.43462534660916524,False
D585,18,-0.420384327945693,False
D585,19,-0.4312572990950569,False
D585,20,-0.4232680107278462,False
D585,21,-0.4306088451662885,False
D585,22,-0.44112644668142204,False
D585,23,-0.4334529785627622,False
D585,24,-0.4666864822724008,False
D585,25,-0.4534029314969627,False
D585,26,-0.4116309028626923,False
D586,1,-0.48699493748092176,False
D586,2,-0.49413384862005283,False
D586,3,-0.4098274071733101,False
D586,4,-0.4310172966586877,False
D586,5,-0.4047318589828957,False
D586,6,-0.46797241774332665,False
D586,7,-0.4693041414309975,False
D586,8,-0.4258350819156074,False
D586,9,-0.47855474351656546,False
D586,10,-0.4282093771659747,False
D586,11,-0.4698987506728087,False
D586,12,-0.45385557552870054,False
D586,13,-0.4753931461600309,False
D586,14,-0.4559527904028727,False
D586,15,-0.5299777062660238,False
D586,16,-0.43778266615969175,False
D586,17,-0.45183268034938695,False
D586,18,-0.47275590948817975,False
D586,19,-0.42986659074209216,False
D586,20,-0.4491470816878057,False
D586,21,-0.45166771319648497,False
D586,22,-0.4441144312489598,False
D586,23,-0.4942346056280144,False
D587,1,-0.4920791614398157,False
D587,2,-0.41468218542911844,False
D587,3,-0.4342047891936625,False
D587,4,-0.44487681153798736,False
D587,5,-0.47741649204686987,False
D587,6,-0.4452985916946635,False
D587,7,-0.4332014874105066,False
D587,8,-0.4934377365180109,False
D587,9,-0.4531760823074003,False
D587,10,-0.5160434466707247,False
D587,11,-0.4653536675982369,False
D587,12,-0.43439256522881864,False
D587,13,-0.484108079025936,False
D587,14,-0.4254245429121539,False
D587,15,-0.48926361121531314,False
D587,16,-0.4597259408627622,False
D587,17,-0.45834176367911494,False
D587,18,-0.4981667368555439,False
D587,19,-0.5153808992677659,False
D587,20,-0.4544119312382334,False
D587,21,-0.45304995348877175,False
D587,22,-0.523539368387235,False
D587,23,-0.5095968133953214,False
D587,24,-0.45585783179295947,False
D587,25,-0.4613376192480341,False
D587,26,-0.5209279875617908,False
D588,1,-0.43099912796958245,False
D588,2,-0.4169873520296385,False
D588,3,-0.41218240432577663,False
D588,4,-0.4062664786697101,False
D588,5,-0.41059232599256207,False
D588,6,-0.4070070042318548,False
D588,7,-0.40674476860058595,False
D588,8,-0.4172638421934989,False
D588,9,-0.42229196040081396,False
D588,10,-0.4300232074511825,False
D588,11,-0.422092796996157,False
D588,12,-0.39949079872735466,False
D588,13,-0.4314106380740488,False
D588,14,-0.41764783540682276,False
D588,15,-0.4227171669925423,False
D588,16,-0.4344207119026236,False
D588,17,-0.4171197245060815,False
D588,18,-0.4180764845952616,False
D588,19,-0.41895429797067724,False
D588,20,-0.4040661049446145,False
D588,21,-0.44509345740951656,False
D588,22,-0.42875816616419676,False
D588,23,-0.4440924971096558,False
D588,24,-0.4185695684898906,False
D588,25,-0.4460101211164681,False
D588,26,-0.41598741953600876,False
D589,1,-0.4901841862723302,False
D589,2,-0.47715939643509175,False
D589,3,-0.4653642128446371,False
D589,4,-0.47156583816821906,False
D589,5,-0.447354989386344,False
D589,6,-0.45024206924351373,False
D589,7,-0.4784651230208112,False
D589,8,-0.43552327617695924,False
D589,9,-0.4256821871158287,False
D589,10,-0.5117570060722192,False
D589,11,-0.478753127593838,False
D589,12,-0.6750627220320311,True
D589,13,-0.4388460572835114,False
D589,14,-0.4649822121116412,False
D589,15,-0.5038171718622122,False
D589,16,-0.443377529590955,False
D589,17,-0.45226050088728953,False
D589,18,-0.4591196772689246,False
D589,19,-0.5102033529421882,False
D589,20,-0.44769987084140006,False
D589,21,-0.45485550231494376,False
D589,22,-0.49995719691838086,False
D589,23,-0.4550355058944079,False
D589,24,-0.45088084103568615,False
D589,25,-0.5255536729565137,False
D589,26,-0.44869027279260454,False
D590,1,-0.4441759736443783,False
D590,2,-0.44892742100148486,False
D590,3,-0.4477785769089441,False
D590,4,-0.4683749842471604,False
D590,5,-0.44894711607378707,False
D590,6,-0.44591664493304345,False
D590,7,-0.4679890812542598,False
D590,8,-0.4722030491827276,False
D590,9,-0.438936708953352,False
D590,10,-0.4538712529433012,False
D590,11,-0.5357526243737728,True
D590,12,-0.4651792747899193,False
D590,13,-0.45403673638301617,False
D590,14,-0.4399341806444331,False
D590,15,-0.471007019609618,False
D590,16,-0.49942222498197375,False
D590,17,-0.4523885961568366,False
D590,18,-0.4834972760623182,False
D590,19,-0.4650039411004172,False
D590,20,-0.466328233485866,False
D590,21,-0.47193143730192866,False
D590,22,-0.47050276461327606,False
D590,23,-0.47788147971181566,False
D590,24,-0.4546715216617769,False
D590,25,-0.45174709280494874,False
D590,26,-0.47634608163599124,False
D591,1,-0.4970680373604244,False
D591,2,-0.4560479160611761,False
D591,3,-0.4582443134336544,False
D591,4,-0.5245168373426908,False
D591,5,-0.46532782265740785,False
D591,6,-0.47209576042717066,False
D591,7,-0.5100239543403388,False
D591,8,-0.44886252194802884,False
D591,9,-0.48725378551595916,False
D591,10,-0.5163666787798129,False
D591,11,-0.4549850645869855,False
D591,12,-0.5099184563991545,False
D591,13,-0.4638389826896188,False
D591,14,-0.4728220952296682,False
D591,15,-0.4462114328156395,False
D591,16,-0.47158330385421215,False
D591,17,-0.479647736876002,False
D591,18,-0.455333310356464,False
D591,19,-0.4791062831152534,False
D591,20,-0.5190644482758547,False
D591,21,-0.48997629568693934,False
D591,22,-0.47605800442012525,False
D591,23,-0.47481261135343833,False
D591,24,-0.4732850768285178,False
D591,25,-0.45736385036001503,False
D591,26,-0.493147950036534,False
D592,1,-0.44418093050273894,False
D592,2,-0.4455755136875942,False
D592,3,-0.4733767854970999,False
D592,4,-0.44940074500051974,False
D592,5,-0.45268403161823734,False
D592,6,-0.45729719476925335,False
D592,7,-0.4980085361713481,False
D592,8,-0.442337878672053,False
D592,9,-0.45237162917673845,False
D592,10,-0.4381155738448033,False
D592,11,-0.44173724046956503,False
D592,12,-0.4373151128796063,False
D592,13,-0.44278618659649865,False
D592,14,-0.46342765858889684,False
D592,15,-0.45924698408265663,False
D592,16,-0.4423085127009859,False
D592,17,-0.48289487409965604,False
D592,18,-0.4486592969470426,False
D592,19,-0.46825736012394165,False
D592,20,-0.4933755103408511,False
D592,21,-0.4377465586443344,False
D592,22,-0.45022921610170324,False
D592,23,-0.4295388089103272,False
D592,24,-0.4332589366197328,False
D592,25,-0.43489966978649547,False
D592,26,-0.44222552729618714,False
D593,1,-0.4293280968258959,False
D593,2,-0.5078989045866374,False
D593,3,-0.442208307237577,False
D593,4,-0.4792118728967204,False
D593,5,-0.5244320487618734,False
D593,6,-0.4739496220084143,False
D593,7,-0.4605632183020336,False
D593,8,-0.48429580414625545,False
D593,9,-0.4681004946985502,False
D593,10,-0.4879083387944863,False
D593,11,-0.5381570757235304,True
D593,12,-0.5470052312018816,True
D593,13,-0.5362084742925276,True
D593,14,-0.5693581235547777,True
D593,15,-0.5949675945446454,True
D594,1,-0.5346667084249488,True
D594,2,-0.5390222815341091,True
D594,3,-0.5064938752875743,False
D594,4,-0.46729091186820315,False
D594,5,-0.5741171173453644,True
D594,6,-0.4894149192201251,False
D594,7,-0.5214358780399466,False
D594,8,-0.47853083946029795,False
D594,9,-0.46840018143758366,False
D594,10,-0.4631474041647366,False
D594,11,-0.49230047623320167,False
D594,12,-0.46495738990015323,False
D594,13,-0.4746775154486418,False
D594,14,-0.4920895525031737,False
D594,15,-0.4916568225060619,False
D594,16,-0.4577669582928803,False
D594,17,-0.5141007489186504,False
D594,18,-0.5226636048850797,False
D594,19,-0.49332908890502486,False
D594,20,-0.5082484091900487,False
D594,21,-0.4730078692647647,False
D594,22,-0.499519384920399,False
D594,23,-0.4532104390951284,False
D594,24,-0.5038713948172111,False
D594,25,-0.45734967850700603,False
D594,26,-0.455005427997085,False
D595,1,-0.4829136730163554,False
D595,2,-0.4636981963547021,False
D595,3,-0.4971014559331003,False
D595,4,-0.4345192864543931,False
D595,5,-0.4327583456831566,False
D595,6,-0.45254348126011634,False
D595,7,-0.4175034956677668,False
D595,8,-0.45805389443748673,False
D595,9,-0.4610963419796944,False
D595,10,-0.4103630356262277,False
D595,11,-0.4334060094666259,False
D595,12,-0.46064847597748265,False
D595,13,-0.4209366603839657,False
D595,14,-0.4290879989497634,False
D595,15,-0.43285809374416034,False
D595,16,-0.46598189534887635,False
D595,17,-0.4361750173408374,False
D595,18,-0.44091339804433316,False
D595,19,-0.50710178122179,False
D595,20,-0.4483942596720184,False
D595,21,-0.4559902470049442,False
D595,22,-0.4554138649085402,False
D595,23,-0.4281255685494804,False
D595,24,-0.43775574337403683,False
D595,25,-0.4582920090752184,False
D595,26,-0.43523777770205524,False
D596,1,-0.45853933626783033,False
D596,2,-0.44326433139682003,False
D596,3,-0.49247696582168565,False
D596,4,-0.4456872154727849,False
D596,5,-0.43835645391548195,False
D596,6,-0.420957497954529,False
D596,7,-0.43880874289572447,False
D596,8,-0.4406563168484936,False
D596,9,-0.5289570532620859,False
D596,10,-0.455757672456186,False
D596,11,-0.45624903380249854,False
D596,12,-0.43821803105230533,False
D596,13,-0.40664646384945574,False
D596,14,-0.52799499192625,False
D596,15,-0.4596013260705187,False
D596,16,-0.504907089640862,False
D597,1,-0.4934417816661524,False
D597,2,-0.5130880614185783,False
D597,3,-0.49442706805363773,False
D597,4,-0.48337230568487055,False
D597,5,-0.46583059888319944,False
D597,6,-0.5000015346007907,False
D597,7,-0.47267859963647874,False
D597,8,-0.5191089501858871,False
D597,9,-0.513046746723344,False
D597,10,-0.5699775534345253,True
D597,11,-0.515825114160342,False
D597,12,-0.4558880368736024,False
D597,13,-0.4938409097768824,False
D597,14,-0.5167231794437515,False
D597,15,-0.4989697090924729,False
D597,16,-0.47700743733386397,False
D597,17,-0.5363290593240453,True
D597,18,-0.4968773454269334,False
D597,19,-0.4802365035139298,False
D597,20,-0.4904715548826068,False
D597,21,-0.5008177394014897,False
D597,22,-0.519861704687288,False
D597,23,-0.5014786419078456,False
D597,24,-0.5168474301364827,False
D597,25,-0.5328144432888303,False
D597,26,-0.5204384789788147,False
D598,1,-0.49915895376209213,False
D598,2,-0.5001192885398246,False
D598,3,-0.4711999543315999,False
D598,4,-0.4924360296829632,False
D598,5,-0.4575543754566089,False
D598,6,-0.4652359171797403,False
D598,7,-0.4846342661131901,False
D598,8,-0.4608373238271723,False
D598,9,-0.4555989705757288,False
D598,10,-0.4778058360464304,False
D598,11,-0.4719441138421001,False
D598,12,-0.49459520785833266,False
D598,13,-0.4375605809231165,False
D598,14,-0.4647648260714239,False
D598,15,-0.4402704567105024,False
D598,16,-0.4449669200495828,False
D598,17,-0.45730037926428524,False
D598,18,-0.4816588474828077,False
D598,19,-0.47015940909003495,False
D598,20,-0.4643947286126448,False
D598,21,-0.48313242969829145,False
D598,22,-0.5332695674160423,False
D598,23,-0.555170429821015,True
D598,24,-0.5728072943342676,True
D598,25,-0.6466370609857193,True
D598,26,-0.6489997394353403,True
D599,1,-0.44968306164478805,False
D599,2,-0.4692173990593472,False
D599,3,-0.44801073843514544,False
D599,4,-0.4711207694014764,False
D599,5,-0.4399327564906281,False
D599,6,-0.43650608783123196,False
D599,7,-0.45658698404648373,False
D599,8,-0.4592720546572387,False
D599,9,-0.4761555536636585,False
D599,10,-0.47003870155500854,False
D599,11,-0.4922315309017686,False
D599,12,-0.44659506211010774,False
D599,13,-0.46728393276803953,False
D599,14,-0.4958496099427321,False
D599,15,-0.4465069865821817,False
D599,16,-0.4552340849741495,False
D599,17,-0.4456667546837416,False
D599,18,-0.45831510344049037,False
D599,19,-0.4930655644617179,False
D599,20,-0.48063377067022606,False
D599,21,-0.4846137781321372,False
D599,22,-0.45122109800211796,False
D599,23,-0.46441018503395853,False
D599,24,-0.4847249774049142,False
D599,25,-0.4595910257699546,False
D599,26,-0.47542022203981,False
D600,1,-0.49150935834377263,False
D600,2,-0.5076313588400492,False
D600,3,-0.5239770297063143,False
D600,4,-0.5086004221271517,False
D600,5,-0.5240062330760886,False
D600,6,-0.5284864646619668,False
D600,7,-0.5447880346334528,True
D600,8,-0.5485681652246127,True
D600,9,-0.5034618468714334,False
D600,10,-0.5420764380638785,True
D600,11,-0.49075024158684744,False
D600,12,-0.5153534366707322,False
D600,13,-0.5199682881080392,False
D600,14,-0.5094394191312516,False
D600,15,-0.48062287268259685,False
D600,16,-0.487026699551271,False
D600,17,-0.5546034408965405,True
D600,18,-0.49127867843897405,False
D600,19,-0.5244587724278248,False
D600,20,-0.47920710246601655,False
D600,21,-0.5199019267649592,False
D600,22,-0.5070487026181875,False
D600,23,-0.5462679052576678,True
D600,24,-0.5198558404307059,False
D600,25,-0.5439870228194371,True
D600,26,-0.5645641072752234,True
