driver_id,week,anomaly_score,reason_1,reason_1_zscore,reason_2,reason_2_zscore,reason_3,reason_3_zscore
D004,24,-0.5635,daily_hours,2.55,idle_time_pct,2.07,daily_km,1.54
D009,7,-0.5407,daily_steps,3.69,sharp_turns_per_100km,1.79,daily_floors,1.74
D009,16,-0.551,hard_brakes_per_100km,2.79,hard_accels_per_100km,1.97,total_events_per_100km,1.63
D009,17,-0.5492,hard_brakes_per_100km,2.6,speeding_per_100km,2.45,sharp_turns_per_100km,2.24
D009,18,-0.537,phone_use_per_100km,2.49,hard_accels_per_100km,1.98,total_events_per_100km,1.7
D009,19,-0.6028,hard_accels_per_100km,3.21,hard_brakes_per_100km,2.86,total_events_per_100km,2.8
D009,20,-0.6021,speeding_per_100km,3.98,total_events_per_100km,3.07,sharp_turns_per_100km,3.03
D009,21,-0.6682,hard_brakes_per_100km,4.13,speeding_per_100km,3.4,total_events_per_100km,3.38
D009,22,-0.6818,phone_use_per_100km,4.26,hard_brakes_per_100km,3.96,sharp_turns_per_100km,3.51
D011,11,-0.6043,idle_time_pct,4.16,daily_hours,3.22,daily_lifting_events,2.88
D014,1,-0.544,daily_hours,2.55,idle_time_pct,2.17,fuel_per_100km,1.98
D016,14,-0.5422,daily_steps,3.42,idle_time_pct,2.92,daily_floors,2.45
D017,1,-0.5468,phone_use_per_100km,3.66,hard_accels_per_100km,2.34,total_events_per_100km,2.02
D017,5,-0.5345,hard_brakes_per_100km,3.29,speeding_per_100km,2.72,total_events_per_100km,1.91
D018,8,-0.5513,daily_lifting_events,3.42,daily_hours,2.72,idle_time_pct,1.97
D018,21,-0.5829,daily_lifting_events,3.67,daily_steps,2.91,daily_floors,2.39
D019,15,-0.5591,daily_km,2.44,speeding_per_100km,2.02,sharp_turns_per_100km,2.0
D019,18,-0.5361,speeding_per_100km,2.25,phone_use_per_100km,2.0,daily_hours,1.96
D019,23,-0.5498,daily_km,2.56,phone_use_per_100km,2.18,daily_hours,2.13
D020,3,-0.5839,phone_use_per_100km,3.64,hard_brakes_per_100km,2.67,sharp_turns_per_100km,2.36
D020,5,-0.5388,daily_km,2.43,hard_brakes_per_100km,1.95,daily_hours,1.79
D020,9,-0.5912,daily_km,3.86,daily_hours,3.63,speeding_per_100km,1.7
D020,11,-0.5557,speeding_per_100km,2.4,total_events_per_100km,2.06,sharp_turns_per_100km,1.96
D020,21,-0.5628,daily_km,2.54,hard_accels_per_100km,2.02,daily_hours,1.96
D020,24,-0.6033,daily_km,3.26,daily_hours,2.8,speeding_per_100km,2.41
D020,25,-0.5515,hard_accels_per_100km,2.51,speeding_per_100km,2.47,total_events_per_100km,1.78
D020,26,-0.5386,speeding_per_100km,2.15,hard_brakes_per_100km,2.14,hard_accels_per_100km,1.79
D022,1,-0.5355,daily_km,2.65,daily_hours,2.46,sharp_turns_per_100km,2.12
D022,7,-0.563,hard_brakes_per_100km,2.57,phone_use_per_100km,2.52,hard_accels_per_100km,2.39
D022,8,-0.5774,phone_use_per_100km,4.03,hard_accels_per_100km,2.91,total_events_per_100km,2.46
D022,9,-0.5769,hard_accels_per_100km,3.02,phone_use_per_100km,2.67,sharp_turns_per_100km,2.54
D022,10,-0.6217,phone_use_per_100km,3.12,total_events_per_100km,2.5,daily_lifting_events,2.47
D022,11,-0.5934,hard_accels_per_100km,3.97,total_events_per_100km,2.94,sharp_turns_per_100km,2.88
D022,12,-0.601,hard_accels_per_100km,3.67,total_events_per_100km,3.04,hard_brakes_per_100km,2.84
D023,6,-0.5522,daily_lifting_events,4.06,daily_hours,1.96,daily_km,1.84
D024,2,-0.5421,hard_brakes_per_100km,2.76,hard_accels_per_100km,2.68,total_events_per_100km,1.93
D024,7,-0.5395,sharp_turns_per_100km,2.64,speeding_per_100km,2.01,daily_hours,1.88
D024,8,-0.5755,hard_brakes_per_100km,3.08,hard_accels_per_100km,2.93,speeding_per_100km,2.62
D024,9,-0.5646,speeding_per_100km,3.33,hard_brakes_per_100km,3.05,hard_accels_per_100km,2.92
D024,10,-0.5671,hard_brakes_per_100km,3.55,total_events_per_100km,2.79,speeding_per_100km,2.38
D024,11,-0.6132,hard_brakes_per_100km,3.94,hard_accels_per_100km,3.87,total_events_per_100km,3.37
D024,12,-0.6346,speeding_per_100km,4.52,total_events_per_100km,3.88,hard_accels_per_100km,3.56
D024,13,-0.6398,speeding_per_100km,4.5,total_events_per_100km,3.59,hard_brakes_per_100km,3.4
D025,11,-0.5534,daily_hours,2.96,daily_km,2.88,speeding_per_100km,2.14
D030,8,-0.537,fuel_per_100km,2.82,idle_time_pct,2.57,phone_use_per_100km,1.81
D030,10,-0.561,idle_time_pct,4.42,fuel_per_100km,4.03,daily_hours,2.05
D030,15,-0.5356,daily_floors,2.34,idle_time_pct,2.25,fuel_per_100km,2.21
D031,12,-0.5543,daily_floors,4.66,daily_steps,4.19,daily_lifting_events,2.88
D037,8,-0.5418,speeding_per_100km,2.38,hard_brakes_per_100km,2.2,daily_km,2.08
D037,11,-0.5364,hard_accels_per_100km,2.57,sharp_turns_per_100km,2.3,hard_brakes_per_100km,2.22
D037,13,-0.548,speeding_per_100km,2.51,daily_lifting_events,2.0,sharp_turns_per_100km,1.89
D037,17,-0.5569,daily_km,2.25,daily_hours,1.96,hard_accels_per_100km,1.8
D037,21,-0.539,hard_accels_per_100km,2.76,sharp_turns_per_100km,2.48,daily_km,1.89
D037,26,-0.5618,daily_km,2.46,hard_brakes_per_100km,2.39,daily_hours,2.13
D040,16,-0.5702,daily_floors,3.18,daily_steps,2.38,sharp_turns_per_100km,2.36
D040,17,-0.5423,daily_hours,2.63,daily_steps,2.16,daily_floors,1.89
D041,4,-0.5349,sharp_turns_per_100km,2.91,fuel_per_100km,2.66,daily_lifting_events,1.46
D041,18,-0.5361,speeding_per_100km,2.4,sharp_turns_per_100km,2.06,hard_accels_per_100km,1.99
D044,6,-0.5438,hard_brakes_per_100km,2.39,fuel_per_100km,2.19,phone_use_per_100km,2.05
D044,7,-0.5778,sharp_turns_per_100km,3.6,phone_use_per_100km,3.01,daily_floors,2.5
D044,9,-0.6077,phone_use_per_100km,3.04,sharp_turns_per_100km,2.98,hard_accels_per_100km,2.95
D044,10,-0.5639,sharp_turns_per_100km,2.98,speeding_per_100km,2.75,total_events_per_100km,2.41
D044,11,-0.6217,speeding_per_100km,3.27,hard_accels_per_100km,3.26,total_events_per_100km,3.04
D047,22,-0.5767,daily_hours,3.63,daily_km,2.68,sharp_turns_per_100km,2.3
D050,8,-0.6089,daily_hours,2.72,speeding_per_100km,2.66,daily_lifting_events,2.63
D050,17,-0.565,daily_km,2.62,daily_hours,2.13,daily_lifting_events,1.69
D051,6,-0.5863,daily_hours,5.14,daily_km,3.6,daily_lifting_events,1.84
D051,14,-0.557,sharp_turns_per_100km,2.23,speeding_per_100km,2.01,daily_km,1.98
D051,19,-0.5709,hard_brakes_per_100km,2.77,sharp_turns_per_100km,2.37,total_events_per_100km,2.36
D051,20,-0.5817,speeding_per_100km,2.89,total_events_per_100km,2.53,hard_brakes_per_100km,2.36
D051,21,-0.5988,sharp_turns_per_100km,3.44,total_events_per_100km,3.09,hard_brakes_per_100km,2.13
D052,6,-0.5373,fuel_per_100km,2.17,sharp_turns_per_100km,1.96,daily_hours,1.72
D052,8,-0.5571,phone_use_per_100km,3.09,hard_accels_per_100km,2.27,fuel_per_100km,2.17
D052,14,-0.5509,daily_floors,2.57,daily_steps,2.04,fuel_per_100km,1.95
D052,24,-0.5517,sharp_turns_per_100km,3.37,daily_steps,2.55,daily_floors,2.3
D052,25,-0.5478,daily_hours,2.8,sharp_turns_per_100km,2.05,daily_lifting_events,1.93
D053,23,-0.5378,daily_km,2.52,fuel_per_100km,1.92,daily_steps,1.64
D054,2,-0.5447,daily_steps,2.77,daily_floors,2.41,daily_lifting_events,2.09
D054,5,-0.5402,idle_time_pct,2.19,daily_floors,2.12,daily_lifting_events,1.93
D054,23,-0.5543,daily_lifting_events,3.51,daily_floors,3.32,daily_steps,2.58
D057,13,-0.5379,hard_accels_per_100km,3.25,sharp_turns_per_100km,2.48,total_events_per_100km,1.8
D057,21,-0.5503,sharp_turns_per_100km,3.83,hard_accels_per_100km,2.41,phone_use_per_100km,2.36
D057,23,-0.5594,sharp_turns_per_100km,2.81,phone_use_per_100km,2.52,hard_accels_per_100km,2.45
D057,24,-0.5605,hard_accels_per_100km,3.29,sharp_turns_per_100km,3.0,speeding_per_100km,2.8
D057,25,-0.6412,phone_use_per_100km,4.39,sharp_turns_per_100km,4.14,total_events_per_100km,3.56
D057,26,-0.6099,sharp_turns_per_100km,6.69,hard_accels_per_100km,4.4,total_events_per_100km,3.9
D060,22,-0.5441,phone_use_per_100km,3.38,daily_floors,2.64,daily_steps,2.03
D061,10,-0.5433,daily_km,3.22,daily_hours,1.96,night_driving_pct,1.57
D061,21,-0.5393,hard_brakes_per_100km,2.58,total_events_per_100km,2.38,speeding_per_100km,2.29
D061,22,-0.5473,hard_brakes_per_100km,2.28,total_events_per_100km,2.26,sharp_turns_per_100km,2.02
D061,23,-0.631,phone_use_per_100km,3.61,sharp_turns_per_100km,3.44,total_events_per_100km,2.67
D061,24,-0.5777,total_events_per_100km,2.92,sharp_turns_per_100km,2.52,phone_use_per_100km,2.44
D062,1,-0.5552,idle_time_pct,4.59,fuel_per_100km,4.18,daily_floors,2.15
D062,14,-0.5395,idle_time_pct,3.05,fuel_per_100km,2.12,speeding_per_100km,2.06
D064,24,-0.5962,hard_brakes_per_100km,3.43,phone_use_per_100km,3.12,total_events_per_100km,2.76
D065,6,-0.5433,phone_use_per_100km,4.11,hard_accels_per_100km,2.39,sharp_turns_per_100km,1.81
D065,7,-0.5564,daily_km,3.93,daily_hours,3.63,hard_accels_per_100km,1.86
D066,4,-0.5648,sharp_turns_per_100km,2.52,hard_accels_per_100km,2.11,speeding_per_100km,2.1
D066,5,-0.5588,phone_use_per_100km,2.62,total_events_per_100km,2.21,hard_brakes_per_100km,2.18
D066,7,-0.6108,phone_use_per_100km,3.66,total_events_per_100km,2.27,sharp_turns_per_100km,2.13
D066,8,-0.6315,speeding_per_100km,3.53,total_events_per_100km,3.12,sharp_turns_per_100km,2.92
D066,9,-0.6218,hard_brakes_per_100km,3.64,total_events_per_100km,3.36,speeding_per_100km,3.28
D066,10,-0.6481,hard_brakes_per_100km,4.24,hard_accels_per_100km,4.0,total_events_per_100km,3.84
D066,11,-0.7057,sharp_turns_per_100km,5.77,hard_brakes_per_100km,5.29,total_events_per_100km,4.73
D067,5,-0.536,hard_accels_per_100km,2.16,fuel_per_100km,2.08,daily_hours,1.88
D067,26,-0.5368,phone_use_per_100km,3.04,hard_accels_per_100km,2.92,total_events_per_100km,2.02
D071,21,-0.5791,daily_lifting_events,2.63,hard_accels_per_100km,2.45,phone_use_per_100km,1.94
D071,23,-0.5517,daily_hours,3.3,daily_km,3.15,sharp_turns_per_100km,1.54
D072,1,-0.5759,idle_time_pct,4.31,fuel_per_100km,4.05,phone_use_per_100km,2.15
D072,15,-0.5516,daily_floors,3.55,daily_steps,3.09,idle_time_pct,2.11
D072,16,-0.5406,idle_time_pct,3.59,fuel_per_100km,3.32,phone_use_per_100km,2.26
D072,26,-0.546,idle_time_pct,3.64,fuel_per_100km,3.43,sharp_turns_per_100km,2.04
D075,7,-0.5412,phone_use_per_100km,3.27,hard_accels_per_100km,2.47,hard_brakes_per_100km,2.35
D075,19,-0.5762,speeding_per_100km,3.01,phone_use_per_100km,2.99,daily_lifting_events,2.72
D075,25,-0.549,speeding_per_100km,2.54,daily_hours,2.39,hard_brakes_per_100km,1.68
D079,15,-0.561,idle_time_pct,3.74,fuel_per_100km,3.16,sharp_turns_per_100km,2.11
D079,17,-0.5383,phone_use_per_100km,3.12,total_events_per_100km,2.49,sharp_turns_per_100km,2.42
D081,11,-0.5891,hard_brakes_per_100km,3.12,fuel_per_100km,2.83,daily_hours,2.22
D084,7,-0.5358,hard_accels_per_100km,2.58,daily_km,2.06,speeding_per_100km,1.7
D084,14,-0.5352,daily_km,2.57,daily_hours,2.13,hard_brakes_per_100km,1.63
D084,20,-0.554,hard_accels_per_100km,2.23,sharp_turns_per_100km,2.07,daily_lifting_events,2.0
D084,22,-0.5543,hard_accels_per_100km,3.47,daily_km,1.94,daily_hours,1.79
D086,22,-0.5359,speeding_per_100km,2.32,daily_km,2.05,daily_hours,1.96
D087,5,-0.5466,hard_brakes_per_100km,2.78,speeding_per_100km,2.75,total_events_per_100km,1.81
D087,6,-0.5394,hard_brakes_per_100km,2.09,sharp_turns_per_100km,1.87,speeding_per_100km,1.8
D087,18,-0.5493,daily_km,2.39,daily_hours,1.96,hard_brakes_per_100km,1.93
D087,19,-0.5366,hard_brakes_per_100km,2.69,speeding_per_100km,2.24,phone_use_per_100km,1.87
D089,8,-0.5894,daily_lifting_events,3.67,idle_time_pct,3.62,daily_floors,2.88
D089,16,-0.6027,fuel_per_100km,3.31,idle_time_pct,3.28,sharp_turns_per_100km,3.15
D089,17,-0.606,phone_use_per_100km,5.07,sharp_turns_per_100km,2.5,daily_lifting_events,2.49
D094,3,-0.5543,daily_floors,2.53,fuel_per_100km,2.35,daily_steps,2.27
D094,23,-0.5651,hard_accels_per_100km,2.37,hard_brakes_per_100km,2.25,total_events_per_100km,1.8
D095,8,-0.5348,daily_hours,4.13,daily_km,3.35,daily_floors,1.71
D098,16,-0.5494,daily_lifting_events,2.88,daily_steps,2.68,daily_hours,2.13
D103,23,-0.536,daily_hours,2.63,daily_lifting_events,2.49,daily_floors,1.91
D104,6,-0.54,sharp_turns_per_100km,2.75,phone_use_per_100km,2.6,daily_hours,1.72
D104,8,-0.5436,phone_use_per_100km,3.35,speeding_per_100km,1.64,hard_accels_per_100km,1.58
D104,19,-0.5388,phone_use_per_100km,2.86,sharp_turns_per_100km,2.16,daily_lifting_events,2.09
D105,8,-0.5547,daily_floors,3.36,daily_steps,2.98,daily_lifting_events,2.49
D106,24,-0.5831,hard_accels_per_100km,3.03,speeding_per_100km,2.31,daily_lifting_events,2.24
D110,9,-0.5536,daily_floors,2.78,idle_time_pct,2.66,daily_steps,2.64
D118,8,-0.6043,phone_use_per_100km,3.27,hard_brakes_per_100km,2.9,fuel_per_100km,2.3
D124,9,-0.6353,sharp_turns_per_100km,3.56,hard_brakes_per_100km,3.17,speeding_per_100km,2.96
D124,10,-0.5623,hard_brakes_per_100km,2.83,sharp_turns_per_100km,2.62,daily_floors,2.45
D124,12,-0.6029,speeding_per_100km,3.53,sharp_turns_per_100km,3.26,total_events_per_100km,2.99
D124,13,-0.6113,phone_use_per_100km,3.77,hard_brakes_per_100km,3.66,total_events_per_100km,2.54
D126,9,-0.5479,daily_km,3.27,daily_hours,2.46,hard_accels_per_100km,2.29
D126,14,-0.5464,daily_km,2.69,daily_hours,2.46,hard_accels_per_100km,2.34
D126,23,-0.5417,hard_accels_per_100km,2.19,daily_km,1.54,daily_steps,1.46
D126,25,-0.5457,phone_use_per_100km,3.43,daily_hours,2.39,hard_accels_per_100km,2.01
D130,2,-0.5526,idle_time_pct,3.03,fuel_per_100km,2.54,daily_hours,2.22
D130,15,-0.537,phone_use_per_100km,3.38,fuel_per_100km,2.37,daily_km,1.71
D130,19,-0.566,idle_time_pct,4.55,fuel_per_100km,3.49,phone_use_per_100km,2.52
D132,22,-0.5405,daily_km,2.2,fuel_per_100km,1.8,daily_hours,1.79
D140,18,-0.574,sharp_turns_per_100km,2.85,hard_accels_per_100km,2.65,total_events_per_100km,2.32
D144,21,-0.5355,sharp_turns_per_100km,2.31,idle_time_pct,2.1,total_events_per_100km,2.1
D144,22,-0.6363,phone_use_per_100km,4.94,total_events_per_100km,4.23,hard_brakes_per_100km,3.77
D144,23,-0.5777,speeding_per_100km,4.22,total_events_per_100km,3.19,phone_use_per_100km,2.6
D145,18,-0.5585,daily_km,3.13,daily_hours,2.96,daily_floors,1.53
D145,22,-0.5366,daily_km,2.86,daily_hours,2.8,hard_accels_per_100km,1.63
D150,26,-0.5513,daily_steps,2.14,daily_floors,1.91,idle_time_pct,1.76
D151,17,-0.5518,daily_hours,3.8,daily_km,2.48,daily_lifting_events,2.09
D151,25,-0.5739,total_events_per_100km,2.72,sharp_turns_per_100km,2.7,phone_use_per_100km,2.18
D151,26,-0.543,total_events_per_100km,2.67,sharp_turns_per_100km,2.43,speeding_per_100km,2.1
D154,4,-0.5506,phone_use_per_100km,4.21,hard_accels_per_100km,2.11,daily_lifting_events,2.09
D154,9,-0.6005,sharp_turns_per_100km,4.48,hard_accels_per_100km,4.28,total_events_per_100km,2.4
D154,10,-0.5717,hard_accels_per_100km,3.23,sharp_turns_per_100km,2.75,phone_use_per_100km,2.67
D154,11,-0.6076,phone_use_per_100km,3.77,hard_accels_per_100km,3.74,total_events_per_100km,2.63
D154,12,-0.5582,hard_accels_per_100km,3.27,total_events_per_100km,2.55,hard_brakes_per_100km,2.48
D154,13,-0.6209,phone_use_per_100km,4.13,hard_accels_per_100km,3.54,sharp_turns_per_100km,3.15
D154,14,-0.5971,hard_accels_per_100km,4.52,hard_brakes_per_100km,4.41,total_events_per_100km,3.33
D156,20,-0.5382,daily_hours,2.89,daily_lifting_events,1.84,daily_km,1.76
D157,1,-0.5355,speeding_per_100km,2.57,hard_accels_per_100km,2.18,total_events_per_100km,1.81
D157,2,-0.5346,fuel_per_100km,2.41,hard_accels_per_100km,2.21,daily_hours,1.88
D157,6,-0.5386,speeding_per_100km,2.74,fuel_per_100km,2.22,sharp_turns_per_100km,1.85
D157,10,-0.5892,sharp_turns_per_100km,2.85,hard_brakes_per_100km,2.81,phone_use_per_100km,2.28
D157,12,-0.5425,phone_use_per_100km,2.8,hard_brakes_per_100km,1.77,daily_floors,1.76
D157,15,-0.5709,daily_steps,2.37,fuel_per_100km,2.32,daily_floors,2.15
D157,19,-0.5559,daily_floors,2.63,phone_use_per_100km,2.31,hard_brakes_per_100km,2.22
D157,20,-0.5697,hard_accels_per_100km,3.27,hard_brakes_per_100km,3.12,total_events_per_100km,2.64
D157,21,-0.6073,hard_accels_per_100km,3.74,speeding_per_100km,3.12,total_events_per_100km,3.04
D157,22,-0.5905,hard_accels_per_100km,3.4,total_events_per_100km,2.88,hard_brakes_per_100km,2.84
D157,23,-0.6364,sharp_turns_per_100km,4.78,hard_accels_per_100km,4.62,total_events_per_100km,3.8
D157,24,-0.6328,speeding_per_100km,3.77,hard_accels_per_100km,3.25,total_events_per_100km,3.06
D157,25,-0.6327,sharp_turns_per_100km,4.08,speeding_per_100km,3.92,hard_brakes_per_100km,3.71
D161,2,-0.5645,phone_use_per_100km,3.17,fuel_per_100km,2.51,daily_lifting_events,1.86
D163,5,-0.5545,daily_lifting_events,2.25,phone_use_per_100km,2.23,hard_accels_per_100km,2.03
D163,15,-0.5584,hard_accels_per_100km,2.99,phone_use_per_100km,2.86,daily_floors,1.81
D163,17,-0.5361,sharp_turns_per_100km,2.29,hard_accels_per_100km,2.26,total_events_per_100km,1.73
D163,26,-0.5463,phone_use_per_100km,2.67,hard_accels_per_100km,2.15,speeding_per_100km,1.62
D165,1,-0.5767,daily_lifting_events,2.63,daily_hours,2.46,daily_km,2.33
D165,20,-0.5645,daily_hours,3.97,daily_km,3.51,sharp_turns_per_100km,2.43
D165,21,-0.5478,phone_use_per_100km,2.33,speeding_per_100km,2.23,hard_accels_per_100km,2.11
D165,24,-0.544,hard_accels_per_100km,2.15,speeding_per_100km,2.04,daily_hours,1.96
D167,1,-0.5399,sharp_turns_per_100km,2.48,phone_use_per_100km,2.39,hard_brakes_per_100km,2.31
D167,24,-0.545,daily_km,3.36,daily_hours,2.13,speeding_per_100km,2.05
D169,19,-0.5416,daily_steps,2.96,daily_floors,2.9,daily_lifting_events,2.72
D172,18,-0.615,daily_lifting_events,3.67,hard_accels_per_100km,3.33,speeding_per_100km,3.15
D172,26,-0.5462,phone_use_per_100km,2.44,fuel_per_100km,2.04,speeding_per_100km,1.97
D174,22,-0.5392,speeding_per_100km,2.87,daily_lifting_events,1.61,daily_steps,1.46
D178,17,-0.5346,speeding_per_100km,2.32,hard_brakes_per_100km,2.09,sharp_turns_per_100km,1.92
D178,26,-0.5802,hard_accels_per_100km,3.14,phone_use_per_100km,2.7,speeding_per_100km,2.55
D179,22,-0.589,daily_hours,3.39,phone_use_per_100km,2.28,daily_km,1.73
D187,17,-0.5395,daily_hours,3.46,daily_km,3.41,daily_floors,1.36
D188,13,-0.5633,daily_km,3.44,daily_hours,3.13,fuel_per_100km,1.89
D190,14,-0.5461,hard_accels_per_100km,3.0,hard_brakes_per_100km,2.25,total_events_per_100km,2.12
D191,6,-0.5559,idle_time_pct,3.3,daily_steps,2.54,daily_floors,2.41
D191,26,-0.5482,fuel_per_100km,2.75,daily_floors,2.61,idle_time_pct,2.61
D192,3,-0.5411,idle_time_pct,2.39,phone_use_per_100km,2.13,daily_lifting_events,2.09
D192,5,-0.5627,idle_time_pct,3.56,fuel_per_100km,3.25,phone_use_per_100km,1.63
D193,1,-0.5534,daily_lifting_events,3.27,phone_use_per_100km,2.15,daily_hours,2.13
D193,7,-0.5525,daily_hours,3.97,daily_km,2.27,phone_use_per_100km,2.1
D193,13,-0.5571,phone_use_per_100km,4.32,speeding_per_100km,2.14,hard_accels_per_100km,1.8
D195,1,-0.5515,daily_hours,2.22,hard_accels_per_100km,2.07,fuel_per_100km,1.97
D195,2,-0.5453,hard_accels_per_100km,2.74,phone_use_per_100km,2.7,fuel_per_100km,1.93
D195,11,-0.5481,phone_use_per_100km,3.74,hard_accels_per_100km,2.0,hard_brakes_per_100km,1.89
D195,19,-0.555,sharp_turns_per_100km,3.34,hard_brakes_per_100km,2.06,total_events_per_100km,1.95
D197,22,-0.5673,daily_hours,2.89,idle_time_pct,2.86,fuel_per_100km,2.13
D203,3,-0.5704,hard_accels_per_100km,3.48,hard_brakes_per_100km,2.73,total_events_per_100km,2.21
D203,11,-0.5593,phone_use_per_100km,6.48,hard_accels_per_100km,2.71,total_events_per_100km,2.36
D204,3,-0.5565,daily_floors,2.61,daily_steps,2.54,fuel_per_100km,2.04
D204,25,-0.5939,daily_steps,3.88,idle_time_pct,3.05,daily_floors,2.57
D205,1,-0.5971,fuel_per_100km,3.79,idle_time_pct,3.76,daily_floors,3.18
D205,9,-0.5476,idle_time_pct,5.08,fuel_per_100km,3.06,daily_lifting_events,1.62
D205,12,-0.593,idle_time_pct,4.17,fuel_per_100km,2.9,phone_use_per_100km,2.44
D205,14,-0.548,phone_use_per_100km,2.57,sharp_turns_per_100km,1.89,idle_time_pct,1.58
D205,16,-0.588,phone_use_per_100km,2.88,daily_hours,2.39,daily_km,1.95
D205,22,-0.5747,idle_time_pct,3.56,fuel_per_100km,2.42,daily_hours,2.22
D205,26,-0.5546,idle_time_pct,3.27,daily_floors,2.77,daily_steps,1.91
D210,11,-0.5512,fuel_per_100km,2.3,daily_hours,2.22,idle_time_pct,2.07
D211,3,-0.5509,hard_brakes_per_100km,2.9,hard_accels_per_100km,2.11,total_events_per_100km,1.98
D211,6,-0.5673,daily_km,2.6,hard_brakes_per_100km,2.5,daily_hours,2.13
D211,13,-0.5436,daily_km,2.2,speeding_per_100km,2.14,sharp_turns_per_100km,1.82
D212,5,-0.5635,speeding_per_100km,2.44,hard_brakes_per_100km,2.28,phone_use_per_100km,2.18
D213,17,-0.538,phone_use_per_100km,2.75,hard_brakes_per_100km,2.52,daily_steps,2.11
D213,19,-0.54,speeding_per_100km,2.57,hard_brakes_per_100km,2.38,daily_floors,2.12
D214,1,-0.5645,idle_time_pct,4.02,fuel_per_100km,3.24,daily_steps,2.13
D214,9,-0.5533,daily_floors,3.47,idle_time_pct,2.68,daily_lifting_events,2.41
D223,1,-0.5754,daily_steps,2.51,speeding_per_100km,2.41,fuel_per_100km,2.26
D223,3,-0.5457,daily_lifting_events,2.88,fuel_per_100km,2.35,daily_steps,2.33
D223,4,-0.5549,speeding_per_100km,2.58,daily_hours,2.46,hard_brakes_per_100km,1.86
D223,5,-0.5716,phone_use_per_100km,3.22,daily_steps,2.52,daily_floors,2.42
D223,8,-0.5355,hard_brakes_per_100km,2.46,daily_hours,1.88,daily_km,1.57
D223,16,-0.5556,phone_use_per_100km,3.9,hard_brakes_per_100km,1.94,daily_steps,1.86
D223,20,-0.5841,speeding_per_100km,3.23,hard_brakes_per_100km,2.84,daily_hours,2.05
D223,22,-0.6387,daily_steps,3.77,daily_lifting_events,3.67,daily_floors,3.36
D225,3,-0.5501,daily_lifting_events,3.27,daily_hours,1.96,daily_km,1.94
D230,17,-0.5626,phone_use_per_100km,3.46,sharp_turns_per_100km,3.37,hard_accels_per_100km,2.8
D230,21,-0.5674,phone_use_per_100km,3.59,sharp_turns_per_100km,2.52,hard_brakes_per_100km,2.48
D230,22,-0.5721,hard_accels_per_100km,3.48,speeding_per_100km,3.27,total_events_per_100km,2.94
D231,5,-0.5655,daily_hours,3.46,daily_km,3.24,hard_accels_per_100km,2.11
D231,12,-0.5461,hard_brakes_per_100km,2.99,speeding_per_100km,2.52,total_events_per_100km,2.25
D231,24,-0.5419,hard_accels_per_100km,3.1,total_events_per_100km,2.0,sharp_turns_per_100km,1.94
D232,1,-0.5457,idle_time_pct,4.92,fuel_per_100km,3.72,daily_hours,1.88
D232,11,-0.5431,daily_lifting_events,3.43,idle_time_pct,1.96,daily_steps,1.9
D232,15,-0.5516,idle_time_pct,2.79,fuel_per_100km,2.36,daily_steps,2.08
D233,6,-0.5415,sharp_turns_per_100km,2.59,daily_lifting_events,2.32,hard_brakes_per_100km,1.89
D233,22,-0.5484,speeding_per_100km,2.73,daily_km,2.42,daily_hours,1.63
D233,25,-0.5414,daily_km,2.99,daily_hours,2.29,speeding_per_100km,1.85
D237,4,-0.5812,idle_time_pct,3.77,daily_lifting_events,2.33,fuel_per_100km,2.18
D240,3,-0.5747,idle_time_pct,6.06,daily_lifting_events,3.51,fuel_per_100km,3.39
D240,11,-0.5405,idle_time_pct,3.9,fuel_per_100km,2.29,daily_steps,1.81
D240,17,-0.6287,idle_time_pct,4.83,phone_use_per_100km,4.73,fuel_per_100km,3.35
D240,18,-0.5679,idle_time_pct,4.91,fuel_per_100km,3.81,daily_floors,2.11
D240,20,-0.5396,idle_time_pct,2.89,daily_floors,2.59,daily_steps,2.03
D241,20,-0.5356,idle_time_pct,2.93,phone_use_per_100km,2.02,daily_hours,1.63
D245,5,-0.537,phone_use_per_100km,2.93,night_driving_pct,1.57,hard_accels_per_100km,1.54
D245,24,-0.5372,phone_use_per_100km,3.25,hard_accels_per_100km,2.24,daily_hours,1.79
D246,14,-0.5483,idle_time_pct,4.79,daily_hours,2.22,fuel_per_100km,2.21
D247,10,-0.5627,daily_hours,2.39,sharp_turns_per_100km,2.38,daily_lifting_events,1.84
D247,25,-0.5446,phone_use_per_100km,3.35,daily_lifting_events,2.25,night_driving_pct,1.57
D249,2,-0.5511,phone_use_per_100km,3.46,hard_brakes_per_100km,2.62,total_events_per_100km,2.21
D249,5,-0.5506,phone_use_per_100km,2.47,hard_brakes_per_100km,2.37,sharp_turns_per_100km,2.27
D251,21,-0.5756,sharp_turns_per_100km,3.61,total_events_per_100km,3.55,speeding_per_100km,3.04
D255,5,-0.5771,daily_km,3.11,daily_hours,2.96,hard_accels_per_100km,2.54
D255,7,-0.5351,hard_accels_per_100km,2.73,hard_brakes_per_100km,2.39,total_events_per_100km,2.2
D255,8,-0.6289,phone_use_per_100km,2.96,hard_accels_per_100km,2.95,hard_brakes_per_100km,2.84
D255,9,-0.6026,hard_brakes_per_100km,3.29,hard_accels_per_100km,3.23,sharp_turns_per_100km,3.07
D255,10,-0.6383,hard_accels_per_100km,3.92,phone_use_per_100km,3.27,sharp_turns_per_100km,3.24
D256,1,-0.549,speeding_per_100km,2.56,hard_brakes_per_100km,2.11,hard_accels_per_100km,2.11
D256,2,-0.5467,hard_brakes_per_100km,2.6,hard_accels_per_100km,2.28,total_events_per_100km,1.64
D256,7,-0.5489,phone_use_per_100km,2.93,sharp_turns_per_100km,2.37,total_events_per_100km,2.13
D256,14,-0.5492,hard_brakes_per_100km,3.01,daily_lifting_events,2.88,total_events_per_100km,1.94
D256,18,-0.5694,phone_use_per_100km,3.14,hard_brakes_per_100km,2.58,total_events_per_100km,2.27
D257,3,-0.5539,sharp_turns_per_100km,2.84,hard_accels_per_100km,2.72,total_events_per_100km,2.1
D257,7,-0.5669,phone_use_per_100km,3.56,fuel_per_100km,2.59,sharp_turns_per_100km,2.0
D257,8,-0.5425,speeding_per_100km,2.57,daily_lifting_events,2.47,hard_brakes_per_100km,2.18
D257,17,-0.5397,daily_steps,2.28,daily_hours,2.13,daily_floors,2.02
D257,18,-0.5419,phone_use_per_100km,4.03,daily_steps,2.53,daily_floors,1.64
D257,21,-0.5732,sharp_turns_per_100km,3.89,hard_accels_per_100km,3.5,total_events_per_100km,1.81
D258,20,-0.5579,daily_floors,3.18,daily_steps,3.14,daily_lifting_events,2.09
D260,19,-0.5578,hard_accels_per_100km,3.06,phone_use_per_100km,2.23,total_events_per_100km,2.21
D260,20,-0.5923,phone_use_per_100km,3.8,hard_accels_per_100km,3.19,hard_brakes_per_100km,2.42
D260,21,-0.5551,phone_use_per_100km,3.48,speeding_per_100km,2.75,sharp_turns_per_100km,2.39
D260,22,-0.5975,phone_use_per_100km,3.72,total_events_per_100km,2.86,hard_accels_per_100km,2.74
D260,23,-0.613,sharp_turns_per_100km,3.86,total_events_per_100km,3.22,speeding_per_100km,3.06
D260,24,-0.656,hard_accels_per_100km,4.29,hard_brakes_per_100km,3.99,total_events_per_100km,3.84
D261,1,-0.5849,daily_lifting_events,2.88,daily_steps,2.01,daily_km,1.8
D264,22,-0.5504,daily_km,4.35,daily_hours,3.97,night_driving_pct,1.57
D266,11,-0.5865,daily_km,2.69,total_events_per_100km,2.53,speeding_per_100km,2.45
D269,2,-0.574,daily_lifting_events,3.67,daily_steps,3.47,daily_floors,2.66
D270,11,-0.5853,sharp_turns_per_100km,3.28,speeding_per_100km,3.17,daily_hours,2.22
D270,22,-0.5444,daily_lifting_events,2.88,hard_accels_per_100km,2.53,night_driving_pct,1.57
D279,3,-0.5472,hard_accels_per_100km,2.27,phone_use_per_100km,1.89,hard_brakes_per_100km,1.61
D279,6,-0.5731,daily_km,2.79,daily_hours,2.13,hard_brakes_per_100km,1.79
D279,7,-0.5367,speeding_per_100km,2.4,sharp_turns_per_100km,2.32,hard_accels_per_100km,1.84
D279,11,-0.5642,daily_km,2.51,daily_hours,2.13,hard_accels_per_100km,2.02
D279,20,-0.5633,daily_hours,2.46,daily_km,2.19,hard_brakes_per_100km,1.95
D279,25,-0.5346,daily_km,2.15,hard_brakes_per_100km,1.99,daily_hours,1.96
D279,26,-0.6036,daily_km,2.65,daily_hours,2.29,speeding_per_100km,2.22
D283,5,-0.5953,fuel_per_100km,3.02,idle_time_pct,2.69,daily_floors,2.57
D283,16,-0.5491,idle_time_pct,3.52,fuel_per_100km,2.51,daily_floors,2.14
D283,25,-0.5918,idle_time_pct,5.5,fuel_per_100km,4.21,daily_floors,2.53
D287,6,-0.5808,phone_use_per_100km,3.35,hard_accels_per_100km,2.76,fuel_per_100km,2.65
D287,26,-0.5369,daily_lifting_events,2.88,daily_steps,2.09,daily_floors,2.05
D289,4,-0.5354,daily_steps,3.24,daily_lifting_events,2.49,daily_floors,1.96
D290,15,-0.5624,idle_time_pct,3.63,fuel_per_100km,2.32,sharp_turns_per_100km,2.3
D290,19,-0.5374,idle_time_pct,4.23,fuel_per_100km,2.71,total_events_per_100km,1.87
D290,21,-0.5727,phone_use_per_100km,3.53,total_events_per_100km,2.58,idle_time_pct,2.36
D290,22,-0.5739,sharp_turns_per_100km,3.18,phone_use_per_100km,2.78,speeding_per_100km,2.62
D290,23,-0.5455,speeding_per_100km,3.8,total_events_per_100km,3.32,sharp_turns_per_100km,2.42
D293,20,-0.5537,daily_km,3.78,daily_hours,2.8,fuel_per_100km,1.91
D294,10,-0.5858,sharp_turns_per_100km,2.9,total_events_per_100km,2.74,speeding_per_100km,2.52
D295,1,-0.5393,phone_use_per_100km,3.87,hard_brakes_per_100km,1.86,fuel_per_100km,1.72
D295,6,-0.5373,daily_lifting_events,3.04,daily_floors,2.26,daily_steps,2.09
D297,15,-0.5894,phone_use_per_100km,2.6,fuel_per_100km,2.33,daily_lifting_events,2.09
D297,18,-0.5355,hard_brakes_per_100km,3.14,speeding_per_100km,2.28,total_events_per_100km,2.12
D297,23,-0.5381,hard_brakes_per_100km,3.15,speeding_per_100km,2.66,total_events_per_100km,2.16
D297,26,-0.5468,daily_lifting_events,3.04,phone_use_per_100km,2.31,daily_floors,2.12
D301,11,-0.5553,daily_floors,2.61,daily_steps,2.13,idle_time_pct,1.8
D306,24,-0.559,daily_km,3.71,daily_hours,2.29,sharp_turns_per_100km,1.64
D310,20,-0.5521,daily_lifting_events,4.22,daily_floors,2.21,daily_steps,2.08
D317,13,-0.5353,daily_km,2.21,daily_hours,2.13,phone_use_per_100km,1.81
D317,20,-0.5403,phone_use_per_100km,2.96,hard_accels_per_100km,1.96,sharp_turns_per_100km,1.83
D321,15,-0.5387,daily_floors,3.04,daily_steps,2.05,daily_km,1.77
D322,3,-0.5772,daily_km,3.17,daily_hours,3.13,sharp_turns_per_100km,1.72
D322,10,-0.5508,daily_km,2.23,daily_hours,2.13,sharp_turns_per_100km,1.98
D322,18,-0.5358,daily_km,2.62,daily_hours,2.13,hard_accels_per_100km,1.95
D322,23,-0.5981,daily_hours,3.3,phone_use_per_100km,2.86,daily_km,2.81
D324,19,-0.5596,hard_brakes_per_100km,3.4,hard_accels_per_100km,2.71,total_events_per_100km,2.43
D324,20,-0.5612,phone_use_per_100km,4.68,sharp_turns_per_100km,2.59,hard_accels_per_100km,2.39
D324,21,-0.6202,hard_brakes_per_100km,3.84,hard_accels_per_100km,3.38,total_events_per_100km,2.98
D324,22,-0.5937,hard_accels_per_100km,3.7,sharp_turns_per_100km,3.17,total_events_per_100km,2.91
D324,23,-0.6176,hard_accels_per_100km,4.49,hard_brakes_per_100km,4.23,total_events_per_100km,3.38
D324,24,-0.5945,hard_accels_per_100km,3.9,sharp_turns_per_100km,2.99,total_events_per_100km,2.82
D326,20,-0.5401,daily_steps,2.81,daily_floors,2.8,daily_hours,1.63
D327,2,-0.5442,daily_lifting_events,2.47,hard_brakes_per_100km,2.29,speeding_per_100km,1.85
D327,3,-0.5874,daily_km,2.82,daily_hours,2.63,phone_use_per_100km,2.2
D327,7,-0.572,speeding_per_100km,3.65,daily_km,2.72,daily_hours,1.96
D327,12,-0.5619,hard_brakes_per_100km,3.37,total_events_per_100km,1.92,speeding_per_100km,1.77
D327,18,-0.5431,hard_accels_per_100km,2.3,daily_km,1.77,hard_brakes_per_100km,1.77
D327,19,-0.539,speeding_per_100km,2.16,daily_km,1.75,night_driving_pct,1.57
D327,23,-0.5443,daily_lifting_events,2.32,speeding_per_100km,1.97,night_driving_pct,1.57
D327,25,-0.5418,speeding_per_100km,2.66,hard_brakes_per_100km,2.03,daily_lifting_events,1.69
D329,7,-0.5415,sharp_turns_per_100km,2.62,speeding_per_100km,1.95,total_events_per_100km,1.91
D329,8,-0.5916,hard_brakes_per_100km,3.48,speeding_per_100km,2.75,total_events_per_100km,2.68
D329,16,-0.5542,daily_lifting_events,2.87,speeding_per_100km,2.33,phone_use_per_100km,1.76
D329,18,-0.5578,speeding_per_100km,3.22,sharp_turns_per_100km,2.55,total_events_per_100km,2.47
D329,19,-0.5917,speeding_per_100km,4.23,total_events_per_100km,2.96,hard_accels_per_100km,2.95
D329,20,-0.5951,speeding_per_100km,3.49,total_events_per_100km,3.1,hard_brakes_per_100km,2.84
D329,21,-0.6306,speeding_per_100km,4.31,hard_accels_per_100km,3.56,total_events_per_100km,3.15
D329,22,-0.634,sharp_turns_per_100km,4.84,hard_brakes_per_100km,4.62,total_events_per_100km,4.21
D329,23,-0.629,sharp_turns_per_100km,4.16,hard_brakes_per_100km,3.78,total_events_per_100km,3.71
D332,1,-0.5594,fuel_per_100km,2.44,hard_accels_per_100km,2.38,speeding_per_100km,2.29
D332,4,-0.5353,phone_use_per_100km,4.0,hard_accels_per_100km,2.62,fuel_per_100km,1.36
D332,6,-0.5538,fuel_per_100km,3.0,daily_hours,1.88,daily_steps,1.78
D332,11,-0.5516,phone_use_per_100km,2.62,hard_brakes_per_100km,2.59,hard_accels_per_100km,1.99
D332,22,-0.5589,hard_accels_per_100km,2.36,daily_steps,2.17,fuel_per_100km,2.11
D332,23,-0.5629,phone_use_per_100km,2.99,fuel_per_100km,2.81,daily_steps,1.82
D335,20,-0.535,idle_time_pct,4.94,fuel_per_100km,2.29,sharp_turns_per_100km,1.51
D335,23,-0.5401,idle_time_pct,3.4,fuel_per_100km,3.22,daily_steps,1.76
D337,2,-0.551,hard_accels_per_100km,2.55,sharp_turns_per_100km,2.5,fuel_per_100km,2.21
D337,8,-0.5534,hard_accels_per_100km,2.78,sharp_turns_per_100km,2.44,total_events_per_100km,2.26
D337,9,-0.5686,fuel_per_100km,2.2,speeding_per_100km,2.16,hard_accels_per_100km,1.89
D337,11,-0.573,daily_lifting_events,3.12,daily_steps,2.68,daily_floors,2.61
D337,12,-0.5676,hard_brakes_per_100km,2.59,daily_steps,2.21,hard_accels_per_100km,2.19
D337,18,-0.5475,phone_use_per_100km,2.8,hard_accels_per_100km,2.73,speeding_per_100km,2.36
D337,26,-0.5394,hard_brakes_per_100km,2.43,daily_floors,2.24,phone_use_per_100km,2.23
D350,20,-0.539,sharp_turns_per_100km,2.88,total_events_per_100km,2.62,idle_time_pct,1.97
D352,6,-0.5867,daily_hours,2.63,phone_use_per_100km,2.44,daily_floors,1.91
D352,13,-0.5521,hard_brakes_per_100km,2.68,fuel_per_100km,1.77,daily_km,1.68
D353,18,-0.5391,daily_lifting_events,2.4,daily_steps,1.79,daily_km,1.67
D354,9,-0.5654,daily_hours,2.46,daily_km,2.45,phone_use_per_100km,2.44
D354,14,-0.5389,hard_brakes_per_100km,2.29,sharp_turns_per_100km,1.94,total_events_per_100km,1.91
D354,15,-0.5451,hard_brakes_per_100km,2.97,sharp_turns_per_100km,2.06,daily_lifting_events,1.84
D354,18,-0.545,speeding_per_100km,2.35,hard_accels_per_100km,2.04,daily_km,1.89
D354,24,-0.5564,hard_accels_per_100km,2.92,speeding_per_100km,2.88,total_events_per_100km,2.49
D355,5,-0.5534,phone_use_per_100km,2.88,speeding_per_100km,2.2,daily_floors,1.85
D355,6,-0.5444,fuel_per_100km,2.23,daily_hours,2.22,hard_accels_per_100km,2.06
D355,7,-0.5538,hard_accels_per_100km,2.67,fuel_per_100km,2.21,speeding_per_100km,1.98
D355,11,-0.5369,hard_accels_per_100km,2.91,daily_floors,1.87,total_events_per_100km,1.68
D355,12,-0.6056,daily_lifting_events,3.27,speeding_per_100km,2.39,phone_use_per_100km,2.36
D355,21,-0.556,speeding_per_100km,2.84,sharp_turns_per_100km,2.62,phone_use_per_100km,2.02
D355,24,-0.5772,speeding_per_100km,3.83,daily_floors,2.31,daily_lifting_events,2.09
D356,3,-0.5527,hard_accels_per_100km,3.05,speeding_per_100km,2.32,fuel_per_100km,2.13
D356,8,-0.5362,hard_accels_per_100km,2.81,speeding_per_100km,2.15,daily_floors,1.91
D356,9,-0.5451,hard_accels_per_100km,2.85,phone_use_per_100km,2.62,hard_brakes_per_100km,2.23
D356,12,-0.5613,hard_accels_per_100km,3.24,speeding_per_100km,2.75,daily_hours,2.05
D356,15,-0.5557,daily_floors,3.04,speeding_per_100km,2.74,daily_steps,2.52
D356,16,-0.5655,daily_floors,2.64,daily_lifting_events,2.25,hard_accels_per_100km,1.98
D358,19,-0.5465,daily_km,2.84,daily_hours,2.8,daily_lifting_events,2.24
D363,6,-0.5464,speeding_per_100km,3.05,hard_accels_per_100km,2.4,total_events_per_100km,1.91
D363,11,-0.5471,speeding_per_100km,3.26,hard_accels_per_100km,2.57,total_events_per_100km,1.84
D363,17,-0.5809,hard_brakes_per_100km,3.4,sharp_turns_per_100km,2.61,total_events_per_100km,2.32
D363,18,-0.5718,hard_brakes_per_100km,3.48,total_events_per_100km,2.22,daily_hours,2.05
D363,19,-0.5496,hard_brakes_per_100km,2.59,speeding_per_100km,2.52,total_events_per_100km,2.34
D363,20,-0.6303,total_events_per_100km,3.51,hard_brakes_per_100km,3.41,hard_accels_per_100km,3.36
D363,21,-0.6354,phone_use_per_100km,4.26,sharp_turns_per_100km,3.38,total_events_per_100km,3.19
D363,22,-0.6507,hard_brakes_per_100km,4.35,total_events_per_100km,3.98,speeding_per_100km,3.87
D363,23,-0.6397,speeding_per_100km,5.23,hard_brakes_per_100km,5.16,hard_accels_per_100km,4.8
D364,3,-0.5345,hard_brakes_per_100km,2.83,speeding_per_100km,2.22,total_events_per_100km,1.69
D364,4,-0.57,fuel_per_100km,2.72,hard_accels_per_100km,2.17,daily_floors,1.88
D364,7,-0.5394,fuel_per_100km,2.67,hard_accels_per_100km,2.05,daily_km,1.61
D364,10,-0.5422,speeding_per_100km,2.4,hard_brakes_per_100km,2.05,hard_accels_per_100km,2.02
D364,12,-0.5596,speeding_per_100km,2.75,hard_accels_per_100km,2.58,total_events_per_100km,2.27
D364,16,-0.5608,hard_brakes_per_100km,3.29,hard_accels_per_100km,2.11,daily_floors,1.67
D364,19,-0.6102,phone_use_per_100km,6.01,hard_accels_per_100km,3.03,daily_steps,2.23
D364,22,-0.5356,hard_accels_per_100km,1.87,daily_floors,1.81,total_events_per_100km,1.71
D364,23,-0.5536,hard_brakes_per_100km,2.75,daily_floors,2.12,speeding_per_100km,1.98
D364,25,-0.5544,sharp_turns_per_100km,3.16,speeding_per_100km,2.83,total_events_per_100km,2.04
D365,3,-0.5693,daily_lifting_events,2.72,hard_brakes_per_100km,2.33,phone_use_per_100km,2.15
D372,3,-0.545,hard_accels_per_100km,2.01,daily_lifting_events,2.0,phone_use_per_100km,1.97
D372,9,-0.559,daily_km,2.6,daily_hours,1.79,daily_steps,1.75
D372,24,-0.5744,daily_km,2.51,daily_hours,2.13,phone_use_per_100km,1.94
D379,6,-0.5451,daily_lifting_events,2.47,speeding_per_100km,2.36,hard_brakes_per_100km,2.19
D379,12,-0.5404,daily_km,2.59,daily_hours,2.13,speeding_per_100km,2.08
D384,15,-0.5431,daily_hours,3.13,daily_km,2.09,daily_lifting_events,1.86
D384,19,-0.5485,sharp_turns_per_100km,3.3,phone_use_per_100km,2.31,total_events_per_100km,1.99
D384,21,-0.5774,hard_accels_per_100km,2.8,sharp_turns_per_100km,2.62,total_events_per_100km,2.3
D384,22,-0.5663,hard_brakes_per_100km,2.92,total_events_per_100km,2.5,hard_accels_per_100km,2.34
D384,23,-0.6075,hard_accels_per_100km,3.04,sharp_turns_per_100km,2.74,hard_brakes_per_100km,2.62
D386,13,-0.5623,hard_accels_per_100km,2.87,daily_hours,2.46,hard_brakes_per_100km,2.35
D386,16,-0.5795,phone_use_per_100km,3.04,hard_accels_per_100km,2.9,hard_brakes_per_100km,2.75
D386,17,-0.5471,hard_accels_per_100km,3.16,hard_brakes_per_100km,2.76,total_events_per_100km,2.52
D386,18,-0.6023,hard_brakes_per_100km,3.2,hard_accels_per_100km,3.16,total_events_per_100km,2.94
D386,19,-0.6611,hard_accels_per_100km,4.1,sharp_turns_per_100km,3.76,total_events_per_100km,3.71
D389,23,-0.5348,idle_time_pct,2.86,fuel_per_100km,2.58,daily_hours,2.05
D391,7,-0.5377,daily_km,2.5,daily_hours,2.29,hard_brakes_per_100km,1.86
D391,17,-0.545,speeding_per_100km,2.66,daily_hours,2.29,daily_km,2.05
D391,23,-0.5374,daily_lifting_events,3.03,phone_use_per_100km,2.18,speeding_per_100km,1.94
D392,2,-0.5652,daily_km,2.8,daily_hours,2.63,phone_use_per_100km,1.6
D393,5,-0.5787,daily_steps,4.16,daily_floors,4.12,fuel_per_100km,2.09
D393,8,-0.5476,daily_lifting_events,3.43,daily_steps,2.85,daily_floors,1.78
D396,13,-0.5416,daily_hours,2.46,daily_lifting_events,2.33,sharp_turns_per_100km,1.54
D399,1,-0.5603,daily_lifting_events,2.72,daily_hours,1.96,daily_steps,1.88
D399,4,-0.5774,idle_time_pct,5.98,fuel_per_100km,4.48,daily_floors,3.79
D399,8,-0.5417,idle_time_pct,2.77,fuel_per_100km,2.56,daily_lifting_events,2.49
D399,12,-0.539,fuel_per_100km,3.51,idle_time_pct,3.25,phone_use_per_100km,1.73
D399,14,-0.5512,idle_time_pct,3.8,fuel_per_100km,3.3,daily_steps,1.77
D399,24,-0.5553,idle_time_pct,3.01,daily_hours,2.39,fuel_per_100km,2.15
D401,5,-0.6111,phone_use_per_100km,4.0,daily_hours,3.46,hard_accels_per_100km,2.7
D402,3,-0.5839,daily_steps,3.9,fuel_per_100km,3.75,idle_time_pct,3.22
D402,12,-0.5345,idle_time_pct,3.2,daily_hours,2.05,phone_use_per_100km,2.0
D402,20,-0.5919,phone_use_per_100km,3.43,sharp_turns_per_100km,2.77,total_events_per_100km,2.22
D402,21,-0.5865,phone_use_per_100km,3.04,speeding_per_100km,2.8,total_events_per_100km,2.72
D402,23,-0.6043,phone_use_per_100km,3.8,total_events_per_100km,2.69,idle_time_pct,2.45
D402,24,-0.5892,total_events_per_100km,2.9,idle_time_pct,2.8,sharp_turns_per_100km,2.8
D405,1,-0.6158,daily_hours,2.55,sharp_turns_per_100km,2.39,speeding_per_100km,2.34
D405,4,-0.5554,hard_accels_per_100km,2.49,speeding_per_100km,2.26,phone_use_per_100km,1.84
D405,6,-0.6075,speeding_per_100km,3.35,fuel_per_100km,2.77,hard_accels_per_100km,2.43
D405,8,-0.5501,phone_use_per_100km,2.54,hard_accels_per_100km,1.76,daily_steps,1.62
D405,9,-0.5397,hard_accels_per_100km,3.47,sharp_turns_per_100km,2.43,hard_brakes_per_100km,2.14
D405,12,-0.5941,phone_use_per_100km,2.78,daily_floors,2.34,hard_brakes_per_100km,2.25
D405,13,-0.5421,daily_floors,2.74,hard_brakes_per_100km,1.94,daily_steps,1.75
D405,14,-0.5538,hard_accels_per_100km,2.49,hard_brakes_per_100km,2.0,fuel_per_100km,1.95
D405,15,-0.544,speeding_per_100km,2.41,sharp_turns_per_100km,2.07,hard_accels_per_100km,2.0
D405,16,-0.5372,daily_lifting_events,2.41,phone_use_per_100km,1.81,sharp_turns_per_100km,1.8
D405,17,-0.5581,daily_lifting_events,2.49,hard_accels_per_100km,2.21,phone_use_per_100km,1.81
D405,18,-0.5496,phone_use_per_100km,2.86,hard_brakes_per_100km,2.31,hard_accels_per_100km,2.16
D405,19,-0.5773,daily_steps,2.79,phone_use_per_100km,2.44,hard_accels_per_100km,2.02
D405,22,-0.5501,daily_steps,2.51,daily_floors,2.32,daily_lifting_events,2.09
D405,24,-0.5588,daily_lifting_events,2.25,phone_use_per_100km,2.18,hard_accels_per_100km,2.07
D405,25,-0.5404,sharp_turns_per_100km,3.65,night_driving_pct,1.57,daily_hours,1.55
D405,26,-0.6006,phone_use_per_100km,3.2,speeding_per_100km,2.76,hard_brakes_per_100km,2.5
D411,6,-0.5403,idle_time_pct,2.88,fuel_per_100km,2.19,daily_lifting_events,2.09
D411,9,-0.5482,daily_floors,3.27,daily_steps,3.11,idle_time_pct,2.54
D411,10,-0.5524,idle_time_pct,3.21,daily_floors,2.71,fuel_per_100km,2.58
D411,20,-0.6264,daily_lifting_events,5.24,idle_time_pct,3.21,daily_steps,3.08
D411,21,-0.5738,idle_time_pct,3.28,daily_steps,2.98,daily_floors,2.63
D411,25,-0.5607,idle_time_pct,3.44,fuel_per_100km,2.64,daily_floors,2.04
D412,7,-0.5372,speeding_per_100km,2.65,sharp_turns_per_100km,2.19,hard_accels_per_100km,2.06
D412,23,-0.5499,phone_use_per_100km,3.12,hard_brakes_per_100km,2.22,sharp_turns_per_100km,1.66
D418,11,-0.585,phone_use_per_100km,4.76,daily_lifting_events,2.09,daily_steps,1.85
D418,20,-0.5521,daily_lifting_events,3.51,daily_steps,2.78,daily_floors,1.96
D418,24,-0.5422,daily_floors,3.04,daily_lifting_events,2.09,daily_steps,2.0
D422,22,-0.5757,idle_time_pct,3.85,fuel_per_100km,3.62,sharp_turns_per_100km,2.57
D423,11,-0.5367,sharp_turns_per_100km,2.85,total_events_per_100km,2.39,hard_accels_per_100km,2.34
D423,12,-0.5854,hard_accels_per_100km,3.28,hard_brakes_per_100km,3.19,total_events_per_100km,2.96
D423,13,-0.6067,sharp_turns_per_100km,3.61,phone_use_per_100km,3.46,hard_accels_per_100km,3.04
D423,14,-0.5873,sharp_turns_per_100km,2.87,hard_accels_per_100km,2.72,total_events_per_100km,2.33
D425,26,-0.5444,daily_hours,4.3,daily_lifting_events,1.7,daily_floors,1.58
D429,16,-0.5386,sharp_turns_per_100km,2.24,phone_use_per_100km,2.13,hard_accels_per_100km,2.0
D429,21,-0.5388,speeding_per_100km,2.52,sharp_turns_per_100km,1.94,hard_brakes_per_100km,1.86
D431,10,-0.5562,idle_time_pct,3.14,fuel_per_100km,2.91,daily_floors,2.7
D432,1,-0.5462,phone_use_per_100km,3.64,daily_hours,1.88,idle_time_pct,1.77
D432,17,-0.5426,daily_hours,2.46,daily_km,2.16,daily_lifting_events,2.09
D432,25,-0.5492,daily_hours,2.13,daily_lifting_events,2.08,daily_km,1.69
D435,1,-0.5727,phone_use_per_100km,3.01,daily_km,2.38,hard_brakes_per_100km,2.04
D435,3,-0.5605,phone_use_per_100km,3.14,daily_km,1.9,daily_lifting_events,1.86
D435,11,-0.5568,speeding_per_100km,2.33,sharp_turns_per_100km,2.19,daily_km,1.86
D435,12,-0.5439,hard_accels_per_100km,2.3,daily_hours,2.22,sharp_turns_per_100km,1.67
D435,14,-0.5486,hard_accels_per_100km,2.16,daily_km,2.05,phone_use_per_100km,1.89
D435,21,-0.5932,daily_km,2.82,hard_accels_per_100km,2.16,daily_hours,2.13
D435,24,-0.5358,daily_lifting_events,2.0,speeding_per_100km,1.8,phone_use_per_100km,1.73
D436,1,-0.5451,daily_km,2.55,daily_hours,2.29,phone_use_per_100km,2.2
D436,7,-0.5888,sharp_turns_per_100km,2.94,hard_accels_per_100km,2.65,total_events_per_100km,2.48
D436,10,-0.5371,hard_accels_per_100km,2.61,sharp_turns_per_100km,2.15,total_events_per_100km,1.75
D436,11,-0.6097,speeding_per_100km,2.68,hard_brakes_per_100km,2.55,total_events_per_100km,2.43
D436,12,-0.6109,speeding_per_100km,3.53,hard_brakes_per_100km,3.08,total_events_per_100km,2.88
D436,13,-0.6364,sharp_turns_per_100km,3.62,total_events_per_100km,3.48,hard_brakes_per_100km,3.44
D436,14,-0.64,hard_brakes_per_100km,4.4,total_events_per_100km,3.42,sharp_turns_per_100km,3.27
D436,15,-0.6559,speeding_per_100km,5.47,total_events_per_100km,4.79,sharp_turns_per_100km,4.27
D441,2,-0.5348,idle_time_pct,3.29,fuel_per_100km,2.92,daily_floors,2.74
D441,15,-0.5942,idle_time_pct,4.79,fuel_per_100km,3.04,sharp_turns_per_100km,2.27
D441,16,-0.5679,idle_time_pct,3.81,fuel_per_100km,2.8,phone_use_per_100km,2.31
D441,23,-0.5387,sharp_turns_per_100km,3.56,daily_lifting_events,2.25,idle_time_pct,1.87
D441,26,-0.5663,idle_time_pct,3.78,fuel_per_100km,2.56,daily_floors,2.15
D443,6,-0.5842,hard_brakes_per_100km,2.95,sharp_turns_per_100km,2.92,hard_accels_per_100km,2.72
D443,7,-0.5755,hard_accels_per_100km,3.09,phone_use_per_100km,2.75,total_events_per_100km,2.57
D443,8,-0.5939,hard_brakes_per_100km,3.35,total_events_per_100km,2.67,phone_use_per_100km,2.54
D443,9,-0.621,hard_accels_per_100km,3.74,total_events_per_100km,3.08,hard_brakes_per_100km,2.91
D443,10,-0.6582,hard_accels_per_100km,4.24,phone_use_per_100km,3.46,total_events_per_100km,3.45
D443,11,-0.6082,speeding_per_100km,4.31,hard_accels_per_100km,3.67,total_events_per_100km,3.2
D443,12,-0.6406,hard_brakes_per_100km,3.68,total_events_per_100km,3.39,hard_accels_per_100km,3.33
D446,24,-0.5647,daily_steps,2.8,daily_floors,2.63,speeding_per_100km,2.01
D446,25,-0.5526,speeding_per_100km,2.85,daily_hours,2.05,daily_lifting_events,1.84
D451,20,-0.5481,daily_lifting_events,3.67,daily_floors,2.82,daily_steps,2.33
D453,6,-0.5452,hard_brakes_per_100km,2.89,speeding_per_100km,2.36,total_events_per_100km,1.84
D453,17,-0.5494,speeding_per_100km,2.84,hard_brakes_per_100km,2.67,total_events_per_100km,2.1
D453,21,-0.5888,sharp_turns_per_100km,2.49,hard_brakes_per_100km,2.08,daily_hours,2.05
D455,22,-0.5626,daily_hours,3.97,daily_km,3.22,daily_floors,1.6
D456,20,-0.5354,phone_use_per_100km,2.67,total_events_per_100km,2.28,daily_lifting_events,1.69
D456,21,-0.5725,daily_hours,2.72,daily_lifting_events,2.63,daily_steps,2.0
D456,23,-0.5854,total_events_per_100km,3.06,phone_use_per_100km,2.8,sharp_turns_per_100km,2.72
D456,24,-0.6315,phone_use_per_100km,5.62,idle_time_pct,3.67,sharp_turns_per_100km,2.76
D461,22,-0.5431,speeding_per_100km,2.92,fuel_per_100km,2.04,daily_floors,1.85
D461,26,-0.5752,sharp_turns_per_100km,3.5,hard_accels_per_100km,2.68,phone_use_per_100km,2.65
D462,9,-0.5581,daily_hours,3.22,daily_lifting_events,2.09,daily_km,2.04
D462,23,-0.6209,daily_lifting_events,5.24,daily_floors,3.58,daily_steps,2.83
D466,4,-0.5777,idle_time_pct,3.96,fuel_per_100km,3.09,daily_lifting_events,2.49
D466,18,-0.5355,daily_floors,2.61,daily_steps,2.19,idle_time_pct,2.08
D466,26,-0.5891,idle_time_pct,5.58,fuel_per_100km,4.05,daily_floors,2.18
D471,8,-0.55,phone_use_per_100km,2.88,daily_floors,2.18,speeding_per_100km,2.05
D471,24,-0.544,speeding_per_100km,2.12,fuel_per_100km,2.06,hard_accels_per_100km,1.92
D472,2,-0.5475,sharp_turns_per_100km,2.52,speeding_per_100km,2.46,phone_use_per_100km,2.33
D472,3,-0.5579,hard_accels_per_100km,2.72,fuel_per_100km,2.44,speeding_per_100km,2.23
D472,10,-0.5593,hard_brakes_per_100km,2.52,fuel_per_100km,2.17,daily_floors,2.16
D472,12,-0.5458,phone_use_per_100km,3.85,speeding_per_100km,2.7,total_events_per_100km,1.88
D472,18,-0.5552,speeding_per_100km,3.45,daily_hours,1.88,daily_lifting_events,1.84
D472,20,-0.5404,hard_brakes_per_100km,3.26,speeding_per_100km,2.28,total_events_per_100km,1.94
D474,22,-0.5415,idle_time_pct,3.09,sharp_turns_per_100km,2.14,total_events_per_100km,2.09
D474,23,-0.6024,daily_hours,3.13,total_events_per_100km,2.52,idle_time_pct,2.33
D474,24,-0.6101,speeding_per_100km,3.92,total_events_per_100km,3.52,hard_brakes_per_100km,3.14
D474,25,-0.5662,total_events_per_100km,2.76,hard_brakes_per_100km,2.32,speeding_per_100km,2.21
D475,23,-0.566,daily_hours,4.63,daily_km,3.83,hard_accels_per_100km,2.19
D476,22,-0.5757,idle_time_pct,5.56,fuel_per_100km,2.99,phone_use_per_100km,2.33
D476,23,-0.537,idle_time_pct,3.79,fuel_per_100km,2.39,daily_hours,1.88
D477,6,-0.5365,fuel_per_100km,2.77,daily_steps,1.75,daily_floors,1.68
D477,10,-0.546,daily_steps,2.13,hard_accels_per_100km,2.0,fuel_per_100km,1.91
D477,23,-0.5733,phone_use_per_100km,2.93,hard_brakes_per_100km,1.96,fuel_per_100km,1.87
D477,25,-0.5832,daily_lifting_events,2.64,daily_steps,2.5,daily_hours,2.29
D478,2,-0.5825,idle_time_pct,4.71,fuel_per_100km,4.25,daily_lifting_events,3.67
D478,4,-0.5477,daily_lifting_events,3.67,fuel_per_100km,2.36,daily_steps,1.93
D478,12,-0.5517,idle_time_pct,2.62,daily_floors,2.5,fuel_per_100km,2.25
D478,15,-0.536,idle_time_pct,3.75,fuel_per_100km,2.47,daily_floors,1.59
D478,18,-0.5865,phone_use_per_100km,3.06,speeding_per_100km,2.4,daily_lifting_events,2.24
D478,23,-0.5386,idle_time_pct,3.15,fuel_per_100km,2.22,phone_use_per_100km,1.71
D478,25,-0.5733,idle_time_pct,5.24,fuel_per_100km,3.57,daily_steps,1.73
D485,7,-0.5679,hard_accels_per_100km,3.47,total_events_per_100km,2.78,speeding_per_100km,2.63
D485,8,-0.6347,sharp_turns_per_100km,4.18,hard_accels_per_100km,3.5,total_events_per_100km,3.22
D485,9,-0.5938,hard_brakes_per_100km,3.71,hard_accels_per_100km,3.37,total_events_per_100km,3.24
D485,10,-0.6198,hard_brakes_per_100km,3.88,total_events_per_100km,3.63,speeding_per_100km,3.37
D485,11,-0.6524,speeding_per_100km,5.34,total_events_per_100km,4.09,sharp_turns_per_100km,3.82
D488,21,-0.5686,hard_accels_per_100km,4.53,total_events_per_100km,2.78,sharp_turns_per_100km,2.52
D488,22,-0.543,hard_accels_per_100km,3.25,sharp_turns_per_100km,2.57,total_events_per_100km,2.4
D488,23,-0.6318,phone_use_per_100km,3.53,sharp_turns_per_100km,3.32,hard_brakes_per_100km,3.09
D488,24,-0.6184,phone_use_per_100km,4.79,hard_accels_per_100km,3.36,sharp_turns_per_100km,3.09
D492,13,-0.5449,idle_time_pct,2.87,fuel_per_100km,2.59,phone_use_per_100km,1.76
D492,18,-0.5455,idle_time_pct,2.62,fuel_per_100km,2.1,daily_hours,1.88
D494,7,-0.5368,sharp_turns_per_100km,2.2,phone_use_per_100km,2.1,daily_lifting_events,1.86
D496,2,-0.5364,hard_brakes_per_100km,2.6,phone_use_per_100km,2.49,speeding_per_100km,2.2
D496,15,-0.536,hard_brakes_per_100km,2.71,hard_accels_per_100km,2.6,total_events_per_100km,1.74
D498,2,-0.5487,fuel_per_100km,3.42,idle_time_pct,3.06,daily_floors,1.72
D498,4,-0.5605,idle_time_pct,5.46,fuel_per_100km,3.87,daily_hours,2.05
D498,10,-0.5723,idle_time_pct,4.12,fuel_per_100km,2.89,daily_steps,2.73
D498,11,-0.5829,idle_time_pct,4.21,speeding_per_100km,2.65,total_events_per_100km,2.5
D498,14,-0.5487,hard_brakes_per_100km,2.72,total_events_per_100km,2.2,idle_time_pct,1.61
D498,15,-0.6674,speeding_per_100km,8.19,total_events_per_100km,5.12,daily_lifting_events,3.42
D502,9,-0.5351,hard_accels_per_100km,2.76,hard_brakes_per_100km,2.13,speeding_per_100km,1.74
D502,23,-0.5394,hard_accels_per_100km,2.55,phone_use_per_100km,2.33,hard_brakes_per_100km,2.06
D503,23,-0.5491,phone_use_per_100km,3.33,hard_brakes_per_100km,2.39,total_events_per_100km,2.02
D503,24,-0.5378,hard_accels_per_100km,2.8,hard_brakes_per_100km,2.78,phone_use_per_100km,2.62
D503,25,-0.5483,sharp_turns_per_100km,3.23,phone_use_per_100km,2.26,hard_brakes_per_100km,1.97
D503,26,-0.5361,sharp_turns_per_100km,2.91,speeding_per_100km,2.65,total_events_per_100km,2.47
D505,8,-0.5455,speeding_per_100km,1.99,daily_km,1.83,daily_steps,1.68
D505,9,-0.5412,daily_km,2.31,daily_hours,1.79,hard_accels_per_100km,1.57
D505,18,-0.5574,speeding_per_100km,2.72,daily_km,2.55,daily_hours,2.46
D505,25,-0.5568,daily_km,2.22,phone_use_per_100km,1.89,hard_brakes_per_100km,1.83
D508,26,-0.5578,daily_lifting_events,6.82,daily_steps,3.72,daily_floors,3.58
D509,19,-0.5715,daily_km,2.76,daily_hours,2.46,speeding_per_100km,2.03
D509,21,-0.5642,daily_km,2.52,hard_accels_per_100km,2.46,daily_hours,1.96
D510,8,-0.608,speeding_per_100km,5.09,daily_hours,4.13,phone_use_per_100km,2.73
D510,10,-0.538,daily_hours,2.96,hard_accels_per_100km,1.99,hard_brakes_per_100km,1.74
D510,19,-0.553,phone_use_per_100km,3.85,speeding_per_100km,2.65,total_events_per_100km,1.83
D511,5,-0.5753,hard_accels_per_100km,2.94,daily_steps,2.79,daily_floors,2.77
D511,6,-0.5675,hard_accels_per_100km,3.6,phone_use_per_100km,2.75,sharp_turns_per_100km,2.61
D511,17,-0.5348,speeding_per_100km,2.86,daily_steps,2.11,sharp_turns_per_100km,1.88
D511,20,-0.5366,hard_accels_per_100km,2.89,phone_use_per_100km,2.39,total_events_per_100km,1.85
D511,25,-0.5563,hard_accels_per_100km,2.41,daily_hours,2.22,hard_brakes_per_100km,2.21
D514,3,-0.5348,daily_km,2.85,daily_hours,2.29,sharp_turns_per_100km,1.68
D514,6,-0.5585,daily_lifting_events,2.63,daily_steps,1.89,daily_floors,1.65
D514,20,-0.5519,daily_km,2.7,daily_steps,1.65,night_driving_pct,1.57
D516,11,-0.5408,daily_km,3.13,daily_hours,2.8,daily_lifting_events,2.08
D518,8,-0.5622,daily_lifting_events,3.51,daily_floors,2.18,daily_steps,2.15
D518,14,-0.573,phone_use_per_100km,3.06,speeding_per_100km,2.63,hard_accels_per_100km,2.46
D518,15,-0.6263,hard_brakes_per_100km,4.71,hard_accels_per_100km,2.79,total_events_per_100km,2.72
D518,16,-0.5534,hard_accels_per_100km,2.98,speeding_per_100km,2.87,total_events_per_100km,2.55
D518,17,-0.5927,hard_accels_per_100km,3.11,hard_brakes_per_100km,3.07,speeding_per_100km,2.95
D518,18,-0.5902,sharp_turns_per_100km,5.71,hard_brakes_per_100km,4.22,total_events_per_100km,3.16
D520,1,-0.5438,sharp_turns_per_100km,2.87,hard_brakes_per_100km,2.13,total_events_per_100km,1.78
D520,8,-0.5572,hard_brakes_per_100km,3.04,daily_lifting_events,2.09,night_driving_pct,1.57
D520,15,-0.5347,speeding_per_100km,2.8,phone_use_per_100km,2.73,total_events_per_100km,1.61
D523,5,-0.5468,daily_km,2.84,daily_hours,2.46,phone_use_per_100km,2.05
D523,6,-0.5447,daily_hours,2.29,hard_brakes_per_100km,2.09,daily_km,2.02
D523,9,-0.5835,hard_accels_per_100km,3.56,hard_brakes_per_100km,3.14,total_events_per_100km,2.66
D523,10,-0.6232,speeding_per_100km,3.27,total_events_per_100km,2.78,hard_accels_per_100km,2.59
D523,11,-0.6296,hard_brakes_per_100km,3.66,speeding_per_100km,3.59,total_events_per_100km,3.33
D523,12,-0.6228,hard_brakes_per_100km,3.27,total_events_per_100km,3.26,speeding_per_100km,3.07
D523,13,-0.6495,hard_accels_per_100km,4.48,speeding_per_100km,4.44,total_events_per_100km,3.58
D523,14,-0.6384,sharp_turns_per_100km,5.32,hard_accels_per_100km,4.48,speeding_per_100km,4.25
D524,1,-0.6252,phone_use_per_100km,4.81,speeding_per_100km,3.14,fuel_per_100km,2.67
D524,4,-0.5504,speeding_per_100km,2.8,sharp_turns_per_100km,2.69,fuel_per_100km,2.0
D524,9,-0.574,hard_accels_per_100km,2.57,fuel_per_100km,2.32,daily_floors,2.28
D524,12,-0.5518,hard_accels_per_100km,4.63,total_events_per_100km,2.52,speeding_per_100km,2.41
D524,13,-0.588,daily_floors,3.12,daily_steps,2.82,daily_lifting_events,2.09
D524,19,-0.5398,daily_floors,2.77,sharp_turns_per_100km,2.6,hard_brakes_per_100km,1.86
D524,25,-0.5379,hard_brakes_per_100km,2.6,hard_accels_per_100km,1.98,sharp_turns_per_100km,1.9
D525,2,-0.562,hard_accels_per_100km,2.79,fuel_per_100km,1.99,phone_use_per_100km,1.89
D525,4,-0.5346,sharp_turns_per_100km,2.56,hard_accels_per_100km,1.92,speeding_per_100km,1.86
D525,8,-0.6145,phone_use_per_100km,3.98,daily_floors,2.71,fuel_per_100km,2.58
D525,13,-0.5534,sharp_turns_per_100km,2.59,hard_accels_per_100km,2.46,total_events_per_100km,2.18
D525,15,-0.5427,hard_accels_per_100km,3.06,sharp_turns_per_100km,2.16,hard_brakes_per_100km,1.78
D525,16,-0.5718,hard_accels_per_100km,3.41,total_events_per_100km,2.4,phone_use_per_100km,2.31
D525,17,-0.5736,hard_accels_per_100km,2.9,phone_use_per_100km,2.73,hard_brakes_per_100km,2.67
D525,18,-0.6215,phone_use_per_100km,4.11,hard_accels_per_100km,3.77,total_events_per_100km,3.4
D525,19,-0.6453,sharp_turns_per_100km,4.44,total_events_per_100km,3.18,hard_brakes_per_100km,3.11
D525,20,-0.5743,hard_brakes_per_100km,3.75,hard_accels_per_100km,2.61,total_events_per_100km,2.59
D527,2,-0.5388,daily_floors,3.51,daily_steps,2.46,daily_lifting_events,1.86
D528,23,-0.5557,idle_time_pct,1.9,fuel_per_100km,1.84,phone_use_per_100km,1.81
D529,17,-0.5408,daily_lifting_events,2.88,speeding_per_100km,2.31,hard_brakes_per_100km,2.06
D536,10,-0.5505,hard_brakes_per_100km,2.9,speeding_per_100km,1.95,hard_accels_per_100km,1.92
D536,13,-0.5347,phone_use_per_100km,3.66,speeding_per_100km,2.32,hard_brakes_per_100km,2.11
D536,20,-0.551,hard_accels_per_100km,3.19,speeding_per_100km,2.48,total_events_per_100km,1.88
D538,14,-0.5696,hard_accels_per_100km,3.15,sharp_turns_per_100km,2.62,hard_brakes_per_100km,2.62
D538,15,-0.581,phone_use_per_100km,3.33,total_events_per_100km,2.66,hard_accels_per_100km,2.61
D538,16,-0.6191,sharp_turns_per_100km,3.59,speeding_per_100km,3.46,total_events_per_100km,3.19
D538,17,-0.6417,sharp_turns_per_100km,5.33,speeding_per_100km,3.54,phone_use_per_100km,3.22
D541,25,-0.5775,daily_steps,3.22,daily_hours,2.8,daily_floors,2.71
D542,6,-0.5759,phone_use_per_100km,3.04,hard_accels_per_100km,2.93,total_events_per_100km,2.4
D550,12,-0.5413,daily_hours,2.8,daily_km,2.52,fuel_per_100km,1.94
D551,15,-0.6142,hard_accels_per_100km,4.22,sharp_turns_per_100km,3.98,total_events_per_100km,2.4
D551,16,-0.6088,hard_accels_per_100km,5.7,sharp_turns_per_100km,3.8,total_events_per_100km,3.75
D551,17,-0.5807,phone_use_per_100km,2.73,hard_brakes_per_100km,2.67,total_events_per_100km,2.33
D551,18,-0.5639,sharp_turns_per_100km,2.93,hard_accels_per_100km,2.84,total_events_per_100km,2.51
D551,19,-0.6271,hard_brakes_per_100km,6.85,sharp_turns_per_100km,5.76,total_events_per_100km,4.53
D551,20,-0.6258,sharp_turns_per_100km,4.24,fuel_per_100km,2.77,total_events_per_100km,2.48
D552,13,-0.5515,daily_steps,3.93,daily_floors,3.36,daily_hours,1.63
D557,7,-0.5761,daily_hours,3.46,daily_km,2.61,daily_lifting_events,2.09
D557,11,-0.5446,phone_use_per_100km,3.38,daily_hours,1.88,daily_steps,1.88
D557,12,-0.5421,daily_km,2.85,phone_use_per_100km,2.2,daily_hours,1.96
D559,6,-0.5443,daily_steps,2.98,daily_floors,2.68,fuel_per_100km,2.4
D559,25,-0.5583,idle_time_pct,4.98,fuel_per_100km,4.64,daily_steps,1.98
D562,5,-0.5535,daily_km,2.77,hard_brakes_per_100km,1.91,daily_hours,1.79
D562,10,-0.5685,hard_brakes_per_100km,3.34,speeding_per_100km,2.24,total_events_per_100km,2.12
D562,13,-0.5426,hard_accels_per_100km,2.8,total_events_per_100km,2.04,speeding_per_100km,1.85
D562,14,-0.6096,hard_accels_per_100km,3.59,hard_brakes_per_100km,3.43,speeding_per_100km,3.19
D562,15,-0.6376,hard_brakes_per_100km,3.28,hard_accels_per_100km,2.95,total_events_per_100km,2.9
D562,16,-0.6195,sharp_turns_per_100km,3.27,hard_brakes_per_100km,2.95,total_events_per_100km,2.94
D562,17,-0.6399,phone_use_per_100km,4.06,hard_brakes_per_100km,3.63,hard_accels_per_100km,3.5
D562,18,-0.6339,sharp_turns_per_100km,4.88,speeding_per_100km,3.88,hard_brakes_per_100km,3.77
D569,1,-0.5717,daily_hours,3.05,daily_lifting_events,2.24,daily_km,1.91
D569,11,-0.6359,sharp_turns_per_100km,4.48,speeding_per_100km,2.94,idle_time_pct,2.91
D570,2,-0.5522,idle_time_pct,3.5,fuel_per_100km,2.82,daily_floors,1.99
D570,8,-0.5739,idle_time_pct,3.63,fuel_per_100km,3.57,daily_hours,2.55
D575,5,-0.5438,hard_brakes_per_100km,2.31,daily_hours,2.05,speeding_per_100km,2.05
D575,7,-0.5618,speeding_per_100km,2.96,sharp_turns_per_100km,2.89,total_events_per_100km,2.36
D575,8,-0.635,hard_brakes_per_100km,3.71,total_events_per_100km,2.98,speeding_per_100km,2.67
D575,9,-0.5788,speeding_per_100km,3.89,phone_use_per_100km,3.22,total_events_per_100km,2.66
D575,10,-0.6639,hard_brakes_per_100km,4.39,speeding_per_100km,4.15,total_events_per_100km,3.78
D575,11,-0.639,phone_use_per_100km,4.37,total_events_per_100km,3.37,hard_accels_per_100km,3.13
D577,2,-0.5407,speeding_per_100km,2.38,hard_brakes_per_100km,2.28,daily_steps,1.96
D577,5,-0.5815,hard_accels_per_100km,3.03,hard_brakes_per_100km,2.87,daily_lifting_events,2.33
D577,10,-0.5453,sharp_turns_per_100km,2.85,speeding_per_100km,2.57,hard_accels_per_100km,2.15
D577,11,-0.5743,daily_lifting_events,3.27,daily_floors,2.66,daily_steps,2.63
D577,17,-0.5492,sharp_turns_per_100km,3.03,hard_accels_per_100km,2.95,total_events_per_100km,2.26
D577,20,-0.5589,hard_brakes_per_100km,2.67,speeding_per_100km,2.54,daily_steps,2.33
D578,20,-0.5415,idle_time_pct,2.99,fuel_per_100km,2.28,speeding_per_100km,2.05
D580,18,-0.5373,daily_km,3.08,daily_hours,2.63,hard_accels_per_100km,1.29
D580,21,-0.535,daily_km,2.51,hard_accels_per_100km,1.8,phone_use_per_100km,1.73
D584,12,-0.5363,phone_use_per_100km,2.57,idle_time_pct,2.18,daily_lifting_events,2.0
D584,15,-0.5349,idle_time_pct,4.49,fuel_per_100km,3.17,daily_km,1.5
D584,23,-0.5394,idle_time_pct,3.07,phone_use_per_100km,2.47,fuel_per_100km,2.18
D584,26,-0.5729,idle_time_pct,2.73,daily_floors,2.69,daily_lifting_events,2.41
D589,1,-0.5868,hard_brakes_per_100km,3.09,speeding_per_100km,2.71,daily_lifting_events,2.56
D589,3,-0.578,hard_brakes_per_100km,3.21,sharp_turns_per_100km,2.74,speeding_per_100km,2.37
D589,5,-0.5346,hard_accels_per_100km,2.22,phone_use_per_100km,2.13,speeding_per_100km,2.03
D589,18,-0.5354,speeding_per_100km,3.53,daily_floors,2.45,hard_brakes_per_100km,1.93
D589,23,-0.5476,phone_use_per_100km,2.73,speeding_per_100km,2.1,daily_floors,1.77
D589,25,-0.5606,hard_brakes_per_100km,2.48,daily_hours,2.39,sharp_turns_per_100km,2.38
D590,7,-0.5416,sharp_turns_per_100km,2.39,speeding_per_100km,1.77,daily_steps,1.61
D590,17,-0.5483,hard_accels_per_100km,2.76,sharp_turns_per_100km,2.44,total_events_per_100km,1.93
D590,18,-0.5966,sharp_turns_per_100km,3.19,hard_accels_per_100km,2.99,hard_brakes_per_100km,2.82
D590,19,-0.6276,hard_accels_per_100km,3.9,phone_use_per_100km,3.22,total_events_per_100km,3.11
D590,20,-0.6302,sharp_turns_per_100km,3.73,hard_accels_per_100km,3.14,phone_use_per_100km,3.09
D590,21,-0.6414,sharp_turns_per_100km,4.97,speeding_per_100km,4.03,total_events_per_100km,3.5
D594,20,-0.5366,speeding_per_100km,2.46,daily_hours,2.22,hard_brakes_per_100km,1.8
D596,8,-0.5389,phone_use_per_100km,3.33,hard_brakes_per_100km,1.78,total_events_per_100km,1.71
D596,14,-0.5566,phone_use_per_100km,7.45,daily_hours,2.22,daily_km,2.03
D599,23,-0.5519,daily_hours,2.89,daily_steps,1.75,daily_km,1.72
D602,20,-0.5642,daily_floors,3.4,daily_lifting_events,2.88,daily_steps,2.66
D604,14,-0.544,idle_time_pct,2.92,hard_brakes_per_100km,2.25,total_events_per_100km,2.02
D604,16,-0.5558,phone_use_per_100km,3.46,speeding_per_100km,2.37,total_events_per_100km,2.29
D604,17,-0.569,total_events_per_100km,3.3,speeding_per_100km,2.82,hard_brakes_per_100km,2.41
D608,11,-0.5382,daily_km,3.38,daily_hours,3.3,night_driving_pct,1.57
D608,25,-0.5573,daily_km,2.53,daily_hours,2.29,total_events_per_100km,1.76
D609,17,-0.5945,fuel_per_100km,3.23,idle_time_pct,3.17,hard_brakes_per_100km,2.16
D609,21,-0.5346,idle_time_pct,3.82,fuel_per_100km,3.46,daily_floors,2.07
D609,26,-0.5349,idle_time_pct,2.8,phone_use_per_100km,2.18,fuel_per_100km,1.85
D610,1,-0.5359,daily_hours,2.46,daily_km,2.19,night_driving_pct,1.57
D610,18,-0.565,daily_km,2.74,daily_hours,2.46,hard_accels_per_100km,2.03
D611,15,-0.5537,idle_time_pct,3.31,daily_hours,2.05,speeding_per_100km,1.63
D616,1,-0.5393,hard_accels_per_100km,2.61,daily_lifting_events,2.49,total_events_per_100km,1.51
D619,17,-0.5664,hard_accels_per_100km,3.92,hard_brakes_per_100km,2.56,total_events_per_100km,2.55
D619,18,-0.5659,hard_accels_per_100km,3.79,phone_use_per_100km,2.7,total_events_per_100km,2.68
D619,19,-0.5525,hard_accels_per_100km,3.4,hard_brakes_per_100km,2.52,total_events_per_100km,2.45
D619,20,-0.6217,hard_accels_per_100km,3.47,sharp_turns_per_100km,3.19,total_events_per_100km,3.17
D619,21,-0.602,hard_accels_per_100km,3.51,total_events_per_100km,3.35,hard_brakes_per_100km,2.95
D623,9,-0.5396,daily_lifting_events,2.49,daily_hours,2.29,night_driving_pct,1.53
D624,2,-0.583,daily_lifting_events,4.45,daily_steps,2.74,idle_time_pct,2.47
D626,4,-0.5426,speeding_per_100km,2.27,phone_use_per_100km,1.79,daily_km,1.67
D626,9,-0.5625,daily_hours,2.46,sharp_turns_per_100km,1.98,daily_km,1.94
D626,10,-0.5499,hard_accels_per_100km,2.4,phone_use_per_100km,2.05,hard_brakes_per_100km,1.92
D626,11,-0.5357,speeding_per_100km,2.23,hard_accels_per_100km,2.06,total_events_per_100km,1.95
D626,14,-0.5363,speeding_per_100km,2.34,daily_hours,2.29,daily_km,2.02
D626,18,-0.5559,daily_km,2.45,speeding_per_100km,2.33,daily_hours,1.96
D626,19,-0.5512,hard_accels_per_100km,2.07,daily_lifting_events,2.0,sharp_turns_per_100km,1.91
D626,20,-0.5732,hard_accels_per_100km,2.78,phone_use_per_100km,2.52,sharp_turns_per_100km,2.46
D626,21,-0.5803,speeding_per_100km,2.97,phone_use_per_100km,2.39,total_events_per_100km,2.36
D626,22,-0.6154,hard_brakes_per_100km,3.16,speeding_per_100km,2.72,total_events_per_100km,2.68
D626,23,-0.6389,hard_brakes_per_100km,3.44,speeding_per_100km,2.98,total_events_per_100km,2.86
D626,24,-0.6555,speeding_per_100km,4.26,total_events_per_100km,3.62,hard_brakes_per_100km,3.3
D626,25,-0.6831,hard_brakes_per_100km,5.48,hard_accels_per_100km,4.59,total_events_per_100km,4.55
D629,13,-0.5496,daily_steps,3.4,daily_floors,2.77,daily_lifting_events,1.93
D629,16,-0.538,idle_time_pct,2.74,phone_use_per_100km,2.05,daily_floors,1.8
D630,8,-0.5385,phone_use_per_100km,2.93,hard_brakes_per_100km,2.23,total_events_per_100km,1.96
D630,10,-0.5661,hard_brakes_per_100km,3.89,hard_accels_per_100km,2.38,total_events_per_100km,2.34
D630,11,-0.6176,phone_use_per_100km,3.74,speeding_per_100km,3.09,total_events_per_100km,3.07
D630,12,-0.5613,hard_brakes_per_100km,3.22,speeding_per_100km,2.64,total_events_per_100km,2.57
D630,13,-0.6565,total_events_per_100km,4.17,hard_accels_per_100km,4.0,hard_brakes_per_100km,3.92
D630,14,-0.6455,hard_brakes_per_100km,4.78,total_events_per_100km,4.17,hard_accels_per_100km,4.13
D631,20,-0.54,daily_lifting_events,2.88,daily_steps,2.57,daily_floors,2.34
D635,6,-0.5382,daily_floors,2.28,hard_accels_per_100km,2.07,fuel_per_100km,2.04
D635,8,-0.5401,daily_floors,2.5,sharp_turns_per_100km,2.28,fuel_per_100km,2.03
D635,12,-0.5501,daily_floors,2.61,hard_accels_per_100km,2.53,daily_lifting_events,1.93
D636,8,-0.5603,daily_lifting_events,2.72,daily_floors,2.45,phone_use_per_100km,2.33
D636,10,-0.5872,fuel_per_100km,2.91,idle_time_pct,2.64,sharp_turns_per_100km,2.11
D638,17,-0.5756,idle_time_pct,3.52,total_events_per_100km,3.07,phone_use_per_100km,2.91
D642,3,-0.5737,idle_time_pct,4.14,fuel_per_100km,3.82,daily_floors,2.74
D642,5,-0.537,idle_time_pct,3.33,fuel_per_100km,3.14,phone_use_per_100km,2.1
D642,10,-0.576,idle_time_pct,4.76,fuel_per_100km,3.0,phone_use_per_100km,2.52
D642,20,-0.5682,idle_time_pct,4.96,phone_use_per_100km,2.65,fuel_per_100km,2.59
D642,22,-0.5608,sharp_turns_per_100km,3.15,hard_brakes_per_100km,2.89,total_events_per_100km,2.86
D642,23,-0.6113,daily_steps,3.21,sharp_turns_per_100km,2.85,daily_floors,2.8
D647,2,-0.5445,idle_time_pct,3.0,fuel_per_100km,2.79,daily_floors,1.61
D647,6,-0.562,fuel_per_100km,2.74,phone_use_per_100km,2.2,idle_time_pct,2.16
D647,9,-0.5663,idle_time_pct,2.49,sharp_turns_per_100km,2.31,fuel_per_100km,2.05
D647,11,-0.5755,idle_time_pct,2.56,sharp_turns_per_100km,2.52,daily_floors,2.37
D647,16,-0.5589,idle_time_pct,3.03,fuel_per_100km,2.56,daily_hours,2.22
D647,20,-0.5525,daily_steps,2.29,daily_lifting_events,2.25,daily_hours,2.13
D647,22,-0.5917,idle_time_pct,6.8,fuel_per_100km,5.11,daily_hours,2.55
D647,24,-0.544,daily_steps,2.14,daily_floors,1.88,phone_use_per_100km,1.87
D647,26,-0.5349,idle_time_pct,3.48,fuel_per_100km,1.91,night_driving_pct,1.57
D650,25,-0.5379,speeding_per_100km,2.12,daily_lifting_events,2.08,hard_accels_per_100km,1.96
D651,11,-0.5368,daily_km,3.19,daily_hours,2.96,hard_accels_per_100km,1.49
D653,5,-0.5496,idle_time_pct,2.26,daily_lifting_events,2.08,fuel_per_100km,2.06
D653,11,-0.5636,phone_use_per_100km,3.46,idle_time_pct,3.41,total_events_per_100km,2.19
D653,13,-0.5505,total_events_per_100km,2.76,sharp_turns_per_100km,2.55,idle_time_pct,2.21
D653,14,-0.5676,speeding_per_100km,4.26,total_events_per_100km,3.07,idle_time_pct,2.96
D667,1,-0.547,fuel_per_100km,2.82,speeding_per_100km,2.26,sharp_turns_per_100km,2.11
D667,12,-0.5871,hard_brakes_per_100km,2.93,phone_use_per_100km,2.41,daily_steps,2.28
D667,16,-0.5367,hard_brakes_per_100km,2.57,daily_steps,2.27,fuel_per_100km,1.79
D667,20,-0.5634,speeding_per_100km,3.02,daily_floors,2.93,phone_use_per_100km,2.41
D667,26,-0.545,speeding_per_100km,2.43,daily_steps,2.23,daily_floors,2.05
D670,2,-0.5736,phone_use_per_100km,3.64,daily_floors,2.55,daily_steps,2.12
D670,5,-0.5397,sharp_turns_per_100km,2.65,hard_accels_per_100km,2.4,daily_steps,2.23
D670,15,-0.5436,hard_accels_per_100km,2.46,sharp_turns_per_100km,2.23,daily_hours,2.22
D673,16,-0.5716,sharp_turns_per_100km,2.98,idle_time_pct,2.71,daily_km,2.18
D674,9,-0.5352,speeding_per_100km,2.9,sharp_turns_per_100km,2.36,total_events_per_100km,1.84
D674,19,-0.5623,hard_brakes_per_100km,2.79,hard_accels_per_100km,2.6,total_events_per_100km,2.54
D676,9,-0.5429,idle_time_pct,3.03,fuel_per_100km,2.77,daily_steps,2.28
D676,11,-0.5415,idle_time_pct,3.99,fuel_per_100km,2.56,phone_use_per_100km,2.33
D676,14,-0.5728,idle_time_pct,3.97,daily_floors,2.82,fuel_per_100km,2.72
D676,17,-0.5712,idle_time_pct,3.52,daily_hours,2.89,fuel_per_100km,2.15
D676,22,-0.557,idle_time_pct,5.25,fuel_per_100km,3.17,sharp_turns_per_100km,2.04
D677,12,-0.5725,sharp_turns_per_100km,2.77,hard_accels_per_100km,2.53,daily_lifting_events,1.7
D677,17,-0.5354,daily_km,2.04,hard_brakes_per_100km,1.88,daily_hours,1.79
D677,18,-0.5566,daily_km,2.33,hard_accels_per_100km,1.62,night_driving_pct,1.57
D678,9,-0.5485,daily_lifting_events,2.88,hard_accels_per_100km,2.5,daily_hours,1.96
D680,3,-0.5537,daily_hours,3.8,daily_km,3.33,phone_use_per_100km,1.55
D680,25,-0.5501,daily_km,3.25,daily_hours,2.96,phone_use_per_100km,2.0
D683,20,-0.5645,daily_floors,3.04,daily_steps,2.89,fuel_per_100km,2.7
D686,19,-0.5392,daily_hours,3.3,daily_km,2.84,speeding_per_100km,1.37
D689,15,-0.5454,daily_km,2.35,daily_hours,2.29,hard_brakes_per_100km,1.89
D694,17,-0.5395,idle_time_pct,3.4,sharp_turns_per_100km,1.77,daily_steps,1.7
D696,2,-0.6274,hard_brakes_per_100km,3.04,sharp_turns_per_100km,3.01,daily_hours,2.39
D696,3,-0.5379,speeding_per_100km,3.69,daily_km,1.79,total_events_per_100km,1.72
D696,4,-0.5378,phone_use_per_100km,3.27,speeding_per_100km,2.88,hard_accels_per_100km,1.7
D696,6,-0.5747,daily_km,2.66,hard_brakes_per_100km,2.57,daily_hours,2.46
D696,7,-0.5502,daily_km,2.84,sharp_turns_per_100km,1.89,speeding_per_100km,1.8
D696,23,-0.5366,daily_km,2.46,daily_hours,2.13,hard_accels_per_100km,1.83
D700,2,-0.5468,daily_steps,2.86,speeding_per_100km,2.37,daily_floors,2.04
D700,5,-0.5652,speeding_per_100km,3.65,daily_hours,2.22,phone_use_per_100km,2.05
D700,14,-0.5687,daily_floors,2.3,hard_brakes_per_100km,2.26,sharp_turns_per_100km,2.25
D700,16,-0.5783,daily_lifting_events,2.88,sharp_turns_per_100km,2.62,hard_brakes_per_100km,2.56
D700,19,-0.5437,speeding_per_100km,2.51,total_events_per_100km,1.81,daily_floors,1.78
D700,20,-0.547,speeding_per_100km,2.87,hard_brakes_per_100km,2.81,total_events_per_100km,1.82
D700,21,-0.5554,daily_hours,2.55,speeding_per_100km,1.99,fuel_per_100km,1.87
D700,23,-0.5795,phone_use_per_100km,4.11,hard_brakes_per_100km,2.38,daily_steps,1.82
D701,2,-0.5472,hard_accels_per_100km,2.43,daily_km,2.25,daily_hours,1.79
D705,1,-0.5377,phone_use_per_100km,2.8,speeding_per_100km,2.12,hard_accels_per_100km,2.08
D705,5,-0.6053,hard_accels_per_100km,3.1,hard_brakes_per_100km,2.87,daily_floors,2.39
D705,13,-0.5493,sharp_turns_per_100km,2.48,speeding_per_100km,2.09,hard_brakes_per_100km,1.94
D705,15,-0.6484,phone_use_per_100km,4.42,hard_brakes_per_100km,3.52,speeding_per_100km,3.1
D705,16,-0.6194,speeding_per_100km,3.82,total_events_per_100km,3.41,hard_accels_per_100km,3.33
D705,17,-0.6548,hard_accels_per_100km,4.05,sharp_turns_per_100km,3.92,total_events_per_100km,3.79
D705,18,-0.6125,hard_accels_per_100km,3.65,total_events_per_100km,3.37,sharp_turns_per_100km,3.27
D705,19,-0.628,phone_use_per_100km,4.68,sharp_turns_per_100km,3.89,total_events_per_100km,2.6
D707,12,-0.5347,idle_time_pct,3.21,daily_lifting_events,2.8,fuel_per_100km,2.25
D707,16,-0.5571,idle_time_pct,4.84,fuel_per_100km,4.21,daily_steps,1.91
D707,18,-0.535,fuel_per_100km,2.31,daily_hours,2.05,daily_km,1.88
D707,25,-0.5556,idle_time_pct,3.68,daily_hours,2.05,hard_brakes_per_100km,1.89
D708,4,-0.5388,sharp_turns_per_100km,2.14,daily_hours,2.05,hard_brakes_per_100km,1.95
D708,7,-0.5492,speeding_per_100km,2.5,hard_accels_per_100km,2.06,daily_hours,1.88
D708,9,-0.5461,phone_use_per_100km,2.86,hard_brakes_per_100km,2.71,total_events_per_100km,1.57
D708,10,-0.5524,hard_accels_per_100km,2.66,daily_floors,2.11,phone_use_per_100km,2.07
D708,13,-0.5903,daily_floors,2.53,daily_hours,2.29,daily_steps,2.28
D708,15,-0.586,hard_brakes_per_100km,3.21,speeding_per_100km,2.06,phone_use_per_100km,1.81
D708,19,-0.5357,sharp_turns_per_100km,2.26,speeding_per_100km,1.87,daily_floors,1.83
D708,22,-0.5385,hard_brakes_per_100km,2.39,speeding_per_100km,2.18,sharp_turns_per_100km,1.83
D708,25,-0.5548,phone_use_per_100km,2.6,speeding_per_100km,2.59,sharp_turns_per_100km,2.11
D715,6,-0.5676,speeding_per_100km,3.54,hard_brakes_per_100km,3.34,total_events_per_100km,2.45
D715,8,-0.5735,hard_brakes_per_100km,3.34,speeding_per_100km,2.63,total_events_per_100km,2.63
D715,9,-0.6324,phone_use_per_100km,5.59,speeding_per_100km,3.99,hard_brakes_per_100km,3.61
D715,10,-0.5615,speeding_per_100km,3.42,hard_brakes_per_100km,2.75,total_events_per_100km,2.67
D715,11,-0.6491,hard_brakes_per_100km,4.72,total_events_per_100km,3.91,phone_use_per_100km,3.8
D715,12,-0.6627,phone_use_per_100km,6.48,hard_brakes_per_100km,5.07,total_events_per_100km,3.51
D716,8,-0.5508,daily_floors,3.47,daily_steps,2.73,idle_time_pct,1.59
D716,17,-0.5711,daily_floors,2.55,daily_steps,2.01,daily_hours,1.88
D717,18,-0.5385,daily_lifting_events,2.0,daily_steps,1.93,phone_use_per_100km,1.6
D717,23,-0.5508,idle_time_pct,3.61,hard_brakes_per_100km,1.83,sharp_turns_per_100km,1.42
D721,16,-0.5493,idle_time_pct,2.71,fuel_per_100km,1.97,daily_lifting_events,1.93
D721,26,-0.5422,idle_time_pct,3.1,phone_use_per_100km,2.41,fuel_per_100km,1.78
D727,4,-0.552,phone_use_per_100km,3.43,hard_accels_per_100km,3.25,daily_lifting_events,1.84
D728,3,-0.5745,phone_use_per_100km,2.88,hard_brakes_per_100km,2.22,daily_hours,2.05
D728,4,-0.54,hard_brakes_per_100km,2.39,daily_lifting_events,2.08,speeding_per_100km,1.75
D729,19,-0.576,daily_floors,2.66,daily_steps,2.59,daily_lifting_events,2.17
D729,20,-0.5879,idle_time_pct,3.63,fuel_per_100km,3.08,phone_use_per_100km,2.36
D729,23,-0.5729,idle_time_pct,3.5,fuel_per_100km,2.89,daily_steps,1.79
D730,7,-0.5432,sharp_turns_per_100km,2.96,hard_brakes_per_100km,2.58,total_events_per_100km,1.74
D730,9,-0.5561,daily_lifting_events,4.45,speeding_per_100km,2.9,phone_use_per_100km,2.62
D730,15,-0.5903,hard_brakes_per_100km,3.76,total_events_per_100km,2.5,sharp_turns_per_100km,2.34
D731,12,-0.5355,hard_accels_per_100km,3.1,total_events_per_100km,2.31,sharp_turns_per_100km,2.31
D731,13,-0.5376,phone_use_per_100km,2.78,hard_accels_per_100km,2.71,sharp_turns_per_100km,2.24
D731,14,-0.5915,phone_use_per_100km,3.98,sharp_turns_per_100km,2.93,total_events_per_100km,2.89
D731,15,-0.571,phone_use_per_100km,4.16,hard_accels_per_100km,2.89,total_events_per_100km,2.37
D731,16,-0.5878,hard_accels_per_100km,3.27,total_events_per_100km,2.8,hard_brakes_per_100km,2.73
D731,17,-0.562,hard_accels_per_100km,2.92,phone_use_per_100km,2.65,total_events_per_100km,2.57
D731,18,-0.6354,hard_accels_per_100km,6.33,total_events_per_100km,3.74,sharp_turns_per_100km,3.62
D735,26,-0.5404,sharp_turns_per_100km,2.62,daily_hours,2.05,speeding_per_100km,1.58
D736,3,-0.5636,sharp_turns_per_100km,3.02,speeding_per_100km,2.93,phone_use_per_100km,2.1
D736,5,-0.544,fuel_per_100km,2.27,speeding_per_100km,2.26,total_events_per_100km,1.83
D736,6,-0.5866,daily_lifting_events,4.45,daily_floors,2.82,daily_steps,2.65
D736,9,-0.558,phone_use_per_100km,3.64,speeding_per_100km,2.81,hard_accels_per_100km,1.9
D736,14,-0.5514,speeding_per_100km,2.96,sharp_turns_per_100km,1.97,hard_accels_per_100km,1.88
D741,8,-0.5529,idle_time_pct,3.47,fuel_per_100km,2.58,daily_lifting_events,2.09
D741,23,-0.6067,idle_time_pct,5.15,fuel_per_100km,3.71,daily_steps,2.69
D741,24,-0.5853,idle_time_pct,2.71,phone_use_per_100km,2.67,daily_lifting_events,2.64
D744,20,-0.5353,daily_hours,2.22,daily_km,1.94,daily_floors,1.64
D747,5,-0.5433,phone_use_per_100km,3.14,fuel_per_100km,2.71,sharp_turns_per_100km,1.96
D747,26,-0.56,sharp_turns_per_100km,2.95,phone_use_per_100km,2.83,daily_steps,1.87
D751,3,-0.5469,hard_brakes_per_100km,1.98,hard_accels_per_100km,1.84,sharp_turns_per_100km,1.83
D751,6,-0.5356,speeding_per_100km,2.47,daily_km,1.99,hard_brakes_per_100km,1.82
D751,12,-0.5426,hard_accels_per_100km,2.46,phone_use_per_100km,2.23,hard_brakes_per_100km,2.1
D751,17,-0.5419,hard_accels_per_100km,2.45,speeding_per_100km,2.06,total_events_per_100km,1.6
D751,18,-0.5454,speeding_per_100km,2.65,total_events_per_100km,2.05,hard_brakes_per_100km,1.91
D756,9,-0.5453,daily_floors,3.29,daily_steps,2.84,daily_lifting_events,2.09
D756,25,-0.5679,daily_floors,4.66,daily_steps,3.07,daily_lifting_events,2.88
D761,11,-0.5764,hard_accels_per_100km,3.29,phone_use_per_100km,2.23,total_events_per_100km,2.06
D761,13,-0.6556,phone_use_per_100km,4.42,hard_brakes_per_100km,3.48,sharp_turns_per_100km,2.94
D761,14,-0.5786,hard_accels_per_100km,4.15,sharp_turns_per_100km,2.83,total_events_per_100km,2.76
D761,15,-0.6068,hard_accels_per_100km,3.55,sharp_turns_per_100km,2.99,total_events_per_100km,2.99
D761,16,-0.6114,hard_brakes_per_100km,3.86,hard_accels_per_100km,3.09,total_events_per_100km,3.0
D762,6,-0.537,sharp_turns_per_100km,2.55,total_events_per_100km,2.14,hard_accels_per_100km,2.07
D762,14,-0.5398,daily_floors,2.63,daily_lifting_events,2.09,sharp_turns_per_100km,2.08
D762,16,-0.5586,phone_use_per_100km,4.0,speeding_per_100km,2.56,daily_lifting_events,1.84
D762,24,-0.5496,speeding_per_100km,2.86,hard_accels_per_100km,2.08,total_events_per_100km,1.8
D762,25,-0.5432,hard_accels_per_100km,2.45,phone_use_per_100km,2.05,sharp_turns_per_100km,2.01
D763,2,-0.5375,hard_accels_per_100km,2.35,hard_brakes_per_100km,2.22,fuel_per_100km,1.72
D763,6,-0.5352,speeding_per_100km,2.23,hard_accels_per_100km,1.81,daily_lifting_events,1.7
D763,24,-0.5543,speeding_per_100km,4.09,hard_brakes_per_100km,2.28,total_events_per_100km,1.78
D765,19,-0.5354,daily_km,2.7,daily_hours,1.96,daily_steps,1.56
D771,9,-0.5349,idle_time_pct,2.96,fuel_per_100km,2.63,daily_steps,1.76
D771,15,-0.5533,idle_time_pct,3.81,fuel_per_100km,2.83,daily_lifting_events,2.25
D774,10,-0.5555,daily_hours,2.63,daily_km,2.47,hard_brakes_per_100km,1.97
D774,19,-0.5357,daily_lifting_events,2.24,hard_brakes_per_100km,1.97,daily_steps,1.58
D774,26,-0.5752,speeding_per_100km,3.22,hard_brakes_per_100km,2.81,daily_lifting_events,2.24
D775,6,-0.6142,phone_use_per_100km,5.46,daily_lifting_events,4.85,daily_floors,2.98
D775,8,-0.5682,daily_floors,3.01,fuel_per_100km,2.28,sharp_turns_per_100km,1.9
D775,14,-0.5437,phone_use_per_100km,2.83,hard_accels_per_100km,2.15,total_events_per_100km,1.62
D776,5,-0.5733,daily_lifting_events,4.45,daily_floors,3.85,daily_steps,3.04
D776,20,-0.5699,daily_steps,4.56,daily_floors,4.22,daily_lifting_events,3.67
D777,23,-0.5366,daily_hours,2.46,daily_km,2.38,night_driving_pct,1.57
D778,19,-0.5423,speeding_per_100km,2.41,sharp_turns_per_100km,2.26,daily_hours,2.13
D778,24,-0.5501,daily_lifting_events,2.88,speeding_per_100km,2.83,sharp_turns_per_100km,2.07
D780,16,-0.5573,idle_time_pct,4.29,fuel_per_100km,2.67,daily_hours,2.55
D785,13,-0.5368,daily_lifting_events,3.04,daily_floors,2.52,daily_steps,2.3
D789,21,-0.5602,hard_accels_per_100km,3.14,daily_lifting_events,2.63,daily_hours,2.55
D790,18,-0.5488,daily_lifting_events,2.24,phone_use_per_100km,2.18,daily_km,1.68
D792,23,-0.5444,daily_hours,5.97,daily_km,4.95,idle_time_pct,1.36
D797,15,-0.5717,idle_time_pct,4.8,fuel_per_100km,2.66,daily_lifting_events,2.25
D797,20,-0.6132,idle_time_pct,5.19,fuel_per_100km,3.84,daily_steps,2.83
D797,22,-0.5817,sharp_turns_per_100km,3.2,total_events_per_100km,2.63,speeding_per_100km,1.9
D797,25,-0.5635,speeding_per_100km,3.4,total_events_per_100km,3.11,phone_use_per_100km,2.75
D797,26,-0.5923,hard_brakes_per_100km,3.26,speeding_per_100km,3.02,total_events_per_100km,2.73
D798,12,-0.563,idle_time_pct,3.26,daily_hours,2.05,daily_lifting_events,2.0
D798,21,-0.5491,hard_brakes_per_100km,2.56,total_events_per_100km,2.17,daily_hours,1.88
D798,22,-0.5451,sharp_turns_per_100km,2.66,total_events_per_100km,1.85,phone_use_per_100km,1.84
D798,23,-0.642,sharp_turns_per_100km,4.22,total_events_per_100km,3.03,idle_time_pct,2.73
D803,15,-0.5595,daily_floors,2.82,daily_steps,2.64,daily_hours,2.29
D809,1,-0.5372,phone_use_per_100km,2.86,hard_brakes_per_100km,2.28,hard_accels_per_100km,2.03
D809,3,-0.5385,speeding_per_100km,2.89,hard_brakes_per_100km,2.48,total_events_per_100km,1.96
D809,10,-0.577,phone_use_per_100km,3.35,hard_accels_per_100km,2.26,speeding_per_100km,2.09
D809,18,-0.5355,daily_floors,2.5,daily_steps,1.97,sharp_turns_per_100km,1.87
D809,26,-0.5356,speeding_per_100km,2.49,hard_brakes_per_100km,2.04,total_events_per_100km,1.86
D813,10,-0.5619,daily_hours,2.55,hard_brakes_per_100km,2.35,sharp_turns_per_100km,2.23
D813,12,-0.537,phone_use_per_100km,2.57,daily_km,1.9,hard_brakes_per_100km,1.89
D813,25,-0.5433,hard_accels_per_100km,2.43,daily_km,2.03,speeding_per_100km,1.78
D814,14,-0.5449,fuel_per_100km,2.6,daily_floors,2.54,idle_time_pct,2.37
D815,1,-0.5522,daily_km,3.7,daily_hours,3.13,sharp_turns_per_100km,2.47
D815,6,-0.5454,daily_km,2.25,sharp_turns_per_100km,2.23,daily_lifting_events,1.84
D819,5,-0.6022,sharp_turns_per_100km,3.28,total_events_per_100km,3.08,hard_accels_per_100km,3.03
D819,6,-0.5938,speeding_per_100km,3.28,sharp_turns_per_100km,3.18,hard_accels_per_100km,2.93
D819,7,-0.5889,hard_accels_per_100km,3.43,total_events_per_100km,2.73,sharp_turns_per_100km,2.5
D819,8,-0.6482,speeding_per_100km,4.34,total_events_per_100km,3.87,phone_use_per_100km,3.74
D819,9,-0.6278,hard_brakes_per_100km,4.77,total_events_per_100km,3.62,hard_accels_per_100km,3.44
D819,10,-0.6008,hard_brakes_per_100km,6.98,speeding_per_100km,4.52,total_events_per_100km,4.08
D820,17,-0.5587,hard_accels_per_100km,2.81,daily_lifting_events,1.84,daily_hours,1.79
D821,4,-0.548,phone_use_per_100km,2.96,daily_hours,2.29,daily_km,2.12
D824,4,-0.5376,idle_time_pct,6.42,fuel_per_100km,2.94,daily_hours,2.22
D824,10,-0.5455,phone_use_per_100km,2.6,daily_lifting_events,2.09,daily_hours,1.63
D824,24,-0.5596,idle_time_pct,4.36,daily_lifting_events,2.88,fuel_per_100km,2.75
D825,9,-0.5418,idle_time_pct,2.5,phone_use_per_100km,2.33,daily_lifting_events,2.09
D826,4,-0.5662,phone_use_per_100km,3.33,sharp_turns_per_100km,2.83,total_events_per_100km,1.77
D826,22,-0.5465,daily_lifting_events,4.22,hard_brakes_per_100km,2.03,sharp_turns_per_100km,1.95
D826,23,-0.5558,daily_hours,2.55,sharp_turns_per_100km,1.91,daily_km,1.7
D833,11,-0.536,hard_brakes_per_100km,2.96,speeding_per_100km,2.6,total_events_per_100km,2.16
D833,13,-0.5913,sharp_turns_per_100km,3.99,speeding_per_100km,3.01,daily_hours,2.89
D837,2,-0.6086,daily_floors,5.2,daily_steps,4.31,daily_lifting_events,3.67
D838,18,-0.579,daily_hours,3.63,daily_km,3.33,phone_use_per_100km,2.73
D839,2,-0.5575,idle_time_pct,2.81,daily_floors,2.71,fuel_per_100km,2.61
D839,9,-0.542,idle_time_pct,4.43,phone_use_per_100km,2.6,fuel_per_100km,2.18
D839,18,-0.5451,idle_time_pct,4.19,daily_floors,2.36,fuel_per_100km,1.95
D850,1,-0.5747,daily_lifting_events,2.88,sharp_turns_per_100km,2.88,speeding_per_100km,2.23
D850,4,-0.5917,speeding_per_100km,3.55,phone_use_per_100km,3.22,sharp_turns_per_100km,2.03
D850,9,-0.5983,daily_steps,2.79,daily_floors,2.53,daily_lifting_events,2.49
D850,14,-0.5717,hard_brakes_per_100km,3.54,speeding_per_100km,2.18,total_events_per_100km,2.17
D850,15,-0.5491,hard_accels_per_100km,2.94,hard_brakes_per_100km,2.65,total_events_per_100km,1.93
D850,16,-0.6504,phone_use_per_100km,4.94,speeding_per_100km,4.01,sharp_turns_per_100km,3.33
D850,17,-0.6394,sharp_turns_per_100km,3.81,hard_brakes_per_100km,3.66,speeding_per_100km,3.35
D850,18,-0.6493,hard_accels_per_100km,4.06,hard_brakes_per_100km,3.7,phone_use_per_100km,3.56
D850,19,-0.6556,speeding_per_100km,4.48,hard_brakes_per_100km,3.85,total_events_per_100km,3.38
D854,10,-0.5386,sharp_turns_per_100km,2.46,hard_accels_per_100km,2.14,daily_floors,2.13
D854,13,-0.5426,phone_use_per_100km,3.01,daily_floors,2.26,daily_steps,2.23
D856,6,-0.5543,hard_accels_per_100km,2.68,speeding_per_100km,2.31,total_events_per_100km,1.95
D856,9,-0.5983,speeding_per_100km,3.03,hard_brakes_per_100km,2.91,total_events_per_100km,2.68
D856,10,-0.6238,hard_brakes_per_100km,3.23,speeding_per_100km,2.8,total_events_per_100km,2.74
D856,11,-0.6391,hard_brakes_per_100km,3.37,speeding_per_100km,3.31,total_events_per_100km,3.12
D856,12,-0.6521,hard_brakes_per_100km,4.1,sharp_turns_per_100km,3.5,speeding_per_100km,3.44
D857,16,-0.5379,daily_km,2.48,daily_lifting_events,2.08,daily_steps,1.56
D859,3,-0.5403,daily_floors,2.15,daily_steps,2.14,fuel_per_100km,2.05
D859,8,-0.5361,phone_use_per_100km,2.36,daily_floors,2.11,hard_accels_per_100km,2.04
D859,9,-0.5518,hard_accels_per_100km,2.92,daily_floors,2.82,daily_steps,2.37
D859,10,-0.568,daily_hours,2.22,fuel_per_100km,2.21,daily_floors,2.01
D859,13,-0.5819,speeding_per_100km,2.72,fuel_per_100km,2.63,hard_brakes_per_100km,2.59
D859,16,-0.5406,speeding_per_100km,2.68,hard_accels_per_100km,2.6,total_events_per_100km,2.24
D859,17,-0.5774,hard_accels_per_100km,2.96,phone_use_per_100km,2.8,hard_brakes_per_100km,2.44
D859,18,-0.5715,phone_use_per_100km,4.11,total_events_per_100km,2.38,hard_accels_per_100km,2.21
D859,19,-0.587,hard_brakes_per_100km,3.63,hard_accels_per_100km,3.24,total_events_per_100km,2.79
D859,20,-0.6492,hard_accels_per_100km,4.62,speeding_per_100km,4.27,total_events_per_100km,3.73
D859,21,-0.6185,sharp_turns_per_100km,4.29,speeding_per_100km,3.38,total_events_per_100km,3.22
D859,22,-0.6577,sharp_turns_per_100km,4.5,total_events_per_100km,4.2,hard_accels_per_100km,4.19
D864,17,-0.5449,idle_time_pct,3.33,daily_hours,2.22,speeding_per_100km,1.45
D864,20,-0.5695,phone_use_per_100km,3.93,sharp_turns_per_100km,2.91,total_events_per_100km,2.41
D864,22,-0.593,total_events_per_100km,3.15,sharp_turns_per_100km,3.09,speeding_per_100km,3.0
D865,2,-0.5404,speeding_per_100km,2.1,daily_km,2.06,hard_brakes_per_100km,1.76
D865,6,-0.5471,daily_km,2.92,daily_hours,2.63,hard_accels_per_100km,1.61
D867,3,-0.5509,daily_floors,3.11,fuel_per_100km,2.77,idle_time_pct,2.64
D867,19,-0.5414,idle_time_pct,3.69,daily_hours,2.05,fuel_per_100km,2.03
D869,22,-0.5421,daily_floors,3.28,daily_steps,2.67,daily_lifting_events,2.56
D876,2,-0.5528,hard_accels_per_100km,4.28,sharp_turns_per_100km,2.64,phone_use_per_100km,2.31
D876,3,-0.5437,hard_accels_per_100km,2.64,daily_floors,2.35,fuel_per_100km,2.3
D876,4,-0.5352,daily_steps,2.13,phone_use_per_100km,2.02,daily_floors,1.83
D876,11,-0.5497,daily_floors,2.63,hard_accels_per_100km,2.46,fuel_per_100km,2.34
D876,12,-0.5643,phone_use_per_100km,3.66,hard_accels_per_100km,2.57,sharp_turns_per_100km,1.87
D876,15,-0.5621,phone_use_per_100km,2.96,hard_brakes_per_100km,2.29,hard_accels_per_100km,2.18
D876,16,-0.546,sharp_turns_per_100km,2.98,phone_use_per_100km,2.91,total_events_per_100km,2.08
D876,18,-0.5961,speeding_per_100km,3.47,hard_accels_per_100km,3.45,total_events_per_100km,3.12
D876,19,-0.5747,phone_use_per_100km,2.75,sharp_turns_per_100km,2.49,hard_brakes_per_100km,2.28
D876,20,-0.6486,phone_use_per_100km,4.6,hard_accels_per_100km,4.09,total_events_per_100km,3.6
D879,9,-0.5563,phone_use_per_100km,2.62,daily_floors,2.61,daily_steps,2.37
D881,2,-0.5517,hard_brakes_per_100km,2.65,phone_use_per_100km,2.2,hard_accels_per_100km,1.91
D881,5,-0.5404,sharp_turns_per_100km,2.42,daily_km,2.32,hard_accels_per_100km,1.63
D881,21,-0.5382,daily_hours,2.22,daily_steps,1.77,hard_accels_per_100km,1.71
D882,17,-0.5501,daily_hours,2.46,hard_brakes_per_100km,1.65,night_driving_pct,1.57
D883,19,-0.5613,daily_hours,3.97,daily_km,3.29,daily_lifting_events,1.7
D890,23,-0.5377,phone_use_per_100km,2.67,speeding_per_100km,2.15,daily_floors,2.07
D891,17,-0.5627,daily_km,4.03,daily_hours,3.63,daily_floors,1.49
D899,25,-0.58,phone_use_per_100km,4.19,idle_time_pct,3.74,fuel_per_100km,2.13
D903,10,-0.5378,speeding_per_100km,3.11,hard_accels_per_100km,2.05,total_events_per_100km,2.02
D903,12,-0.5585,speeding_per_100km,2.62,hard_accels_per_100km,2.47,daily_km,2.1
D903,13,-0.5652,daily_km,2.37,speeding_per_100km,2.31,total_events_per_100km,2.24
D903,14,-0.6152,sharp_turns_per_100km,3.83,speeding_per_100km,2.88,total_events_per_100km,2.53
D903,15,-0.5946,speeding_per_100km,3.91,phone_use_per_100km,2.67,total_events_per_100km,2.55
D903,16,-0.6074,speeding_per_100km,3.18,sharp_turns_per_100km,3.17,total_events_per_100km,2.76
D903,17,-0.6237,hard_brakes_per_100km,4.91,speeding_per_100km,4.06,total_events_per_100km,3.43
D903,18,-0.6798,sharp_turns_per_100km,4.52,speeding_per_100km,4.45,total_events_per_100km,4.09
D905,4,-0.5446,daily_floors,2.3,phone_use_per_100km,2.05,daily_steps,1.99
D905,6,-0.6071,daily_steps,3.11,daily_floors,3.02,sharp_turns_per_100km,2.7
D905,9,-0.5367,daily_lifting_events,3.27,daily_floors,2.28,phone_use_per_100km,2.13
D905,24,-0.5428,daily_floors,3.22,daily_steps,3.01,fuel_per_100km,1.85
D905,26,-0.5509,daily_steps,2.57,daily_floors,2.41,hard_brakes_per_100km,2.28
D908,8,-0.5621,daily_floors,3.98,daily_steps,3.12,idle_time_pct,2.87
D914,9,-0.5396,daily_km,2.62,daily_hours,1.96,hard_brakes_per_100km,1.8
D914,13,-0.5505,speeding_per_100km,2.58,hard_brakes_per_100km,1.84,total_events_per_100km,1.83
D914,16,-0.5424,hard_brakes_per_100km,2.71,hard_accels_per_100km,1.94,total_events_per_100km,1.86
D914,19,-0.5942,hard_brakes_per_100km,3.01,phone_use_per_100km,2.86,speeding_per_100km,2.56
D914,20,-0.5483,speeding_per_100km,3.16,hard_brakes_per_100km,2.22,total_events_per_100km,2.14
D914,21,-0.6136,hard_accels_per_100km,3.7,hard_brakes_per_100km,3.5,total_events_per_100km,3.15
D914,22,-0.656,sharp_turns_per_100km,3.46,speeding_per_100km,3.4,total_events_per_100km,3.23
D914,23,-0.6146,phone_use_per_100km,5.96,sharp_turns_per_100km,2.58,total_events_per_100km,2.3
D916,14,-0.5519,fuel_per_100km,2.11,daily_km,1.93,daily_hours,1.88
D918,15,-0.5394,daily_hours,3.39,phone_use_per_100km,1.79,night_driving_pct,1.57
D924,17,-0.5423,sharp_turns_per_100km,2.99,phone_use_per_100km,1.87,daily_lifting_events,1.84
D927,3,-0.5921,daily_floors,2.82,fuel_per_100km,2.78,daily_steps,2.72
D927,6,-0.5687,phone_use_per_100km,3.01,speeding_per_100km,2.15,daily_hours,2.05
D927,10,-0.5373,speeding_per_100km,2.7,hard_brakes_per_100km,2.39,total_events_per_100km,1.9
D927,20,-0.5945,hard_brakes_per_100km,3.48,speeding_per_100km,2.57,total_events_per_100km,1.99
D927,26,-0.5527,daily_floors,2.81,daily_steps,2.45,speeding_per_100km,1.92
D929,4,-0.5372,daily_hours,2.39,daily_lifting_events,1.69,phone_use_per_100km,1.58
D931,17,-0.5378,daily_hours,2.29,daily_lifting_events,2.09,hard_brakes_per_100km,2.06
D935,4,-0.5756,daily_floors,3.08,daily_lifting_events,2.88,fuel_per_100km,2.38
D936,2,-0.5983,hard_brakes_per_100km,3.74,daily_hours,2.55,fuel_per_100km,2.1
D936,5,-0.5824,daily_hours,2.63,phone_use_per_100km,2.47,hard_brakes_per_100km,2.26
D936,12,-0.5507,speeding_per_100km,3.38,total_events_per_100km,2.02,sharp_turns_per_100km,1.76
D938,20,-0.5511,idle_time_pct,3.27,phone_use_per_100km,2.65,daily_lifting_events,2.09
D939,8,-0.5363,daily_floors,2.5,daily_steps,2.17,night_driving_pct,1.57
D939,21,-0.5404,daily_floors,2.12,fuel_per_100km,1.86,daily_hours,1.72
D941,7,-0.5385,daily_hours,1.96,daily_km,1.76,hard_accels_per_100km,1.76
D941,19,-0.5357,daily_km,1.83,hard_accels_per_100km,1.8,daily_hours,1.79
D941,25,-0.54,daily_km,2.09,speeding_per_100km,1.95,hard_accels_per_100km,1.75
D942,3,-0.5413,phone_use_per_100km,2.02,speeding_per_100km,1.91,daily_lifting_events,1.61
D942,4,-0.5726,daily_hours,3.46,daily_km,3.31,hard_brakes_per_100km,2.03
D942,11,-0.5482,hard_accels_per_100km,2.47,sharp_turns_per_100km,1.99,total_events_per_100km,1.89
D942,12,-0.5587,daily_km,2.76,daily_hours,2.46,phone_use_per_100km,2.02
D942,14,-0.5403,speeding_per_100km,2.72,hard_brakes_per_100km,2.07,daily_lifting_events,2.0
D942,20,-0.5575,daily_km,3.16,daily_hours,2.46,speeding_per_100km,2.42
D942,26,-0.5709,daily_km,2.94,daily_hours,2.8,hard_brakes_per_100km,1.94
D946,12,-0.581,hard_accels_per_100km,2.5,daily_lifting_events,2.4,sharp_turns_per_100km,2.19
D946,13,-0.572,hard_brakes_per_100km,2.67,hard_accels_per_100km,2.45,total_events_per_100km,2.11
D946,15,-0.5662,hard_accels_per_100km,2.84,hard_brakes_per_100km,2.79,total_events_per_100km,2.4
D946,16,-0.6077,sharp_turns_per_100km,3.91,hard_accels_per_100km,3.62,total_events_per_100km,3.01
D946,17,-0.6254,hard_accels_per_100km,3.91,total_events_per_100km,2.88,sharp_turns_per_100km,2.78
D946,18,-0.6496,hard_accels_per_100km,3.8,hard_brakes_per_100km,3.71,phone_use_per_100km,3.56
D949,20,-0.5403,idle_time_pct,3.5,daily_hours,1.63,speeding_per_100km,1.41
D950,12,-0.5615,hard_brakes_per_100km,2.61,daily_km,2.29,hard_accels_per_100km,1.87
D950,15,-0.5354,daily_km,2.09,hard_accels_per_100km,1.65,daily_steps,1.53
D950,19,-0.5621,hard_accels_per_100km,2.72,daily_km,2.65,daily_hours,2.46
D950,20,-0.5542,hard_accels_per_100km,2.69,sharp_turns_per_100km,2.19,total_events_per_100km,2.12
D950,21,-0.572,hard_accels_per_100km,3.37,sharp_turns_per_100km,2.77,total_events_per_100km,2.74
D950,23,-0.5548,hard_accels_per_100km,3.27,hard_brakes_per_100km,2.48,total_events_per_100km,2.33
D950,24,-0.6207,sharp_turns_per_100km,3.66,total_events_per_100km,3.51,hard_brakes_per_100km,3.43
D950,25,-0.6433,hard_accels_per_100km,4.55,phone_use_per_100km,4.03,hard_brakes_per_100km,3.79
D952,1,-0.5472,speeding_per_100km,2.76,daily_steps,2.51,daily_floors,1.94
D952,2,-0.5397,speeding_per_100km,3.07,fuel_per_100km,2.22,phone_use_per_100km,1.58
D952,5,-0.5349,daily_floors,2.35,daily_steps,1.76,hard_brakes_per_100km,1.75
D952,16,-0.5596,sharp_turns_per_100km,3.58,hard_accels_per_100km,2.18,speeding_per_100km,2.15
D952,22,-0.5738,hard_brakes_per_100km,3.04,sharp_turns_per_100km,2.21,total_events_per_100km,2.0
D952,24,-0.5606,daily_steps,2.73,phone_use_per_100km,2.52,daily_floors,2.23
D955,1,-0.5633,speeding_per_100km,2.63,sharp_turns_per_100km,2.31,total_events_per_100km,1.9
D955,2,-0.5366,speeding_per_100km,2.64,hard_brakes_per_100km,1.99,daily_hours,1.79
D955,8,-0.5659,speeding_per_100km,2.89,hard_accels_per_100km,2.45,daily_km,2.04
D955,14,-0.553,hard_accels_per_100km,2.23,daily_lifting_events,2.0,total_events_per_100km,1.64
D955,15,-0.5508,daily_km,2.93,daily_hours,2.29,sharp_turns_per_100km,1.84
D955,17,-0.5492,speeding_per_100km,2.4,phone_use_per_100km,2.28,hard_brakes_per_100km,2.25
D955,18,-0.5404,hard_accels_per_100km,2.9,hard_brakes_per_100km,2.38,total_events_per_100km,1.93
D955,25,-0.5513,hard_accels_per_100km,3.41,daily_hours,2.22,daily_steps,1.92
D958,8,-0.543,idle_time_pct,2.91,daily_floors,2.85,daily_steps,2.18
D958,13,-0.5671,daily_lifting_events,4.45,daily_steps,3.2,daily_floors,2.61
D962,15,-0.5543,idle_time_pct,9.68,fuel_per_100km,5.49,night_driving_pct,1.57
D962,21,-0.551,daily_lifting_events,3.19,idle_time_pct,3.09,fuel_per_100km,2.39
D964,7,-0.538,daily_floors,3.2,daily_lifting_events,2.49,daily_steps,2.39
D966,7,-0.5408,phone_use_per_100km,2.62,daily_lifting_events,1.84,night_driving_pct,1.57
D966,21,-0.5389,daily_km,2.13,hard_accels_per_100km,1.73,phone_use_per_100km,1.71
D967,6,-0.5448,hard_brakes_per_100km,2.98,hard_accels_per_100km,2.64,fuel_per_100km,1.97
D967,20,-0.5675,hard_brakes_per_100km,3.01,hard_accels_per_100km,2.81,total_events_per_100km,2.63
D967,21,-0.5924,phone_use_per_100km,3.8,hard_brakes_per_100km,2.8,speeding_per_100km,2.68
D967,22,-0.6037,sharp_turns_per_100km,4.03,hard_accels_per_100km,3.96,total_events_per_100km,3.53
D967,23,-0.5915,speeding_per_100km,3.35,hard_accels_per_100km,3.18,phone_use_per_100km,2.93
D967,24,-0.585,speeding_per_100km,4.42,hard_brakes_per_100km,4.41,total_events_per_100km,3.62
D967,25,-0.5663,hard_brakes_per_100km,3.27,speeding_per_100km,3.24,total_events_per_100km,2.74
D969,25,-0.5506,daily_hours,2.72,daily_lifting_events,1.84,daily_km,1.81
D977,14,-0.54,idle_time_pct,3.46,daily_steps,2.22,daily_lifting_events,2.09
D979,2,-0.5473,speeding_per_100km,2.5,daily_lifting_events,2.24,hard_accels_per_100km,2.18
D979,15,-0.5481,hard_brakes_per_100km,2.77,hard_accels_per_100km,2.27,total_events_per_100km,2.26
D979,16,-0.5684,speeding_per_100km,2.96,hard_accels_per_100km,2.74,sharp_turns_per_100km,2.61
D979,17,-0.5914,hard_accels_per_100km,4.25,total_events_per_100km,2.93,sharp_turns_per_100km,2.92
D979,18,-0.6056,hard_accels_per_100km,4.03,sharp_turns_per_100km,3.17,total_events_per_100km,3.15
D979,19,-0.6878,sharp_turns_per_100km,6.96,phone_use_per_100km,6.09,hard_accels_per_100km,4.35
D980,11,-0.5466,phone_use_per_100km,3.66,speeding_per_100km,2.74,night_driving_pct,1.57
D980,12,-0.5384,sharp_turns_per_100km,2.94,daily_lifting_events,2.08,daily_hours,1.72
D980,13,-0.5356,hard_brakes_per_100km,2.75,total_events_per_100km,1.96,speeding_per_100km,1.84
D980,22,-0.552,daily_hours,2.8,daily_lifting_events,2.09,speeding_per_100km,2.08
D980,23,-0.5441,speeding_per_100km,3.43,sharp_turns_per_100km,2.04,total_events_per_100km,1.7
D981,3,-0.5459,daily_steps,2.2,fuel_per_100km,2.04,phone_use_per_100km,1.89
D981,23,-0.5363,sharp_turns_per_100km,2.52,daily_steps,1.98,daily_floors,1.96
D982,1,-0.559,fuel_per_100km,3.1,idle_time_pct,2.86,daily_lifting_events,2.56
D982,8,-0.5886,idle_time_pct,6.3,fuel_per_100km,3.93,phone_use_per_100km,2.6
D982,14,-0.552,idle_time_pct,2.56,daily_floors,2.46,fuel_per_100km,2.33
D982,20,-0.5421,idle_time_pct,4.5,fuel_per_100km,2.11,night_driving_pct,1.57
D982,26,-0.5524,idle_time_pct,3.07,fuel_per_100km,2.22,phone_use_per_100km,1.79
D985,11,-0.5688,daily_lifting_events,2.88,daily_steps,2.87,daily_floors,2.34
D986,1,-0.5459,daily_floors,2.78,hard_brakes_per_100km,2.71,daily_steps,2.22
D986,7,-0.54,hard_brakes_per_100km,2.77,hard_accels_per_100km,2.57,fuel_per_100km,2.15
D986,21,-0.5601,phone_use_per_100km,4.42,hard_accels_per_100km,2.41,total_events_per_100km,1.62
D989,9,-0.5475,hard_brakes_per_100km,2.53,daily_hours,2.39,speeding_per_100km,1.9
D989,12,-0.5554,hard_accels_per_100km,3.23,hard_brakes_per_100km,2.69,daily_lifting_events,2.33
D989,13,-0.5908,speeding_per_100km,2.83,hard_brakes_per_100km,2.79,hard_accels_per_100km,2.35
D989,20,-0.5881,hard_brakes_per_100km,4.24,hard_accels_per_100km,4.1,total_events_per_100km,2.76
D989,21,-0.564,hard_accels_per_100km,2.57,hard_brakes_per_100km,2.36,total_events_per_100km,2.36
D989,22,-0.5588,hard_brakes_per_100km,3.02,hard_accels_per_100km,2.88,total_events_per_100km,2.75
D989,23,-0.6292,hard_brakes_per_100km,3.6,phone_use_per_100km,3.59,total_events_per_100km,3.42
D989,24,-0.6156,speeding_per_100km,4.18,total_events_per_100km,3.3,sharp_turns_per_100km,3.19
D989,25,-0.6334,speeding_per_100km,4.21,total_events_per_100km,3.42,sharp_turns_per_100km,3.24
D989,26,-0.6231,speeding_per_100km,4.48,daily_lifting_events,4.45,hard_accels_per_100km,4.05
D992,7,-0.535,daily_hours,2.39,daily_lifting_events,2.24,daily_steps,1.62
D995,24,-0.5455,daily_km,2.71,daily_hours,2.46,hard_accels_per_100km,1.88
D996,3,-0.5349,fuel_per_100km,2.64,daily_hours,2.05,daily_km,1.78
D996,4,-0.5381,phone_use_per_100km,2.7,fuel_per_100km,2.06,daily_floors,1.87
D996,12,-0.568,daily_floors,3.36,daily_lifting_events,3.27,daily_steps,2.82
D996,15,-0.5562,sharp_turns_per_100km,2.64,fuel_per_100km,2.15,hard_accels_per_100km,2.14
D996,16,-0.5835,hard_accels_per_100km,3.37,total_events_per_100km,2.96,sharp_turns_per_100km,2.44
D996,17,-0.5786,hard_accels_per_100km,3.42,phone_use_per_100km,3.38,total_events_per_100km,2.61
D996,18,-0.5931,hard_accels_per_100km,4.56,total_events_per_100km,3.12,hard_brakes_per_100km,2.94
D996,19,-0.6313,phone_use_per_100km,3.69,daily_floors,3.47,sharp_turns_per_100km,2.99
D997,18,-0.5615,phone_use_per_100km,2.47,daily_km,2.39,sharp_turns_per_100km,2.15
D997,19,-0.5595,hard_brakes_per_100km,3.38,total_events_per_100km,2.13,daily_km,1.88
D998,3,-0.5487,hard_accels_per_100km,2.61,phone_use_per_100km,2.15,daily_hours,2.05
D998,5,-0.5647,hard_accels_per_100km,3.51,fuel_per_100km,2.9,total_events_per_100km,1.75
D998,10,-0.573,phone_use_per_100km,3.09,sharp_turns_per_100km,3.0,daily_floors,2.37
D998,23,-0.5365,hard_accels_per_100km,2.37,daily_hours,2.22,speeding_per_100km,1.98
D1001,4,-0.535,idle_time_pct,3.24,daily_floors,2.71,fuel_per_100km,2.2
D1001,15,-0.5363,idle_time_pct,2.68,fuel_per_100km,2.54,daily_floors,2.26
D1001,20,-0.539,speeding_per_100km,2.66,total_events_per_100km,2.63,sharp_turns_per_100km,2.62
D1001,21,-0.6317,idle_time_pct,5.24,phone_use_per_100km,3.85,speeding_per_100km,3.34
D1002,24,-0.5561,idle_time_pct,3.85,daily_floors,2.5,fuel_per_100km,2.23
D1009,24,-0.5416,daily_km,3.42,daily_hours,3.3,night_driving_pct,1.57
D1011,22,-0.5519,speeding_per_100km,2.78,hard_accels_per_100km,2.34,fuel_per_100km,2.04
D1014,2,-0.5615,fuel_per_100km,3.64,idle_time_pct,3.51,daily_steps,2.63
D1015,5,-0.5442,fuel_per_100km,2.2,sharp_turns_per_100km,2.17,speeding_per_100km,2.13
D1015,15,-0.5345,speeding_per_100km,2.22,fuel_per_100km,1.95,sharp_turns_per_100km,1.81
D1015,24,-0.5396,phone_use_per_100km,3.87,hard_brakes_per_100km,2.03,speeding_per_100km,1.94
D1016,19,-0.5581,phone_use_per_100km,4.11,daily_hours,1.88,hard_accels_per_100km,1.81
D1020,2,-0.5646,daily_floors,2.66,daily_lifting_events,2.25,fuel_per_100km,2.09
D1020,6,-0.5554,daily_floors,2.28,fuel_per_100km,2.28,speeding_per_100km,2.04
D1020,8,-0.5398,sharp_turns_per_100km,2.51,speeding_per_100km,2.45,total_events_per_100km,1.89
D1020,9,-0.5358,hard_brakes_per_100km,1.97,speeding_per_100km,1.85,phone_use_per_100km,1.81
D1020,11,-0.5479,daily_hours,2.22,sharp_turns_per_100km,2.1,phone_use_per_100km,1.84
D1020,14,-0.5853,daily_lifting_events,3.12,phone_use_per_100km,2.75,speeding_per_100km,2.12
D1020,15,-0.5353,hard_brakes_per_100km,2.15,daily_floors,1.99,daily_lifting_events,1.93
D1020,17,-0.5554,hard_accels_per_100km,2.87,daily_hours,2.55,daily_km,1.81
D1020,18,-0.5801,speeding_per_100km,2.83,hard_accels_per_100km,2.64,total_events_per_100km,2.28
D1020,20,-0.5572,speeding_per_100km,2.94,hard_accels_per_100km,2.2,total_events_per_100km,2.16
D1020,21,-0.5434,hard_brakes_per_100km,2.68,hard_accels_per_100km,2.59,total_events_per_100km,2.2
D1020,22,-0.6022,hard_accels_per_100km,3.39,hard_brakes_per_100km,3.18,total_events_per_100km,3.08
D1020,23,-0.609,speeding_per_100km,3.85,hard_brakes_per_100km,3.58,total_events_per_100km,3.11
D1020,24,-0.6528,hard_brakes_per_100km,4.15,total_events_per_100km,4.01,speeding_per_100km,3.92
D1020,25,-0.6661,phone_use_per_100km,4.58,speeding_per_100km,4.14,hard_accels_per_100km,4.06
D1022,10,-0.5384,hard_accels_per_100km,1.8,speeding_per_100km,1.72,night_driving_pct,1.57
D1022,11,-0.5668,phone_use_per_100km,2.8,hard_accels_per_100km,2.18,daily_steps,2.14
D1022,18,-0.547,hard_accels_per_100km,2.37,phone_use_per_100km,2.26,sharp_turns_per_100km,2.07
D1022,19,-0.5997,phone_use_per_100km,4.84,sharp_turns_per_100km,3.27,hard_accels_per_100km,3.01
D1022,20,-0.5838,hard_brakes_per_100km,2.95,hard_accels_per_100km,2.9,total_events_per_100km,2.38
D1022,21,-0.6252,phone_use_per_100km,4.53,sharp_turns_per_100km,3.17,total_events_per_100km,2.49
D1022,22,-0.5637,phone_use_per_100km,3.3,hard_accels_per_100km,2.68,total_events_per_100km,1.96
D1022,23,-0.6029,hard_accels_per_100km,3.42,hard_brakes_per_100km,2.62,total_events_per_100km,2.44
D1024,11,-0.5391,speeding_per_100km,3.08,hard_brakes_per_100km,2.47,total_events_per_100km,2.34
D1024,12,-0.6246,phone_use_per_100km,4.24,hard_accels_per_100km,3.75,total_events_per_100km,3.13
D1024,13,-0.622,speeding_per_100km,3.85,total_events_per_100km,3.0,hard_brakes_per_100km,2.98
D1024,14,-0.5819,hard_brakes_per_100km,3.42,hard_accels_per_100km,2.91,total_events_per_100km,2.68
D1024,15,-0.6549,speeding_per_100km,6.29,hard_brakes_per_100km,5.08,total_events_per_100km,4.54
D1026,13,-0.5383,daily_lifting_events,2.87,sharp_turns_per_100km,1.98,daily_steps,1.96
D1032,3,-0.5798,hard_accels_per_100km,2.38,fuel_per_100km,2.36,hard_brakes_per_100km,2.23
D1032,9,-0.574,speeding_per_100km,2.9,hard_accels_per_100km,2.27,total_events_per_100km,2.1
D1032,10,-0.5566,speeding_per_100km,2.68,hard_accels_per_100km,2.48,daily_lifting_events,1.61
D1032,16,-0.5542,speeding_per_100km,2.36,hard_accels_per_100km,2.08,daily_lifting_events,1.93
D1032,20,-0.5348,daily_steps,2.51,speeding_per_100km,2.33,daily_lifting_events,2.25
D1032,24,-0.5597,speeding_per_100km,2.58,hard_accels_per_100km,2.48,daily_hours,2.22
D1032,25,-0.5551,hard_brakes_per_100km,3.78,speeding_per_100km,2.15,total_events_per_100km,1.9
D1035,5,-0.5604,daily_lifting_events,3.67,daily_floors,3.1,daily_steps,2.61
D1036,24,-0.541,daily_hours,3.97,daily_km,3.3,total_events_per_100km,1.12
D1037,1,-0.5658,idle_time_pct,4.95,fuel_per_100km,3.72,daily_lifting_events,2.09
D1037,4,-0.5596,daily_floors,3.76,daily_steps,3.5,fuel_per_100km,3.05
D1037,17,-0.5981,idle_time_pct,4.14,daily_floors,2.63,sharp_turns_per_100km,2.22
D1037,19,-0.5636,idle_time_pct,3.22,sharp_turns_per_100km,2.86,total_events_per_100km,2.24
D1038,15,-0.5679,daily_lifting_events,3.67,daily_steps,2.58,daily_floors,2.25
D1041,24,-0.5484,idle_time_pct,2.61,fuel_per_100km,2.07,sharp_turns_per_100km,1.83
D1042,22,-0.541,daily_hours,2.8,daily_lifting_events,2.49,daily_km,1.83
D1043,8,-0.569,daily_floors,2.53,daily_hours,2.13,sharp_turns_per_100km,2.03
D1043,9,-0.5418,idle_time_pct,2.66,fuel_per_100km,2.4,hard_brakes_per_100km,2.34
D1043,11,-0.5817,idle_time_pct,2.96,sharp_turns_per_100km,2.83,fuel_per_100km,2.26
D1047,9,-0.5495,phone_use_per_100km,3.17,hard_brakes_per_100km,2.06,total_events_per_100km,1.96
D1047,10,-0.5438,daily_steps,2.52,sharp_turns_per_100km,2.51,daily_floors,2.15
D1047,15,-0.5365,speeding_per_100km,3.82,hard_brakes_per_100km,1.91,total_events_per_100km,1.78
D1047,22,-0.6018,speeding_per_100km,2.72,hard_brakes_per_100km,2.65,phone_use_per_100km,2.44
D1050,11,-0.5641,idle_time_pct,3.37,daily_hours,3.05,fuel_per_100km,2.41
D1055,4,-0.6034,hard_brakes_per_100km,3.4,daily_floors,2.61,total_events_per_100km,2.09
D1055,6,-0.5733,hard_accels_per_100km,3.5,total_events_per_100km,2.0,sharp_turns_per_100km,1.89
D1055,7,-0.5346,phone_use_per_100km,2.31,hard_accels_per_100km,1.99,speeding_per_100km,1.82
D1055,17,-0.5364,sharp_turns_per_100km,3.12,total_events_per_100km,1.9,hard_accels_per_100km,1.84
D1055,25,-0.5473,phone_use_per_100km,2.26,hard_brakes_per_100km,1.97,daily_steps,1.77
D1058,15,-0.5549,daily_km,2.55,hard_accels_per_100km,2.05,speeding_per_100km,2.02
D1058,26,-0.5478,hard_brakes_per_100km,2.17,daily_km,2.0,total_events_per_100km,1.59
D1060,7,-0.5523,idle_time_pct,4.63,fuel_per_100km,3.22,daily_steps,2.17
D1065,19,-0.5444,sharp_turns_per_100km,2.91,speeding_per_100km,2.82,hard_accels_per_100km,2.2
D1066,16,-0.5447,hard_brakes_per_100km,2.99,phone_use_per_100km,2.73,sharp_turns_per_100km,2.5
D1068,14,-0.584,phone_use_per_100km,3.04,daily_lifting_events,2.49,daily_floors,2.26
D1069,2,-0.5561,hard_brakes_per_100km,2.62,daily_steps,2.19,fuel_per_100km,2.17
D1069,6,-0.5572,hard_brakes_per_100km,3.94,fuel_per_100km,2.06,speeding_per_100km,1.99
D1069,8,-0.54,fuel_per_100km,2.58,hard_brakes_per_100km,2.5,hard_accels_per_100km,2.1
D1069,14,-0.5572,phone_use_per_100km,3.12,daily_floors,2.12,hard_accels_per_100km,2.02
D1070,14,-0.5598,idle_time_pct,3.01,fuel_per_100km,2.67,daily_floors,2.47
D1071,1,-0.553,daily_floors,2.75,daily_steps,2.63,idle_time_pct,2.43
D1071,16,-0.5698,daily_steps,2.82,daily_floors,2.61,fuel_per_100km,2.52
D1073,19,-0.5504,daily_lifting_events,6.42,daily_steps,3.35,daily_floors,2.71
D1074,14,-0.5625,sharp_turns_per_100km,3.52,hard_brakes_per_100km,2.79,total_events_per_100km,2.51
D1074,15,-0.5885,hard_accels_per_100km,3.78,total_events_per_100km,2.57,sharp_turns_per_100km,2.45
D1074,16,-0.5788,hard_accels_per_100km,3.39,phone_use_per_100km,2.78,total_events_per_100km,2.69
D1074,17,-0.5842,hard_accels_per_100km,2.69,sharp_turns_per_100km,2.62,total_events_per_100km,2.57
D1074,18,-0.6286,hard_accels_per_100km,3.61,sharp_turns_per_100km,3.48,total_events_per_100km,3.02
D1075,2,-0.6005,phone_use_per_100km,3.25,daily_floors,3.04,daily_lifting_events,2.88
D1075,16,-0.5845,sharp_turns_per_100km,2.8,daily_floors,2.77,speeding_per_100km,2.5
D1075,17,-0.5595,hard_brakes_per_100km,2.5,sharp_turns_per_100km,2.43,speeding_per_100km,2.24
D1075,18,-0.5643,hard_brakes_per_100km,2.75,hard_accels_per_100km,2.66,total_events_per_100km,2.3
D1075,19,-0.5654,speeding_per_100km,3.41,sharp_turns_per_100km,3.06,hard_brakes_per_100km,2.56
D1075,20,-0.6496,speeding_per_100km,4.1,sharp_turns_per_100km,3.81,total_events_per_100km,3.47
D1075,21,-0.6204,speeding_per_100km,3.75,hard_brakes_per_100km,3.55,total_events_per_100km,3.23
D1075,22,-0.6535,sharp_turns_per_100km,3.99,hard_accels_per_100km,3.77,speeding_per_100km,3.66
D1076,1,-0.5515,fuel_per_100km,2.6,phone_use_per_100km,2.57,idle_time_pct,1.88
D1076,2,-0.5415,daily_floors,2.57,daily_steps,2.16,idle_time_pct,2.13
D1076,8,-0.5983,daily_lifting_events,3.04,daily_steps,3.01,daily_floors,2.93
D1076,11,-0.5537,idle_time_pct,3.44,fuel_per_100km,2.46,daily_floors,2.12
D1076,12,-0.5803,idle_time_pct,4.28,fuel_per_100km,2.28,daily_hours,1.88
D1076,13,-0.5741,idle_time_pct,3.52,fuel_per_100km,2.88,phone_use_per_100km,2.39
D1076,14,-0.5617,idle_time_pct,6.25,fuel_per_100km,4.53,daily_lifting_events,2.09
D1076,16,-0.5878,idle_time_pct,5.92,fuel_per_100km,4.91,daily_steps,1.72
D1076,25,-0.5452,idle_time_pct,3.6,fuel_per_100km,2.7,night_driving_pct,1.57
D1076,26,-0.5365,idle_time_pct,1.97,daily_hours,1.88,fuel_per_100km,1.79
D1077,3,-0.5369,daily_lifting_events,2.56,idle_time_pct,2.46,daily_floors,2.43
D1077,17,-0.5681,idle_time_pct,3.91,fuel_per_100km,2.49,daily_hours,2.05
D1080,3,-0.5366,fuel_per_100km,3.04,idle_time_pct,2.83,daily_floors,2.71
D1080,11,-0.5555,idle_time_pct,4.63,fuel_per_100km,2.85,hard_brakes_per_100km,1.8
D1080,22,-0.5454,fuel_per_100km,2.91,idle_time_pct,2.09,daily_km,1.95
D1080,23,-0.6608,fuel_per_100km,3.91,idle_time_pct,3.5,daily_hours,3.22
D1082,23,-0.5479,speeding_per_100km,3.13,hard_brakes_per_100km,2.83,total_events_per_100km,1.94
D1083,3,-0.5415,hard_accels_per_100km,2.98,sharp_turns_per_100km,1.9,fuel_per_100km,1.8
D1083,4,-0.5686,phone_use_per_100km,2.75,fuel_per_100km,2.32,sharp_turns_per_100km,1.92
D1083,7,-0.5364,hard_accels_per_100km,3.12,hard_brakes_per_100km,2.02,fuel_per_100km,2.01
D1083,11,-0.5564,phone_use_per_100km,3.43,daily_hours,2.05,fuel_per_100km,1.87
D1083,13,-0.5682,sharp_turns_per_100km,2.61,daily_floors,2.39,daily_steps,2.32
D1085,7,-0.5581,daily_hours,3.3,daily_km,2.62,phone_use_per_100km,1.63
D1085,11,-0.5554,daily_km,2.1,speeding_per_100km,2.08,phone_use_per_100km,1.92
D1086,1,-0.5487,daily_floors,3.04,daily_steps,2.92,fuel_per_100km,1.97
D1086,11,-0.5409,daily_floors,2.61,daily_lifting_events,2.09,daily_steps,2.08
D1086,16,-0.5535,phone_use_per_100km,3.85,daily_steps,2.13,daily_floors,2.07
D1087,7,-0.5937,fuel_per_100km,4.02,idle_time_pct,3.13,daily_hours,2.39
D1087,22,-0.5485,idle_time_pct,2.73,phone_use_per_100km,2.6,fuel_per_100km,1.7
D1087,25,-0.5373,idle_time_pct,3.02,fuel_per_100km,1.99,sharp_turns_per_100km,1.8
D1089,17,-0.5426,phone_use_per_100km,2.47,daily_lifting_events,2.09,daily_steps,1.96
D1089,18,-0.5578,daily_steps,3.6,daily_floors,2.18,daily_hours,2.13
D1091,1,-0.5655,hard_brakes_per_100km,2.5,daily_lifting_events,2.47,speeding_per_100km,2.11
D1091,8,-0.5743,hard_accels_per_100km,2.49,daily_km,2.35,daily_hours,2.29
D1091,10,-0.5483,hard_brakes_per_100km,2.25,speeding_per_100km,2.14,hard_accels_per_100km,1.99
D1091,12,-0.5647,hard_accels_per_100km,3.55,hard_brakes_per_100km,2.55,total_events_per_100km,2.12
D1091,13,-0.5682,hard_brakes_per_100km,2.42,hard_accels_per_100km,2.26,total_events_per_100km,2.24
D1091,14,-0.5881,hard_brakes_per_100km,2.91,total_events_per_100km,2.17,hard_accels_per_100km,1.88
D1091,15,-0.5777,speeding_per_100km,2.91,total_events_per_100km,2.32,phone_use_per_100km,2.2
D1091,16,-0.635,speeding_per_100km,3.84,hard_brakes_per_100km,3.63,total_events_per_100km,3.34
D1091,17,-0.6558,speeding_per_100km,4.34,total_events_per_100km,3.6,hard_accels_per_100km,3.36
D1091,18,-0.6746,phone_use_per_100km,5.28,speeding_per_100km,4.32,total_events_per_100km,4.23
D1092,13,-0.5624,phone_use_per_100km,4.08,hard_brakes_per_100km,2.93,total_events_per_100km,2.01
D1101,9,-0.5432,fuel_per_100km,2.63,daily_steps,2.5,speeding_per_100km,2.25
D1101,23,-0.5375,daily_lifting_events,2.41,hard_accels_per_100km,2.3,daily_floors,2.2
D1103,20,-0.5483,daily_floors,2.48,speeding_per_100km,2.36,daily_lifting_events,1.78
D1105,12,-0.549,daily_lifting_events,2.63,hard_brakes_per_100km,2.18,speeding_per_100km,2.02
D1105,17,-0.5726,speeding_per_100km,3.02,daily_hours,2.72,sharp_turns_per_100km,2.14
D1107,20,-0.5624,phone_use_per_100km,2.54,daily_hours,2.39,daily_floors,2.18
D1108,8,-0.5484,sharp_turns_per_100km,2.43,fuel_per_100km,2.27,daily_hours,2.05
D1109,5,-0.5514,daily_steps,2.22,daily_floors,1.83,daily_hours,1.72
D1109,12,-0.5401,daily_steps,3.34,daily_floors,2.71,daily_lifting_events,1.86
D1109,13,-0.5371,daily_lifting_events,2.64,daily_steps,2.5,daily_hours,1.96
D1110,12,-0.5745,idle_time_pct,3.91,fuel_per_100km,3.75,daily_floors,2.13
D1110,16,-0.5641,daily_steps,2.45,daily_floors,2.28,speeding_per_100km,2.23
D1110,17,-0.5371,idle_time_pct,3.34,speeding_per_100km,2.04,total_events_per_100km,2.01
D1110,19,-0.6076,speeding_per_100km,3.53,hard_brakes_per_100km,3.51,total_events_per_100km,3.25
D1111,11,-0.5473,speeding_per_100km,3.66,phone_use_per_100km,2.54,total_events_per_100km,1.88
D1111,15,-0.536,speeding_per_100km,3.93,sharp_turns_per_100km,1.79,daily_hours,1.72
D1111,21,-0.5352,hard_brakes_per_100km,2.23,daily_steps,2.07,sharp_turns_per_100km,1.86
D1111,26,-0.5602,phone_use_per_100km,3.17,fuel_per_100km,1.79,daily_hours,1.72
D1113,5,-0.5769,hard_brakes_per_100km,2.59,phone_use_per_100km,2.52,daily_steps,2.19
D1113,6,-0.5904,speeding_per_100km,3.66,daily_floors,2.5,daily_steps,2.36
D1113,8,-0.605,phone_use_per_100km,3.74,daily_lifting_events,2.72,speeding_per_100km,2.38
D1113,9,-0.614,hard_accels_per_100km,3.48,sharp_turns_per_100km,3.46,total_events_per_100km,3.12
D1113,10,-0.5379,phone_use_per_100km,4.86,hard_brakes_per_100km,2.14,total_events_per_100km,2.07
D1115,10,-0.5775,daily_lifting_events,3.1,phone_use_per_100km,2.83,hard_accels_per_100km,2.34
D1115,11,-0.5847,hard_brakes_per_100km,3.07,total_events_per_100km,2.63,speeding_per_100km,2.59
D1115,12,-0.5396,sharp_turns_per_100km,3.21,total_events_per_100km,2.21,hard_brakes_per_100km,1.87
D1115,13,-0.5673,hard_accels_per_100km,3.0,phone_use_per_100km,2.41,total_events_per_100km,2.38
D1115,14,-0.6302,phone_use_per_100km,3.85,hard_brakes_per_100km,3.69,speeding_per_100km,3.16
D1118,3,-0.5507,idle_time_pct,3.36,fuel_per_100km,2.82,daily_lifting_events,2.33
D1118,7,-0.5628,idle_time_pct,4.62,fuel_per_100km,3.32,daily_floors,2.32
D1118,13,-0.5345,idle_time_pct,2.21,daily_floors,2.11,total_events_per_100km,2.05
D1118,15,-0.5972,speeding_per_100km,3.33,total_events_per_100km,3.28,phone_use_per_100km,2.91
D1118,16,-0.6244,sharp_turns_per_100km,3.34,daily_hours,3.3,total_events_per_100km,3.09
D1121,4,-0.5618,phone_use_per_100km,2.8,fuel_per_100km,2.38,speeding_per_100km,2.17
D1121,17,-0.5894,hard_accels_per_100km,3.22,total_events_per_100km,2.39,phone_use_per_100km,2.23
D1121,18,-0.5421,sharp_turns_per_100km,2.77,hard_accels_per_100km,2.63,hard_brakes_per_100km,2.55
D1121,19,-0.5659,hard_accels_per_100km,3.66,hard_brakes_per_100km,2.61,total_events_per_100km,2.61
D1121,20,-0.606,phone_use_per_100km,7.68,hard_accels_per_100km,4.59,total_events_per_100km,3.04
D1121,21,-0.5863,sharp_turns_per_100km,3.62,hard_accels_per_100km,2.92,total_events_per_100km,2.61
D1121,22,-0.6182,phone_use_per_100km,4.29,speeding_per_100km,3.14,total_events_per_100km,3.0
D1124,18,-0.5492,speeding_per_100km,2.95,fuel_per_100km,2.15,sharp_turns_per_100km,2.02
D1124,25,-0.5385,sharp_turns_per_100km,2.77,daily_lifting_events,2.49,fuel_per_100km,2.04
D1126,17,-0.5565,daily_lifting_events,2.63,fuel_per_100km,2.05,daily_hours,1.88
D1127,21,-0.5782,sharp_turns_per_100km,3.56,phone_use_per_100km,2.78,hard_brakes_per_100km,2.77
D1131,26,-0.5382,daily_floors,3.02,daily_lifting_events,2.56,daily_steps,2.49
D1133,8,-0.5374,daily_km,3.75,daily_hours,3.3,daily_steps,1.27
D1139,1,-0.5794,speeding_per_100km,2.66,daily_floors,2.55,daily_hours,2.46
D1139,4,-0.5492,hard_accels_per_100km,2.73,hard_brakes_per_100km,2.22,total_events_per_100km,1.95
D1139,5,-0.6083,hard_accels_per_100km,3.83,fuel_per_100km,3.44,speeding_per_100km,3.06
D1139,9,-0.5753,hard_brakes_per_100km,2.82,daily_hours,1.96,total_events_per_100km,1.87
D1139,14,-0.5364,phone_use_per_100km,2.52,speeding_per_100km,2.48,total_events_per_100km,1.66
D1139,19,-0.5428,hard_accels_per_100km,2.1,daily_floors,2.03,daily_steps,1.98
D1139,25,-0.5926,hard_brakes_per_100km,2.71,speeding_per_100km,2.08,fuel_per_100km,1.97
D1139,26,-0.5825,hard_accels_per_100km,2.54,fuel_per_100km,2.5,daily_steps,2.22
D1140,1,-0.5736,daily_steps,3.33,daily_floors,2.93,fuel_per_100km,2.69
D1140,25,-0.535,speeding_per_100km,2.73,daily_hours,2.39,daily_km,1.7
D1147,2,-0.5473,speeding_per_100km,2.95,daily_lifting_events,2.24,phone_use_per_100km,2.1
D1147,6,-0.5534,speeding_per_100km,2.58,hard_brakes_per_100km,2.34,fuel_per_100km,1.57
D1148,13,-0.5376,daily_hours,2.89,daily_km,2.17,daily_lifting_events,1.84
D1157,7,-0.6166,total_events_per_100km,3.04,speeding_per_100km,3.02,hard_brakes_per_100km,3.01
D1157,8,-0.6387,hard_accels_per_100km,3.52,phone_use_per_100km,3.17,total_events_per_100km,3.07
D1157,9,-0.6052,hard_brakes_per_100km,3.09,total_events_per_100km,2.93,speeding_per_100km,2.66
D1157,10,-0.6217,hard_brakes_per_100km,5.34,speeding_per_100km,3.76,total_events_per_100km,3.73
D1157,11,-0.6329,hard_accels_per_100km,4.99,total_events_per_100km,3.87,sharp_turns_per_100km,3.74
D1160,14,-0.5467,daily_hours,3.72,daily_lifting_events,2.63,daily_km,1.97
D1162,14,-0.5475,idle_time_pct,3.72,fuel_per_100km,2.73,daily_lifting_events,2.09
D1163,7,-0.5676,idle_time_pct,3.13,fuel_per_100km,2.35,daily_hours,2.05
D1164,3,-0.6127,daily_lifting_events,3.82,daily_steps,3.26,speeding_per_100km,2.67
D1164,7,-0.5803,daily_steps,3.12,daily_lifting_events,2.49,phone_use_per_100km,2.47
D1164,9,-0.5351,hard_accels_per_100km,3.26,total_events_per_100km,2.35,phone_use_per_100km,2.18
D1164,14,-0.5566,phone_use_per_100km,2.99,daily_floors,2.12,hard_brakes_per_100km,2.0
D1164,16,-0.5414,phone_use_per_100km,2.67,hard_accels_per_100km,2.48,sharp_turns_per_100km,1.8
D1164,17,-0.5378,speeding_per_100km,3.26,daily_lifting_events,2.09,daily_steps,1.9
D1164,18,-0.6041,phone_use_per_100km,4.26,speeding_per_100km,2.74,hard_brakes_per_100km,2.24
D1164,19,-0.5914,phone_use_per_100km,3.66,hard_accels_per_100km,3.48,speeding_per_100km,2.46
D1164,20,-0.5901,speeding_per_100km,3.17,hard_brakes_per_100km,3.09,total_events_per_100km,2.76
D1164,22,-0.6256,speeding_per_100km,5.26,hard_brakes_per_100km,3.67,sharp_turns_per_100km,3.66
D1164,23,-0.6075,hard_accels_per_100km,4.89,total_events_per_100km,3.52,hard_brakes_per_100km,3.51
D1164,24,-0.6434,phone_use_per_100km,4.66,total_events_per_100km,3.6,hard_accels_per_100km,3.51
D1166,6,-0.5452,daily_floors,2.61,daily_steps,2.43,fuel_per_100km,1.83
D1166,21,-0.5521,daily_hours,2.72,hard_brakes_per_100km,2.22,daily_lifting_events,1.84
D1166,23,-0.5458,daily_floors,2.39,daily_steps,2.28,idle_time_pct,2.06
D1166,24,-0.5605,idle_time_pct,3.15,fuel_per_100km,2.24,daily_floors,1.96
D1167,15,-0.5601,sharp_turns_per_100km,3.64,hard_accels_per_100km,2.26,daily_km,1.74
D1168,1,-0.5557,daily_km,2.41,speeding_per_100km,2.31,daily_hours,1.96
D1168,5,-0.5534,daily_km,2.51,daily_hours,2.29,speeding_per_100km,2.1
D1168,11,-0.5708,daily_km,2.38,daily_hours,2.29,speeding_per_100km,2.03
D1168,12,-0.5449,daily_lifting_events,2.08,speeding_per_100km,2.03,daily_steps,1.65
D1168,18,-0.5592,hard_brakes_per_100km,2.45,daily_km,2.12,total_events_per_100km,1.62
D1169,12,-0.5614,phone_use_per_100km,2.18,daily_km,2.11,daily_hours,1.96
D1169,13,-0.5553,phone_use_per_100km,2.91,daily_km,1.8,daily_hours,1.79
D1169,14,-0.5477,speeding_per_100km,1.97,total_events_per_100km,1.94,daily_lifting_events,1.84
D1170,1,-0.5434,fuel_per_100km,2.33,speeding_per_100km,2.29,phone_use_per_100km,2.05
D1170,2,-0.5504,fuel_per_100km,3.39,daily_floors,2.35,daily_steps,1.83
D1170,4,-0.5581,sharp_turns_per_100km,3.2,hard_brakes_per_100km,2.28,fuel_per_100km,2.16
D1170,7,-0.5571,sharp_turns_per_100km,2.58,daily_floors,2.3,phone_use_per_100km,2.1
D1170,9,-0.5456,fuel_per_100km,2.58,daily_floors,2.27,daily_steps,1.8
D1170,13,-0.5439,speeding_per_100km,2.23,sharp_turns_per_100km,1.77,total_events_per_100km,1.57
D1174,2,-0.5422,idle_time_pct,3.56,daily_lifting_events,3.19,fuel_per_100km,2.66
D1174,22,-0.5777,hard_brakes_per_100km,2.67,total_events_per_100km,2.65,phone_use_per_100km,2.44
D1174,23,-0.5667,sharp_turns_per_100km,4.69,total_events_per_100km,2.45,phone_use_per_100km,2.36
D1176,24,-0.5549,daily_km,2.24,phone_use_per_100km,2.1,daily_hours,1.79
D1177,20,-0.6064,daily_hours,3.3,phone_use_per_100km,3.06,hard_accels_per_100km,2.59
D1177,21,-0.5896,phone_use_per_100km,3.56,hard_accels_per_100km,2.91,hard_brakes_per_100km,2.39
D1177,23,-0.6141,hard_accels_per_100km,4.52,phone_use_per_100km,3.46,total_events_per_100km,3.02
D1177,24,-0.583,hard_accels_per_100km,3.3,total_events_per_100km,2.88,hard_brakes_per_100km,2.76
D1177,25,-0.6331,hard_accels_per_100km,4.36,speeding_per_100km,4.28,total_events_per_100km,3.84
D1179,7,-0.5466,daily_lifting_events,4.45,daily_floors,1.96,daily_steps,1.77
D1183,2,-0.6712,sharp_turns_per_100km,3.83,hard_brakes_per_100km,3.75,fuel_per_100km,3.1
D1183,7,-0.6087,phone_use_per_100km,3.27,sharp_turns_per_100km,2.92,total_events_per_100km,2.3
D1183,17,-0.5606,daily_floors,2.39,fuel_per_100km,2.12,hard_brakes_per_100km,2.09
D1183,19,-0.5441,hard_accels_per_100km,2.72,total_events_per_100km,1.75,hard_brakes_per_100km,1.7
D1183,23,-0.5424,sharp_turns_per_100km,2.07,speeding_per_100km,2.04,hard_accels_per_100km,1.87
D1183,25,-0.5456,hard_brakes_per_100km,3.02,speeding_per_100km,2.6,total_events_per_100km,1.99
D1184,2,-0.5372,phone_use_per_100km,3.27,hard_brakes_per_100km,1.97,sharp_turns_per_100km,1.94
D1184,5,-0.5415,daily_hours,2.55,phone_use_per_100km,2.54,hard_brakes_per_100km,1.75
D1184,15,-0.5465,hard_accels_per_100km,3.92,sharp_turns_per_100km,2.76,total_events_per_100km,2.55
D1184,16,-0.5928,sharp_turns_per_100km,3.38,total_events_per_100km,2.91,hard_accels_per_100km,2.91
D1184,17,-0.6072,hard_accels_per_100km,4.87,total_events_per_100km,3.26,sharp_turns_per_100km,2.98
D1184,18,-0.6525,phone_use_per_100km,4.6,total_events_per_100km,3.56,hard_brakes_per_100km,3.49
D1190,18,-0.5407,sharp_turns_per_100km,2.87,speeding_per_100km,2.78,total_events_per_100km,2.37
D1191,7,-0.541,daily_km,2.52,daily_hours,2.46,hard_accels_per_100km,1.85
D1191,9,-0.5516,hard_brakes_per_100km,2.88,speeding_per_100km,2.2,daily_steps,1.83
D1191,17,-0.5521,daily_km,2.58,daily_hours,1.96,sharp_turns_per_100km,1.81
D1198,8,-0.5357,fuel_per_100km,3.62,idle_time_pct,3.38,daily_hours,1.88
D1198,22,-0.5573,idle_time_pct,2.89,phone_use_per_100km,2.49,fuel_per_100km,2.25
D1201,10,-0.5843,daily_hours,3.05,sharp_turns_per_100km,2.72,hard_accels_per_100km,2.45
D1201,12,-0.5523,phone_use_per_100km,4.99,speeding_per_100km,2.79,total_events_per_100km,1.77
D1201,13,-0.5451,speeding_per_100km,2.88,daily_lifting_events,2.72,sharp_turns_per_100km,2.2
D1201,14,-0.576,hard_brakes_per_100km,3.04,hard_accels_per_100km,2.66,total_events_per_100km,2.35
D1201,20,-0.5657,speeding_per_100km,3.25,hard_brakes_per_100km,2.91,total_events_per_100km,2.77
D1201,21,-0.5627,hard_brakes_per_100km,3.21,speeding_per_100km,2.72,total_events_per_100km,2.63
D1201,22,-0.5413,hard_accels_per_100km,2.91,hard_brakes_per_100km,2.39,speeding_per_100km,2.39
D1201,23,-0.5742,hard_brakes_per_100km,3.34,speeding_per_100km,2.93,total_events_per_100km,2.51
D1201,24,-0.6373,hard_accels_per_100km,4.53,total_events_per_100km,3.93,sharp_turns_per_100km,3.87
D1201,25,-0.7019,sharp_turns_per_100km,6.9,phone_use_per_100km,5.49,total_events_per_100km,5.02
D1204,1,-0.5406,phone_use_per_100km,3.33,hard_accels_per_100km,2.56,speeding_per_100km,2.09
D1204,4,-0.5393,phone_use_per_100km,3.87,fuel_per_100km,1.91,sharp_turns_per_100km,1.85
D1204,17,-0.5379,sharp_turns_per_100km,2.64,daily_floors,2.21,hard_accels_per_100km,1.84
D1204,18,-0.5672,daily_hours,2.63,daily_steps,2.43,hard_accels_per_100km,2.41
D1206,6,-0.5381,speeding_per_100km,3.11,daily_lifting_events,2.24,hard_brakes_per_100km,1.96
D1206,7,-0.5581,daily_hours,3.13,phone_use_per_100km,1.66,daily_km,1.63
D1206,20,-0.5369,speeding_per_100km,2.89,daily_hours,1.96,total_events_per_100km,1.68
D1206,23,-0.5482,daily_lifting_events,2.64,daily_hours,2.13,sharp_turns_per_100km,1.71
D1215,1,-0.5361,daily_lifting_events,2.09,daily_steps,2.05,daily_hours,1.96
D1217,25,-0.5354,daily_floors,2.88,daily_steps,2.51,daily_lifting_events,2.49
D1219,14,-0.5406,phone_use_per_100km,3.93,total_events_per_100km,1.53,daily_km,1.46
D1220,1,-0.5412,phone_use_per_100km,2.1,daily_lifting_events,2.09,hard_accels_per_100km,1.69
D1222,8,-0.55,phone_use_per_100km,3.09,hard_accels_per_100km,2.81,hard_brakes_per_100km,1.8
D1222,12,-0.5348,speeding_per_100km,2.41,hard_accels_per_100km,1.92,daily_km,1.71
D1222,23,-0.5378,daily_hours,3.3,daily_km,2.85,speeding_per_100km,2.01
D1223,12,-0.5474,daily_hours,2.22,hard_brakes_per_100km,1.91,sharp_turns_per_100km,1.74
D1226,19,-0.5424,daily_hours,2.8,daily_km,2.45,hard_brakes_per_100km,1.8
D1229,2,-0.5364,fuel_per_100km,3.44,idle_time_pct,3.0,daily_hours,2.05
D1229,8,-0.5542,idle_time_pct,3.6,daily_lifting_events,2.88,fuel_per_100km,2.6
D1229,11,-0.6087,idle_time_pct,5.75,fuel_per_100km,3.72,phone_use_per_100km,2.65
D1233,4,-0.5398,idle_time_pct,3.66,fuel_per_100km,2.83,phone_use_per_100km,2.57
D1233,17,-0.5397,daily_floors,2.32,daily_steps,2.19,sharp_turns_per_100km,1.9
D1233,24,-0.574,idle_time_pct,4.46,fuel_per_100km,3.17,daily_lifting_events,1.86
D1234,3,-0.5461,speeding_per_100km,2.76,daily_floors,2.28,daily_steps,1.8
D1234,9,-0.5721,speeding_per_100km,3.77,daily_hours,2.72,daily_km,1.85
D1234,20,-0.5583,phone_use_per_100km,3.64,daily_lifting_events,2.49,daily_steps,1.73
D1238,17,-0.5457,idle_time_pct,4.98,daily_lifting_events,2.88,fuel_per_100km,2.15
D1240,25,-0.5612,idle_time_pct,4.61,phone_use_per_100km,2.73,daily_lifting_events,2.49
D1241,2,-0.5582,speeding_per_100km,2.55,hard_accels_per_100km,2.36,daily_lifting_events,1.93
D1241,3,-0.5684,daily_floors,2.93,daily_lifting_events,2.88,hard_accels_per_100km,2.26
D1241,14,-0.5388,hard_brakes_per_100km,2.75,speeding_per_100km,2.32,hard_accels_per_100km,2.24
D1241,16,-0.5627,hard_accels_per_100km,3.0,hard_brakes_per_100km,2.84,total_events_per_100km,2.13
D1242,16,-0.5551,idle_time_pct,3.48,fuel_per_100km,2.9,daily_floors,2.48
D1243,17,-0.548,daily_hours,2.72,idle_time_pct,2.42,daily_lifting_events,1.84
D1244,4,-0.5356,hard_accels_per_100km,3.14,hard_brakes_per_100km,2.28,total_events_per_100km,1.75
D1245,24,-0.538,phone_use_per_100km,3.01,sharp_turns_per_100km,2.11,hard_accels_per_100km,2.11
D1247,2,-0.5618,daily_lifting_events,5.24,phone_use_per_100km,1.73,night_driving_pct,1.57
D1249,6,-0.5408,hard_brakes_per_100km,3.02,hard_accels_per_100km,2.22,total_events_per_100km,1.98
D1249,19,-0.5402,hard_accels_per_100km,2.92,speeding_per_100km,2.65,total_events_per_100km,2.3
D1249,20,-0.5612,speeding_per_100km,3.08,phone_use_per_100km,2.78,hard_accels_per_100km,2.68
D1249,21,-0.5967,phone_use_per_100km,3.33,hard_brakes_per_100km,3.12,hard_accels_per_100km,3.11
D1249,22,-0.5575,total_events_per_100km,2.87,speeding_per_100km,2.82,hard_accels_per_100km,2.74
D1249,23,-0.613,hard_accels_per_100km,3.93,total_events_per_100km,3.47,hard_brakes_per_100km,3.18
D1249,24,-0.6081,speeding_per_100km,5.25,total_events_per_100km,3.81,hard_accels_per_100km,3.78
D1249,25,-0.6576,hard_brakes_per_100km,4.72,sharp_turns_per_100km,4.62,total_events_per_100km,4.25
D1250,8,-0.5453,daily_hours,2.29,daily_km,2.22,night_driving_pct,1.57
D1255,15,-0.5772,idle_time_pct,4.54,fuel_per_100km,2.94,daily_hours,1.88
D1264,8,-0.5595,idle_time_pct,3.9,fuel_per_100km,3.75,daily_floors,2.41
D1264,21,-0.5385,daily_lifting_events,4.06,idle_time_pct,3.04,fuel_per_100km,2.12
D1266,8,-0.5744,daily_lifting_events,3.43,daily_steps,2.35,daily_floors,2.32
D1267,9,-0.5362,hard_accels_per_100km,2.97,total_events_per_100km,2.15,sharp_turns_per_100km,1.8
D1267,10,-0.6411,hard_accels_per_100km,3.87,phone_use_per_100km,2.99,sharp_turns_per_100km,2.97
D1267,11,-0.6156,hard_accels_per_100km,4.35,sharp_turns_per_100km,4.34,speeding_per_100km,3.28
D1267,12,-0.696,hard_brakes_per_100km,5.9,speeding_per_100km,4.41,total_events_per_100km,4.31
D1268,5,-0.543,sharp_turns_per_100km,3.8,speeding_per_100km,2.47,total_events_per_100km,1.97
D1270,3,-0.5582,daily_hours,2.8,daily_km,2.34,hard_accels_per_100km,2.17
D1270,4,-0.5555,daily_km,2.91,daily_hours,2.29,hard_accels_per_100km,2.11
D1270,5,-0.5501,hard_accels_per_100km,2.39,daily_km,2.14,sharp_turns_per_100km,2.01
D1270,6,-0.5519,hard_accels_per_100km,3.13,sharp_turns_per_100km,2.29,total_events_per_100km,2.1
D1270,7,-0.5861,sharp_turns_per_100km,4.17,total_events_per_100km,3.06,hard_accels_per_100km,2.61
D1270,8,-0.5995,sharp_turns_per_100km,4.42,hard_accels_per_100km,4.1,total_events_per_100km,3.08
D1270,9,-0.6165,hard_accels_per_100km,4.29,total_events_per_100km,3.25,sharp_turns_per_100km,2.84
D1271,17,-0.5421,sharp_turns_per_100km,3.11,daily_hours,2.05,hard_brakes_per_100km,1.59
D1272,21,-0.5462,speeding_per_100km,2.64,daily_lifting_events,1.69,night_driving_pct,1.57
D1272,22,-0.5721,hard_brakes_per_100km,3.76,phone_use_per_100km,2.07,daily_lifting_events,1.84
D1276,1,-0.5548,hard_accels_per_100km,2.43,speeding_per_100km,2.2,total_events_per_100km,1.84
D1276,3,-0.5357,phone_use_per_100km,2.49,fuel_per_100km,2.2,hard_accels_per_100km,2.03
D1276,5,-0.5723,phone_use_per_100km,2.78,hard_accels_per_100km,2.23,hard_brakes_per_100km,1.94
D1276,7,-0.5738,daily_steps,2.45,daily_hours,2.29,hard_accels_per_100km,2.18
D1276,8,-0.5938,speeding_per_100km,4.44,phone_use_per_100km,2.96,total_events_per_100km,2.08
D1276,9,-0.5365,hard_brakes_per_100km,2.25,speeding_per_100km,2.21,hard_accels_per_100km,1.95
D1276,12,-0.5696,hard_brakes_per_100km,2.48,daily_floors,2.35,speeding_per_100km,2.23
D1276,14,-0.6066,hard_brakes_per_100km,3.16,speeding_per_100km,3.01,total_events_per_100km,2.97
D1276,15,-0.5998,hard_accels_per_100km,4.26,speeding_per_100km,4.09,total_events_per_100km,2.9
D1276,16,-0.6386,phone_use_per_100km,3.82,hard_brakes_per_100km,3.23,total_events_per_100km,3.11
D1276,17,-0.6695,speeding_per_100km,4.03,total_events_per_100km,4.02,phone_use_per_100km,4.0
D1276,18,-0.6681,hard_accels_per_100km,4.59,speeding_per_100km,4.5,hard_brakes_per_100km,4.25
D1276,19,-0.6132,hard_accels_per_100km,3.08,speeding_per_100km,3.02,total_events_per_100km,2.95
D1282,1,-0.5472,daily_km,2.87,daily_hours,2.46,hard_accels_per_100km,2.14
D1282,10,-0.5418,speeding_per_100km,2.28,hard_accels_per_100km,2.22,total_events_per_100km,1.94
D1282,12,-0.536,daily_hours,2.46,speeding_per_100km,2.23,daily_km,2.18
D1282,15,-0.5634,hard_accels_per_100km,3.04,daily_hours,2.39,daily_steps,2.02
D1282,23,-0.5376,daily_hours,2.8,daily_km,2.56,sharp_turns_per_100km,2.04
D1283,3,-0.5385,hard_accels_per_100km,2.69,phone_use_per_100km,2.02,daily_hours,1.72
D1285,2,-0.5374,hard_brakes_per_100km,2.66,daily_floors,2.08,daily_steps,2.06
D1285,3,-0.6151,phone_use_per_100km,3.9,speeding_per_100km,2.49,idle_time_pct,2.4
D1285,13,-0.6198,hard_brakes_per_100km,3.97,fuel_per_100km,3.69,daily_floors,3.47
D1285,19,-0.5626,hard_brakes_per_100km,3.23,total_events_per_100km,2.29,sharp_turns_per_100km,2.17
D1285,21,-0.5661,speeding_per_100km,2.84,hard_brakes_per_100km,2.71,hard_accels_per_100km,2.61
D1288,8,-0.5509,hard_accels_per_100km,2.68,daily_floors,2.26,daily_lifting_events,1.93
D1288,13,-0.6492,phone_use_per_100km,4.92,hard_accels_per_100km,3.55,hard_brakes_per_100km,3.18
D1288,14,-0.668,phone_use_per_100km,4.68,hard_brakes_per_100km,3.55,speeding_per_100km,3.04
D1288,15,-0.6398,sharp_turns_per_100km,3.96,hard_brakes_per_100km,3.38,total_events_per_100km,3.14
D1288,16,-0.5565,hard_brakes_per_100km,3.66,total_events_per_100km,2.69,speeding_per_100km,2.46
D1288,17,-0.6286,hard_brakes_per_100km,3.84,total_events_per_100km,3.37,hard_accels_per_100km,3.14
D1290,3,-0.5428,hard_accels_per_100km,2.37,speeding_per_100km,2.36,daily_floors,2.23
D1290,14,-0.5601,hard_brakes_per_100km,3.18,hard_accels_per_100km,3.03,total_events_per_100km,2.31
D1290,15,-0.6019,speeding_per_100km,4.9,total_events_per_100km,2.81,hard_brakes_per_100km,2.59
D1290,16,-0.6331,daily_hours,2.89,sharp_turns_per_100km,2.78,speeding_per_100km,2.7
D1290,17,-0.5982,hard_accels_per_100km,3.02,hard_brakes_per_100km,3.0,total_events_per_100km,2.93
D1290,19,-0.6091,hard_brakes_per_100km,5.49,speeding_per_100km,3.46,total_events_per_100km,3.32
D1290,20,-0.6406,hard_accels_per_100km,4.34,total_events_per_100km,4.08,hard_brakes_per_100km,4.06
D1290,21,-0.6158,hard_brakes_per_100km,4.09,sharp_turns_per_100km,3.78,total_events_per_100km,3.53
D1294,13,-0.5497,sharp_turns_per_100km,3.08,idle_time_pct,2.45,total_events_per_100km,2.38
D1294,15,-0.5381,sharp_turns_per_100km,3.01,total_events_per_100km,2.6,idle_time_pct,2.17
D1298,5,-0.5443,speeding_per_100km,2.55,phone_use_per_100km,2.0,night_driving_pct,1.57
D1298,17,-0.5509,speeding_per_100km,2.56,daily_lifting_events,2.47,phone_use_per_100km,2.28
D1298,20,-0.55,daily_km,3.01,daily_hours,2.63,hard_brakes_per_100km,1.83
D1298,23,-0.5477,phone_use_per_100km,2.6,hard_accels_per_100km,2.46,speeding_per_100km,2.26
D1301,5,-0.5579,fuel_per_100km,4.0,idle_time_pct,3.29,daily_km,1.79
D1301,9,-0.5723,idle_time_pct,4.32,fuel_per_100km,3.56,daily_km,1.74
D1301,23,-0.5379,idle_time_pct,3.31,fuel_per_100km,2.25,daily_steps,2.11
D1302,9,-0.5797,daily_lifting_events,2.24,daily_hours,2.22,fuel_per_100km,2.08
D1306,2,-0.5578,hard_accels_per_100km,2.8,hard_brakes_per_100km,2.21,total_events_per_100km,2.09
D1306,21,-0.5597,daily_km,2.51,daily_hours,2.29,hard_accels_per_100km,2.07
D1306,25,-0.5706,speeding_per_100km,3.24,hard_brakes_per_100km,2.73,daily_lifting_events,2.0
D1309,13,-0.5469,hard_accels_per_100km,3.37,sharp_turns_per_100km,2.88,phone_use_per_100km,2.78
D1309,19,-0.5781,sharp_turns_per_100km,4.02,phone_use_per_100km,2.33,daily_lifting_events,2.24
D1309,24,-0.546,daily_km,2.81,daily_hours,2.29,sharp_turns_per_100km,1.8
D1310,11,-0.5791,hard_brakes_per_100km,2.67,daily_hours,2.22,speeding_per_100km,2.09
D1310,23,-0.5541,hard_accels_per_100km,2.74,hard_brakes_per_100km,2.53,daily_lifting_events,2.33
D1310,26,-0.5537,phone_use_per_100km,2.75,hard_accels_per_100km,2.24,hard_brakes_per_100km,1.91
D1312,16,-0.5456,daily_lifting_events,2.63,daily_steps,1.88,fuel_per_100km,1.77
D1316,19,-0.5646,sharp_turns_per_100km,3.75,speeding_per_100km,2.88,phone_use_per_100km,2.41
D1317,16,-0.539,total_events_per_100km,2.64,phone_use_per_100km,2.18,daily_lifting_events,2.09
D1317,17,-0.5824,sharp_turns_per_100km,4.14,idle_time_pct,3.03,total_events_per_100km,2.7
D1319,4,-0.5482,hard_brakes_per_100km,3.18,daily_hours,2.22,total_events_per_100km,1.69
D1319,14,-0.5654,phone_use_per_100km,4.06,hard_brakes_per_100km,2.22,hard_accels_per_100km,2.0
D1319,21,-0.5377,hard_accels_per_100km,3.06,hard_brakes_per_100km,2.16,daily_lifting_events,1.84
D1320,1,-0.5479,hard_brakes_per_100km,2.92,phone_use_per_100km,2.57,total_events_per_100km,2.06
D1320,2,-0.5763,phone_use_per_100km,2.91,daily_hours,2.55,hard_accels_per_100km,2.23
D1320,6,-0.5908,hard_accels_per_100km,4.85,daily_lifting_events,2.63,hard_brakes_per_100km,2.11
D1320,15,-0.5585,speeding_per_100km,2.29,daily_steps,2.07,hard_accels_per_100km,2.07
D1320,17,-0.5544,hard_accels_per_100km,2.95,total_events_per_100km,2.38,sharp_turns_per_100km,2.24
D1320,22,-0.5386,phone_use_per_100km,3.3,hard_brakes_per_100km,1.97,sharp_turns_per_100km,1.68
D1321,21,-0.5512,daily_floors,3.04,daily_steps,2.54,daily_lifting_events,2.33
D1323,13,-0.5348,daily_km,2.25,speeding_per_100km,1.97,hard_accels_per_100km,1.71
D1324,1,-0.5376,daily_km,2.09,hard_accels_per_100km,1.92,speeding_per_100km,1.75
D1324,7,-0.5388,sharp_turns_per_100km,2.49,hard_brakes_per_100km,2.15,speeding_per_100km,1.97
D1324,8,-0.5464,hard_accels_per_100km,2.34,hard_brakes_per_100km,1.86,phone_use_per_100km,1.84
D1324,12,-0.5633,hard_accels_per_100km,2.45,speeding_per_100km,2.36,daily_lifting_events,2.0
D1324,21,-0.5621,speeding_per_100km,2.75,daily_lifting_events,2.47,sharp_turns_per_100km,2.09
D1324,23,-0.5586,speeding_per_100km,2.32,hard_accels_per_100km,2.04,total_events_per_100km,1.86
D1326,17,-0.5346,phone_use_per_100km,2.02,daily_km,1.97,sharp_turns_per_100km,1.96
D1326,26,-0.5824,daily_km,3.28,daily_hours,2.63,daily_lifting_events,2.09
D1332,4,-0.5427,hard_brakes_per_100km,2.21,speeding_per_100km,1.97,fuel_per_100km,1.85
D1332,13,-0.5423,phone_use_per_100km,2.41,hard_accels_per_100km,2.08,daily_hours,1.88
D1332,15,-0.5574,speeding_per_100km,2.36,hard_brakes_per_100km,2.31,total_events_per_100km,2.3
D1332,16,-0.5409,daily_lifting_events,2.25,daily_steps,2.05,sharp_turns_per_100km,1.6
D1332,17,-0.5461,hard_accels_per_100km,3.14,phone_use_per_100km,2.18,speeding_per_100km,2.14
D1332,25,-0.5545,phone_use_per_100km,2.41,daily_steps,1.98,sharp_turns_per_100km,1.92
D1333,4,-0.5346,speeding_per_100km,2.14,daily_hours,2.13,daily_km,2.12
D1333,11,-0.5817,phone_use_per_100km,3.85,sharp_turns_per_100km,2.27,speeding_per_100km,2.0
D1333,17,-0.5425,speeding_per_100km,1.9,hard_brakes_per_100km,1.73,daily_lifting_events,1.61
D1338,24,-0.5778,idle_time_pct,3.39,daily_hours,2.55,hard_brakes_per_100km,2.49
D1343,8,-0.5474,idle_time_pct,2.68,phone_use_per_100km,2.15,fuel_per_100km,1.8
D1343,9,-0.5418,idle_time_pct,3.03,speeding_per_100km,1.88,total_events_per_100km,1.74
D1343,11,-0.5513,idle_time_pct,2.32,sharp_turns_per_100km,2.32,total_events_per_100km,2.2
D1344,11,-0.558,hard_accels_per_100km,2.41,daily_km,2.25,daily_hours,2.13
D1344,20,-0.5628,daily_km,2.87,daily_hours,2.29,hard_accels_per_100km,2.23
D1346,6,-0.5346,idle_time_pct,3.22,fuel_per_100km,2.34,daily_hours,2.05
D1346,22,-0.539,total_events_per_100km,2.34,hard_brakes_per_100km,2.27,sharp_turns_per_100km,1.99
D1347,2,-0.5763,phone_use_per_100km,3.46,hard_accels_per_100km,3.22,hard_brakes_per_100km,2.19
D1347,4,-0.5991,daily_lifting_events,3.82,fuel_per_100km,2.45,daily_steps,2.36
D1347,5,-0.5621,phone_use_per_100km,3.48,speeding_per_100km,2.18,hard_brakes_per_100km,2.16
D1347,9,-0.6352,speeding_per_100km,3.74,phone_use_per_100km,3.4,hard_brakes_per_100km,3.31
D1347,21,-0.559,speeding_per_100km,2.71,daily_steps,2.19,fuel_per_100km,1.85
D1347,24,-0.6097,daily_floors,3.11,hard_brakes_per_100km,2.97,daily_steps,2.93
D1348,2,-0.5428,daily_floors,1.94,daily_hours,1.79,phone_use_per_100km,1.79
D1349,2,-0.5378,speeding_per_100km,3.18,daily_floors,2.16,phone_use_per_100km,1.87
D1349,8,-0.5667,hard_brakes_per_100km,3.51,daily_hours,2.22,sharp_turns_per_100km,2.21
D1349,13,-0.5372,daily_lifting_events,2.88,hard_accels_per_100km,1.71,hard_brakes_per_100km,1.57
D1349,14,-0.5948,hard_accels_per_100km,3.13,speeding_per_100km,2.97,total_events_per_100km,2.77
D1349,16,-0.5618,speeding_per_100km,2.65,total_events_per_100km,2.45,phone_use_per_100km,2.39
D1349,23,-0.5798,hard_brakes_per_100km,3.19,total_events_per_100km,2.03,daily_steps,2.02
D1350,9,-0.5454,daily_steps,2.5,daily_lifting_events,2.33,daily_floors,1.96
D1357,18,-0.5494,daily_hours,4.47,daily_km,3.5,fuel_per_100km,1.93
D1358,20,-0.5722,idle_time_pct,2.84,daily_lifting_events,2.33,speeding_per_100km,2.1
D1358,25,-0.5359,phone_use_per_100km,3.04,daily_hours,2.13,total_events_per_100km,1.46
D1358,26,-0.575,idle_time_pct,3.7,daily_hours,2.55,fuel_per_100km,2.13
D1360,7,-0.5849,fuel_per_100km,2.91,daily_floors,2.77,daily_steps,1.94
D1360,18,-0.5617,hard_accels_per_100km,3.23,speeding_per_100km,2.83,total_events_per_100km,2.59
D1360,20,-0.5509,hard_accels_per_100km,2.54,total_events_per_100km,2.36,sharp_turns_per_100km,2.29
D1360,21,-0.5869,phone_use_per_100km,3.04,hard_accels_per_100km,2.95,hard_brakes_per_100km,2.69
D1360,22,-0.664,hard_accels_per_100km,7.27,speeding_per_100km,7.12,total_events_per_100km,4.31
D1363,15,-0.5457,daily_hours,2.8,daily_km,2.36,night_driving_pct,1.57
D1363,16,-0.5402,daily_km,2.5,daily_hours,2.29,daily_lifting_events,1.84
D1363,18,-0.5566,daily_hours,3.13,daily_km,2.89,hard_brakes_per_100km,1.75
D1365,8,-0.5388,daily_hours,3.39,idle_time_pct,2.53,daily_km,1.96
D1367,13,-0.5395,daily_km,2.48,sharp_turns_per_100km,1.86,daily_hours,1.63
D1367,15,-0.5432,daily_km,2.43,hard_accels_per_100km,2.12,hard_brakes_per_100km,2.06
D1367,21,-0.5394,daily_km,2.49,daily_hours,2.46,hard_accels_per_100km,1.75
D1367,24,-0.5686,hard_brakes_per_100km,2.64,daily_km,2.32,speeding_per_100km,2.22
D1368,6,-0.5414,daily_hours,3.05,daily_km,1.94,daily_lifting_events,1.84
D1368,23,-0.5384,daily_steps,2.49,daily_lifting_events,2.09,phone_use_per_100km,1.87
D1376,24,-0.535,daily_lifting_events,2.56,daily_floors,2.07,daily_steps,1.93
D1377,14,-0.5463,idle_time_pct,3.13,daily_lifting_events,2.49,fuel_per_100km,1.9
D1377,16,-0.5807,hard_brakes_per_100km,3.15,phone_use_per_100km,2.65,daily_hours,2.05
D1377,21,-0.5691,idle_time_pct,4.17,sharp_turns_per_100km,2.59,fuel_per_100km,2.35
D1381,1,-0.5858,phone_use_per_100km,3.09,daily_steps,2.86,fuel_per_100km,2.74
D1381,5,-0.5837,daily_steps,3.61,phone_use_per_100km,3.43,daily_floors,2.18
D1381,12,-0.564,phone_use_per_100km,3.43,daily_hours,2.39,hard_brakes_per_100km,2.07
D1381,16,-0.551,phone_use_per_100km,3.48,daily_floors,2.37,fuel_per_100km,2.03
D1381,25,-0.5727,daily_floors,3.52,daily_steps,3.52,daily_lifting_events,3.51
D1382,4,-0.547,speeding_per_100km,2.31,daily_lifting_events,2.24,fuel_per_100km,2.07
D1382,14,-0.5414,phone_use_per_100km,2.28,daily_hours,2.22,speeding_per_100km,2.07
D1382,25,-0.5427,daily_lifting_events,2.88,daily_steps,2.45,speeding_per_100km,2.27
D1383,5,-0.5606,daily_lifting_events,2.72,daily_hours,2.63,phone_use_per_100km,2.28
D1383,12,-0.5427,daily_lifting_events,2.24,sharp_turns_per_100km,2.13,daily_hours,1.88
D1386,7,-0.564,daily_floors,2.93,fuel_per_100km,2.77,daily_steps,2.21
D1386,13,-0.6067,daily_hours,3.56,fuel_per_100km,3.35,idle_time_pct,2.63
D1386,15,-0.537,daily_steps,2.33,daily_lifting_events,2.09,daily_floors,1.81
D1388,24,-0.5381,daily_lifting_events,2.63,phone_use_per_100km,1.76,daily_km,1.47
D1390,1,-0.566,hard_accels_per_100km,2.76,daily_hours,2.72,fuel_per_100km,2.24
D1390,15,-0.5633,phone_use_per_100km,3.22,hard_brakes_per_100km,2.65,hard_accels_per_100km,2.39
D1390,16,-0.5831,sharp_turns_per_100km,3.7,hard_brakes_per_100km,2.79,total_events_per_100km,2.64
D1390,17,-0.5617,sharp_turns_per_100km,3.3,phone_use_per_100km,3.01,hard_accels_per_100km,2.75
D1390,18,-0.5847,hard_accels_per_100km,3.5,total_events_per_100km,2.72,hard_brakes_per_100km,2.53
D1391,20,-0.5458,hard_accels_per_100km,2.39,hard_brakes_per_100km,2.31,phone_use_per_100km,1.76
D1394,4,-0.5537,hard_accels_per_100km,2.23,daily_hours,2.05,speeding_per_100km,2.01
D1394,12,-0.5391,hard_accels_per_100km,3.05,sharp_turns_per_100km,2.05,speeding_per_100km,2.02
D1394,23,-0.5545,daily_lifting_events,2.72,sharp_turns_per_100km,2.05,hard_accels_per_100km,1.96
D1394,25,-0.5366,phone_use_per_100km,3.09,sharp_turns_per_100km,2.73,total_events_per_100km,1.62
D1395,11,-0.5753,daily_km,2.66,daily_hours,2.63,hard_brakes_per_100km,2.11
D1398,10,-0.5595,daily_steps,3.12,daily_floors,3.09,daily_hours,2.63
D1399,1,-0.5374,daily_lifting_events,2.41,daily_hours,2.29,speeding_per_100km,2.03
D1399,3,-0.5418,hard_accels_per_100km,2.5,fuel_per_100km,2.17,daily_hours,1.55
D1399,20,-0.5683,hard_brakes_per_100km,3.49,sharp_turns_per_100km,2.77,total_events_per_100km,2.73
D1399,21,-0.6179,speeding_per_100km,5.26,hard_brakes_per_100km,4.12,total_events_per_100km,3.74
D1399,22,-0.6056,hard_accels_per_100km,3.52,total_events_per_100km,2.95,hard_brakes_per_100km,2.86
D1399,23,-0.5923,hard_brakes_per_100km,3.41,total_events_per_100km,3.03,hard_accels_per_100km,2.76
D1399,24,-0.5434,speeding_per_100km,3.09,hard_brakes_per_100km,2.65,total_events_per_100km,2.54
D1399,25,-0.6399,hard_accels_per_100km,5.32,hard_brakes_per_100km,4.02,total_events_per_100km,3.84
D1400,8,-0.5544,idle_time_pct,2.59,fuel_per_100km,2.32,daily_hours,1.88
D1405,14,-0.5939,speeding_per_100km,4.33,phone_use_per_100km,3.06,sharp_turns_per_100km,2.93
D1405,15,-0.5825,speeding_per_100km,3.54,sharp_turns_per_100km,3.17,total_events_per_100km,2.87
D1405,16,-0.5877,sharp_turns_per_100km,4.28,hard_accels_per_100km,3.02,total_events_per_100km,3.01
D1407,2,-0.6155,idle_time_pct,3.82,fuel_per_100km,3.76,phone_use_per_100km,3.01
D1407,4,-0.5471,idle_time_pct,3.09,daily_floors,2.45,hard_accels_per_100km,1.58
D1407,5,-0.5609,idle_time_pct,3.12,phone_use_per_100km,2.78,fuel_per_100km,2.11
D1407,13,-0.5422,daily_floors,3.69,daily_steps,2.59,idle_time_pct,2.34
D1407,24,-0.5794,idle_time_pct,5.6,fuel_per_100km,4.46,daily_steps,1.97
D1408,20,-0.5625,phone_use_per_100km,3.69,total_events_per_100km,2.28,sharp_turns_per_100km,1.85
D1408,21,-0.5582,total_events_per_100km,2.98,sharp_turns_per_100km,2.43,speeding_per_100km,2.37
D1408,22,-0.6045,sharp_turns_per_100km,3.82,total_events_per_100km,3.66,phone_use_per_100km,2.96
D1409,3,-0.5533,daily_km,2.79,daily_hours,2.63,hard_accels_per_100km,2.18
D1409,20,-0.5564,daily_km,2.58,daily_hours,2.13,daily_lifting_events,1.69
D1412,1,-0.5466,sharp_turns_per_100km,2.83,total_events_per_100km,2.14,fuel_per_100km,2.06
D1412,14,-0.5724,daily_lifting_events,4.06,speeding_per_100km,2.63,daily_steps,2.29
D1412,21,-0.5395,daily_lifting_events,3.67,sharp_turns_per_100km,2.31,daily_steps,1.52
D1412,23,-0.5476,daily_lifting_events,2.56,daily_steps,2.4,hard_accels_per_100km,2.34
D1414,11,-0.5447,daily_km,2.31,hard_accels_per_100km,2.18,daily_hours,2.13
D1414,13,-0.5617,daily_hours,4.8,daily_km,3.35,daily_lifting_events,1.84
D1414,15,-0.5404,daily_km,2.42,hard_brakes_per_100km,2.17,daily_hours,1.96
D1414,17,-0.5834,hard_accels_per_100km,4.01,total_events_per_100km,2.9,hard_brakes_per_100km,2.84
D1414,18,-0.5357,hard_accels_per_100km,2.97,hard_brakes_per_100km,2.01,total_events_per_100km,1.66
D1414,21,-0.5406,speeding_per_100km,2.1,daily_km,1.99,sharp_turns_per_100km,1.76
D1414,24,-0.5389,hard_accels_per_100km,2.39,daily_lifting_events,2.08,total_events_per_100km,1.6
D1416,1,-0.5543,phone_use_per_100km,2.33,daily_steps,2.11,daily_floors,2.11
D1416,6,-0.5356,phone_use_per_100km,2.62,daily_lifting_events,2.33,fuel_per_100km,1.91
D1416,12,-0.5405,daily_lifting_events,2.09,hard_brakes_per_100km,1.98,daily_hours,1.63
D1416,19,-0.5487,sharp_turns_per_100km,2.28,speeding_per_100km,2.23,daily_floors,1.96
D1416,25,-0.5482,daily_lifting_events,2.72,daily_steps,2.28,daily_floors,2.11
D1418,23,-0.5926,daily_lifting_events,3.67,idle_time_pct,3.08,sharp_turns_per_100km,2.3
D1423,22,-0.577,phone_use_per_100km,3.46,daily_km,3.38,daily_hours,2.63
D1423,26,-0.5475,hard_accels_per_100km,2.63,daily_km,2.27,phone_use_per_100km,2.07
D1426,4,-0.5358,hard_brakes_per_100km,2.89,speeding_per_100km,2.57,sharp_turns_per_100km,1.85
D1427,4,-0.5381,sharp_turns_per_100km,2.21,daily_km,1.84,daily_lifting_events,1.69
D1427,9,-0.5738,phone_use_per_100km,2.78,hard_brakes_per_100km,2.62,speeding_per_100km,2.33
D1427,10,-0.5408,hard_brakes_per_100km,2.59,phone_use_per_100km,2.44,total_events_per_100km,2.01
D1427,11,-0.628,speeding_per_100km,4.1,hard_accels_per_100km,3.19,total_events_per_100km,3.0
D1427,12,-0.6008,hard_brakes_per_100km,3.35,speeding_per_100km,3.13,phone_use_per_100km,2.99
D1427,13,-0.6322,phone_use_per_100km,4.06,speeding_per_100km,3.95,total_events_per_100km,2.87
D1427,14,-0.6268,speeding_per_100km,4.25,hard_brakes_per_100km,4.0,total_events_per_100km,3.15
D1429,1,-0.5812,phone_use_per_100km,4.26,fuel_per_100km,2.68,daily_floors,2.34
D1429,4,-0.5466,hard_accels_per_100km,2.54,fuel_per_100km,2.35,sharp_turns_per_100km,2.18
D1429,7,-0.535,fuel_per_100km,2.44,hard_accels_per_100km,2.23,daily_steps,2.08
D1429,9,-0.5589,hard_brakes_per_100km,2.98,speeding_per_100km,2.9,sharp_turns_per_100km,2.46
D1429,12,-0.6198,phone_use_per_100km,4.55,sharp_turns_per_100km,3.62,hard_accels_per_100km,3.25
D1429,13,-0.5737,speeding_per_100km,3.69,hard_brakes_per_100km,3.57,total_events_per_100km,2.68
D1429,14,-0.6009,hard_brakes_per_100km,3.56,phone_use_per_100km,3.53,total_events_per_100km,2.74
D1429,15,-0.6295,sharp_turns_per_100km,4.1,hard_accels_per_100km,3.98,total_events_per_100km,3.53
D1429,16,-0.6545,speeding_per_100km,4.69,total_events_per_100km,4.25,hard_brakes_per_100km,4.02
D1429,17,-0.6185,speeding_per_100km,5.11,phone_use_per_100km,4.11,total_events_per_100km,3.15
D1430,5,-0.6006,daily_floors,3.31,idle_time_pct,3.15,daily_lifting_events,2.88
D1434,12,-0.5624,daily_lifting_events,2.63,idle_time_pct,2.07,daily_hours,2.05
D1435,6,-0.5426,daily_lifting_events,2.09,daily_steps,2.05,fuel_per_100km,1.95
D1435,23,-0.6017,speeding_per_100km,3.4,daily_lifting_events,3.12,daily_steps,3.11
D1437,3,-0.5467,phone_use_per_100km,2.78,sharp_turns_per_100km,2.44,speeding_per_100km,2.1
D1437,7,-0.5406,speeding_per_100km,3.12,hard_accels_per_100km,2.45,phone_use_per_100km,2.02
D1437,9,-0.5352,hard_brakes_per_100km,2.57,phone_use_per_100km,1.89,hard_accels_per_100km,1.81
D1437,13,-0.5349,hard_brakes_per_100km,2.98,sharp_turns_per_100km,1.89,total_events_per_100km,1.88
D1437,15,-0.5851,daily_hours,3.05,idle_time_pct,2.57,fuel_per_100km,2.45
D1437,16,-0.5634,hard_brakes_per_100km,2.95,hard_accels_per_100km,2.35,total_events_per_100km,2.26
D1438,23,-0.5372,daily_steps,2.45,daily_hours,1.72,night_driving_pct,1.57
D1440,25,-0.5801,sharp_turns_per_100km,3.71,daily_hours,3.39,daily_km,2.05
D1444,4,-0.5937,daily_floors,4.6,daily_steps,4.52,idle_time_pct,4.28
D1444,9,-0.5359,idle_time_pct,3.18,fuel_per_100km,2.55,phone_use_per_100km,1.76
D1447,26,-0.5518,daily_lifting_events,2.24,daily_hours,2.05,night_driving_pct,1.57
D1451,17,-0.5378,daily_km,3.58,daily_hours,2.8,fuel_per_100km,2.05
D1454,19,-0.552,daily_lifting_events,2.63,daily_hours,2.05,daily_steps,1.49
D1456,13,-0.5477,sharp_turns_per_100km,2.8,daily_lifting_events,2.0,hard_accels_per_100km,1.93
D1456,14,-0.6,sharp_turns_per_100km,4.06,hard_accels_per_100km,3.25,phone_use_per_100km,2.7
D1456,15,-0.5798,hard_accels_per_100km,2.88,total_events_per_100km,2.52,speeding_per_100km,2.33
D1456,16,-0.6459,hard_accels_per_100km,3.71,sharp_turns_per_100km,3.37,total_events_per_100km,3.35
D1456,17,-0.6247,hard_accels_per_100km,4.71,total_events_per_100km,3.84,hard_brakes_per_100km,3.71
D1457,12,-0.5476,idle_time_pct,3.37,phone_use_per_100km,2.2,sharp_turns_per_100km,1.84
D1457,15,-0.5549,speeding_per_100km,3.13,sharp_turns_per_100km,2.46,phone_use_per_100km,2.33
D1462,3,-0.5624,daily_km,2.68,daily_hours,2.63,hard_brakes_per_100km,2.07
D1462,11,-0.5443,daily_km,2.06,phone_use_per_100km,1.73,sharp_turns_per_100km,1.63
D1462,14,-0.5495,sharp_turns_per_100km,3.44,phone_use_per_100km,2.6,speeding_per_100km,1.99
D1462,23,-0.552,daily_hours,2.8,daily_km,2.57,hard_accels_per_100km,1.98
D1462,25,-0.5362,daily_km,2.16,speeding_per_100km,2.08,hard_accels_per_100km,1.71
D1462,26,-0.5468,hard_brakes_per_100km,2.08,daily_lifting_events,2.08,hard_accels_per_100km,2.03
D1463,11,-0.619,phone_use_per_100km,5.07,daily_hours,3.22,daily_lifting_events,2.24
D1464,6,-0.5489,daily_lifting_events,3.04,idle_time_pct,2.36,daily_floors,2.2
D1464,20,-0.6099,hard_brakes_per_100km,3.81,sharp_turns_per_100km,3.37,phone_use_per_100km,2.93
D1464,21,-0.5471,idle_time_pct,2.92,speeding_per_100km,2.23,fuel_per_100km,2.14
D1464,24,-0.5407,speeding_per_100km,3.43,total_events_per_100km,2.51,sharp_turns_per_100km,2.38
D1464,25,-0.6437,sharp_turns_per_100km,3.23,total_events_per_100km,3.21,speeding_per_100km,3.13
D1465,12,-0.5538,idle_time_pct,5.35,fuel_per_100km,3.35,daily_hours,2.22
D1465,14,-0.5444,daily_floors,3.18,idle_time_pct,3.14,daily_steps,2.18
D1469,3,-0.5384,daily_hours,2.22,daily_lifting_events,2.0,fuel_per_100km,1.9
D1469,16,-0.5445,daily_steps,2.67,daily_floors,2.31,daily_lifting_events,1.93
D1469,17,-0.5457,phone_use_per_100km,4.94,hard_accels_per_100km,2.37,total_events_per_100km,1.77
D1469,20,-0.5961,phone_use_per_100km,5.78,hard_accels_per_100km,2.85,speeding_per_100km,2.85
D1469,21,-0.5707,hard_accels_per_100km,4.31,sharp_turns_per_100km,2.92,phone_use_per_100km,2.54
D1469,22,-0.551,hard_accels_per_100km,2.53,hard_brakes_per_100km,2.2,total_events_per_100km,2.05
D1469,23,-0.5758,phone_use_per_100km,4.29,hard_accels_per_100km,2.64,total_events_per_100km,2.35
D1470,2,-0.5394,idle_time_pct,2.98,fuel_per_100km,2.14,daily_lifting_events,1.93
D1470,7,-0.5482,fuel_per_100km,3.19,idle_time_pct,3.14,phone_use_per_100km,1.63
D1470,8,-0.5398,fuel_per_100km,2.95,idle_time_pct,2.86,daily_hours,1.88
D1470,11,-0.5349,fuel_per_100km,2.65,idle_time_pct,2.33,night_driving_pct,1.57
D1470,12,-0.5558,daily_hours,2.46,daily_lifting_events,2.33,idle_time_pct,2.05
D1470,18,-0.5701,phone_use_per_100km,3.9,idle_time_pct,1.78,daily_hours,1.72
D1470,22,-0.5629,phone_use_per_100km,3.53,daily_floors,1.84,daily_steps,1.83
D1470,25,-0.563,idle_time_pct,4.0,fuel_per_100km,3.46,daily_steps,1.81
D1471,10,-0.5463,daily_km,2.57,phone_use_per_100km,2.36,daily_hours,2.13
D1471,11,-0.5747,hard_accels_per_100km,2.48,phone_use_per_100km,2.41,daily_km,2.01
D1471,13,-0.5426,hard_accels_per_100km,3.43,total_events_per_100km,1.96,speeding_per_100km,1.92
D1471,14,-0.5641,hard_accels_per_100km,3.02,sharp_turns_per_100km,2.92,total_events_per_100km,2.67
D1471,15,-0.5588,hard_accels_per_100km,3.48,sharp_turns_per_100km,2.53,total_events_per_100km,2.34
D1471,16,-0.5771,hard_accels_per_100km,3.69,hard_brakes_per_100km,2.79,total_events_per_100km,2.78
D1471,17,-0.6013,hard_accels_per_100km,4.02,phone_use_per_100km,3.12,total_events_per_100km,3.02
D1473,26,-0.5697,daily_hours,4.3,daily_km,3.83,fuel_per_100km,2.07
D1476,3,-0.5853,idle_time_pct,3.77,daily_steps,2.98,fuel_per_100km,2.86
D1476,5,-0.5381,idle_time_pct,3.61,fuel_per_100km,2.65,daily_hours,1.72
D1476,6,-0.6039,idle_time_pct,7.38,fuel_per_100km,3.87,daily_hours,3.39
D1476,16,-0.5396,phone_use_per_100km,3.14,total_events_per_100km,1.98,idle_time_pct,1.53
D1476,17,-0.5721,hard_brakes_per_100km,3.41,sharp_turns_per_100km,2.85,total_events_per_100km,2.32
D1476,19,-0.5801,idle_time_pct,3.28,hard_brakes_per_100km,2.62,total_events_per_100km,2.39
D1482,12,-0.5452,daily_lifting_events,5.24,daily_floors,2.12,idle_time_pct,1.84
D1486,3,-0.5622,idle_time_pct,4.28,fuel_per_100km,3.39,daily_floors,2.13
D1486,13,-0.552,daily_hours,2.55,idle_time_pct,2.33,fuel_per_100km,2.17
D1487,1,-0.6084,hard_accels_per_100km,3.44,daily_hours,2.72,total_events_per_100km,2.63
D1487,3,-0.5583,hard_accels_per_100km,2.49,daily_lifting_events,2.33,daily_steps,2.19
D1487,18,-0.5356,hard_accels_per_100km,2.93,daily_floors,2.45,total_events_per_100km,2.19
D1488,12,-0.5604,hard_accels_per_100km,2.89,speeding_per_100km,2.34,daily_lifting_events,2.24
D1488,18,-0.5646,daily_hours,2.96,hard_brakes_per_100km,2.47,speeding_per_100km,2.41
D1488,19,-0.5548,hard_accels_per_100km,3.66,total_events_per_100km,2.57,sharp_turns_per_100km,2.54
D1488,20,-0.5577,hard_brakes_per_100km,3.82,total_events_per_100km,2.67,hard_accels_per_100km,2.36
D1488,21,-0.6208,hard_brakes_per_100km,4.05,total_events_per_100km,3.6,speeding_per_100km,3.46
D1488,22,-0.5922,speeding_per_100km,4.5,hard_brakes_per_100km,4.37,total_events_per_100km,3.65
D1488,23,-0.7048,speeding_per_100km,7.85,hard_accels_per_100km,6.5,total_events_per_100km,5.54
D1491,9,-0.5633,phone_use_per_100km,2.86,sharp_turns_per_100km,2.26,idle_time_pct,2.07
D1491,10,-0.5548,fuel_per_100km,2.77,idle_time_pct,2.7,daily_hours,2.39
D1491,17,-0.5362,idle_time_pct,2.59,daily_hours,2.05,fuel_per_100km,2.03
D1494,19,-0.5353,idle_time_pct,2.8,phone_use_per_100km,2.39,daily_lifting_events,1.93
D1497,5,-0.5405,hard_brakes_per_100km,2.7,hard_accels_per_100km,2.15,sharp_turns_per_100km,1.98
D1497,6,-0.6042,speeding_per_100km,3.5,hard_brakes_per_100km,2.93,total_events_per_100km,2.54
D1497,7,-0.6272,speeding_per_100km,4.02,hard_brakes_per_100km,3.69,sharp_turns_per_100km,3.33
D1497,8,-0.6098,hard_brakes_per_100km,3.55,speeding_per_100km,3.44,sharp_turns_per_100km,2.81
D1497,9,-0.6537,hard_brakes_per_100km,4.88,speeding_per_100km,3.95,total_events_per_100km,3.89
D1497,10,-0.6342,hard_brakes_per_100km,4.86,sharp_turns_per_100km,3.96,total_events_per_100km,3.76
D1500,1,-0.5517,hard_accels_per_100km,3.06,sharp_turns_per_100km,2.78,total_events_per_100km,2.16
D1500,14,-0.5534,speeding_per_100km,2.5,phone_use_per_100km,2.41,hard_accels_per_100km,2.39
D1507,3,-0.548,sharp_turns_per_100km,3.9,daily_lifting_events,3.42,hard_accels_per_100km,2.01
D1508,14,-0.5375,phone_use_per_100km,2.65,daily_lifting_events,2.25,speeding_per_100km,2.0
D1509,21,-0.5355,daily_km,2.51,hard_accels_per_100km,2.13,daily_hours,1.96
D1512,3,-0.5685,daily_hours,2.8,daily_km,2.53,hard_brakes_per_100km,1.93
D1512,18,-0.5367,daily_km,2.21,speeding_per_100km,2.05,daily_hours,1.79
D1514,23,-0.5583,daily_hours,3.46,sharp_turns_per_100km,2.04,hard_accels_per_100km,1.93
D1516,4,-0.5411,hard_accels_per_100km,2.99,speeding_per_100km,2.06,total_events_per_100km,2.06
D1516,22,-0.5381,daily_hours,2.63,hard_accels_per_100km,2.51,total_events_per_100km,1.49
D1517,9,-0.584,phone_use_per_100km,3.09,sharp_turns_per_100km,2.91,daily_steps,2.87
D1517,26,-0.5638,daily_lifting_events,4.45,phone_use_per_100km,3.25,fuel_per_100km,2.01
D1522,9,-0.5451,daily_lifting_events,2.64,speeding_per_100km,2.35,daily_hours,2.29
D1522,13,-0.6028,phone_use_per_100km,3.64,speeding_per_100km,3.57,hard_brakes_per_100km,3.18
D1522,14,-0.5925,hard_brakes_per_100km,4.2,speeding_per_100km,3.19,total_events_per_100km,3.14
D1522,15,-0.5833,sharp_turns_per_100km,4.25,phone_use_per_100km,2.88,total_events_per_100km,2.63
D1522,16,-0.6211,sharp_turns_per_100km,4.6,hard_brakes_per_100km,3.96,total_events_per_100km,3.63
D1528,5,-0.5351,daily_lifting_events,3.12,fuel_per_100km,2.53,idle_time_pct,2.44
D1528,6,-0.5476,fuel_per_100km,3.56,idle_time_pct,2.62,daily_floors,1.82
D1529,3,-0.5411,speeding_per_100km,2.28,hard_brakes_per_100km,2.11,daily_floors,1.92
D1529,9,-0.5779,phone_use_per_100km,3.2,hard_brakes_per_100km,2.45,speeding_per_100km,2.18
D1529,12,-0.5752,phone_use_per_100km,3.8,hard_accels_per_100km,2.93,total_events_per_100km,2.02
D1529,15,-0.5553,hard_accels_per_100km,2.82,phone_use_per_100km,2.49,total_events_per_100km,2.0
D1529,17,-0.5439,phone_use_per_100km,2.7,speeding_per_100km,1.87,total_events_per_100km,1.78
D1529,18,-0.5518,hard_brakes_per_100km,2.79,hard_accels_per_100km,2.5,daily_hours,1.72
D1529,24,-0.5359,phone_use_per_100km,3.64,hard_brakes_per_100km,1.94,total_events_per_100km,1.64
D1531,4,-0.5488,daily_steps,2.52,daily_floors,2.18,daily_hours,2.13
D1531,17,-0.56,phone_use_per_100km,3.43,hard_accels_per_100km,3.03,daily_lifting_events,2.0
D1531,19,-0.579,sharp_turns_per_100km,2.61,speeding_per_100km,2.43,hard_brakes_per_100km,2.26
D1531,20,-0.543,sharp_turns_per_100km,3.05,phone_use_per_100km,3.01,hard_accels_per_100km,2.63
D1532,4,-0.5578,phone_use_per_100km,4.58,hard_accels_per_100km,2.34,daily_hours,2.05
D1532,6,-0.5576,hard_accels_per_100km,3.33,hard_brakes_per_100km,2.56,total_events_per_100km,2.19
D1532,7,-0.5687,hard_brakes_per_100km,3.35,speeding_per_100km,2.62,total_events_per_100km,2.42
D1532,8,-0.6029,hard_brakes_per_100km,5.17,speeding_per_100km,2.65,daily_hours,2.55
D1532,9,-0.6428,sharp_turns_per_100km,3.74,total_events_per_100km,3.11,hard_brakes_per_100km,3.03
D1532,10,-0.6162,hard_brakes_per_100km,3.9,speeding_per_100km,3.33,total_events_per_100km,3.28
D1532,11,-0.6095,speeding_per_100km,4.88,total_events_per_100km,3.38,hard_accels_per_100km,3.0
D1537,3,-0.5801,daily_km,2.87,daily_hours,2.8,speeding_per_100km,2.24
D1537,5,-0.54,daily_km,2.03,speeding_per_100km,1.87,daily_lifting_events,1.84
D1537,12,-0.5762,daily_hours,2.63,hard_brakes_per_100km,2.6,daily_km,2.4
D1537,15,-0.5389,daily_km,2.46,daily_hours,2.29,speeding_per_100km,1.69
D1537,25,-0.5834,daily_hours,5.8,daily_km,4.94,speeding_per_100km,2.21
D1540,14,-0.5677,daily_steps,3.87,daily_hours,2.96,daily_floors,2.93
D1543,16,-0.5729,sharp_turns_per_100km,2.94,speeding_per_100km,2.85,daily_hours,1.88
D1543,19,-0.555,speeding_per_100km,2.8,total_events_per_100km,2.55,hard_brakes_per_100km,1.89
D1543,21,-0.5524,sharp_turns_per_100km,3.1,total_events_per_100km,3.04,hard_brakes_per_100km,2.2
D1543,23,-0.5618,sharp_turns_per_100km,3.43,total_events_per_100km,3.35,speeding_per_100km,2.37
D1543,24,-0.5677,sharp_turns_per_100km,2.9,speeding_per_100km,2.61,total_events_per_100km,2.57
D1545,6,-0.5687,hard_brakes_per_100km,2.63,speeding_per_100km,2.44,sharp_turns_per_100km,1.95
D1545,10,-0.5491,daily_lifting_events,3.35,hard_accels_per_100km,2.05,daily_steps,2.01
D1545,12,-0.5767,daily_lifting_events,3.43,phone_use_per_100km,2.8,daily_floors,2.03
D1545,23,-0.5372,hard_accels_per_100km,3.68,sharp_turns_per_100km,1.82,total_events_per_100km,1.78
D1546,17,-0.5517,daily_hours,2.39,daily_lifting_events,2.0,hard_accels_per_100km,1.92
D1550,3,-0.581,sharp_turns_per_100km,3.64,phone_use_per_100km,3.4,total_events_per_100km,2.39
D1550,4,-0.5711,daily_hours,2.96,daily_lifting_events,2.88,phone_use_per_100km,2.15
D1550,9,-0.5454,hard_brakes_per_100km,2.9,phone_use_per_100km,2.83,sharp_turns_per_100km,2.48
D1550,12,-0.5561,speeding_per_100km,2.13,daily_floors,2.0,daily_hours,1.96
D1551,4,-0.5364,phone_use_per_100km,3.04,hard_accels_per_100km,2.53,hard_brakes_per_100km,1.9
D1551,23,-0.5979,phone_use_per_100km,3.56,hard_accels_per_100km,2.42,daily_steps,2.09
D1555,1,-0.5558,fuel_per_100km,2.49,hard_brakes_per_100km,2.47,daily_hours,1.88
D1555,9,-0.5494,speeding_per_100km,2.37,daily_hours,2.22,hard_brakes_per_100km,2.11
D1555,12,-0.5528,hard_brakes_per_100km,2.65,sharp_turns_per_100km,2.18,daily_steps,1.93
D1555,13,-0.5389,speeding_per_100km,2.9,sharp_turns_per_100km,2.09,hard_accels_per_100km,1.92
D1555,14,-0.5701,phone_use_per_100km,2.75,speeding_per_100km,2.56,sharp_turns_per_100km,2.52
D1555,15,-0.6171,sharp_turns_per_100km,4.1,hard_brakes_per_100km,3.3,phone_use_per_100km,2.91
D1555,16,-0.6073,hard_brakes_per_100km,3.94,speeding_per_100km,3.24,total_events_per_100km,3.03
D1555,17,-0.5432,hard_brakes_per_100km,3.11,speeding_per_100km,1.95,total_events_per_100km,1.93
D1555,18,-0.6,hard_brakes_per_100km,3.85,speeding_per_100km,3.49,total_events_per_100km,2.92
D1555,19,-0.6564,hard_accels_per_100km,4.46,speeding_per_100km,4.07,total_events_per_100km,3.99
D1558,2,-0.5438,idle_time_pct,3.03,fuel_per_100km,2.67,daily_steps,2.1
D1558,8,-0.5492,idle_time_pct,2.27,fuel_per_100km,2.2,daily_hours,1.88
D1558,14,-0.5864,idle_time_pct,2.89,daily_hours,2.55,speeding_per_100km,1.82
D1558,15,-0.5774,idle_time_pct,3.72,fuel_per_100km,2.76,daily_hours,2.72
D1558,17,-0.588,fuel_per_100km,3.07,idle_time_pct,2.67,daily_steps,2.57
D1558,18,-0.5694,idle_time_pct,4.47,fuel_per_100km,3.37,daily_hours,1.88
D1558,22,-0.5738,phone_use_per_100km,3.74,idle_time_pct,2.92,fuel_per_100km,2.11
D1561,4,-0.6347,phone_use_per_100km,3.66,daily_lifting_events,3.27,daily_steps,3.03
D1561,7,-0.5479,phone_use_per_100km,2.93,hard_accels_per_100km,2.18,daily_steps,1.71
D1561,20,-0.5489,sharp_turns_per_100km,2.35,speeding_per_100km,2.3,daily_floors,2.0
D1561,24,-0.5609,sharp_turns_per_100km,2.83,hard_accels_per_100km,2.67,total_events_per_100km,2.08
D1561,25,-0.5817,hard_accels_per_100km,3.12,speeding_per_100km,2.68,daily_steps,2.36
D1563,20,-0.5396,speeding_per_100km,4.44,hard_accels_per_100km,2.35,total_events_per_100km,2.04
D1568,4,-0.5433,idle_time_pct,3.26,fuel_per_100km,3.17,daily_km,1.63
D1572,14,-0.5442,daily_km,2.15,daily_hours,2.13,hard_brakes_per_100km,1.81
D1572,19,-0.563,daily_km,3.19,daily_hours,2.8,hard_brakes_per_100km,1.91
D1573,25,-0.5405,idle_time_pct,3.61,fuel_per_100km,2.68,daily_floors,2.05
D1575,1,-0.5938,hard_brakes_per_100km,2.88,hard_accels_per_100km,2.34,fuel_per_100km,2.14
D1575,4,-0.5548,phone_use_per_100km,3.04,hard_brakes_per_100km,1.96,daily_steps,1.93
D1575,7,-0.5663,daily_hours,2.39,hard_accels_per_100km,2.38,fuel_per_100km,2.15
D1575,10,-0.5621,speeding_per_100km,2.51,hard_accels_per_100km,2.49,hard_brakes_per_100km,2.34
D1575,11,-0.6092,hard_brakes_per_100km,3.79,total_events_per_100km,2.61,hard_accels_per_100km,2.19
D1575,13,-0.6849,speeding_per_100km,4.05,daily_hours,3.63,total_events_per_100km,3.21
D1575,14,-0.6341,hard_accels_per_100km,4.52,total_events_per_100km,3.39,hard_brakes_per_100km,3.2
D1575,15,-0.6255,speeding_per_100km,4.33,hard_accels_per_100km,3.97,total_events_per_100km,3.45
D1575,16,-0.6354,hard_brakes_per_100km,3.87,speeding_per_100km,3.86,total_events_per_100km,3.45
D1575,17,-0.6406,hard_accels_per_100km,3.67,total_events_per_100km,3.5,sharp_turns_per_100km,3.48
D1577,1,-0.6258,sharp_turns_per_100km,3.04,daily_km,3.0,hard_brakes_per_100km,2.64
D1577,4,-0.5401,speeding_per_100km,2.24,daily_lifting_events,2.24,hard_accels_per_100km,1.71
D1577,7,-0.5357,hard_brakes_per_100km,3.73,total_events_per_100km,1.93,night_driving_pct,1.57
D1577,11,-0.5392,speeding_per_100km,2.25,sharp_turns_per_100km,1.99,phone_use_per_100km,1.84
D1577,14,-0.5446,phone_use_per_100km,2.02,daily_steps,1.9,sharp_turns_per_100km,1.63
D1577,17,-0.6144,daily_km,3.6,daily_hours,3.3,hard_accels_per_100km,2.45
D1577,25,-0.5723,speeding_per_100km,2.78,hard_brakes_per_100km,2.58,total_events_per_100km,1.9
D1578,23,-0.5417,daily_km,2.6,daily_hours,1.96,daily_lifting_events,1.84
D1579,24,-0.5801,daily_lifting_events,3.42,daily_hours,2.89,fuel_per_100km,2.32
D1591,6,-0.5612,daily_km,3.28,daily_hours,2.63,hard_brakes_per_100km,1.92
D1594,20,-0.5523,daily_lifting_events,3.27,daily_floors,2.82,daily_hours,2.63
D1595,26,-0.5501,daily_lifting_events,2.4,sharp_turns_per_100km,1.93,daily_km,1.77
D1596,10,-0.5594,phone_use_per_100km,3.09,speeding_per_100km,2.59,daily_hours,2.13
D1596,24,-0.5368,daily_hours,2.13,speeding_per_100km,2.02,phone_use_per_100km,1.79
D1601,12,-0.5439,idle_time_pct,3.23,fuel_per_100km,2.25,daily_steps,1.85
D1601,18,-0.5361,daily_lifting_events,2.88,daily_steps,2.49,idle_time_pct,2.24
D1601,24,-0.5833,daily_hours,2.72,daily_km,2.16,fuel_per_100km,1.91
D1602,15,-0.5539,idle_time_pct,3.84,phone_use_per_100km,1.84,fuel_per_100km,1.73
D1604,13,-0.5517,daily_hours,2.89,daily_km,2.18,fuel_per_100km,1.57
D1606,3,-0.5864,hard_accels_per_100km,2.8,daily_km,2.63,daily_hours,1.96
D1606,9,-0.5385,hard_accels_per_100km,2.42,daily_km,1.95,night_driving_pct,1.57
D1606,10,-0.5902,daily_hours,3.46,daily_km,3.15,hard_accels_per_100km,2.11
D1606,11,-0.5418,hard_accels_per_100km,2.42,daily_lifting_events,2.24,phone_use_per_100km,1.73
D1606,18,-0.5408,sharp_turns_per_100km,2.35,phone_use_per_100km,2.28,daily_km,1.73
D1606,23,-0.5406,daily_km,2.08,hard_accels_per_100km,2.04,phone_use_per_100km,1.89
D1607,3,-0.5712,fuel_per_100km,2.76,daily_hours,2.22,idle_time_pct,2.1
D1608,7,-0.553,phone_use_per_100km,4.42,hard_brakes_per_100km,2.11,hard_accels_per_100km,1.86
D1608,10,-0.5579,speeding_per_100km,2.7,daily_km,2.55,phone_use_per_100km,2.02
D1609,15,-0.5358,sharp_turns_per_100km,3.46,speeding_per_100km,1.86,total_events_per_100km,1.81
D1609,18,-0.5854,hard_brakes_per_100km,3.29,speeding_per_100km,3.25,hard_accels_per_100km,2.89
D1609,19,-0.6044,sharp_turns_per_100km,4.25,phone_use_per_100km,3.46,total_events_per_100km,2.95
D1609,20,-0.6113,speeding_per_100km,3.92,sharp_turns_per_100km,3.67,hard_brakes_per_100km,3.52
D1611,2,-0.5413,phone_use_per_100km,2.62,hard_accels_per_100km,1.89,daily_lifting_events,1.86
D1611,3,-0.5352,speeding_per_100km,2.63,hard_accels_per_100km,2.04,fuel_per_100km,1.94
D1611,5,-0.5464,speeding_per_100km,2.45,hard_accels_per_100km,2.39,hard_brakes_per_100km,2.14
D1611,6,-0.5575,phone_use_per_100km,3.61,fuel_per_100km,1.91,speeding_per_100km,1.89
D1611,8,-0.619,phone_use_per_100km,4.68,daily_steps,2.89,hard_accels_per_100km,2.4
D1611,9,-0.5439,hard_accels_per_100km,3.17,speeding_per_100km,2.03,fuel_per_100km,1.87
D1611,12,-0.5391,daily_hours,2.55,hard_accels_per_100km,2.22,hard_brakes_per_100km,1.97
D1611,18,-0.5385,hard_brakes_per_100km,2.28,daily_hours,2.05,speeding_per_100km,1.79
D1611,19,-0.5565,speeding_per_100km,2.95,phone_use_per_100km,2.39,hard_accels_per_100km,2.31
D1611,25,-0.5677,speeding_per_100km,3.0,hard_accels_per_100km,2.74,total_events_per_100km,2.19
D1615,3,-0.54,idle_time_pct,4.49,fuel_per_100km,3.58,daily_floors,2.21
D1615,19,-0.5369,daily_lifting_events,3.51,idle_time_pct,3.5,fuel_per_100km,2.13
D1615,23,-0.5487,idle_time_pct,3.65,sharp_turns_per_100km,3.11,phone_use_per_100km,2.23
D1615,26,-0.5554,idle_time_pct,3.12,daily_steps,2.44,fuel_per_100km,2.41
D1618,21,-0.541,phone_use_per_100km,2.54,sharp_turns_per_100km,2.39,daily_steps,1.81
D1622,8,-0.5786,daily_hours,2.72,hard_accels_per_100km,2.58,speeding_per_100km,2.33
D1627,19,-0.537,phone_use_per_100km,3.27,hard_accels_per_100km,2.21,sharp_turns_per_100km,2.07
D1627,20,-0.5357,sharp_turns_per_100km,3.64,speeding_per_100km,1.9,total_events_per_100km,1.79
D1628,5,-0.539,daily_lifting_events,2.47,daily_steps,1.81,daily_hours,1.72
D1628,22,-0.5495,daily_hours,2.72,daily_lifting_events,2.63,fuel_per_100km,1.87
D1634,5,-0.5396,phone_use_per_100km,3.33,speeding_per_100km,2.52,hard_brakes_per_100km,1.68
D1634,9,-0.5542,phone_use_per_100km,3.04,hard_brakes_per_100km,2.76,daily_hours,2.22
D1640,15,-0.5394,phone_use_per_100km,2.7,daily_lifting_events,2.0,night_driving_pct,1.57
D1645,1,-0.5617,hard_accels_per_100km,2.61,hard_brakes_per_100km,2.42,fuel_per_100km,1.89
D1645,2,-0.5434,hard_brakes_per_100km,3.18,total_events_per_100km,1.9,phone_use_per_100km,1.81
D1645,4,-0.5501,speeding_per_100km,2.64,sharp_turns_per_100km,2.24,fuel_per_100km,1.8
D1645,5,-0.5662,daily_floors,2.34,fuel_per_100km,2.24,daily_steps,2.03
D1645,6,-0.5541,speeding_per_100km,3.91,hard_brakes_per_100km,2.22,daily_floors,2.03
D1645,11,-0.5444,phone_use_per_100km,2.8,daily_floors,2.09,speeding_per_100km,1.87
D1645,16,-0.5519,sharp_turns_per_100km,3.55,speeding_per_100km,2.64,total_events_per_100km,2.08
D1645,18,-0.5884,phone_use_per_100km,2.41,hard_accels_per_100km,2.35,fuel_per_100km,2.24
D1645,19,-0.5846,daily_lifting_events,3.67,daily_hours,2.8,daily_steps,2.04
D1645,21,-0.5526,phone_use_per_100km,3.46,speeding_per_100km,1.98,fuel_per_100km,1.8
D1645,22,-0.5859,daily_lifting_events,3.27,daily_steps,2.34,phone_use_per_100km,2.0
D1646,1,-0.5367,daily_km,2.09,speeding_per_100km,2.07,phone_use_per_100km,2.05
D1646,8,-0.541,daily_km,2.43,hard_brakes_per_100km,1.86,hard_accels_per_100km,1.8
D1646,13,-0.5579,daily_km,2.4,hard_accels_per_100km,2.24,daily_hours,2.13
D1646,21,-0.5587,hard_accels_per_100km,2.77,phone_use_per_100km,2.1,daily_hours,2.05
D1646,23,-0.5423,daily_hours,1.96,daily_km,1.94,daily_lifting_events,1.84
D1648,8,-0.5425,speeding_per_100km,2.01,daily_floors,1.74,daily_lifting_events,1.61
D1648,14,-0.5647,hard_brakes_per_100km,2.89,phone_use_per_100km,2.65,speeding_per_100km,1.86
D1649,4,-0.5369,daily_km,2.56,daily_hours,2.13,hard_accels_per_100km,1.87
D1649,9,-0.5371,hard_accels_per_100km,2.54,daily_km,2.37,daily_hours,1.96
D1651,13,-0.5967,idle_time_pct,3.25,daily_hours,2.89,fuel_per_100km,2.35
D1653,7,-0.5351,daily_steps,3.03,daily_lifting_events,2.88,daily_floors,2.01
D1654,8,-0.54,daily_km,2.4,daily_hours,1.96,daily_lifting_events,1.84
D1654,16,-0.566,daily_km,4.01,daily_hours,3.97,fuel_per_100km,1.91
D1659,8,-0.5365,phone_use_per_100km,2.52,speeding_per_100km,2.44,daily_floors,1.87
D1659,12,-0.5559,sharp_turns_per_100km,2.81,speeding_per_100km,2.73,total_events_per_100km,2.15
D1661,5,-0.5676,hard_accels_per_100km,2.72,daily_km,2.61,phone_use_per_100km,2.33
D1661,6,-0.5797,hard_brakes_per_100km,3.11,hard_accels_per_100km,2.61,total_events_per_100km,2.42
D1661,7,-0.5725,hard_accels_per_100km,3.87,total_events_per_100km,2.69,hard_brakes_per_100km,2.37
D1661,8,-0.5794,sharp_turns_per_100km,3.29,total_events_per_100km,2.74,hard_brakes_per_100km,2.67
D1661,9,-0.6498,sharp_turns_per_100km,3.85,total_events_per_100km,3.29,phone_use_per_100km,3.17
D1671,5,-0.547,daily_lifting_events,2.64,daily_steps,2.49,fuel_per_100km,2.2
D1671,12,-0.5655,daily_floors,2.75,daily_steps,2.57,hard_brakes_per_100km,2.03
D1672,15,-0.5507,daily_lifting_events,2.88,daily_steps,2.67,daily_floors,2.65
D1673,4,-0.5356,daily_km,2.71,daily_hours,2.46,speeding_per_100km,2.3
D1673,15,-0.5454,phone_use_per_100km,5.1,hard_brakes_per_100km,2.14,daily_hours,1.55
D1673,16,-0.5366,hard_brakes_per_100km,2.41,speeding_per_100km,2.05,total_events_per_100km,1.72
D1673,23,-0.5502,daily_km,3.15,daily_hours,2.13,speeding_per_100km,2.08
D1678,16,-0.5581,speeding_per_100km,3.13,hard_accels_per_100km,2.46,phone_use_per_100km,1.84
D1678,23,-0.5371,daily_floors,2.85,phone_use_per_100km,2.78,daily_steps,2.45
D1679,3,-0.5393,daily_hours,2.22,phone_use_per_100km,1.89,speeding_per_100km,1.86
D1679,4,-0.5429,phone_use_per_100km,2.96,speeding_per_100km,2.1,hard_accels_per_100km,1.59
D1679,7,-0.5425,speeding_per_100km,2.54,daily_steps,1.93,fuel_per_100km,1.84
D1679,8,-0.5504,hard_brakes_per_100km,2.25,daily_hours,1.88,sharp_turns_per_100km,1.77
D1679,10,-0.5453,daily_floors,2.27,phone_use_per_100km,2.2,hard_accels_per_100km,2.01
D1679,11,-0.5465,speeding_per_100km,2.82,hard_accels_per_100km,2.4,total_events_per_100km,1.83
D1679,19,-0.5412,hard_accels_per_100km,2.45,speeding_per_100km,2.03,total_events_per_100km,1.9
D1679,21,-0.5361,speeding_per_100km,2.99,sharp_turns_per_100km,2.29,hard_accels_per_100km,2.03
D1679,22,-0.5623,daily_steps,2.21,hard_accels_per_100km,2.09,speeding_per_100km,2.06
D1679,26,-0.5553,daily_steps,2.39,speeding_per_100km,2.18,daily_floors,1.96
D1685,24,-0.5406,hard_brakes_per_100km,2.81,total_events_per_100km,1.76,hard_accels_per_100km,1.75
D1686,16,-0.5371,daily_floors,2.88,daily_steps,2.17,daily_lifting_events,2.09
D1689,2,-0.5524,daily_floors,3.79,daily_steps,3.51,daily_lifting_events,2.88
D1692,7,-0.545,daily_floors,3.2,daily_steps,2.12,daily_lifting_events,2.09
D1694,7,-0.5696,daily_km,2.48,daily_hours,2.29,daily_lifting_events,1.84
D1694,8,-0.5623,daily_km,2.12,daily_lifting_events,2.0,hard_accels_per_100km,1.97
D1694,9,-0.5398,daily_lifting_events,2.63,daily_steps,1.68,night_driving_pct,1.57
D1694,20,-0.5429,daily_km,2.38,daily_hours,1.96,phone_use_per_100km,1.87
D1694,22,-0.5916,daily_km,2.42,hard_accels_per_100km,2.4,hard_brakes_per_100km,2.25
D1697,1,-0.5472,speeding_per_100km,2.01,daily_steps,1.92,hard_brakes_per_100km,1.84
D1697,2,-0.6255,fuel_per_100km,3.77,sharp_turns_per_100km,2.59,speeding_per_100km,2.52
D1697,4,-0.5534,sharp_turns_per_100km,3.13,hard_accels_per_100km,2.38,total_events_per_100km,1.78
D1697,5,-0.6154,hard_accels_per_100km,3.43,speeding_per_100km,3.24,phone_use_per_100km,3.17
D1697,6,-0.5789,speeding_per_100km,2.69,hard_brakes_per_100km,2.35,total_events_per_100km,2.12
D1697,7,-0.5453,speeding_per_100km,2.07,fuel_per_100km,2.0,daily_steps,1.85
D1697,10,-0.5768,hard_brakes_per_100km,2.51,hard_accels_per_100km,2.47,daily_hours,2.22
D1697,19,-0.545,hard_brakes_per_100km,2.07,phone_use_per_100km,1.92,daily_lifting_events,1.84
D1697,25,-0.5383,hard_brakes_per_100km,2.26,hard_accels_per_100km,2.17,sharp_turns_per_100km,2.11
D1698,18,-0.5543,idle_time_pct,5.25,fuel_per_100km,2.63,daily_hours,2.05
D1702,18,-0.5725,daily_floors,2.61,daily_steps,2.2,fuel_per_100km,2.01
D1702,20,-0.5417,phone_use_per_100km,3.17,daily_lifting_events,2.63,daily_hours,1.72
D1705,2,-0.5746,hard_brakes_per_100km,2.32,daily_km,2.18,hard_accels_per_100km,2.17
D1705,4,-0.5466,phone_use_per_100km,2.39,daily_km,2.25,speeding_per_100km,1.67
D1705,7,-0.5692,hard_brakes_per_100km,2.98,daily_km,2.09,speeding_per_100km,1.9
D1705,9,-0.5902,speeding_per_100km,3.43,hard_brakes_per_100km,2.62,daily_lifting_events,2.09
D1705,10,-0.5384,speeding_per_100km,2.25,hard_brakes_per_100km,2.06,hard_accels_per_100km,1.72
D1705,14,-0.5815,daily_km,3.11,daily_hours,2.46,speeding_per_100km,2.31
D1705,15,-0.5629,daily_km,2.68,hard_brakes_per_100km,2.25,speeding_per_100km,2.03
D1705,21,-0.5369,speeding_per_100km,2.08,daily_lifting_events,1.69,daily_km,1.66
D1705,25,-0.5382,speeding_per_100km,3.18,hard_brakes_per_100km,2.08,total_events_per_100km,1.82
D1707,4,-0.5379,hard_accels_per_100km,2.61,phone_use_per_100km,1.94,fuel_per_100km,1.94
D1707,9,-0.6249,phone_use_per_100km,8.31,hard_brakes_per_100km,4.4,total_events_per_100km,3.19
D1711,9,-0.5833,daily_lifting_events,3.67,daily_steps,3.06,daily_floors,2.88
D1714,18,-0.5565,daily_lifting_events,2.88,daily_steps,2.35,phone_use_per_100km,1.66
D1725,13,-0.558,hard_brakes_per_100km,3.61,total_events_per_100km,2.07,phone_use_per_100km,1.92
D1725,14,-0.5407,speeding_per_100km,2.77,sharp_turns_per_100km,2.31,total_events_per_100km,2.11
D1725,18,-0.5443,hard_brakes_per_100km,2.64,hard_accels_per_100km,2.54,speeding_per_100km,2.11
D1725,19,-0.5509,phone_use_per_100km,3.06,total_events_per_100km,2.01,sharp_turns_per_100km,1.92
D1725,22,-0.5513,daily_hours,2.55,speeding_per_100km,2.52,daily_km,1.72
D1736,7,-0.5496,phone_use_per_100km,4.0,speeding_per_100km,2.36,total_events_per_100km,2.07
D1738,15,-0.5402,daily_hours,3.39,idle_time_pct,2.56,daily_km,1.91
D1740,5,-0.539,hard_brakes_per_100km,2.74,speeding_per_100km,2.36,total_events_per_100km,1.75
D1740,6,-0.5494,daily_lifting_events,2.16,hard_accels_per_100km,2.11,sharp_turns_per_100km,1.88
D1740,9,-0.5547,daily_km,2.64,daily_hours,2.29,hard_brakes_per_100km,1.83
D1740,10,-0.5701,hard_accels_per_100km,2.49,phone_use_per_100km,2.33,speeding_per_100km,2.06
D1740,11,-0.5653,hard_accels_per_100km,2.57,hard_brakes_per_100km,2.37,total_events_per_100km,2.13
D1740,15,-0.5425,phone_use_per_100km,2.47,hard_brakes_per_100km,2.14,speeding_per_100km,1.86
D1740,22,-0.5414,speeding_per_100km,2.37,hard_accels_per_100km,2.22,sharp_turns_per_100km,2.06
D1743,16,-0.584,hard_accels_per_100km,2.92,phone_use_per_100km,2.8,sharp_turns_per_100km,2.61
D1743,17,-0.5444,hard_accels_per_100km,2.52,sharp_turns_per_100km,1.99,daily_km,1.92
D1743,18,-0.5366,hard_accels_per_100km,2.68,total_events_per_100km,2.36,hard_brakes_per_100km,2.17
D1743,19,-0.6058,sharp_turns_per_100km,3.02,hard_accels_per_100km,2.97,total_events_per_100km,2.81
D1743,20,-0.6028,hard_accels_per_100km,3.64,sharp_turns_per_100km,3.16,total_events_per_100km,3.08
D1743,21,-0.5517,hard_accels_per_100km,3.48,total_events_per_100km,2.56,hard_brakes_per_100km,2.26
D1746,2,-0.5366,daily_km,2.0,speeding_per_100km,1.89,hard_accels_per_100km,1.7
D1746,3,-0.5802,daily_km,2.69,hard_accels_per_100km,2.42,speeding_per_100km,2.21
D1746,5,-0.5849,speeding_per_100km,2.6,daily_hours,2.46,hard_accels_per_100km,2.25
D1746,14,-0.591,sharp_turns_per_100km,2.69,hard_accels_per_100km,2.31,daily_km,2.23
D1746,17,-0.5486,hard_accels_per_100km,2.34,total_events_per_100km,1.89,hard_brakes_per_100km,1.86
D1746,18,-0.5614,daily_km,2.31,daily_hours,1.79,speeding_per_100km,1.67
D1746,22,-0.5399,speeding_per_100km,2.34,hard_accels_per_100km,1.92,sharp_turns_per_100km,1.9
D1746,23,-0.5609,hard_brakes_per_100km,2.03,sharp_turns_per_100km,2.01,speeding_per_100km,1.98
D1746,24,-0.5518,speeding_per_100km,2.42,daily_lifting_events,2.0,hard_accels_per_100km,1.77
D1746,25,-0.5412,speeding_per_100km,2.17,hard_accels_per_100km,1.99,hard_brakes_per_100km,1.92
D1747,3,-0.5448,fuel_per_100km,2.73,daily_hours,2.22,idle_time_pct,2.01
D1747,9,-0.5352,daily_lifting_events,2.33,daily_floors,1.78,daily_steps,1.63
D1747,12,-0.5715,idle_time_pct,3.81,daily_hours,3.05,fuel_per_100km,2.88
D1747,13,-0.5854,idle_time_pct,4.27,fuel_per_100km,3.45,sharp_turns_per_100km,2.04
D1747,16,-0.5469,daily_lifting_events,2.88,idle_time_pct,2.46,daily_hours,1.79
D1747,23,-0.5544,idle_time_pct,4.52,fuel_per_100km,2.76,phone_use_per_100km,2.54
D1747,26,-0.6042,idle_time_pct,3.54,daily_steps,3.02,fuel_per_100km,2.91
D1748,9,-0.5391,sharp_turns_per_100km,2.62,daily_hours,1.88,hard_accels_per_100km,1.79
D1750,1,-0.5897,daily_hours,4.8,daily_km,3.33,speeding_per_100km,2.47
D1752,2,-0.5406,phone_use_per_100km,3.98,hard_accels_per_100km,2.03,total_events_per_100km,1.84
D1752,3,-0.5647,speeding_per_100km,2.79,phone_use_per_100km,2.44,total_events_per_100km,2.31
D1752,9,-0.5502,speeding_per_100km,2.98,hard_brakes_per_100km,2.87,hard_accels_per_100km,2.34
D1752,14,-0.5657,daily_km,2.52,daily_hours,2.13,hard_brakes_per_100km,2.06
D1752,20,-0.5679,hard_accels_per_100km,2.63,total_events_per_100km,2.3,speeding_per_100km,2.26
D1752,21,-0.5822,hard_brakes_per_100km,4.08,speeding_per_100km,3.03,total_events_per_100km,2.69
D1752,22,-0.675,hard_accels_per_100km,6.52,hard_brakes_per_100km,4.45,total_events_per_100km,3.17
D1752,23,-0.617,hard_brakes_per_100km,3.84,total_events_per_100km,3.19,speeding_per_100km,2.98
D1752,24,-0.6018,hard_brakes_per_100km,3.63,total_events_per_100km,3.07,speeding_per_100km,2.86
D1752,25,-0.6336,speeding_per_100km,3.71,hard_brakes_per_100km,3.61,total_events_per_100km,3.33
D1756,2,-0.615,speeding_per_100km,5.29,hard_accels_per_100km,2.49,fuel_per_100km,2.34
D1756,3,-0.5502,phone_use_per_100km,3.04,sharp_turns_per_100km,2.79,hard_brakes_per_100km,2.03
D1756,7,-0.5518,hard_accels_per_100km,2.68,hard_brakes_per_100km,2.5,fuel_per_100km,1.93
D1756,10,-0.5447,speeding_per_100km,3.82,hard_brakes_per_100km,1.75,phone_use_per_100km,1.63
D1756,23,-0.5365,speeding_per_100km,2.61,hard_accels_per_100km,2.2,total_events_per_100km,1.69
D1756,26,-0.5735,hard_accels_per_100km,2.41,daily_hours,1.88,fuel_per_100km,1.84
D1759,9,-0.5522,hard_brakes_per_100km,2.34,sharp_turns_per_100km,2.33,speeding_per_100km,2.1
D1759,10,-0.6502,hard_brakes_per_100km,3.49,total_events_per_100km,3.32,sharp_turns_per_100km,3.22
D1759,11,-0.5893,sharp_turns_per_100km,2.74,phone_use_per_100km,2.62,hard_accels_per_100km,2.54
D1759,12,-0.5745,hard_accels_per_100km,3.2,total_events_per_100km,2.65,hard_brakes_per_100km,2.42
D1759,13,-0.6807,sharp_turns_per_100km,3.48,hard_brakes_per_100km,3.27,total_events_per_100km,3.27
D1761,16,-0.5368,daily_steps,3.03,daily_lifting_events,2.72,daily_floors,2.26
D1762,6,-0.5616,idle_time_pct,3.3,daily_lifting_events,2.88,fuel_per_100km,2.21
D1762,21,-0.5384,phone_use_per_100km,2.39,daily_hours,2.39,sharp_turns_per_100km,2.28
D1762,23,-0.5434,daily_steps,2.59,daily_floors,2.47,fuel_per_100km,2.05
D1765,7,-0.5518,daily_floors,2.67,daily_steps,2.53,fuel_per_100km,2.41
D1765,13,-0.5496,fuel_per_100km,2.52,idle_time_pct,2.49,daily_steps,2.36
D1765,26,-0.5405,idle_time_pct,3.93,fuel_per_100km,2.35,daily_floors,1.72
D1769,5,-0.5439,idle_time_pct,3.83,fuel_per_100km,2.54,daily_hours,2.05
D1769,20,-0.566,daily_floors,3.38,daily_steps,2.72,daily_lifting_events,2.49
D1770,7,-0.5684,hard_accels_per_100km,2.79,fuel_per_100km,2.54,daily_floors,2.53
D1770,10,-0.539,speeding_per_100km,2.46,sharp_turns_per_100km,2.01,total_events_per_100km,1.82
D1770,13,-0.5438,daily_hours,3.05,hard_brakes_per_100km,2.23,hard_accels_per_100km,2.09
D1770,15,-0.6337,sharp_turns_per_100km,3.65,daily_hours,3.05,daily_lifting_events,2.63
D1771,12,-0.5483,idle_time_pct,2.41,hard_brakes_per_100km,2.22,fuel_per_100km,1.95
D1774,9,-0.5418,idle_time_pct,2.98,daily_hours,2.29,fuel_per_100km,2.22
D1775,7,-0.5388,hard_accels_per_100km,2.41,hard_brakes_per_100km,2.36,total_events_per_100km,1.83
D1775,8,-0.5623,phone_use_per_100km,2.7,daily_lifting_events,2.32,speeding_per_100km,2.15
D1775,17,-0.5374,hard_brakes_per_100km,2.62,speeding_per_100km,1.97,total_events_per_100km,1.89
D1775,18,-0.5365,daily_km,2.22,speeding_per_100km,2.01,daily_hours,1.96
D1775,22,-0.6193,speeding_per_100km,3.67,daily_lifting_events,2.88,daily_km,2.43
D1776,10,-0.5449,phone_use_per_100km,3.01,hard_accels_per_100km,2.52,total_events_per_100km,1.69
D1776,12,-0.5869,sharp_turns_per_100km,4.22,phone_use_per_100km,3.27,total_events_per_100km,2.43
D1776,14,-0.6381,hard_brakes_per_100km,3.94,hard_accels_per_100km,3.47,total_events_per_100km,3.41
D1776,15,-0.5937,hard_accels_per_100km,3.08,hard_brakes_per_100km,2.7,speeding_per_100km,2.66
D1776,16,-0.6118,sharp_turns_per_100km,4.32,hard_accels_per_100km,4.21,total_events_per_100km,3.63
D1779,8,-0.5359,daily_lifting_events,3.1,daily_steps,1.86,daily_floors,1.56
D1782,2,-0.5443,phone_use_per_100km,3.33,hard_accels_per_100km,2.42,hard_brakes_per_100km,1.62
D1783,3,-0.5793,daily_km,2.95,daily_hours,2.8,hard_brakes_per_100km,2.09
D1783,8,-0.5349,hard_accels_per_100km,2.48,total_events_per_100km,1.93,phone_use_per_100km,1.84
D1783,15,-0.5467,phone_use_per_100km,2.75,hard_accels_per_100km,2.41,speeding_per_100km,2.13
D1783,21,-0.5672,daily_km,3.65,daily_hours,3.46,hard_brakes_per_100km,1.91
D1787,16,-0.5729,idle_time_pct,3.66,fuel_per_100km,3.23,daily_floors,2.56
D1787,26,-0.5582,idle_time_pct,4.08,fuel_per_100km,2.96,daily_floors,1.84
D1789,22,-0.5515,daily_km,2.49,daily_hours,1.96,sharp_turns_per_100km,1.92
D1790,5,-0.5371,idle_time_pct,3.07,fuel_per_100km,2.89,speeding_per_100km,1.86
D1790,11,-0.5939,idle_time_pct,4.66,fuel_per_100km,2.77,daily_floors,2.28
D1790,12,-0.5952,total_events_per_100km,3.0,idle_time_pct,2.75,fuel_per_100km,2.59
D1792,8,-0.5383,sharp_turns_per_100km,2.26,speeding_per_100km,2.08,daily_floors,2.02
D1792,9,-0.5636,hard_accels_per_100km,3.6,hard_brakes_per_100km,2.54,speeding_per_100km,2.4
D1792,12,-0.61,phone_use_per_100km,4.58,hard_accels_per_100km,2.76,total_events_per_100km,2.68
D1792,13,-0.5789,speeding_per_100km,4.7,total_events_per_100km,2.92,hard_accels_per_100km,2.74
D1792,14,-0.5837,hard_accels_per_100km,3.83,hard_brakes_per_100km,3.55,total_events_per_100km,3.16
D1792,15,-0.6306,phone_use_per_100km,4.6,hard_accels_per_100km,4.28,total_events_per_100km,3.35
D1792,16,-0.6521,hard_brakes_per_100km,6.0,phone_use_per_100km,5.78,hard_accels_per_100km,4.46
D1796,2,-0.5983,hard_accels_per_100km,3.37,hard_brakes_per_100km,3.24,total_events_per_100km,2.87
D1796,4,-0.5365,hard_accels_per_100km,2.61,speeding_per_100km,2.41,hard_brakes_per_100km,2.0
D1799,15,-0.5415,idle_time_pct,2.7,fuel_per_100km,2.33,daily_lifting_events,2.25
D1799,22,-0.5375,phone_use_per_100km,2.57,idle_time_pct,2.5,fuel_per_100km,2.16
D1799,23,-0.5374,daily_lifting_events,2.72,daily_floors,2.59,daily_steps,1.89
D1799,24,-0.5361,idle_time_pct,3.41,fuel_per_100km,2.81,daily_hours,1.55
D1799,26,-0.5538,phone_use_per_100km,2.33,daily_steps,2.27,fuel_per_100km,1.99
D1808,17,-0.5908,daily_hours,3.3,daily_lifting_events,3.27,phone_use_per_100km,3.06
D1809,2,-0.5464,sharp_turns_per_100km,2.52,fuel_per_100km,2.05,hard_accels_per_100km,1.89
D1809,4,-0.5543,speeding_per_100km,3.04,daily_hours,2.22,fuel_per_100km,2.1
D1809,14,-0.5462,daily_lifting_events,2.25,hard_brakes_per_100km,2.25,daily_floors,2.13
D1809,26,-0.5627,hard_accels_per_100km,2.52,hard_brakes_per_100km,2.45,daily_hours,2.39
D1810,1,-0.5386,hard_brakes_per_100km,2.37,hard_accels_per_100km,2.22,speeding_per_100km,2.05
D1810,4,-0.581,sharp_turns_per_100km,3.51,speeding_per_100km,2.88,total_events_per_100km,2.55
D1810,5,-0.5377,speeding_per_100km,2.72,hard_brakes_per_100km,2.54,total_events_per_100km,2.12
D1810,6,-0.603,speeding_per_100km,3.86,hard_brakes_per_100km,3.09,total_events_per_100km,2.92
D1810,7,-0.5921,speeding_per_100km,3.69,total_events_per_100km,2.73,sharp_turns_per_100km,2.71
D1810,8,-0.6502,hard_accels_per_100km,4.03,hard_brakes_per_100km,3.57,total_events_per_100km,3.54
D1810,9,-0.6599,hard_accels_per_100km,4.9,hard_brakes_per_100km,4.61,total_events_per_100km,4.1
D1813,24,-0.542,idle_time_pct,3.66,daily_lifting_events,2.4,phone_use_per_100km,2.15
D1815,6,-0.5476,daily_lifting_events,2.33,speeding_per_100km,2.22,daily_km,2.21
D1815,9,-0.535,hard_brakes_per_100km,2.52,speeding_per_100km,2.45,total_events_per_100km,1.71
D1815,10,-0.5422,daily_km,2.86,daily_hours,2.29,daily_floors,1.41
D1815,15,-0.5359,daily_lifting_events,2.79,speeding_per_100km,1.99,daily_steps,1.68
D1815,23,-0.5586,hard_brakes_per_100km,2.61,daily_hours,2.13,daily_km,2.08
D1815,24,-0.5388,daily_km,2.83,daily_hours,2.46,speeding_per_100km,2.07
D1819,7,-0.5454,daily_lifting_events,3.27,fuel_per_100km,2.22,daily_floors,1.93
D1819,13,-0.5374,hard_accels_per_100km,3.18,hard_brakes_per_100km,2.45,daily_hours,1.72
D1823,6,-0.542,phone_use_per_100km,4.29,fuel_per_100km,1.61,hard_accels_per_100km,1.45
D1823,7,-0.553,daily_lifting_events,2.64,hard_accels_per_100km,2.59,fuel_per_100km,2.02
D1823,13,-0.5458,hard_brakes_per_100km,3.35,sharp_turns_per_100km,2.97,total_events_per_100km,1.87
D1826,12,-0.5538,sharp_turns_per_100km,3.81,daily_hours,2.22,daily_km,1.7
D1829,1,-0.5513,hard_brakes_per_100km,2.68,sharp_turns_per_100km,2.08,fuel_per_100km,1.92
D1829,2,-0.5421,phone_use_per_100km,3.3,hard_accels_per_100km,1.99,total_events_per_100km,1.7
D1829,3,-0.6072,phone_use_per_100km,3.77,hard_brakes_per_100km,3.11,total_events_per_100km,2.56
D1829,6,-0.546,phone_use_per_100km,2.67,hard_brakes_per_100km,2.5,hard_accels_per_100km,1.98
D1829,13,-0.5533,speeding_per_100km,3.89,total_events_per_100km,2.24,sharp_turns_per_100km,2.15
D1829,20,-0.5582,speeding_per_100km,3.41,hard_brakes_per_100km,2.71,total_events_per_100km,2.17
D1829,21,-0.5429,hard_brakes_per_100km,2.87,total_events_per_100km,2.09,hard_accels_per_100km,1.76
D1829,22,-0.587,speeding_per_100km,3.39,daily_lifting_events,3.04,phone_use_per_100km,2.54
D1829,23,-0.5439,daily_steps,2.36,daily_floors,2.13,hard_brakes_per_100km,2.04
D1829,25,-0.5456,speeding_per_100km,2.19,hard_brakes_per_100km,2.18,total_events_per_100km,1.83
D1830,22,-0.5351,daily_hours,4.63,daily_km,4.56,phone_use_per_100km,2.1
D1830,26,-0.5528,daily_km,2.67,daily_hours,2.46,daily_lifting_events,1.84
D1831,1,-0.5372,fuel_per_100km,3.35,daily_steps,1.58,hard_brakes_per_100km,1.58
D1831,2,-0.5492,phone_use_per_100km,2.7,daily_hours,1.79,hard_accels_per_100km,1.69
D1831,6,-0.5401,phone_use_per_100km,2.47,daily_lifting_events,2.09,daily_steps,1.89
D1831,11,-0.5399,daily_hours,1.96,daily_lifting_events,1.93,hard_brakes_per_100km,1.65
D1831,18,-0.5557,daily_floors,2.5,daily_steps,2.4,hard_accels_per_100km,2.26
D1831,19,-0.5683,hard_brakes_per_100km,2.86,sharp_turns_per_100km,2.45,total_events_per_100km,2.33
D1831,20,-0.5742,phone_use_per_100km,3.98,speeding_per_100km,2.54,hard_accels_per_100km,2.36
D1831,21,-0.5748,sharp_turns_per_100km,3.57,total_events_per_100km,2.68,hard_brakes_per_100km,2.49
D1831,22,-0.5627,hard_accels_per_100km,2.81,total_events_per_100km,2.4,phone_use_per_100km,2.39
D1831,23,-0.6925,sharp_turns_per_100km,4.14,phone_use_per_100km,3.61,hard_brakes_per_100km,3.39
D1831,24,-0.6386,sharp_turns_per_100km,6.25,daily_floors,2.61,total_events_per_100km,2.55
D1833,10,-0.5347,daily_hours,2.89,daily_lifting_events,2.4,daily_km,1.67
D1835,11,-0.5473,total_events_per_100km,2.57,idle_time_pct,1.98,sharp_turns_per_100km,1.81
D1836,3,-0.5486,idle_time_pct,3.37,fuel_per_100km,2.96,daily_steps,2.0
D1836,7,-0.539,idle_time_pct,3.37,fuel_per_100km,2.87,daily_floors,1.64
D1836,15,-0.5597,idle_time_pct,2.78,fuel_per_100km,2.1,daily_hours,2.05
D1836,18,-0.5423,idle_time_pct,3.3,fuel_per_100km,1.88,daily_floors,1.7
D1836,22,-0.5401,idle_time_pct,4.49,fuel_per_100km,2.64,sharp_turns_per_100km,1.58
D1837,23,-0.562,daily_lifting_events,4.06,daily_steps,2.99,daily_hours,1.96
D1839,19,-0.5378,daily_km,2.66,daily_hours,2.29,idle_time_pct,1.39
D1839,20,-0.5352,daily_km,2.15,daily_hours,2.13,daily_floors,1.53
D1840,24,-0.5732,daily_hours,3.97,daily_km,3.87,daily_lifting_events,1.7
D1841,1,-0.5498,hard_accels_per_100km,2.41,sharp_turns_per_100km,2.4,hard_brakes_per_100km,2.07
D1841,2,-0.5636,hard_accels_per_100km,2.57,sharp_turns_per_100km,2.33,fuel_per_100km,2.18
D1841,4,-0.5455,phone_use_per_100km,3.06,daily_lifting_events,1.78,speeding_per_100km,1.75
D1841,6,-0.5493,speeding_per_100km,2.53,hard_brakes_per_100km,2.5,hard_accels_per_100km,2.17
D1841,8,-0.5609,phone_use_per_100km,2.67,speeding_per_100km,2.36,hard_brakes_per_100km,2.08
D1841,13,-0.6032,daily_lifting_events,2.72,sharp_turns_per_100km,2.71,phone_use_per_100km,2.36
D1841,16,-0.5403,speeding_per_100km,2.55,sharp_turns_per_100km,2.45,hard_accels_per_100km,2.11
D1841,18,-0.5633,phone_use_per_100km,3.22,daily_floors,2.0,daily_steps,1.92
D1841,20,-0.5401,speeding_per_100km,2.62,sharp_turns_per_100km,2.27,total_events_per_100km,2.1
D1841,21,-0.569,hard_brakes_per_100km,2.67,sharp_turns_per_100km,2.36,speeding_per_100km,2.31
D1841,24,-0.5878,hard_accels_per_100km,3.48,speeding_per_100km,2.7,hard_brakes_per_100km,2.64
D1841,25,-0.5689,hard_brakes_per_100km,3.29,daily_hours,1.88,total_events_per_100km,1.83
D1842,2,-0.5352,sharp_turns_per_100km,2.97,fuel_per_100km,2.06,total_events_per_100km,1.59
D1842,4,-0.5466,daily_hours,3.22,fuel_per_100km,2.88,daily_km,2.15
D1842,6,-0.5611,daily_lifting_events,2.49,daily_hours,1.96,daily_steps,1.87
D1842,13,-0.5356,speeding_per_100km,2.55,daily_lifting_events,2.49,hard_accels_per_100km,1.84
D1842,15,-0.5407,phone_use_per_100km,2.26,sharp_turns_per_100km,2.16,fuel_per_100km,1.68
D1843,18,-0.5422,daily_lifting_events,3.43,daily_hours,2.96,phone_use_per_100km,1.6
D1843,20,-0.5857,sharp_turns_per_100km,5.42,hard_brakes_per_100km,3.6,total_events_per_100km,2.63
D1845,17,-0.5402,hard_accels_per_100km,3.29,speeding_per_100km,2.01,daily_lifting_events,1.29
D1847,1,-0.6191,daily_hours,3.22,sharp_turns_per_100km,2.95,idle_time_pct,2.73
D1847,18,-0.5517,phone_use_per_100km,2.75,daily_hours,2.72,daily_km,1.91
D1848,2,-0.5857,hard_accels_per_100km,3.03,speeding_per_100km,2.97,sharp_turns_per_100km,2.78
D1848,3,-0.5682,hard_accels_per_100km,3.01,sharp_turns_per_100km,2.85,total_events_per_100km,2.52
D1848,4,-0.5503,speeding_per_100km,2.67,daily_floors,2.43,fuel_per_100km,2.1
D1848,8,-0.5584,phone_use_per_100km,2.44,fuel_per_100km,2.37,hard_accels_per_100km,2.12
D1848,9,-0.5559,hard_accels_per_100km,3.02,speeding_per_100km,2.52,total_events_per_100km,2.19
D1848,10,-0.5596,phone_use_per_100km,3.35,hard_accels_per_100km,2.57,total_events_per_100km,2.12
D1848,11,-0.6563,hard_brakes_per_100km,3.34,hard_accels_per_100km,3.33,phone_use_per_100km,3.27
D1848,12,-0.5478,sharp_turns_per_100km,3.36,total_events_per_100km,2.47,speeding_per_100km,2.43
D1848,13,-0.5937,speeding_per_100km,4.49,hard_brakes_per_100km,4.22,total_events_per_100km,3.24
D1848,14,-0.5683,hard_brakes_per_100km,3.57,speeding_per_100km,3.53,total_events_per_100km,2.94
D1848,15,-0.651,speeding_per_100km,4.27,total_events_per_100km,3.86,hard_brakes_per_100km,3.78
D1858,1,-0.535,phone_use_per_100km,2.73,sharp_turns_per_100km,2.02,daily_km,2.02
D1858,11,-0.5607,daily_hours,4.47,daily_km,3.8,daily_lifting_events,1.7
D1858,25,-0.5653,daily_hours,3.8,daily_km,3.61,phone_use_per_100km,1.45
D1863,11,-0.5467,daily_lifting_events,2.64,daily_hours,2.46,night_driving_pct,1.57
D1863,14,-0.5408,phone_use_per_100km,3.38,sharp_turns_per_100km,2.15,hard_accels_per_100km,1.6
D1863,25,-0.5407,daily_lifting_events,2.09,daily_hours,1.96,sharp_turns_per_100km,1.81
D1870,9,-0.5487,daily_lifting_events,3.43,daily_floors,2.66,daily_steps,2.21
D1872,25,-0.5451,idle_time_pct,2.61,daily_floors,2.55,fuel_per_100km,2.52
D1874,14,-0.5494,hard_accels_per_100km,3.25,sharp_turns_per_100km,3.17,total_events_per_100km,2.51
D1874,15,-0.5681,sharp_turns_per_100km,3.13,hard_accels_per_100km,3.04,total_events_per_100km,2.41
D1874,16,-0.5826,hard_accels_per_100km,5.38,total_events_per_100km,2.92,speeding_per_100km,2.87
D1874,17,-0.6135,sharp_turns_per_100km,4.07,hard_accels_per_100km,3.7,total_events_per_100km,3.26
D1874,18,-0.594,hard_accels_per_100km,5.27,phone_use_per_100km,3.46,speeding_per_100km,2.82
D1875,5,-0.5685,phone_use_per_100km,4.13,fuel_per_100km,1.98,sharp_turns_per_100km,1.93
D1875,6,-0.5775,hard_accels_per_100km,2.64,fuel_per_100km,2.31,hard_brakes_per_100km,2.14
D1875,13,-0.5448,hard_accels_per_100km,2.77,daily_lifting_events,2.09,speeding_per_100km,1.96
D1875,16,-0.543,hard_brakes_per_100km,3.21,total_events_per_100km,2.11,phone_use_per_100km,2.1
D1875,25,-0.5803,daily_floors,4.15,daily_lifting_events,3.43,daily_steps,3.05
D1876,3,-0.5353,daily_lifting_events,5.24,daily_steps,2.47,idle_time_pct,2.05
D1876,10,-0.561,daily_lifting_events,6.82,daily_steps,2.99,daily_hours,2.46
D1884,13,-0.5768,hard_accels_per_100km,2.74,speeding_per_100km,2.56,hard_brakes_per_100km,2.09
D1884,15,-0.5631,daily_hours,3.13,daily_km,3.02,hard_brakes_per_100km,1.87
D1884,23,-0.5634,speeding_per_100km,2.33,hard_brakes_per_100km,2.29,hard_accels_per_100km,2.07
D1885,7,-0.5396,daily_hours,3.46,daily_steps,2.33,daily_floors,2.0
D1886,16,-0.5368,daily_km,2.93,daily_hours,1.96,hard_brakes_per_100km,1.87
D1886,25,-0.5362,hard_brakes_per_100km,2.98,daily_lifting_events,2.0,total_events_per_100km,1.65
D1888,23,-0.5369,daily_km,2.81,daily_hours,2.13,night_driving_pct,1.57
D1888,24,-0.5575,daily_hours,3.46,daily_km,3.05,daily_lifting_events,1.45
D1890,26,-0.5423,daily_hours,2.89,idle_time_pct,2.26,daily_km,1.73
D1893,1,-0.5402,idle_time_pct,3.3,fuel_per_100km,2.82,daily_lifting_events,2.25
D1893,3,-0.566,daily_lifting_events,3.27,fuel_per_100km,2.8,idle_time_pct,2.36
D1893,4,-0.581,idle_time_pct,4.78,daily_steps,3.13,fuel_per_100km,3.06
D1893,14,-0.6003,idle_time_pct,3.93,daily_steps,3.1,daily_floors,3.08
D1896,1,-0.5932,sharp_turns_per_100km,4.28,speeding_per_100km,3.01,daily_hours,2.55
D1896,2,-0.5891,sharp_turns_per_100km,3.06,hard_brakes_per_100km,2.63,total_events_per_100km,2.29
D1896,3,-0.5725,hard_brakes_per_100km,3.19,speeding_per_100km,2.56,hard_accels_per_100km,2.38
D1896,4,-0.6028,daily_hours,2.63,phone_use_per_100km,2.6,daily_km,2.54
D1896,5,-0.6101,phone_use_per_100km,4.11,speeding_per_100km,2.86,total_events_per_100km,2.76
D1896,6,-0.6133,hard_accels_per_100km,3.1,sharp_turns_per_100km,3.04,speeding_per_100km,3.01
D1896,7,-0.6074,speeding_per_100km,3.94,total_events_per_100km,3.17,hard_brakes_per_100km,3.15
D1896,8,-0.6198,speeding_per_100km,4.0,total_events_per_100km,3.56,hard_brakes_per_100km,3.43
D1896,9,-0.635,speeding_per_100km,5.02,hard_accels_per_100km,3.87,total_events_per_100km,3.82
D1897,8,-0.536,daily_floors,3.51,daily_steps,2.81,idle_time_pct,1.94
D1897,26,-0.5391,daily_hours,2.72,daily_km,1.97,idle_time_pct,1.77
D1898,4,-0.5371,daily_hours,2.22,hard_brakes_per_100km,2.01,night_driving_pct,1.57
D1898,17,-0.5789,speeding_per_100km,3.4,daily_hours,2.72,phone_use_per_100km,2.23
D1898,19,-0.5385,speeding_per_100km,3.21,daily_lifting_events,2.09,hard_brakes_per_100km,2.04
D1898,21,-0.6054,hard_brakes_per_100km,3.37,hard_accels_per_100km,2.85,speeding_per_100km,2.8
D1899,9,-0.5437,phone_use_per_100km,3.06,hard_accels_per_100km,2.46,fuel_per_100km,1.95
D1899,11,-0.5593,phone_use_per_100km,3.98,hard_accels_per_100km,2.09,total_events_per_100km,1.94
D1899,12,-0.5699,sharp_turns_per_100km,2.94,hard_accels_per_100km,2.49,total_events_per_100km,2.26
D1899,13,-0.5425,daily_steps,2.14,daily_floors,2.07,speeding_per_100km,2.02
D1899,14,-0.5558,hard_accels_per_100km,4.05,speeding_per_100km,2.85,total_events_per_100km,2.69
D1899,15,-0.6204,phone_use_per_100km,4.89,hard_accels_per_100km,4.52,total_events_per_100km,2.84
D1899,16,-0.6886,sharp_turns_per_100km,4.69,hard_brakes_per_100km,4.54,phone_use_per_100km,4.11
D1901,18,-0.5414,hard_accels_per_100km,3.01,daily_lifting_events,1.69,daily_steps,1.62
D1902,20,-0.5559,daily_lifting_events,4.45,daily_steps,3.08,daily_floors,2.14
D1903,2,-0.5631,fuel_per_100km,4.26,idle_time_pct,3.96,daily_steps,1.93
D1903,8,-0.5445,idle_time_pct,3.48,fuel_per_100km,2.28,speeding_per_100km,1.65
D1903,9,-0.5725,daily_steps,2.98,daily_floors,2.78,fuel_per_100km,2.08
D1903,11,-0.5403,total_events_per_100km,2.38,hard_brakes_per_100km,2.19,phone_use_per_100km,1.87
D1904,15,-0.5358,phone_use_per_100km,3.77,daily_floors,1.73,daily_lifting_events,1.7
D1904,17,-0.5371,hard_accels_per_100km,3.1,hard_brakes_per_100km,2.56,total_events_per_100km,2.08
D1904,26,-0.5641,speeding_per_100km,2.71,hard_brakes_per_100km,2.21,fuel_per_100km,2.13
D1905,14,-0.5591,daily_km,2.65,daily_hours,2.29,hard_brakes_per_100km,1.7
D1905,16,-0.5496,daily_hours,3.3,daily_km,3.28,hard_accels_per_100km,1.81
D1905,22,-0.5795,sharp_turns_per_100km,3.01,hard_accels_per_100km,2.83,daily_hours,2.39
D1905,26,-0.5626,daily_hours,3.13,daily_km,2.73,speeding_per_100km,2.33
D1909,6,-0.5664,hard_brakes_per_100km,2.36,sharp_turns_per_100km,2.07,total_events_per_100km,2.05
D1909,8,-0.563,fuel_per_100km,2.44,phone_use_per_100km,2.44,daily_floors,2.05
D1909,10,-0.5822,phone_use_per_100km,3.53,total_events_per_100km,2.79,speeding_per_100km,2.71
D1917,11,-0.5535,daily_floors,2.55,fuel_per_100km,2.1,daily_lifting_events,2.09
D1918,13,-0.5606,daily_steps,3.65,daily_floors,3.51,daily_hours,2.46
D1918,15,-0.6074,daily_lifting_events,4.14,idle_time_pct,3.43,daily_floors,2.74
D1918,20,-0.5375,idle_time_pct,4.03,fuel_per_100km,3.27,daily_floors,2.34
D1918,26,-0.5666,idle_time_pct,4.52,fuel_per_100km,2.89,daily_steps,2.36
D1922,5,-0.5861,speeding_per_100km,3.88,hard_brakes_per_100km,2.77,total_events_per_100km,2.64
D1922,7,-0.5824,sharp_turns_per_100km,2.97,total_events_per_100km,2.55,hard_brakes_per_100km,2.46
D1922,8,-0.6036,sharp_turns_per_100km,2.9,total_events_per_100km,2.77,hard_accels_per_100km,2.77
D1922,9,-0.6367,hard_accels_per_100km,3.97,total_events_per_100km,3.79,sharp_turns_per_100km,3.67
D1922,10,-0.6516,hard_brakes_per_100km,3.74,total_events_per_100km,3.71,speeding_per_100km,3.45
D1922,11,-0.6582,hard_brakes_per_100km,5.05,sharp_turns_per_100km,4.48,total_events_per_100km,4.42
D1925,17,-0.5437,daily_floors,2.43,daily_hours,2.13,idle_time_pct,1.92
D1925,20,-0.5513,idle_time_pct,3.13,fuel_per_100km,2.81,daily_hours,2.22
D1925,25,-0.5861,idle_time_pct,4.95,fuel_per_100km,3.35,sharp_turns_per_100km,2.5
D1931,8,-0.573,hard_accels_per_100km,3.17,daily_hours,2.55,speeding_per_100km,2.27
D1931,10,-0.5447,hard_accels_per_100km,3.1,hard_brakes_per_100km,1.97,total_events_per_100km,1.85
D1931,11,-0.5543,hard_accels_per_100km,3.49,sharp_turns_per_100km,2.7,total_events_per_100km,2.43
D1931,12,-0.557,hard_brakes_per_100km,3.09,hard_accels_per_100km,2.96,total_events_per_100km,2.3
D1931,13,-0.5378,daily_floors,2.27,sharp_turns_per_100km,2.11,total_events_per_100km,2.01
D1931,14,-0.6307,hard_brakes_per_100km,4.04,hard_accels_per_100km,3.99,total_events_per_100km,3.58
D1931,15,-0.5616,hard_accels_per_100km,3.1,sharp_turns_per_100km,2.1,total_events_per_100km,2.07
D1933,15,-0.5438,daily_lifting_events,2.88,daily_steps,2.84,daily_floors,2.46
D1933,23,-0.5578,daily_floors,5.3,daily_steps,4.65,daily_lifting_events,3.12
D1935,1,-0.5435,fuel_per_100km,2.39,daily_floors,1.9,daily_steps,1.77
D1935,8,-0.5699,hard_accels_per_100km,2.64,sharp_turns_per_100km,2.35,daily_lifting_events,2.09
D1935,11,-0.5464,daily_floors,2.45,speeding_per_100km,2.09,phone_use_per_100km,2.0
D1939,20,-0.5399,daily_hours,3.22,daily_km,2.17,fuel_per_100km,1.48
D1940,17,-0.5736,speeding_per_100km,3.46,phone_use_per_100km,2.93,hard_brakes_per_100km,2.07
D1940,20,-0.5698,phone_use_per_100km,2.54,speeding_per_100km,2.1,daily_steps,1.97
D1940,22,-0.6023,hard_accels_per_100km,3.41,fuel_per_100km,2.86,daily_lifting_events,2.64
D1940,24,-0.5651,phone_use_per_100km,2.67,daily_floors,2.41,daily_steps,2.06
D1941,15,-0.5354,daily_km,3.66,daily_hours,3.46,night_driving_pct,1.57
D1942,3,-0.5487,daily_hours,3.3,daily_km,2.8,phone_use_per_100km,1.4
D1942,4,-0.5594,hard_brakes_per_100km,2.26,daily_km,2.17,daily_hours,1.96
D1942,8,-0.5382,daily_lifting_events,2.24,daily_km,2.03,phone_use_per_100km,1.76
D1942,20,-0.5906,hard_brakes_per_100km,3.39,speeding_per_100km,2.57,total_events_per_100km,2.23
D1942,21,-0.5456,daily_hours,2.46,daily_km,2.31,sharp_turns_per_100km,2.19
D1942,26,-0.5352,speeding_per_100km,2.33,daily_lifting_events,1.84,daily_floors,1.6
D1946,22,-0.5924,idle_time_pct,4.99,phone_use_per_100km,3.25,daily_hours,2.55
D1947,3,-0.5358,daily_km,2.26,daily_hours,1.96,hard_accels_per_100km,1.75
D1947,8,-0.5687,daily_km,3.0,daily_hours,2.63,speeding_per_100km,1.73
D1947,12,-0.5802,daily_km,3.27,daily_hours,2.8,hard_brakes_per_100km,2.54
D1947,13,-0.5584,hard_brakes_per_100km,3.23,hard_accels_per_100km,3.05,total_events_per_100km,2.21
D1947,14,-0.5465,speeding_per_100km,2.56,hard_brakes_per_100km,2.51,total_events_per_100km,2.39
D1947,15,-0.5857,speeding_per_100km,3.03,hard_brakes_per_100km,2.72,total_events_per_100km,2.63
D1947,16,-0.623,phone_use_per_100km,3.48,hard_brakes_per_100km,3.45,total_events_per_100km,3.1
D1947,17,-0.6522,hard_brakes_per_100km,4.11,total_events_per_100km,3.62,speeding_per_100km,3.55
D1947,18,-0.6729,hard_accels_per_100km,5.38,speeding_per_100km,4.72,total_events_per_100km,4.69
D1952,14,-0.5572,daily_lifting_events,3.35,hard_accels_per_100km,1.94,phone_use_per_100km,1.89
D1952,18,-0.5361,hard_accels_per_100km,2.97,phone_use_per_100km,2.57,total_events_per_100km,1.93
D1952,20,-0.5401,hard_accels_per_100km,2.66,daily_hours,2.05,hard_brakes_per_100km,1.63
D1954,8,-0.5732,daily_lifting_events,2.63,daily_hours,2.55,daily_steps,1.59
D1954,9,-0.5603,daily_km,2.67,daily_lifting_events,1.84,sharp_turns_per_100km,1.58
D1954,16,-0.5697,sharp_turns_per_100km,2.34,daily_lifting_events,2.0,speeding_per_100km,1.98
D1954,17,-0.5752,speeding_per_100km,2.75,sharp_turns_per_100km,2.66,hard_accels_per_100km,2.36
D1954,18,-0.5851,phone_use_per_100km,3.4,hard_brakes_per_100km,2.7,hard_accels_per_100km,2.37
D1954,19,-0.6183,sharp_turns_per_100km,4.12,total_events_per_100km,2.62,speeding_per_100km,2.29
D1954,20,-0.5805,sharp_turns_per_100km,2.68,total_events_per_100km,2.45,hard_accels_per_100km,2.44
D1954,21,-0.7112,speeding_per_100km,6.78,phone_use_per_100km,6.25,hard_accels_per_100km,5.58
D1956,12,-0.5465,idle_time_pct,2.29,daily_steps,2.08,night_driving_pct,1.57
D1958,10,-0.536,hard_brakes_per_100km,2.53,hard_accels_per_100km,2.51,total_events_per_100km,1.93
D1958,11,-0.5593,sharp_turns_per_100km,2.49,phone_use_per_100km,2.47,hard_brakes_per_100km,2.45
D1958,12,-0.5491,speeding_per_100km,2.98,sharp_turns_per_100km,2.73,total_events_per_100km,2.52
D1958,13,-0.5502,speeding_per_100km,3.44,hard_brakes_per_100km,2.49,total_events_per_100km,2.45
D1958,14,-0.6139,hard_brakes_per_100km,3.49,speeding_per_100km,3.14,total_events_per_100km,2.97
D1958,15,-0.6493,speeding_per_100km,3.6,total_events_per_100km,3.25,hard_accels_per_100km,3.18
D1958,16,-0.6557,hard_accels_per_100km,4.56,total_events_per_100km,3.79,hard_brakes_per_100km,3.63
D1958,17,-0.6273,speeding_per_100km,4.81,phone_use_per_100km,3.01,total_events_per_100km,2.72
D1959,1,-0.539,daily_lifting_events,2.64,daily_floors,2.11,night_driving_pct,1.57
D1961,1,-0.5514,daily_lifting_events,3.19,idle_time_pct,3.12,fuel_per_100km,2.83
D1961,2,-0.5414,fuel_per_100km,3.53,idle_time_pct,2.87,daily_steps,1.74
D1961,13,-0.5708,idle_time_pct,3.47,fuel_per_100km,2.71,daily_floors,2.43
D1961,19,-0.5727,idle_time_pct,3.09,fuel_per_100km,2.59,daily_lifting_events,1.93
D1961,22,-0.5804,idle_time_pct,3.92,fuel_per_100km,2.7,daily_floors,2.43
D1961,26,-0.5363,idle_time_pct,3.16,fuel_per_100km,2.15,daily_steps,1.77
D1965,5,-0.5721,fuel_per_100km,3.23,idle_time_pct,3.22,daily_lifting_events,2.88
D1965,7,-0.5657,fuel_per_100km,3.42,daily_floors,2.42,idle_time_pct,2.3
D1965,16,-0.5383,idle_time_pct,3.17,fuel_per_100km,2.48,sharp_turns_per_100km,1.66
D1969,1,-0.538,phone_use_per_100km,4.5,hard_accels_per_100km,1.84,total_events_per_100km,1.82
D1969,19,-0.5441,phone_use_per_100km,2.36,speeding_per_100km,2.22,fuel_per_100km,1.84
D1972,10,-0.5476,daily_hours,3.13,daily_lifting_events,2.88,daily_steps,2.75
D1974,13,-0.5379,daily_hours,2.55,idle_time_pct,2.17,phone_use_per_100km,1.87
D1980,1,-0.5499,speeding_per_100km,2.7,daily_lifting_events,2.63,phone_use_per_100km,2.41
D1980,9,-0.5735,daily_km,2.73,daily_hours,2.63,speeding_per_100km,1.62
D1980,11,-0.5475,daily_km,2.26,speeding_per_100km,2.19,hard_brakes_per_100km,2.01
D1981,4,-0.5412,daily_steps,2.84,fuel_per_100km,2.67,idle_time_pct,2.36
D1981,13,-0.5379,idle_time_pct,1.9,daily_steps,1.9,sharp_turns_per_100km,1.87
D1981,25,-0.5605,daily_floors,3.33,idle_time_pct,2.53,daily_steps,2.21
D1981,26,-0.5563,idle_time_pct,5.01,fuel_per_100km,2.88,daily_floors,2.01
D1986,5,-0.5739,phone_use_per_100km,3.72,daily_floors,2.39,fuel_per_100km,2.38
D1986,11,-0.5728,fuel_per_100km,2.94,daily_floors,2.63,idle_time_pct,2.47
D1986,21,-0.6127,daily_steps,3.3,daily_floors,3.09,sharp_turns_per_100km,2.87
D1986,24,-0.5512,daily_steps,3.2,daily_floors,2.93,daily_lifting_events,1.93
D1987,12,-0.5389,daily_hours,2.8,daily_km,2.71,fuel_per_100km,1.76
D1990,7,-0.6198,idle_time_pct,5.99,fuel_per_100km,5.22,daily_steps,2.38
D1990,19,-0.5431,idle_time_pct,6.86,fuel_per_100km,3.71,daily_steps,1.55
D1992,12,-0.5459,speeding_per_100km,3.23,total_events_per_100km,1.86,hard_accels_per_100km,1.84
D1992,13,-0.5655,speeding_per_100km,2.45,hard_accels_per_100km,2.3,total_events_per_100km,2.23
D1992,14,-0.6332,hard_brakes_per_100km,3.86,sharp_turns_per_100km,3.22,total_events_per_100km,2.69
D1992,15,-0.6322,hard_brakes_per_100km,3.73,speeding_per_100km,3.53,total_events_per_100km,2.88
D1992,16,-0.6331,speeding_per_100km,3.54,phone_use_per_100km,3.38,total_events_per_100km,3.03
D1992,17,-0.6486,phone_use_per_100km,3.46,speeding_per_100km,2.99,hard_brakes_per_100km,2.96
D1992,18,-0.6334,speeding_per_100km,3.09,sharp_turns_per_100km,3.06,total_events_per_100km,2.84
D1993,26,-0.5769,idle_time_pct,4.95,fuel_per_100km,2.98,daily_hours,2.22
D1995,18,-0.5494,daily_hours,3.05,daily_lifting_events,2.63,daily_km,1.75
D1997,1,-0.5438,sharp_turns_per_100km,2.08,daily_hours,2.05,hard_accels_per_100km,1.86
