driver_id,week,safety_score
D001,1,92.9
D001,2,86.2
D001,3,84.7
D001,4,86.8
D001,5,76.5
D001,6,95.2
D001,7,85.0
D001,8,92.0
D001,9,75.3
D001,10,75.7
D001,11,91.4
D001,12,97.4
D001,13,96.9
D001,14,93.8
D001,15,79.1
D001,16,77.1
D001,17,79.3
D001,18,96.7
D001,19,91.3
D001,20,86.9
D001,21,78.4
D001,22,88.6
D001,23,77.5
D001,24,94.5
D001,25,89.7
D001,26,86.6
D002,1,79.9
D002,2,70.1
D002,3,76.8
D002,4,61.8
D002,5,64.7
D002,6,69.1
D002,7,69.9
D002,8,76.7
D002,9,64.2
D002,10,64.0
D002,11,82.0
D002,12,74.5
D002,13,61.7
D002,14,81.3
D002,15,56.2
D002,16,74.5
D002,17,64.9
D002,18,67.4
D002,19,62.5
D002,20,60.9
D002,21,54.1
D002,22,66.1
D002,23,63.9
D002,24,86.1
D002,25,61.7
D002,26,84.4
D003,1,77.8
D003,2,62.3
D003,3,72.2
D003,4,64.5
D003,5,72.7
D003,6,56.1
D003,7,62.3
D003,8,62.2
D003,9,61.6
D003,10,64.1
D003,11,60.0
D003,12,71.0
D003,13,56.9
D003,14,61.2
D003,15,59.5
D003,16,56.8
D003,17,67.6
D003,18,60.2
D003,19,64.5
D003,20,72.0
D003,21,47.9
D003,22,50.5
D003,23,64.8
D003,24,56.3
D003,25,67.3
D003,26,62.4
D004,1,68.2
D004,2,66.2
D004,3,77.7
D004,4,72.2
D004,5,62.0
D004,6,65.3
D004,7,62.1
D004,8,88.4
D004,9,54.1
D004,10,75.6
D004,11,65.6
D004,12,71.2
D004,13,85.0
D004,14,67.3
D004,15,60.3
D004,16,66.2
D004,17,66.7
D004,18,64.8
D004,19,73.1
D004,20,68.0
D004,21,64.7
D004,22,61.8
D004,23,61.7
D004,24,72.9
D004,25,72.6
D004,26,73.2
D005,1,89.5
D005,2,84.8
D005,3,83.6
D005,4,77.7
D005,5,86.3
D005,6,78.9
D005,7,90.3
D005,8,85.5
D005,9,94.4
D005,10,89.0
D005,11,85.0
D005,12,82.6
D005,13,91.8
D005,14,95.4
D005,15,95.4
D005,16,75.2
D005,17,84.1
D005,18,74.8
D005,19,72.9
D005,20,77.1
D005,21,94.7
D005,22,96.9
D005,23,88.1
D005,24,87.5
D005,25,83.8
D005,26,86.6
D006,1,71.2
D006,2,65.5
D006,3,61.0
D006,4,65.7
D006,5,61.3
D006,6,77.0
D006,7,74.9
D006,8,57.4
D006,9,81.5
D006,10,79.9
D006,11,62.6
D006,12,62.1
D006,13,88.4
D006,14,63.9
D006,15,59.9
D006,16,57.3
D006,17,70.6
D006,18,68.0
D006,19,71.0
D006,20,66.4
D006,21,59.8
D006,22,64.5
D006,23,64.5
D006,24,65.2
D006,25,70.9
D006,26,72.4
D007,1,64.8
D007,2,56.6
D007,3,68.8
D007,4,63.7
D007,5,59.9
D007,6,58.2
D007,7,69.8
D007,8,67.7
D007,9,65.3
D007,10,49.7
D007,11,62.4
D007,12,73.8
D007,13,56.3
D007,14,62.4
D007,15,93.5
D007,16,54.9
D007,17,57.9
D007,18,57.9
D007,19,62.5
D007,20,54.7
D007,21,57.6
D007,22,64.5
D007,23,61.1
D007,24,65.0
D007,25,67.5
D007,26,87.8
D008,1,42.0
D008,2,46.0
D008,3,47.3
D008,4,58.8
D008,5,44.7
D008,6,59.1
D008,7,51.5
D008,8,32.4
D008,9,45.6
D008,10,49.5
D008,11,36.4
D008,12,31.9
D008,13,43.2
D008,14,40.1
D008,15,35.8
D008,16,37.5
D008,17,34.9
D008,18,49.1
D008,19,40.6
D008,20,39.3
D008,21,30.9
D008,22,27.5
D008,23,34.1
D008,24,31.1
D008,25,37.0
D008,26,39.6
D009,1,30.4
D009,2,17.4
D009,3,19.5
D009,4,18.8
D009,5,13.2
D009,6,20.9
D009,7,36.1
D009,8,21.1
D009,9,27.4
D009,10,9.8
D009,11,23.1
D009,12,16.7
D009,13,15.5
D009,14,7.0
D009,15,19.8
D009,16,19.7
D009,17,9.1
D009,18,6.6
D009,19,0.0
D009,20,9.0
D009,21,0.0
D009,22,0.0
D010,1,78.3
D010,2,96.9
D010,3,83.4
D010,4,85.0
D010,5,91.7
D010,6,76.8
D010,7,91.5
D010,8,86.7
D010,9,95.7
D010,10,77.5
D010,11,85.1
D010,12,94.1
D010,13,92.7
D010,14,87.3
D010,15,84.9
D010,16,97.6
D010,17,85.1
D010,18,95.6
D010,19,82.8
D010,20,91.2
D010,21,96.3
D010,22,77.1
D010,23,89.5
D010,24,89.8
D010,25,90.2
D010,26,78.3
D011,1,68.1
D011,2,65.9
D011,3,92.3
D011,4,53.4
D011,5,58.2
D011,6,59.4
D011,7,71.8
D011,8,61.0
D011,9,65.0
D011,10,70.5
D011,11,85.3
D011,12,54.8
D011,13,78.0
D011,14,53.3
D011,15,63.0
D011,16,62.0
D011,17,72.0
D011,18,78.8
D011,19,63.3
D011,20,62.1
D011,21,57.0
D011,22,57.5
D011,23,51.7
D011,24,75.9
D011,25,50.9
D011,26,59.2
D012,1,70.3
D012,2,63.5
D012,3,58.8
D012,4,70.7
D012,5,66.0
D012,6,60.0
D012,7,70.0
D012,8,61.9
D012,9,76.6
D012,10,79.2
D012,11,58.1
D012,12,71.7
D012,13,60.7
D012,14,61.6
D012,15,59.8
D012,16,56.4
D012,17,61.9
D012,18,64.5
D012,19,69.2
D012,20,76.8
D012,21,60.1
D012,22,67.9
D012,23,59.1
D012,24,51.0
D012,25,61.6
D012,26,66.6
D013,1,67.3
D013,2,64.2
D013,3,59.2
D013,4,64.2
D013,5,70.6
D013,6,71.0
D013,7,60.4
D013,8,64.3
D013,9,68.9
D013,10,56.6
D013,11,75.6
D013,12,66.0
D013,13,63.3
D013,14,54.8
D013,15,58.8
D013,16,62.3
D013,17,59.8
D013,18,50.8
D013,19,66.8
D013,20,66.3
D013,21,66.1
D013,22,58.5
D013,23,70.4
D013,24,63.1
D013,25,57.0
D013,26,57.9
D014,1,60.0
D014,2,61.7
D014,3,63.4
D014,4,66.0
D014,5,56.8
D014,6,58.9
D014,7,73.1
D014,8,59.8
D014,9,73.4
D014,10,70.6
D014,11,88.9
D014,12,66.2
D014,13,70.8
D014,14,69.3
D014,15,65.6
D014,16,73.8
D014,17,56.0
D014,18,63.6
D014,19,63.0
D014,20,66.6
D014,21,58.3
D014,22,67.2
D014,23,66.2
D014,24,61.0
D014,25,63.0
D014,26,58.4
D015,1,91.1
D015,2,66.7
D015,3,96.2
D015,4,84.1
D015,5,80.3
D015,6,79.3
D015,7,80.3
D015,8,92.2
D015,9,89.5
D015,10,95.5
D015,11,78.6
D015,12,79.7
D015,13,90.0
D015,14,85.8
D015,15,92.5
D015,16,86.1
D015,17,92.8
D015,18,84.6
D015,19,88.9
D015,20,84.1
D015,21,99.2
D015,22,91.5
D015,23,86.9
D015,24,90.7
D015,25,86.6
D015,26,89.3
D016,1,55.3
D016,2,63.1
D016,3,70.7
D016,4,67.1
D016,5,66.3
D016,6,56.6
D016,7,63.5
D016,8,49.8
D016,9,59.3
D016,10,58.3
D016,11,60.9
D016,12,63.8
D016,13,53.1
D016,14,81.2
D016,15,57.7
D016,16,62.9
D016,17,75.5
D016,18,60.6
D016,19,60.9
D016,20,62.6
D016,21,61.4
D016,22,66.9
D016,23,56.8
D016,24,51.7
D016,25,71.4
D016,26,69.3
D017,1,5.2
D017,2,17.1
D017,3,10.4
D017,4,8.8
D017,5,12.1
D017,6,12.9
D017,7,11.1
D017,8,2.2
D017,9,4.4
D017,10,16.8
D017,11,18.8
D017,12,18.0
D017,13,18.7
D017,14,23.5
D017,15,10.4
D017,16,14.3
D017,17,29.2
D017,18,12.3
D017,19,8.3
D017,20,18.4
D017,21,9.1
D017,22,18.6
D017,23,10.7
D017,24,33.4
D017,25,62.2
D017,26,2.6
D018,1,53.5
D018,2,52.7
D018,3,61.7
D018,4,62.8
D018,5,47.2
D018,6,47.6
D018,7,53.0
D018,8,62.7
D018,9,55.8
D018,10,56.6
D018,11,50.5
D018,12,53.7
D018,13,50.0
D018,14,44.7
D018,15,45.1
D018,16,49.4
D018,17,47.9
D018,18,42.1
D018,19,40.2
D018,20,35.6
D018,21,38.0
D018,22,40.2
D018,23,35.6
D018,24,30.3
D018,25,47.0
D018,26,29.1
D019,1,13.3
D019,2,13.5
D019,3,12.4
D019,4,6.0
D019,5,7.9
D019,6,7.4
D019,7,18.1
D019,8,22.1
D019,9,19.5
D019,10,19.3
D019,11,13.7
D019,12,11.8
D019,13,16.4
D019,14,14.7
D019,15,11.6
D019,16,15.5
D019,17,19.4
D019,18,5.3
D019,19,4.8
D019,20,17.9
D019,21,6.5
D019,22,28.5
D019,23,11.1
D019,24,12.9
D019,25,23.0
D019,26,22.2
D020,1,23.8
D020,2,8.4
D020,3,13.2
D020,4,18.9
D020,5,21.6
D020,6,13.0
D020,7,36.5
D020,8,19.1
D020,9,12.0
D020,10,19.3
D020,11,1.4
D020,12,17.4
D020,13,5.9
D020,14,11.3
D020,15,12.5
D020,16,7.2
D020,17,17.6
D020,18,19.6
D020,19,25.3
D020,20,15.7
D020,21,7.0
D020,22,19.8
D020,23,14.7
D020,24,14.8
D020,25,10.8
D020,26,7.5
D021,1,54.8
D021,2,46.5
D021,3,55.9
D021,4,57.5
D021,5,56.3
D021,6,59.5
D021,7,59.2
D021,8,58.3
D021,9,41.7
D021,10,50.4
D021,11,60.9
D021,12,49.9
D021,13,55.6
D021,14,53.7
D021,15,58.0
D021,16,39.1
D021,17,42.0
D021,18,57.8
D021,19,43.6
D021,20,48.2
D021,21,44.5
D021,22,35.9
D021,23,36.2
D021,24,43.7
D021,25,54.0
D021,26,44.8
D022,1,22.3
D022,2,18.3
D022,3,22.0
D022,4,30.0
D022,5,27.8
D022,6,12.3
D022,7,0.0
D022,8,9.2
D022,9,6.5
D022,10,0.0
D022,11,0.0
D022,12,0.0
D023,1,68.5
D023,2,59.0
D023,3,65.2
D023,4,64.3
D023,5,60.0
D023,6,55.0
D023,7,61.7
D023,8,71.8
D023,9,66.0
D023,10,60.4
D023,11,73.0
D023,12,72.2
D023,13,63.7
D023,14,65.7
D023,15,65.9
D023,16,77.6
D023,17,61.4
D023,18,71.2
D023,19,58.7
D023,20,60.0
D023,21,57.4
D023,22,59.2
D023,23,59.0
D023,24,57.4
D024,1,32.7
D024,2,14.6
D024,3,12.5
D024,4,24.3
D024,5,17.2
D024,6,14.3
D024,7,10.1
D024,8,8.1
D024,9,1.7
D024,10,1.3
D024,11,0.0
D024,12,0.0
D024,13,0.0
D025,1,8.9
D025,2,20.9
D025,3,21.0
D025,4,28.9
D025,5,16.0
D025,6,19.5
D025,7,11.7
D025,8,12.5
D025,9,15.6
D025,10,26.0
D025,11,14.1
D025,12,4.0
D025,13,23.7
D025,14,19.7
D025,15,16.7
D025,16,14.9
D025,17,23.3
D025,18,10.1
D025,19,18.6
D025,20,12.1
D025,21,16.4
D025,22,11.3
D025,23,13.1
D025,24,5.1
D025,25,15.7
D025,26,11.8
D026,1,75.1
D026,2,88.6
D026,3,85.2
D026,4,88.3
D026,5,82.9
D026,6,97.3
D026,7,84.5
D026,8,84.3
D026,9,82.6
D026,10,95.9
D026,11,89.7
D026,12,94.5
D026,13,91.5
D026,14,87.3
D026,15,89.3
D026,16,84.4
D026,17,74.3
D026,18,91.8
D026,19,88.8
D026,20,90.4
D026,21,84.7
D026,22,93.2
D026,23,80.0
D026,24,95.1
D026,25,83.5
D026,26,92.2
D027,1,90.1
D027,2,77.4
D027,3,76.1
D027,4,88.0
D027,5,91.7
D027,6,100.0
D027,7,80.2
D027,8,82.2
D027,9,87.6
D027,10,84.3
D027,11,81.7
D027,12,94.2
D027,13,88.0
D027,14,75.0
D027,15,87.1
D027,16,84.1
D027,17,84.8
D027,18,92.4
D027,19,92.7
D027,20,80.6
D027,21,81.6
D027,22,75.8
D027,23,94.6
D027,24,83.5
D027,25,92.2
D027,26,81.9
D028,1,93.1
D028,2,91.1
D028,3,77.4
D028,4,77.3
D028,5,85.5
D028,6,76.3
D028,7,89.4
D028,8,97.5
D028,9,91.9
D028,10,86.3
D028,11,87.4
D028,12,100.0
D028,13,78.3
D028,14,89.1
D028,15,86.5
D028,16,78.8
D028,17,97.6
D028,18,87.1
D028,19,89.4
D028,20,91.2
D028,21,87.6
D028,22,93.0
D028,23,90.8
D028,24,93.8
D028,25,94.3
D028,26,87.8
D029,1,48.9
D029,2,72.0
D029,3,58.5
D029,4,68.2
D029,5,43.1
D029,6,55.5
D029,7,53.9
D029,8,49.6
D029,9,51.9
D029,10,41.3
D029,11,54.4
D029,12,59.2
D029,13,51.9
D029,14,45.7
D029,15,42.2
D029,16,56.8
D029,17,42.8
D029,18,43.8
D029,19,47.2
D029,20,41.2
D029,21,60.9
D029,22,38.6
D029,23,28.4
D029,24,51.0
D029,25,52.2
D029,26,39.2
D030,1,44.4
D030,2,52.9
D030,3,55.6
D030,4,59.4
D030,5,37.1
D030,6,62.0
D030,7,43.7
D030,8,47.0
D030,9,55.8
D030,10,42.1
D030,11,47.3
D030,12,50.0
D030,13,51.5
D030,14,55.6
D030,15,36.3
D030,16,49.5
D030,17,42.9
D030,18,56.4
D030,19,41.8
D030,20,36.7
D030,21,38.4
D030,22,39.7
D030,23,40.4
D030,24,43.8
D030,25,51.2
D030,26,25.5
D031,1,76.6
D031,2,64.7
D031,3,70.8
D031,4,73.3
D031,5,59.1
D031,6,48.5
D031,7,58.7
D031,8,56.2
D031,9,45.4
D031,10,54.5
D031,11,45.7
D031,12,52.3
D032,1,65.9
D032,2,53.5
D032,3,60.1
D032,4,65.2
D032,5,58.7
D032,6,62.8
D032,7,52.9
D032,8,79.7
D032,9,65.6
D032,10,62.7
D032,11,67.7
D032,12,59.3
D032,13,59.9
D032,14,56.9
D032,15,64.0
D032,16,59.4
D032,17,57.6
D032,18,62.3
D032,19,63.2
D032,20,76.2
D032,21,62.2
D032,22,64.3
D032,23,61.7
D032,24,70.2
D032,25,59.9
D032,26,71.8
D033,1,90.4
D033,2,92.8
D033,3,80.6
D033,4,96.6
D033,5,96.7
D033,6,81.9
D033,7,89.9
D033,8,78.1
D033,9,90.7
D033,10,87.0
D033,11,75.6
D033,12,77.8
D033,13,91.2
D033,14,85.3
D033,15,80.5
D033,16,82.6
D033,17,94.1
D033,18,98.8
D033,19,85.8
D033,20,90.8
D033,21,81.6
D033,22,77.4
D033,23,92.0
D033,24,88.8
D033,25,97.9
D033,26,92.0
D034,1,60.3
D034,2,62.8
D034,3,49.3
D034,4,71.7
D034,5,45.1
D034,6,39.1
D034,7,55.3
D034,8,61.1
D034,9,49.3
D034,10,51.1
D034,11,59.0
D034,12,51.4
D034,13,42.2
D034,14,47.0
D034,15,45.3
D034,16,49.8
D034,17,55.3
D034,18,47.8
D034,19,42.6
D034,20,45.4
D034,21,49.3
D034,22,40.7
D034,23,38.2
D034,24,44.2
D034,25,46.9
D034,26,43.4
D035,1,94.6
D035,2,86.0
D035,3,88.8
D035,4,94.6
D035,5,78.9
D035,6,77.4
D035,7,86.1
D035,8,79.4
D035,9,93.6
D035,10,93.9
D035,11,87.0
D035,12,81.6
D035,13,91.5
D035,14,81.5
D035,15,77.7
D035,16,91.2
D035,17,88.2
D035,18,85.9
D035,19,81.3
D035,20,81.8
D035,21,78.0
D035,22,84.1
D035,23,75.9
D035,24,93.9
D035,25,81.6
D035,26,93.2
D036,1,70.8
D036,2,92.2
D036,3,77.7
D036,4,94.1
D036,5,86.1
D036,6,89.4
D036,7,98.4
D036,8,82.0
D036,9,87.6
D036,10,94.8
D036,11,89.0
D036,12,84.9
D036,13,80.2
D036,14,86.7
D036,15,77.3
D036,16,87.0
D036,17,96.7
D036,18,79.9
D036,19,88.7
D036,20,85.2
D036,21,97.1
D036,22,95.0
D036,23,72.8
D036,24,84.1
D036,25,87.5
D036,26,79.7
D037,1,22.3
D037,2,10.0
D037,3,7.3
D037,4,10.3
D037,5,14.1
D037,6,16.1
D037,7,21.8
D037,8,10.7
D037,9,15.4
D037,10,12.6
D037,11,19.9
D037,12,11.1
D037,13,10.1
D037,14,20.3
D037,15,5.3
D037,16,23.9
D037,17,25.7
D037,18,10.8
D037,19,13.8
D037,20,11.7
D037,21,26.7
D037,22,7.9
D037,23,13.0
D037,24,23.3
D037,25,12.7
D037,26,15.6
D038,1,64.4
D038,2,68.5
D038,3,58.1
D038,4,55.3
D038,5,74.6
D038,6,66.2
D038,7,65.4
D038,8,70.7
D038,9,69.9
D038,10,69.9
D038,11,65.0
D038,12,75.1
D038,13,71.9
D038,14,61.5
D038,15,66.0
D038,16,58.7
D038,17,65.9
D038,18,84.6
D038,19,63.7
D038,20,69.9
D038,21,62.0
D038,22,83.1
D038,23,67.3
D038,24,67.7
D038,25,71.7
D038,26,66.5
D039,1,27.3
D039,2,24.3
D039,3,22.6
D039,4,40.8
D039,5,25.0
D039,6,18.6
D039,7,21.8
D039,8,18.7
D039,9,24.7
D039,10,20.5
D039,11,6.8
D039,12,19.8
D039,13,24.2
D039,14,34.8
D039,15,31.1
D039,16,34.3
D039,17,18.4
D039,18,39.0
D039,19,15.5
D039,20,35.3
D039,21,32.9
D039,22,34.5
D039,23,30.6
D039,24,13.6
D039,25,33.8
D039,26,30.2
D040,1,29.2
D040,2,17.7
D040,3,30.4
D040,4,49.9
D040,5,27.7
D040,6,32.0
D040,7,31.7
D040,8,28.2
D040,9,28.9
D040,10,23.7
D040,11,31.2
D040,12,30.6
D040,13,27.4
D040,14,14.4
D040,15,11.4
D040,16,10.1
D040,17,29.0
D040,18,19.7
D040,19,32.7
D040,20,39.4
D040,21,32.8
D040,22,28.6
D040,23,32.9
D040,24,48.7
D040,25,20.5
D040,26,24.7
D041,1,29.7
D041,2,25.2
D041,3,31.4
D041,4,36.7
D041,5,18.5
D041,6,18.3
D041,7,23.7
D041,8,34.0
D041,9,19.8
D041,10,27.9
D041,11,37.4
D041,12,27.7
D041,13,36.9
D041,14,37.9
D041,15,25.5
D041,16,38.6
D041,17,36.0
D041,18,8.8
D041,19,44.8
D041,20,24.6
D041,21,20.3
D041,22,32.4
D041,23,31.2
D041,24,22.7
D041,25,16.9
D041,26,19.4
D042,1,53.0
D042,2,54.4
D042,3,50.9
D042,4,57.6
D042,5,52.8
D042,6,57.0
D042,7,46.7
D042,8,43.2
D042,9,43.0
D042,10,49.4
D042,11,47.6
D042,12,46.7
D042,13,42.2
D042,14,50.0
D042,15,51.7
D042,16,49.8
D042,17,60.9
D042,18,33.5
D042,19,51.5
D042,20,36.0
D042,21,44.1
D042,22,46.5
D042,23,39.1
D042,24,34.5
D042,25,53.8
D042,26,44.7
D043,1,66.8
D043,2,66.2
D043,3,56.2
D043,4,57.2
D043,5,68.6
D043,6,59.1
D043,7,57.3
D043,8,72.6
D043,9,71.7
D043,10,77.2
D043,11,59.1
D043,12,56.0
D043,13,51.0
D043,14,71.0
D043,15,56.5
D043,16,77.7
D043,17,60.3
D043,18,79.1
D043,19,65.9
D043,20,68.0
D043,21,63.8
D043,22,64.8
D043,23,75.2
D043,24,60.6
D043,25,65.6
D043,26,69.8
D044,1,25.7
D044,2,20.5
D044,3,30.1
D044,4,23.1
D044,5,21.5
D044,6,4.9
D044,7,5.6
D044,8,17.8
D044,9,0.0
D044,10,3.1
D044,11,0.0
D045,1,83.7
D045,2,87.9
D045,3,93.5
D045,4,98.3
D045,5,77.5
D045,6,75.6
D045,7,78.1
D045,8,77.1
D045,9,84.8
D045,10,83.8
D045,11,74.8
D045,12,97.7
D045,13,86.2
D045,14,78.8
D045,15,79.8
D045,16,90.5
D045,17,92.4
D045,18,77.3
D045,19,77.7
D045,20,78.8
D045,21,85.6
D045,22,80.9
D046,1,55.7
D046,2,61.8
D046,3,56.3
D046,4,57.9
D046,5,57.1
D046,6,51.7
D046,7,47.2
D046,8,51.9
D046,9,54.9
D046,10,60.0
D046,11,49.7
D046,12,44.9
D046,13,42.9
D046,14,50.8
D046,15,38.0
D046,16,50.3
D046,17,44.9
D046,18,62.0
D046,19,37.1
D046,20,43.6
D046,21,47.5
D046,22,43.1
D046,23,44.7
D046,24,49.9
D046,25,47.8
D046,26,52.0
D047,1,62.2
D047,2,71.4
D047,3,71.0
D047,4,68.4
D047,5,53.6
D047,6,80.2
D047,7,52.6
D047,8,64.1
D047,9,45.0
D047,10,64.2
D047,11,76.6
D047,12,68.4
D047,13,58.6
D047,14,92.0
D047,15,60.0
D047,16,43.5
D047,17,66.4
D047,18,54.5
D047,19,49.4
D047,20,37.2
D047,21,42.2
D047,22,52.7
D048,1,53.7
D048,2,55.6
D048,3,53.5
D048,4,56.4
D048,5,55.8
D048,6,42.5
D048,7,56.4
D048,8,39.4
D048,9,54.8
D048,10,47.5
D048,11,42.5
D048,12,44.0
D048,13,45.6
D048,14,63.0
D048,15,50.8
D048,16,55.4
D048,17,43.8
D048,18,57.3
D048,19,43.3
D048,20,38.9
D048,21,45.9
D048,22,44.7
D048,23,36.6
D048,24,48.3
D048,25,38.7
D048,26,50.7
D049,1,96.1
D049,2,83.7
D049,3,93.1
D049,4,96.0
D049,5,70.9
D049,6,88.2
D049,7,79.4
D049,8,83.7
D049,9,76.3
D049,10,85.2
D049,11,90.2
D049,12,91.9
D049,13,81.7
D049,14,78.1
D049,15,79.2
D049,16,84.3
D049,17,96.5
D049,18,80.3
D049,19,85.8
D049,20,92.8
D049,21,94.8
D049,22,94.0
D049,23,86.6
D049,24,75.9
D049,25,85.8
D049,26,94.5
D050,1,13.9
D050,2,26.9
D050,3,19.2
D050,4,15.0
D050,5,11.2
D050,6,14.6
D050,7,8.7
D050,8,8.2
D050,9,3.6
D050,10,18.2
D050,11,9.9
D050,12,13.4
D050,13,7.9
D050,14,31.0
D050,15,16.1
D050,16,26.1
D050,17,14.3
D050,18,15.7
D050,19,8.6
D050,20,14.7
D050,21,14.4
D050,22,18.8
D050,23,16.7
D050,24,11.3
D050,25,22.3
D050,26,29.6
D051,1,53.4
D051,2,58.9
D051,3,51.6
D051,4,44.2
D051,5,49.0
D051,6,39.2
D051,7,36.8
D051,8,38.6
D051,9,39.3
D051,10,40.3
D051,11,41.0
D051,12,38.9
D051,13,39.2
D051,14,33.8
D051,15,31.1
D051,16,36.8
D051,17,18.8
D051,18,8.3
D051,19,15.4
D051,20,8.6
D051,21,24.6
D052,1,20.9
D052,2,44.8
D052,3,20.8
D052,4,39.7
D052,5,32.3
D052,6,43.0
D052,7,30.2
D052,8,12.3
D052,9,12.0
D052,10,23.0
D052,11,23.0
D052,12,36.9
D052,13,19.4
D052,14,27.5
D052,15,20.6
D052,16,33.8
D052,17,11.7
D052,18,18.5
D052,19,27.3
D052,20,18.3
D052,21,43.2
D052,22,14.7
D052,23,37.7
D052,24,35.1
D052,25,25.6
D052,26,30.2
D053,1,77.2
D053,2,71.8
D053,3,80.7
D053,4,72.7
D053,5,88.2
D053,6,93.4
D053,7,76.4
D053,8,78.5
D053,9,94.8
D053,10,85.5
D053,11,86.1
D053,12,84.8
D053,13,75.1
D053,14,81.3
D053,15,97.0
D053,16,74.8
D053,17,84.9
D053,18,78.1
D053,19,78.2
D053,20,89.4
D053,21,83.1
D053,22,78.0
D053,23,87.3
D053,24,75.7
D053,25,76.9
D053,26,88.6
D054,1,65.1
D054,2,58.3
D054,3,71.2
D054,4,66.4
D054,5,59.9
D054,6,65.1
D054,7,64.5
D054,8,77.9
D054,9,57.9
D054,10,68.7
D054,11,59.2
D054,12,79.4
D054,13,63.9
D054,14,67.4
D054,15,77.3
D054,16,70.8
D054,17,60.3
D054,18,64.9
D054,19,47.0
D054,20,50.5
D054,21,55.4
D054,22,60.8
D054,23,66.2
D054,24,49.5
D054,25,50.3
D054,26,70.1
D055,1,7.7
D055,2,16.0
D055,3,23.1
D055,4,13.8
D055,5,30.3
D055,6,15.0
D055,7,17.0
D055,8,6.5
D055,9,15.5
D055,10,24.7
D055,11,13.6
D055,12,16.1
D055,13,14.5
D055,14,7.3
D055,15,22.6
D055,16,18.0
D055,17,22.3
D055,18,16.6
D055,19,12.0
D055,20,10.8
D055,21,9.8
D055,22,22.2
D055,23,9.5
D055,24,17.1
D055,25,2.7
D055,26,6.5
D056,1,65.6
D056,2,65.3
D056,3,58.7
D056,4,66.7
D056,5,73.2
D056,6,57.5
D056,7,60.0
D056,8,60.9
D056,9,65.6
D056,10,61.6
D056,11,58.9
D056,12,57.2
D056,13,46.6
D056,14,64.4
D056,15,54.6
D056,16,61.3
D056,17,55.2
D056,18,53.8
D056,19,60.1
D056,20,62.4
D056,21,47.1
D056,22,49.7
D056,23,45.4
D056,24,45.1
D056,25,47.2
D057,1,20.9
D057,2,19.8
D057,3,30.1
D057,4,27.0
D057,5,30.3
D057,6,17.8
D057,7,20.8
D057,8,24.8
D057,9,30.0
D057,10,22.6
D057,11,29.1
D057,12,18.2
D057,13,24.4
D057,14,32.4
D057,15,34.7
D057,16,34.5
D057,17,23.7
D057,18,20.2
D057,19,24.8
D057,20,12.5
D057,21,17.8
D057,22,10.5
D057,23,1.9
D057,24,10.3
D057,25,0.0
D057,26,8.5
D058,1,62.2
D058,2,59.6
D058,3,65.5
D058,4,68.1
D058,5,66.2
D058,6,60.4
D058,7,56.5
D058,8,62.9
D058,9,60.7
D058,10,65.6
D058,11,63.0
D058,12,67.1
D058,13,61.4
D058,14,65.9
D058,15,58.5
D058,16,73.2
D058,17,64.7
D058,18,61.6
D058,19,60.1
D058,20,60.2
D058,21,57.2
D058,22,61.3
D058,23,63.9
D058,24,62.3
D058,25,65.6
D058,26,56.9
D059,1,70.3
D059,2,74.2
D059,3,61.6
D059,4,65.1
D059,5,72.2
D059,6,63.5
D059,7,73.8
D059,8,69.6
D059,9,65.6
D059,10,76.7
D059,11,60.3
D059,12,59.6
D059,13,67.4
D059,14,68.5
D059,15,73.3
D059,16,66.6
D059,17,79.2
D059,18,61.8
D059,19,87.1
D059,20,67.8
D059,21,66.6
D059,22,80.2
D059,23,59.6
D059,24,61.1
D059,25,71.5
D059,26,74.3
D060,1,24.0
D060,2,37.0
D060,3,23.7
D060,4,15.7
D060,5,27.2
D060,6,6.2
D060,7,15.8
D060,8,28.8
D060,9,12.0
D060,10,40.5
D060,11,27.7
D060,12,25.7
D060,13,20.3
D060,14,19.8
D060,15,71.7
D060,16,21.1
D060,17,26.2
D060,18,28.4
D060,19,19.4
D060,20,31.0
D060,21,22.1
D060,22,26.7
D060,23,30.8
D060,24,33.0
D060,25,26.7
D060,26,35.3
D061,1,42.5
D061,2,52.9
D061,3,43.8
D061,4,45.5
D061,5,55.9
D061,6,38.6
D061,7,47.4
D061,8,48.5
D061,9,47.4
D061,10,38.8
D061,11,44.3
D061,12,35.1
D061,13,44.7
D061,14,38.6
D061,15,47.9
D061,16,33.8
D061,17,25.9
D061,18,29.3
D061,19,29.1
D061,20,25.0
D061,21,9.6
D061,22,11.3
D061,23,8.4
D061,24,4.6
D062,1,42.2
D062,2,60.3
D062,3,47.4
D062,4,49.0
D062,5,73.0
D062,6,52.4
D062,7,55.1
D062,8,29.9
D062,9,41.3
D062,10,50.7
D062,11,59.8
D062,12,42.4
D062,13,49.1
D062,14,43.7
D062,15,44.3
D062,16,52.3
D062,17,46.7
D062,18,44.2
D062,19,36.8
D062,20,45.7
D062,21,40.8
D062,22,39.4
D062,23,47.3
D062,24,46.3
D062,25,39.7
D062,26,28.9
D063,1,68.4
D063,2,65.3
D063,3,64.0
D063,4,60.4
D063,5,66.0
D063,6,65.1
D063,7,65.4
D063,8,62.1
D063,9,64.8
D063,10,71.7
D063,11,68.3
D063,12,67.9
D063,13,68.2
D063,14,69.7
D063,15,51.0
D063,16,68.2
D063,17,65.6
D063,18,64.1
D063,19,74.3
D063,20,62.1
D063,21,66.7
D063,22,66.1
D063,23,66.9
D063,24,68.3
D063,25,59.4
D063,26,76.2
D064,1,56.8
D064,2,58.8
D064,3,54.7
D064,4,63.6
D064,5,56.6
D064,6,43.0
D064,7,46.1
D064,8,55.5
D064,9,54.2
D064,10,48.6
D064,11,44.3
D064,12,54.3
D064,13,40.3
D064,14,46.4
D064,15,51.6
D064,16,48.5
D064,17,40.8
D064,18,45.0
D064,19,39.8
D064,20,35.7
D064,21,26.9
D064,22,15.6
D064,23,24.2
D064,24,9.0
D065,1,28.6
D065,2,33.5
D065,3,19.3
D065,4,14.1
D065,5,22.5
D065,6,19.4
D065,7,12.3
D065,8,27.6
D065,9,34.7
D065,10,19.7
D065,11,14.0
D065,12,30.3
D065,13,34.0
D065,14,21.2
D065,15,21.3
D065,16,31.3
D065,17,17.2
D065,18,21.7
D065,19,25.9
D065,20,31.3
D065,21,22.5
D065,22,24.0
D065,23,30.8
D065,24,28.7
D065,25,21.0
D065,26,34.3
D066,1,20.9
D066,2,22.0
D066,3,20.4
D066,4,5.5
D066,5,0.0
D066,6,7.9
D066,7,0.2
D066,8,0.0
D066,9,4.8
D066,10,0.0
D066,11,0.0
D067,1,28.2
D067,2,21.3
D067,3,30.0
D067,4,38.8
D067,5,11.8
D067,6,41.7
D067,7,27.3
D067,8,31.1
D067,9,13.1
D067,10,29.8
D067,11,24.8
D067,12,24.8
D067,13,24.3
D067,14,19.8
D067,15,16.1
D067,16,16.0
D067,17,19.9
D067,18,27.8
D067,19,29.6
D067,20,24.0
D067,21,24.5
D067,22,28.2
D067,23,22.9
D067,24,20.8
D067,25,23.3
D067,26,8.8
D068,1,70.2
D068,2,61.6
D068,3,63.4
D068,4,59.7
D068,5,62.7
D068,6,60.5
D068,7,56.8
D068,8,57.7
D068,9,56.0
D068,10,69.5
D068,11,60.6
D068,12,52.0
D068,13,52.3
D068,14,53.5
D068,15,55.2
D068,16,45.5
D069,1,65.0
D069,2,72.3
D069,3,62.1
D069,4,66.7
D069,5,85.8
D069,6,65.6
D069,7,79.7
D069,8,58.0
D069,9,64.6
D069,10,74.2
D069,11,61.2
D069,12,62.8
D069,13,69.3
D069,14,60.2
D069,15,63.2
D069,16,68.0
D069,17,69.9
D069,18,61.9
D069,19,52.1
D069,20,68.7
D069,21,64.9
D069,22,69.5
D069,23,68.3
D069,24,67.2
D069,25,64.9
D069,26,53.5
D070,1,90.7
D070,2,82.7
D070,3,83.5
D070,4,96.3
D070,5,78.8
D070,6,77.2
D070,7,74.1
D070,8,73.0
D070,9,78.2
D070,10,70.4
D070,11,71.0
D071,1,32.6
D071,2,19.1
D071,3,16.1
D071,4,25.0
D071,5,28.2
D071,6,17.6
D071,7,31.7
D071,8,21.3
D071,9,22.7
D071,10,23.9
D071,11,26.5
D071,12,13.1
D071,13,23.5
D071,14,31.1
D071,15,34.1
D071,16,32.5
D071,17,38.7
D071,18,31.9
D071,19,34.0
D071,20,33.5
D071,21,22.1
D071,22,27.1
D071,23,24.6
D071,24,21.0
D071,25,22.0
D071,26,35.6
D072,1,40.6
D072,2,46.3
D072,3,39.6
D072,4,49.6
D072,5,40.8
D072,6,36.8
D072,7,47.6
D072,8,37.6
D072,9,38.6
D072,10,43.8
D072,11,37.4
D072,12,36.0
D072,13,39.6
D072,14,46.0
D072,15,48.7
D072,16,31.5
D072,17,37.5
D072,18,46.7
D072,19,39.3
D072,20,50.5
D072,21,31.4
D072,22,12.6
D072,23,49.6
D072,24,29.6
D072,25,39.9
D072,26,37.5
D073,1,40.8
D073,2,55.7
D073,3,59.5
D073,4,46.2
D073,5,51.2
D073,6,42.7
D073,7,66.1
D073,8,49.7
D073,9,44.8
D073,10,41.0
D073,11,47.4
D073,12,38.2
D073,13,36.7
D073,14,33.5
D073,15,43.3
D073,16,39.3
D073,17,43.8
D073,18,43.6
D073,19,38.7
D073,20,35.4
D073,21,40.9
D073,22,29.0
D073,23,26.2
D073,24,26.8
D073,25,37.3
D073,26,29.2
D074,1,73.1
D074,2,48.9
D074,3,59.7
D074,4,60.4
D074,5,61.9
D074,6,62.2
D074,7,67.4
D074,8,60.6
D074,9,62.3
D074,10,58.3
D074,11,58.3
D074,12,62.6
D074,13,72.8
D074,14,58.4
D074,15,71.1
D074,16,70.8
D074,17,69.3
D074,18,66.9
D074,19,71.6
D074,20,58.8
D074,21,56.9
D074,22,58.9
D074,23,61.2
D074,24,63.7
D074,25,77.9
D074,26,66.9
D075,1,19.8
D075,2,7.0
D075,3,16.6
D075,4,12.5
D075,5,17.2
D075,6,23.5
D075,7,7.1
D075,8,14.8
D075,9,13.1
D075,10,9.7
D075,11,25.0
D075,12,5.7
D075,13,14.8
D075,14,5.5
D075,15,16.1
D075,16,4.9
D075,17,17.1
D075,18,19.5
D075,19,3.9
D075,20,28.6
D075,21,15.4
D075,22,11.5
D075,23,17.6
D075,24,12.7
D075,25,13.6
D075,26,11.9
D076,1,86.1
D076,2,84.1
D076,3,92.0
D076,4,84.4
D076,5,88.8
D076,6,73.8
D076,7,78.6
D076,8,98.8
D076,9,91.1
D076,10,97.1
D076,11,91.4
D076,12,85.8
D076,13,83.2
D076,14,89.9
D076,15,90.9
D076,16,79.5
D076,17,90.8
D076,18,84.2
D076,19,97.3
D076,20,77.1
D076,21,97.1
D076,22,87.6
D076,23,84.0
D076,24,82.6
D076,25,86.1
D076,26,89.2
D077,1,59.3
D077,2,60.8
D077,3,47.8
D077,4,60.6
D077,5,61.1
D077,6,60.5
D077,7,53.8
D077,8,57.6
D077,9,60.8
D077,10,64.9
D077,11,66.4
D077,12,61.4
D077,13,61.9
D077,14,64.7
D077,15,62.3
D077,16,63.0
D077,17,59.8
D077,18,57.8
D077,19,55.6
D077,20,63.9
D077,21,61.9
D077,22,55.3
D077,23,58.9
D077,24,63.1
D077,25,66.9
D077,26,58.8
D078,1,83.4
D078,2,91.2
D078,3,89.6
D078,4,86.1
D078,5,77.1
D078,6,81.6
D078,7,71.3
D078,8,90.2
D078,9,82.5
D078,10,81.2
D078,11,88.8
D078,12,83.0
D079,1,54.6
D079,2,49.8
D079,3,47.9
D079,4,62.8
D079,5,39.3
D079,6,46.2
D079,7,58.5
D079,8,51.1
D079,9,56.9
D079,10,32.9
D079,11,42.6
D079,12,34.6
D079,13,37.7
D079,14,27.0
D079,15,28.0
D079,16,19.8
D079,17,24.4
D080,1,79.9
D080,2,81.7
D080,3,95.2
D080,4,78.4
D080,5,92.8
D080,6,80.7
D080,7,76.8
D080,8,83.1
D080,9,96.8
D080,10,82.2
D080,11,84.9
D080,12,81.4
D080,13,76.7
D080,14,84.4
D080,15,77.5
D080,16,77.3
D080,17,93.1
D080,18,86.1
D080,19,87.2
D080,20,87.1
D080,21,83.9
D080,22,82.6
D080,23,77.2
D080,24,76.3
D080,25,91.7
D080,26,82.0
D081,1,17.2
D081,2,55.5
D081,3,20.5
D081,4,27.9
D081,5,32.3
D081,6,11.2
D081,7,17.6
D081,8,32.2
D081,9,17.4
D081,10,26.4
D081,11,13.7
D081,12,48.8
D081,13,30.1
D081,14,17.1
D081,15,29.3
D081,16,24.9
D081,17,43.4
D081,18,22.5
D081,19,45.7
D081,20,15.7
D081,21,23.9
D081,22,34.2
D081,23,30.9
D081,24,34.8
D081,25,16.1
D081,26,22.9
D082,1,60.1
D082,2,73.3
D082,3,61.8
D082,4,65.9
D082,5,70.8
D082,6,63.8
D082,7,64.8
D082,8,57.0
D082,9,66.4
D082,10,61.8
D082,11,57.7
D082,12,53.7
D082,13,53.5
D082,14,60.1
D082,15,88.5
D082,16,69.4
D082,17,51.0
D082,18,60.8
D082,19,65.8
D082,20,58.9
D082,21,61.9
D082,22,59.2
D082,23,69.9
D082,24,62.9
D082,25,57.1
D082,26,66.0
D083,1,34.0
D083,2,24.9
D083,3,41.9
D083,4,40.3
D083,5,32.1
D083,6,27.4
D083,7,20.4
D083,8,27.5
D083,9,24.0
D083,10,22.6
D083,11,32.6
D083,12,30.5
D083,13,32.6
D083,14,38.5
D083,15,19.4
D083,16,20.8
D083,17,50.9
D083,18,23.7
D083,19,24.5
D083,20,27.7
D083,21,30.0
D083,22,25.5
D083,23,27.3
D083,24,20.6
D083,25,24.4
D083,26,24.2
D084,1,14.4
D084,2,24.1
D084,3,15.7
D084,4,11.0
D084,5,9.7
D084,6,19.7
D084,7,15.0
D084,8,12.7
D084,9,14.7
D084,10,15.8
D084,11,21.8
D084,12,13.7
D084,13,23.8
D084,14,20.5
D084,15,7.7
D084,16,6.7
D084,17,13.9
D084,18,7.6
D084,19,25.1
D084,20,7.7
D084,21,19.2
D084,22,16.3
D084,23,12.6
D084,24,5.4
D084,25,25.6
D084,26,18.0
D085,1,68.4
D085,2,64.1
D085,3,60.0
D085,4,57.6
D085,5,66.2
D085,6,61.1
D085,7,65.2
D085,8,63.8
D085,9,70.5
D085,10,68.0
D085,11,72.0
D085,12,73.5
D085,13,60.5
D085,14,86.0
D085,15,70.9
D085,16,72.9
D085,17,59.6
D085,18,65.2
D085,19,72.0
D085,20,70.9
D085,21,67.2
D085,22,63.7
D085,23,67.0
D085,24,67.4
D085,25,72.2
D085,26,64.1
D086,1,58.4
D086,2,48.6
D086,3,48.7
D086,4,41.9
D086,5,45.6
D086,6,45.5
D086,7,44.9
D086,8,39.2
D086,9,44.4
D086,10,51.1
D086,11,48.5
D086,12,29.4
D086,13,42.7
D086,14,27.5
D086,15,37.2
D086,16,25.3
D086,17,27.0
D086,18,29.3
D086,19,38.9
D086,20,34.4
D086,21,42.3
D086,22,29.9
D086,23,40.1
D086,24,30.6
D086,25,31.1
D086,26,32.3
D087,1,13.8
D087,2,7.9
D087,3,23.6
D087,4,13.2
D087,5,6.8
D087,6,14.1
D087,7,14.1
D087,8,15.8
D087,9,5.5
D087,10,11.5
D087,11,4.7
D087,12,21.9
D087,13,11.4
D087,14,17.5
D087,15,13.3
D087,16,23.6
D087,17,19.0
D087,18,14.0
D087,19,6.4
D087,20,16.7
D087,21,14.1
D087,22,19.7
D087,23,19.2
D087,24,18.8
D087,25,16.7
D087,26,11.0
D088,1,77.7
D088,2,68.8
D088,3,65.2
D088,4,75.4
D088,5,67.7
D088,6,73.8
D088,7,64.2
D088,8,65.8
D088,9,68.0
D088,10,55.0
D088,11,66.4
D088,12,60.0
D088,13,68.6
D088,14,76.4
D088,15,51.7
D088,16,70.9
D088,17,73.2
D088,18,78.7
D088,19,65.9
D088,20,66.2
D088,21,69.8
D088,22,66.7
D088,23,72.4
D088,24,71.2
D088,25,72.7
D088,26,77.7
D089,1,57.7
D089,2,56.6
D089,3,59.8
D089,4,48.0
D089,5,45.8
D089,6,44.0
D089,7,42.9
D089,8,65.1
D089,9,43.0
D089,10,52.5
D089,11,46.2
D089,12,43.5
D089,13,36.1
D089,14,38.2
D089,15,35.6
D089,16,9.9
D089,17,14.5
D090,1,62.0
D090,2,57.2
D090,3,62.0
D090,4,63.7
D090,5,67.5
D090,6,57.1
D090,7,57.4
D090,8,57.6
D090,9,58.3
D090,10,49.5
D090,11,60.1
D090,12,62.7
D090,13,68.2
D090,14,65.3
D090,15,60.3
D090,16,56.4
D090,17,56.8
D090,18,63.6
D090,19,64.4
D090,20,60.1
D090,21,58.4
D090,22,58.9
D090,23,62.0
D090,24,60.3
D090,25,60.7
D090,26,60.2
D091,1,53.1
D091,2,66.0
D091,3,60.6
D091,4,65.5
D091,5,56.4
D091,6,59.4
D091,7,54.7
D091,8,55.2
D091,9,55.9
D091,10,54.1
D091,11,31.1
D091,12,54.7
D092,1,74.1
D092,2,66.3
D092,3,62.5
D092,4,60.9
D092,5,59.9
D092,6,60.9
D092,7,61.0
D092,8,55.2
D092,9,63.1
D092,10,57.4
D092,11,67.9
D092,12,69.2
D092,13,61.1
D092,14,60.1
D092,15,59.3
D092,16,60.1
D092,17,61.4
D092,18,57.9
D092,19,68.8
D092,20,60.1
D092,21,62.4
D092,22,62.2
D092,23,67.1
D092,24,62.2
D092,25,54.2
D092,26,64.0
D093,1,62.9
D093,2,64.5
D093,3,71.4
D093,4,69.0
D093,5,79.4
D093,6,76.9
D093,7,60.9
D093,8,59.7
D093,9,65.9
D093,10,63.7
D093,11,72.3
D093,12,60.8
D093,13,70.9
D093,14,80.5
D093,15,76.0
D093,16,73.6
D093,17,72.7
D093,18,42.2
D093,19,51.5
D093,20,75.9
D093,21,61.7
D093,22,77.4
D093,23,71.9
D093,24,62.6
D093,25,67.4
D093,26,67.8
D094,1,1.2
D094,2,35.4
D094,3,23.6
D094,4,20.0
D094,5,25.2
D094,6,24.8
D094,7,6.0
D094,8,26.8
D094,9,29.8
D094,10,36.0
D094,11,16.7
D094,12,26.7
D094,13,26.5
D094,14,32.5
D094,15,25.5
D094,16,16.1
D094,17,23.9
D094,18,29.9
D094,19,36.8
D094,20,27.2
D094,21,35.8
D094,22,28.4
D094,23,22.6
D094,24,5.4
D094,25,27.9
D094,26,11.2
D095,1,62.3
D095,2,63.4
D095,3,74.5
D095,4,61.9
D095,5,75.0
D095,6,69.7
D095,7,58.9
D095,8,57.7
D095,9,70.1
D095,10,72.1
D095,11,69.3
D095,12,66.8
D095,13,67.5
D095,14,71.0
D095,15,54.9
D095,16,69.2
D095,17,65.3
D095,18,61.7
D095,19,66.6
D095,20,58.9
D095,21,63.4
D095,22,63.5
D095,23,65.4
D095,24,67.9
D095,25,61.2
D095,26,64.9
D096,1,61.0
D096,2,55.3
D096,3,57.5
D096,4,63.1
D096,5,59.9
D096,6,67.1
D096,7,52.7
D096,8,55.3
D096,9,58.6
D096,10,52.6
D096,11,71.6
D096,12,59.9
D096,13,54.0
D096,14,54.6
D096,15,65.3
D096,16,60.9
D096,17,67.7
D096,18,60.9
D096,19,66.1
D096,20,60.4
D096,21,65.2
D096,22,61.6
D096,23,78.1
D096,24,53.0
D096,25,62.1
D096,26,58.5
D097,1,67.7
D097,2,71.7
D097,3,63.7
D097,4,60.4
D097,5,66.2
D097,6,64.1
D097,7,58.0
D097,8,68.7
D097,9,60.2
D097,10,62.3
D097,11,71.5
D097,12,64.6
D097,13,76.4
D097,14,59.5
D097,15,66.9
D097,16,65.2
D097,17,71.9
D097,18,63.0
D097,19,69.0
D097,20,67.6
D097,21,60.4
D097,22,75.0
D097,23,68.5
D097,24,73.1
D097,25,78.2
D097,26,56.1
D098,1,65.1
D098,2,57.7
D098,3,68.5
D098,4,60.3
D098,5,66.0
D098,6,68.6
D098,7,59.5
D098,8,55.3
D098,9,55.4
D098,10,68.0
D098,11,43.0
D098,12,52.8
D098,13,53.2
D098,14,42.4
D098,15,46.8
D098,16,50.4
D099,1,42.9
D099,2,57.5
D099,3,56.0
D099,4,56.8
D099,5,54.2
D099,6,54.7
D099,7,49.7
D099,8,55.3
D099,9,47.5
D099,10,46.9
D099,11,53.8
D099,12,42.9
D099,13,47.2
D099,14,43.9
D099,15,46.5
D099,16,52.9
D099,17,53.7
D099,18,45.5
D099,19,46.4
D099,20,49.2
D099,21,42.1
D099,22,39.3
D099,23,40.6
D099,24,46.2
D099,25,41.6
D099,26,32.4
D100,1,67.1
D100,2,63.8
D100,3,68.2
D100,4,63.3
D100,5,60.4
D100,6,61.5
D100,7,66.1
D100,8,69.2
D100,9,63.4
D100,10,63.7
D100,11,71.2
D100,12,57.9
D100,13,58.7
D100,14,62.4
D100,15,61.3
D100,16,66.8
D100,17,57.2
D100,18,53.6
D100,19,50.6
D101,1,88.8
D101,2,79.2
D101,3,74.6
D101,4,84.8
D101,5,87.8
D101,6,95.8
D101,7,77.1
D101,8,90.3
D101,9,90.5
D101,10,85.6
D101,11,88.9
D101,12,78.7
D101,13,88.2
D101,14,87.6
D101,15,81.5
D101,16,83.8
D101,17,87.6
D101,18,75.4
D101,19,83.5
D101,20,96.0
D101,21,78.4
D101,22,79.7
D101,23,78.3
D101,24,85.8
D101,25,90.0
D101,26,84.7
D102,1,28.8
D102,2,27.3
D102,3,26.1
D102,4,28.2
D102,5,36.5
D102,6,31.8
D102,7,25.6
D102,8,24.3
D102,9,23.4
D102,10,25.8
D102,11,17.5
D102,12,42.6
D102,13,25.3
D102,14,35.9
D102,15,36.5
D102,16,25.5
D102,17,26.6
D102,18,30.5
D102,19,13.0
D102,20,22.1
D102,21,25.9
D102,22,27.3
D102,23,33.2
D102,24,17.0
D102,25,28.9
D102,26,34.2
D103,1,64.7
D103,2,62.6
D103,3,62.1
D103,4,55.7
D103,5,65.5
D103,6,60.5
D103,7,75.1
D103,8,76.5
D103,9,57.2
D103,10,74.3
D103,11,62.5
D103,12,57.4
D103,13,60.3
D103,14,63.5
D103,15,60.0
D103,16,64.3
D103,17,62.9
D103,18,72.0
D103,19,57.1
D103,20,66.0
D103,21,67.0
D103,22,72.7
D103,23,68.2
D103,24,55.5
D103,25,63.0
D103,26,58.8
D104,1,13.4
D104,2,31.9
D104,3,27.5
D104,4,33.6
D104,5,28.1
D104,6,28.3
D104,7,20.2
D104,8,22.6
D104,9,26.6
D104,10,26.0
D104,11,44.3
D104,12,25.4
D104,13,25.2
D104,14,24.0
D104,15,16.9
D104,16,32.5
D104,17,25.3
D104,18,41.5
D104,19,20.3
D104,20,28.0
D104,21,20.5
D104,22,19.9
D104,23,24.8
D104,24,35.1
D104,25,30.5
D104,26,21.7
D105,1,86.5
D105,2,76.0
D105,3,82.4
D105,4,84.0
D105,5,72.7
D105,6,93.2
D105,7,92.8
D105,8,80.5
D105,9,83.6
D105,10,89.8
D105,11,89.9
D105,12,91.6
D105,13,79.1
D105,14,72.6
D105,15,84.4
D105,16,64.8
D105,17,74.7
D106,1,24.8
D106,2,38.1
D106,3,39.5
D106,4,21.5
D106,5,21.6
D106,6,32.2
D106,7,24.1
D106,8,36.1
D106,9,33.3
D106,10,29.9
D106,11,35.2
D106,12,20.8
D106,13,31.9
D106,14,22.7
D106,15,35.8
D106,16,35.4
D106,17,28.1
D106,18,20.9
D106,19,28.4
D106,20,19.1
D106,21,36.1
D106,22,11.2
D106,23,12.7
D106,24,0.5
D106,25,33.1
D106,26,30.1
D107,1,98.3
D107,2,91.3
D107,3,86.4
D107,4,84.7
D107,5,81.1
D107,6,89.3
D107,7,89.6
D107,8,91.2
D107,9,83.5
D107,10,90.6
D107,11,75.7
D107,12,74.1
D107,13,84.5
D107,14,70.7
D107,15,75.6
D108,1,91.4
D108,2,88.8
D108,3,95.1
D108,4,82.2
D108,5,81.8
D108,6,82.6
D108,7,92.0
D108,8,87.9
D108,9,93.5
D108,10,91.3
D108,11,80.2
D108,12,80.0
D108,13,82.9
D108,14,89.1
D108,15,86.7
D108,16,98.0
D108,17,95.4
D108,18,83.2
D108,19,97.1
D108,20,80.4
D108,21,94.4
D108,22,84.5
D108,23,90.6
D108,24,91.2
D108,25,86.5
D108,26,95.0
D109,1,52.2
D109,2,58.1
D109,3,65.4
D109,4,53.0
D109,5,59.7
D109,6,78.9
D109,7,69.7
D109,8,65.6
D109,9,65.9
D109,10,65.1
D109,11,65.0
D109,12,88.8
D109,13,52.6
D109,14,60.6
D109,15,55.3
D109,16,57.3
D109,17,64.1
D109,18,60.7
D109,19,66.5
D109,20,82.9
D109,21,66.9
D109,22,66.2
D109,23,56.1
D109,24,69.3
D109,25,70.0
D109,26,57.9
D110,1,73.5
D110,2,58.3
D110,3,46.8
D110,4,65.6
D110,5,79.3
D110,6,61.2
D110,7,63.7
D110,8,56.6
D110,9,64.2
D110,10,86.1
D110,11,60.5
D110,12,71.5
D110,13,77.4
D110,14,64.3
D110,15,62.5
D110,16,67.0
D110,17,65.4
D110,18,48.5
D110,19,54.6
D110,20,58.5
D110,21,57.1
D110,22,58.4
D110,23,47.1
D110,24,42.0
D110,25,41.1
D111,1,85.8
D111,2,88.4
D111,3,86.7
D111,4,77.4
D111,5,100.0
D111,6,96.7
D111,7,76.0
D111,8,93.8
D111,9,94.6
D111,10,96.4
D111,11,88.2
D111,12,91.4
D111,13,86.5
D111,14,92.5
D111,15,94.8
D111,16,96.9
D111,17,86.3
D111,18,86.9
D111,19,98.4
D111,20,91.5
D111,21,87.7
D111,22,76.6
D111,23,93.0
D111,24,90.3
D111,25,80.2
D111,26,98.4
D112,1,56.9
D112,2,49.1
D112,3,37.1
D112,4,36.4
D112,5,44.6
D112,6,42.6
D112,7,29.8
D112,8,36.7
D112,9,38.3
D112,10,37.6
D112,11,43.1
D112,12,40.6
D112,13,46.1
D112,14,34.9
D112,15,37.5
D112,16,41.0
D112,17,51.6
D112,18,35.5
D112,19,37.7
D112,20,38.5
D112,21,37.2
D112,22,26.4
D112,23,41.5
D112,24,42.9
D112,25,26.6
D112,26,28.5
D113,1,21.9
D113,2,16.3
D113,3,29.1
D113,4,27.8
D113,5,33.4
D113,6,14.3
D113,7,16.7
D113,8,26.9
D113,9,20.1
D113,10,17.1
D113,11,27.2
D113,12,18.2
D113,13,22.9
D113,14,23.4
D113,15,13.9
D113,16,20.7
D113,17,21.2
D113,18,30.9
D113,19,21.6
D113,20,37.0
D113,21,35.5
D113,22,12.7
D113,23,17.7
D113,24,31.5
D113,25,31.8
D113,26,30.9
D114,1,79.3
D114,2,91.8
D114,3,81.7
D114,4,95.5
D114,5,77.8
D114,6,78.2
D114,7,79.4
D114,8,95.2
D114,9,85.7
D114,10,92.0
D114,11,87.2
D114,12,79.5
D114,13,86.2
D114,14,85.9
D114,15,84.2
D114,16,94.1
D114,17,79.2
D114,18,80.4
D114,19,78.1
D114,20,77.1
D114,21,83.1
D114,22,77.6
D114,23,76.4
D114,24,83.1
D114,25,89.7
D114,26,94.4
D115,1,60.7
D115,2,56.5
D115,3,60.4
D115,4,51.9
D115,5,47.1
D115,6,48.0
D115,7,44.0
D115,8,54.0
D115,9,54.0
D115,10,50.8
D115,11,47.3
D115,12,51.7
D115,13,50.8
D115,14,39.4
D115,15,56.0
D115,16,40.5
D115,17,58.5
D115,18,40.1
D115,19,46.3
D115,20,46.1
D115,21,36.0
D115,22,45.2
D115,23,49.2
D115,24,31.9
D115,25,57.3
D115,26,40.4
D116,1,67.9
D116,2,53.5
D116,3,83.7
D116,4,79.5
D116,5,57.7
D116,6,74.1
D116,7,59.0
D116,8,80.9
D116,9,83.3
D116,10,80.9
D116,11,66.3
D116,12,65.4
D116,13,69.5
D116,14,71.0
D116,15,69.5
D116,16,88.6
D116,17,66.9
D116,18,52.1
D116,19,51.3
D116,20,66.3
D116,21,67.6
D116,22,68.1
D116,23,74.7
D116,24,72.9
D116,25,61.1
D116,26,67.5
D117,1,88.4
D117,2,89.1
D117,3,89.5
D117,4,81.5
D117,5,75.9
D117,6,84.7
D117,7,96.0
D117,8,89.5
D117,9,93.7
D117,10,91.0
D117,11,88.4
D117,12,82.7
D117,13,90.2
D117,14,76.0
D117,15,84.7
D117,16,88.4
D117,17,87.5
D117,18,83.8
D117,19,72.8
D117,20,80.2
D117,21,88.5
D117,22,92.4
D117,23,78.1
D117,24,91.3
D117,25,82.8
D117,26,74.5
D118,1,15.0
D118,2,17.4
D118,3,29.7
D118,4,21.9
D118,5,26.8
D118,6,6.8
D118,7,11.2
D118,8,7.8
D118,9,14.7
D118,10,10.6
D118,11,16.5
D118,12,19.7
D118,13,10.0
D118,14,14.0
D118,15,20.7
D118,16,29.1
D118,17,31.2
D118,18,39.0
D118,19,13.2
D118,20,38.2
D118,21,32.1
D118,22,16.8
D118,23,18.9
D118,24,4.3
D118,25,16.7
D118,26,11.6
D119,1,95.9
D119,2,88.6
D119,3,95.0
D119,4,86.7
D119,5,97.3
D119,6,68.2
D119,7,85.8
D119,8,75.5
D119,9,81.1
D119,10,86.3
D120,1,66.9
D120,2,62.0
D120,3,66.5
D120,4,68.1
D120,5,75.7
D120,6,71.3
D120,7,59.1
D120,8,64.6
D120,9,75.4
D120,10,68.7
D120,11,62.5
D120,12,62.3
D120,13,65.3
D120,14,68.0
D120,15,80.7
D120,16,66.8
D120,17,67.0
D120,18,72.2
D120,19,67.5
D120,20,66.0
D120,21,68.3
D120,22,71.4
D120,23,63.5
D120,24,69.5
D120,25,60.9
D120,26,71.4
D121,1,97.7
D121,2,89.0
D121,3,76.8
D121,4,80.2
D121,5,85.8
D121,6,80.3
D121,7,91.6
D121,8,92.2
D121,9,83.8
D121,10,79.9
D121,11,75.9
D121,12,82.3
D121,13,77.2
D121,14,80.3
D121,15,79.4
D121,16,77.6
D121,17,83.7
D121,18,83.3
D121,19,93.3
D121,20,86.5
D121,21,88.9
D121,22,79.1
D121,23,83.6
D121,24,79.5
D121,25,82.9
D121,26,80.5
D122,1,60.7
D122,2,68.0
D122,3,58.7
D122,4,71.2
D122,5,58.8
D122,6,65.3
D122,7,68.8
D122,8,66.0
D122,9,61.4
D122,10,67.7
D122,11,55.2
D122,12,71.1
D122,13,64.5
D122,14,66.5
D122,15,64.3
D122,16,59.1
D122,17,74.3
D122,18,53.3
D122,19,71.4
D122,20,79.9
D122,21,64.7
D122,22,59.4
D122,23,55.4
D122,24,56.8
D122,25,65.4
D122,26,60.1
D123,1,59.1
D123,2,52.0
D123,3,53.2
D123,4,50.1
D123,5,54.2
D123,6,57.2
D123,7,57.7
D123,8,44.5
D123,9,55.9
D123,10,60.1
D123,11,41.6
D123,12,51.9
D123,13,37.9
D123,14,56.0
D123,15,48.4
D123,16,45.3
D123,17,42.4
D123,18,37.5
D123,19,38.3
D123,20,35.6
D123,21,53.4
D123,22,37.8
D123,23,58.5
D123,24,38.6
D123,25,41.9
D123,26,35.6
D124,1,29.5
D124,2,38.8
D124,3,39.5
D124,4,35.6
D124,5,37.8
D124,6,28.4
D124,7,21.1
D124,8,6.8
D124,9,8.1
D124,10,22.6
D124,11,1.6
D124,12,1.6
D124,13,3.0
D125,1,94.7
D125,2,87.1
D125,3,91.9
D125,4,89.1
D125,5,85.6
D125,6,79.8
D125,7,91.1
D125,8,91.0
D125,9,94.9
D125,10,79.5
D125,11,86.7
D125,12,85.5
D125,13,87.0
D125,14,83.1
D125,15,89.5
D125,16,89.2
D125,17,86.9
D125,18,97.1
D125,19,93.5
D125,20,82.7
D125,21,91.4
D125,22,89.5
D125,23,89.0
D125,24,90.1
D125,25,80.4
D125,26,83.5
D126,1,24.6
D126,2,37.0
D126,3,23.1
D126,4,12.6
D126,5,18.7
D126,6,18.2
D126,7,13.7
D126,8,14.7
D126,9,22.9
D126,10,23.3
D126,11,19.5
D126,12,30.1
D126,13,22.2
D126,14,26.7
D126,15,19.3
D126,16,23.7
D126,17,21.1
D126,18,21.4
D126,19,23.7
D126,20,21.9
D126,21,11.9
D126,22,28.6
D126,23,16.7
D126,24,22.8
D126,25,16.9
D126,26,22.5
D127,1,56.7
D127,2,63.1
D127,3,57.5
D127,4,61.1
D127,5,74.0
D127,6,65.1
D127,7,74.0
D127,8,59.4
D127,9,61.0
D127,10,56.7
D127,11,63.2
D127,12,67.8
D127,13,62.2
D127,14,60.9
D127,15,56.0
D127,16,75.7
D127,17,60.3
D127,18,54.5
D127,19,63.5
D127,20,63.3
D127,21,56.4
D127,22,64.5
D127,23,64.1
D127,24,60.5
D127,25,72.8
D127,26,53.8
D128,1,91.3
D128,2,81.8
D128,3,92.0
D128,4,86.5
D128,5,74.0
D128,6,84.2
D128,7,75.9
D128,8,86.3
D128,9,80.3
D128,10,77.8
D128,11,76.4
D128,12,73.7
D128,13,86.5
D129,1,18.0
D129,2,37.5
D129,3,30.5
D129,4,16.9
D129,5,28.7
D129,6,36.2
D129,7,27.5
D129,8,20.2
D129,9,15.8
D129,10,34.3
D129,11,30.1
D129,12,31.0
D129,13,25.5
D129,14,33.5
D129,15,10.3
D129,16,29.9
D129,17,22.2
D129,18,32.5
D129,19,31.8
D129,20,24.8
D129,21,21.9
D129,22,25.5
D129,23,52.7
D129,24,25.5
D129,25,16.8
D129,26,22.4
D130,1,54.4
D130,2,51.8
D130,3,56.9
D130,4,51.8
D130,5,55.1
D130,6,63.4
D130,7,55.5
D130,8,46.6
D130,9,42.3
D130,10,43.9
D130,11,42.0
D130,12,32.4
D130,13,47.1
D130,14,36.1
D130,15,28.2
D130,16,45.7
D130,17,56.0
D130,18,43.6
D130,19,32.8
D130,20,39.3
D130,21,49.0
D130,22,44.7
D130,23,42.5
D130,24,31.9
D130,25,49.5
D130,26,41.1
D131,1,38.3
D131,2,54.2
D131,3,51.5
D131,4,52.3
D131,5,45.8
D131,6,40.6
D131,7,41.7
D131,8,45.4
D131,9,45.4
D131,10,40.0
D131,11,38.3
D131,12,40.8
D131,13,45.6
D131,14,25.6
D131,15,39.5
D131,16,32.6
D131,17,39.4
D131,18,36.5
D131,19,49.5
D131,20,35.4
D131,21,36.4
D131,22,28.3
D131,23,29.0
D131,24,42.0
D131,25,34.9
D131,26,20.9
D132,1,76.8
D132,2,84.8
D132,3,78.6
D132,4,83.0
D132,5,80.1
D132,6,91.0
D132,7,74.0
D132,8,86.0
D132,9,88.4
D132,10,84.5
D132,11,99.1
D132,12,75.8
D132,13,77.0
D132,14,87.4
D132,15,78.7
D132,16,80.0
D132,17,82.6
D132,18,79.5
D132,19,95.4
D132,20,89.7
D132,21,74.3
D132,22,93.9
D132,23,79.8
D132,24,84.0
D132,25,83.7
D132,26,78.0
D133,1,77.2
D133,2,56.3
D133,3,73.6
D133,4,58.6
D133,5,67.7
D133,6,60.6
D133,7,65.9
D133,8,65.1
D133,9,61.9
D133,10,62.8
D133,11,64.1
D133,12,57.9
D133,13,74.0
D133,14,65.6
D133,15,62.2
D133,16,64.4
D133,17,55.3
D133,18,63.9
D133,19,60.9
D133,20,65.7
D133,21,78.5
D133,22,67.5
D133,23,61.4
D133,24,58.8
D133,25,55.3
D133,26,61.8
D134,1,61.8
D134,2,74.2
D134,3,64.6
D134,4,62.0
D134,5,67.0
D134,6,74.3
D134,7,73.1
D134,8,80.0
D134,9,64.7
D134,10,66.8
D134,11,67.1
D134,12,71.4
D134,13,70.1
D134,14,62.4
D134,15,74.4
D134,16,71.1
D134,17,64.4
D134,18,73.6
D134,19,54.7
D134,20,71.0
D134,21,89.1
D134,22,56.2
D134,23,65.2
D134,24,77.1
D134,25,67.5
D134,26,72.4
D135,1,58.6
D135,2,72.2
D135,3,64.5
D135,4,59.7
D135,5,59.9
D135,6,73.6
D135,7,58.1
D135,8,67.8
D135,9,65.1
D135,10,61.0
D135,11,58.6
D135,12,69.0
D135,13,62.8
D135,14,68.5
D135,15,59.1
D135,16,60.6
D135,17,78.0
D135,18,63.1
D135,19,61.4
D135,20,59.5
D135,21,45.4
D135,22,51.3
D135,23,63.6
D135,24,61.8
D135,25,59.1
D135,26,68.9
D136,1,76.7
D136,2,93.5
D136,3,86.9
D136,4,93.1
D136,5,93.7
D136,6,98.0
D136,7,94.9
D136,8,89.4
D136,9,90.1
D136,10,88.3
D136,11,75.8
D136,12,88.8
D136,13,85.6
D136,14,84.8
D136,15,80.6
D136,16,87.2
D136,17,96.8
D136,18,84.5
D136,19,77.5
D136,20,91.1
D136,21,79.4
D136,22,90.5
D136,23,79.3
D136,24,78.5
D136,25,82.6
D136,26,86.3
D137,1,51.2
D137,2,53.3
D137,3,51.1
D137,4,38.7
D137,5,55.7
D137,6,42.4
D137,7,48.1
D137,8,34.6
D137,9,41.5
D137,10,38.8
D137,11,42.4
D137,12,51.8
D137,13,48.9
D137,14,35.5
D137,15,45.4
D137,16,40.1
D137,17,25.2
D137,18,31.5
D137,19,48.9
D137,20,35.6
D137,21,32.8
D137,22,33.9
D137,23,37.3
D137,24,30.9
D137,25,39.9
D137,26,28.4
D138,1,95.0
D138,2,87.1
D138,3,80.8
D138,4,74.4
D138,5,96.0
D138,6,90.8
D138,7,86.0
D138,8,76.8
D138,9,75.9
D138,10,84.8
D138,11,88.3
D138,12,78.7
D138,13,86.2
D138,14,90.8
D138,15,88.7
D138,16,87.5
D138,17,86.3
D138,18,99.0
D138,19,78.3
D138,20,85.7
D138,21,83.9
D138,22,87.8
D138,23,74.8
D138,24,86.3
D138,25,79.4
D138,26,76.3
D139,1,86.0
D139,2,80.8
D139,3,84.8
D139,4,86.6
D139,5,81.6
D139,6,88.9
D139,7,92.1
D139,8,94.2
D139,9,93.7
D139,10,79.0
D139,11,83.3
D139,12,89.2
D139,13,90.1
D139,14,94.0
D139,15,85.6
D139,16,88.0
D139,17,88.8
D139,18,92.2
D139,19,95.8
D139,20,92.8
D139,21,80.3
D139,22,81.4
D139,23,83.2
D139,24,77.1
D139,25,95.9
D139,26,80.1
D140,1,23.9
D140,2,25.5
D140,3,28.1
D140,4,22.8
D140,5,21.2
D140,6,33.8
D140,7,38.9
D140,8,22.3
D140,9,20.7
D140,10,18.0
D140,11,16.6
D140,12,35.1
D140,13,27.0
D140,14,19.7
D140,15,19.1
D140,16,42.6
D140,17,34.0
D140,18,9.3
D140,19,34.8
D140,20,26.0
D140,21,22.5
D140,22,33.1
D140,23,20.1
D140,24,33.2
D140,25,22.1
D140,26,32.3
D141,1,56.6
D141,2,57.8
D141,3,54.6
D141,4,62.6
D141,5,56.0
D141,6,46.5
D141,7,51.1
D141,8,41.9
D141,9,46.7
D141,10,45.9
D141,11,31.8
D141,12,62.1
D141,13,42.6
D141,14,58.9
D141,15,38.8
D141,16,45.6
D141,17,43.1
D141,18,46.8
D141,19,45.2
D141,20,40.8
D141,21,41.2
D141,22,42.5
D141,23,41.8
D141,24,41.7
D141,25,45.2
D141,26,39.9
D142,1,62.3
D142,2,57.4
D142,3,54.0
D142,4,65.2
D142,5,61.9
D142,6,76.5
D142,7,63.7
D142,8,60.3
D142,9,76.4
D142,10,62.3
D142,11,65.7
D142,12,62.2
D142,13,54.9
D142,14,66.6
D142,15,67.3
D142,16,94.0
D142,17,60.7
D142,18,58.6
D142,19,63.2
D142,20,55.1
D142,21,70.7
D142,22,65.7
D142,23,67.0
D142,24,46.7
D142,25,78.6
D142,26,65.5
D143,1,90.2
D143,2,89.1
D143,3,93.8
D143,4,78.7
D143,5,80.8
D143,6,84.9
D143,7,93.4
D143,8,89.7
D143,9,79.6
D143,10,95.0
D143,11,81.5
D143,12,84.0
D143,13,80.6
D143,14,85.1
D143,15,94.6
D143,16,73.2
D143,17,76.7
D143,18,82.1
D143,19,91.5
D143,20,76.8
D143,21,83.2
D143,22,81.2
D143,23,76.6
D143,24,71.5
D143,25,80.1
D143,26,83.9
D144,1,57.3
D144,2,43.0
D144,3,53.6
D144,4,49.5
D144,5,43.4
D144,6,33.9
D144,7,43.2
D144,8,43.0
D144,9,39.5
D144,10,49.8
D144,11,41.2
D144,12,57.9
D144,13,32.5
D144,14,41.1
D144,15,45.1
D144,16,29.2
D144,17,20.8
D144,18,22.1
D144,19,19.7
D144,20,13.3
D144,21,16.6
D144,22,3.9
D144,23,5.9
D145,1,14.0
D145,2,29.6
D145,3,17.7
D145,4,21.5
D145,5,16.6
D145,6,34.1
D145,7,26.1
D145,8,26.5
D145,9,16.1
D145,10,24.2
D145,11,19.4
D145,12,12.4
D145,13,26.9
D145,14,26.1
D145,15,24.3
D145,16,29.0
D145,17,30.6
D145,18,33.7
D145,19,38.7
D145,20,21.0
D145,21,35.9
D145,22,20.7
D145,23,15.8
D145,24,28.6
D145,25,20.9
D145,26,32.6
D146,1,52.8
D146,2,68.7
D146,3,59.5
D146,4,59.8
D146,5,58.3
D146,6,64.5
D146,7,77.1
D146,8,60.8
D146,9,69.8
D146,10,62.7
D146,11,58.6
D146,12,43.4
D146,13,63.0
D146,14,52.1
D146,15,72.7
D146,16,49.8
D146,17,66.0
D146,18,89.1
D146,19,59.5
D146,20,53.6
D146,21,65.9
D146,22,65.4
D146,23,65.5
D146,24,66.0
D146,25,66.8
D146,26,53.7
D147,1,74.5
D147,2,72.1
D147,3,69.5
D147,4,65.6
D147,5,63.5
D147,6,65.0
D147,7,70.5
D147,8,59.4
D147,9,74.6
D147,10,62.2
D147,11,71.5
D147,12,58.7
D147,13,63.9
D147,14,89.4
D147,15,60.3
D147,16,68.1
D147,17,63.4
D147,18,67.1
D147,19,67.0
D147,20,70.8
D147,21,64.4
D147,22,63.5
D147,23,79.2
D147,24,68.7
D147,25,64.5
D147,26,68.7
D148,1,69.0
D148,2,66.2
D148,3,74.5
D148,4,72.2
D148,5,66.3
D148,6,65.7
D148,7,67.6
D148,8,80.0
D148,9,60.5
D148,10,66.0
D148,11,70.2
D148,12,63.5
D148,13,60.2
D148,14,69.4
D148,15,62.4
D148,16,71.9
D148,17,70.3
D148,18,56.0
D148,19,81.5
D148,20,60.1
D148,21,71.4
D148,22,61.7
D148,23,68.7
D148,24,68.9
D148,25,64.1
D148,26,63.1
D149,1,61.4
D149,2,59.9
D149,3,73.4
D149,4,66.5
D149,5,66.3
D149,6,63.5
D149,7,65.5
D149,8,87.5
D149,9,75.2
D149,10,68.0
D149,11,59.2
D149,12,72.5
D149,13,67.4
D149,14,71.7
D149,15,77.5
D149,16,62.8
D149,17,72.3
D149,18,69.4
D149,19,69.0
D149,20,68.0
D149,21,69.4
D149,22,67.8
D149,23,63.7
D149,24,68.2
D149,25,59.3
D149,26,68.8
D150,1,59.0
D150,2,60.6
D150,3,59.7
D150,4,73.2
D150,5,67.2
D150,6,65.5
D150,7,81.3
D150,8,57.4
D150,9,55.7
D150,10,81.9
D150,11,85.4
D150,12,63.5
D150,13,65.3
D150,14,57.2
D150,15,73.8
D150,16,57.0
D150,17,63.6
D150,18,72.4
D150,19,66.3
D150,20,59.8
D150,21,56.0
D150,22,57.1
D150,23,59.7
D150,24,83.9
D150,25,60.7
D150,26,69.8
D151,1,52.4
D151,2,53.6
D151,3,72.3
D151,4,58.7
D151,5,55.8
D151,6,50.3
D151,7,54.0
D151,8,54.6
D151,9,64.0
D151,10,50.3
D151,11,43.3
D151,12,40.4
D151,13,48.4
D151,14,48.0
D151,15,48.4
D151,16,32.4
D151,17,37.2
D151,18,60.3
D151,19,50.3
D151,20,26.8
D151,21,27.4
D151,22,31.3
D151,23,31.7
D151,24,18.9
D151,25,15.9
D151,26,14.3
D152,1,63.6
D152,2,71.5
D152,3,72.0
D152,4,61.9
D152,5,70.1
D152,6,67.1
D152,7,63.9
D152,8,57.8
D152,9,62.9
D152,10,68.0
D152,11,56.3
D152,12,62.4
D152,13,60.5
D152,14,57.6
D152,15,70.4
D152,16,65.6
D152,17,64.7
D152,18,71.3
D152,19,67.7
D152,20,73.6
D152,21,72.9
D152,22,61.9
D152,23,55.3
D152,24,81.0
D152,25,64.5
D152,26,64.6
D153,1,62.6
D153,2,77.4
D153,3,72.3
D153,4,75.9
D153,5,69.6
D153,6,68.7
D153,7,53.1
D153,8,71.0
D153,9,52.6
D153,10,65.6
D153,11,51.4
D154,1,32.2
D154,2,22.6
D154,3,29.7
D154,4,9.5
D154,5,38.9
D154,6,31.1
D154,7,31.0
D154,8,18.9
D154,9,32.4
D154,10,6.4
D154,11,0.0
D154,12,0.0
D154,13,0.0
D154,14,7.8
D155,1,95.8
D155,2,90.6
D155,3,84.7
D155,4,85.0
D155,5,93.3
D155,6,73.6
D155,7,80.1
D155,8,95.8
D155,9,76.7
D155,10,88.4
D155,11,90.9
D155,12,96.2
D155,13,86.1
D155,14,86.8
D155,15,77.4
D155,16,87.4
D155,17,92.1
D155,18,85.4
D156,1,81.1
D156,2,83.1
D156,3,94.3
D156,4,91.3
D156,5,97.0
D156,6,88.3
D156,7,92.4
D156,8,89.7
D156,9,87.4
D156,10,88.8
D156,11,95.2
D156,12,79.8
D156,13,82.6
D156,14,89.1
D156,15,85.7
D156,16,75.8
D156,17,81.8
D156,18,86.4
D156,19,75.6
D156,20,100.0
D157,1,16.9
D157,2,28.9
D157,3,9.4
D157,4,9.4
D157,5,13.7
D157,6,17.1
D157,7,2.5
D157,8,22.5
D157,9,29.4
D157,10,8.4
D157,11,16.8
D157,12,7.9
D157,13,31.4
D157,14,12.8
D157,15,12.6
D157,16,21.9
D157,17,20.5
D157,18,15.9
D157,19,1.4
D157,20,10.9
D157,21,0.0
D157,22,5.9
D157,23,0.0
D157,24,0.0
D157,25,0.2
D158,1,61.0
D158,2,63.9
D158,3,58.9
D158,4,64.1
D158,5,65.2
D158,6,63.2
D158,7,58.4
D158,8,54.5
D158,9,71.1
D158,10,65.3
D158,11,63.6
D158,12,56.3
D158,13,61.2
D158,14,59.5
D158,15,62.6
D158,16,59.3
D158,17,58.1
D158,18,63.7
D158,19,65.5
D158,20,62.5
D158,21,55.2
D158,22,61.0
D158,23,66.4
D158,24,66.3
D158,25,56.3
D158,26,61.1
D159,1,50.4
D159,2,82.5
D159,3,73.5
D159,4,75.5
D159,5,92.8
D159,6,79.0
D159,7,54.1
D159,8,68.7
D159,9,59.4
D159,10,65.5
D159,11,67.4
D159,12,72.0
D159,13,65.1
D159,14,66.0
D159,15,68.3
D159,16,57.8
D159,17,58.5
D159,18,67.6
D159,19,60.9
D159,20,67.0
D159,21,72.2
D159,22,74.2
D159,23,64.8
D159,24,57.4
D159,25,56.5
D159,26,58.1
D160,1,61.7
D160,2,64.6
D160,3,62.7
D160,4,64.0
D160,5,57.2
D160,6,63.1
D160,7,63.2
D160,8,63.9
D160,9,60.5
D160,10,56.2
D160,11,74.5
D160,12,61.0
D160,13,78.2
D160,14,53.2
D160,15,68.0
D160,16,74.6
D160,17,59.6
D160,18,58.3
D160,19,57.4
D160,20,66.9
D160,21,57.7
D160,22,59.6
D160,23,57.0
D160,24,68.8
D160,25,64.4
D160,26,58.9
D161,1,63.9
D161,2,54.7
D161,3,69.3
D161,4,59.6
D161,5,41.9
D161,6,73.5
D161,7,59.7
D161,8,59.6
D161,9,70.2
D161,10,74.1
D161,11,58.3
D161,12,67.0
D161,13,71.2
D161,14,62.7
D161,15,61.2
D161,16,64.0
D161,17,59.0
D161,18,60.2
D161,19,57.2
D161,20,58.1
D161,21,47.1
D161,22,69.1
D161,23,65.8
D161,24,61.3
D161,25,57.6
D161,26,68.6
D162,1,90.2
D162,2,80.8
D162,3,87.9
D162,4,93.9
D162,5,87.9
D162,6,90.8
D162,7,82.0
D162,8,93.4
D162,9,88.3
D162,10,78.9
D162,11,97.6
D162,12,79.8
D162,13,93.6
D162,14,93.1
D162,15,86.1
D162,16,87.3
D162,17,79.7
D162,18,87.5
D162,19,84.9
D162,20,74.7
D162,21,88.9
D162,22,77.1
D162,23,91.5
D162,24,90.2
D162,25,88.3
D162,26,94.5
D163,1,21.3
D163,2,23.0
D163,3,32.5
D163,4,22.3
D163,5,28.9
D163,6,21.4
D163,7,26.2
D163,8,24.9
D163,9,18.4
D163,10,20.8
D163,11,23.3
D163,12,41.0
D163,13,26.1
D163,14,23.3
D163,15,11.7
D163,16,21.0
D163,17,14.5
D163,18,21.5
D163,19,19.8
D163,20,43.2
D163,21,64.2
D163,22,15.4
D163,23,31.1
D163,24,18.5
D163,25,20.6
D163,26,12.6
D164,1,11.8
D164,2,24.3
D164,3,14.6
D164,4,15.1
D164,5,5.9
D164,6,15.6
D164,7,16.4
D164,8,24.0
D164,9,25.2
D164,10,11.3
D164,11,18.8
D164,12,12.3
D164,13,24.2
D164,14,27.2
D164,15,25.4
D164,16,15.6
D164,17,15.7
D164,18,8.1
D164,19,6.6
D164,20,10.3
D164,21,15.8
D164,22,9.8
D164,23,12.2
D164,24,17.1
D164,25,13.0
D164,26,12.7
D165,1,23.4
D165,2,13.1
D165,3,17.6
D165,4,11.0
D165,5,12.7
D165,6,11.9
D165,7,3.5
D165,8,20.9
D165,9,10.5
D165,10,17.9
D165,11,16.6
D165,12,9.1
D165,13,8.6
D165,14,11.5
D165,15,21.3
D165,16,3.7
D165,17,25.5
D165,18,16.1
D165,19,18.0
D165,20,20.4
D165,21,6.4
D165,22,4.2
D165,23,11.0
D165,24,9.3
D165,25,26.8
D165,26,4.7
D166,1,66.3
D166,2,55.0
D166,3,67.2
D166,4,70.5
D166,5,66.2
D166,6,74.8
D166,7,64.5
D166,8,65.2
D166,9,69.6
D166,10,65.8
D166,11,60.4
D166,12,67.1
D166,13,61.6
D166,14,70.3
D166,15,67.5
D166,16,55.4
D166,17,63.4
D166,18,55.9
D166,19,64.6
D166,20,62.1
D166,21,71.0
D166,22,65.3
D166,23,51.2
D166,24,62.3
D166,25,62.0
D166,26,63.3
D167,1,7.6
D167,2,13.6
D167,3,6.8
D167,4,10.5
D167,5,13.9
D167,6,28.7
D167,7,26.3
D167,8,12.2
D167,9,19.4
D167,10,16.9
D167,11,12.7
D167,12,26.9
D167,13,22.8
D167,14,17.9
D167,15,27.2
D167,16,18.0
D167,17,16.2
D167,18,31.1
D167,19,15.3
D167,20,10.5
D167,21,28.3
D167,22,9.6
D167,23,13.7
D167,24,17.0
D167,25,9.5
D167,26,5.5
D168,1,65.6
D168,2,62.7
D168,3,68.2
D168,4,80.1
D168,5,67.4
D168,6,71.1
D168,7,65.4
D168,8,61.8
D168,9,67.5
D168,10,67.1
D168,11,64.7
D168,12,73.1
D168,13,68.5
D168,14,62.1
D168,15,66.0
D168,16,64.0
D168,17,65.6
D168,18,63.6
D168,19,81.8
D168,20,83.6
D168,21,69.3
D168,22,64.6
D168,23,64.6
D168,24,61.2
D168,25,64.5
D168,26,61.1
D169,1,89.7
D169,2,92.7
D169,3,92.7
D169,4,76.3
D169,5,88.2
D169,6,88.1
D169,7,96.9
D169,8,77.3
D169,9,91.6
D169,10,93.9
D169,11,81.8
D169,12,92.9
D169,13,82.2
D169,14,91.0
D169,15,95.6
D169,16,76.8
D169,17,86.8
D169,18,84.1
D169,19,73.1
D169,20,90.1
D169,21,91.9
D169,22,92.1
D169,23,86.8
D169,24,87.3
D169,25,87.4
D169,26,90.0
D170,1,68.7
D170,2,71.0
D170,3,64.3
D170,4,70.0
D170,5,71.1
D170,6,67.1
D170,7,63.3
D170,8,79.5
D170,9,67.7
D170,10,71.2
D170,11,65.7
D170,12,59.6
D170,13,67.3
D170,14,65.0
D170,15,79.5
D170,16,74.6
D170,17,73.7
D170,18,70.9
D170,19,63.4
D170,20,68.1
D170,21,65.0
D170,22,72.0
D170,23,64.4
D170,24,68.0
D170,25,67.1
D170,26,67.6
D171,1,91.6
D171,2,84.4
D171,3,81.1
D171,4,79.3
D171,5,87.0
D171,6,88.8
D171,7,82.7
D171,8,83.0
D171,9,92.2
D171,10,93.8
D171,11,77.3
D171,12,78.1
D171,13,88.2
D171,14,76.8
D171,15,91.3
D171,16,93.4
D171,17,89.0
D171,18,86.3
D171,19,89.5
D171,20,90.5
D171,21,82.6
D171,22,86.3
D171,23,96.7
D171,24,78.4
D171,25,81.7
D171,26,91.8
D172,1,12.5
D172,2,11.6
D172,3,20.9
D172,4,4.5
D172,5,24.8
D172,6,9.3
D172,7,32.3
D172,8,29.7
D172,9,11.6
D172,10,39.4
D172,11,24.4
D172,12,15.9
D172,13,16.3
D172,14,18.5
D172,15,16.4
D172,16,24.7
D172,17,8.1
D172,18,20.0
D172,19,18.7
D172,20,20.4
D172,21,11.2
D172,22,20.1
D172,23,20.1
D172,24,42.4
D172,25,10.6
D172,26,12.9
D173,1,86.5
D173,2,79.7
D173,3,78.7
D173,4,80.0
D173,5,90.2
D173,6,90.2
D173,7,79.4
D173,8,78.7
D173,9,83.7
D173,10,81.3
D173,11,81.6
D173,12,85.1
D173,13,77.9
D173,14,80.4
D173,15,91.3
D173,16,97.8
D173,17,81.6
D173,18,81.2
D173,19,72.8
D173,20,91.6
D173,21,96.5
D173,22,80.7
D173,23,81.7
D173,24,80.9
D173,25,83.3
D173,26,87.5
D174,1,54.5
D174,2,43.4
D174,3,44.8
D174,4,48.0
D174,5,56.1
D174,6,55.3
D174,7,46.0
D174,8,43.2
D174,9,42.7
D174,10,38.5
D174,11,49.4
D174,12,41.9
D174,13,43.1
D174,14,40.8
D174,15,42.0
D174,16,43.1
D174,17,33.6
D174,18,41.4
D174,19,36.5
D174,20,35.3
D174,21,45.2
D174,22,34.0
D174,23,31.6
D174,24,31.0
D174,25,34.7
D174,26,34.2
D175,1,92.5
D175,2,87.8
D175,3,85.1
D175,4,88.2
D175,5,98.5
D175,6,92.6
D175,7,73.2
D175,8,95.0
D175,9,93.9
D175,10,93.0
D175,11,84.3
D175,12,96.9
D175,13,87.7
D175,14,80.1
D175,15,79.0
D175,16,83.5
D175,17,95.2
D175,18,79.8
D175,19,90.4
D175,20,81.3
D175,21,70.3
D175,22,85.2
D175,23,89.2
D175,24,92.3
D175,25,95.1
D175,26,94.6
D176,1,39.1
D176,2,25.5
D176,3,20.2
D176,4,40.9
D176,5,18.3
D176,6,18.7
D176,7,27.6
D176,8,19.7
D176,9,34.0
D176,10,37.5
D176,11,20.2
D176,12,20.1
D176,13,34.0
D176,14,23.4
D176,15,39.2
D176,16,21.8
D176,17,42.2
D176,18,13.2
D176,19,24.7
D176,20,19.7
D176,21,27.2
D176,22,20.7
D176,23,25.1
D176,24,27.7
D176,25,38.5
D176,26,25.2
D177,1,69.9
D177,2,66.4
D177,3,60.9
D177,4,63.6
D177,5,60.5
D177,6,57.4
D177,7,64.8
D177,8,67.5
D177,9,48.6
D177,10,57.1
D177,11,74.4
D177,12,56.3
D177,13,46.7
D177,14,63.5
D177,15,77.9
D177,16,58.2
D177,17,63.7
D177,18,65.5
D177,19,68.2
D177,20,60.6
D177,21,65.8
D177,22,66.5
D177,23,60.0
D177,24,62.0
D177,25,55.2
D177,26,62.0
D178,1,14.1
D178,2,22.8
D178,3,2.3
D178,4,19.6
D178,5,24.9
D178,6,15.9
D178,7,13.7
D178,8,20.3
D178,9,23.1
D178,10,12.0
D178,11,15.8
D178,12,25.4
D178,13,18.6
D178,14,28.1
D178,15,30.6
D178,16,5.3
D178,17,16.0
D178,18,17.4
D178,19,20.0
D178,20,24.5
D178,21,13.4
D178,22,18.3
D178,23,25.1
D178,24,10.9
D178,25,10.8
D178,26,8.3
D179,1,65.8
D179,2,61.8
D179,3,54.4
D179,4,60.6
D179,5,70.5
D179,6,59.3
D179,7,69.7
D179,8,70.1
D179,9,68.2
D179,10,65.9
D179,11,72.9
D179,12,61.6
D179,13,63.6
D179,14,71.0
D179,15,69.4
D179,16,62.6
D179,17,65.5
D179,18,72.2
D179,19,64.4
D179,20,68.3
D179,21,63.6
D179,22,70.0
D179,23,63.1
D179,24,64.0
D179,25,67.7
D179,26,63.2
D180,1,68.8
D180,2,77.3
D180,3,68.4
D180,4,68.3
D180,5,66.4
D180,6,56.1
D180,7,65.8
D180,8,65.2
D180,9,73.5
D180,10,65.9
D180,11,64.9
D180,12,65.8
D180,13,66.1
D180,14,62.8
D180,15,61.1
D180,16,71.4
D180,17,67.5
D180,18,66.6
D180,19,71.8
D180,20,72.2
D180,21,65.2
D180,22,75.6
D180,23,63.4
D180,24,65.4
D180,25,64.6
D180,26,68.3
D181,1,61.7
D181,2,78.9
D181,3,76.3
D181,4,57.9
D181,5,81.9
D181,6,65.2
D181,7,53.1
D181,8,53.6
D181,9,59.5
D182,1,95.0
D182,2,88.3
D182,3,78.7
D182,4,87.1
D182,5,87.9
D182,6,87.1
D182,7,76.7
D182,8,92.9
D182,9,94.0
D182,10,80.7
D182,11,89.2
D182,12,84.2
D182,13,80.3
D182,14,93.1
D182,15,89.9
D182,16,83.0
D182,17,82.2
D182,18,88.4
D182,19,81.8
D182,20,77.6
D182,21,90.7
D182,22,73.7
D182,23,93.2
D182,24,83.6
D182,25,95.7
D182,26,78.7
D183,1,89.1
D183,2,86.9
D183,3,75.4
D183,4,85.5
D183,5,92.0
D183,6,78.3
D183,7,85.8
D183,8,84.9
D183,9,91.0
D183,10,97.0
D183,11,77.7
D183,12,93.7
D183,13,80.1
D183,14,85.5
D183,15,95.6
D183,16,84.5
D183,17,86.9
D183,18,79.9
D183,19,78.6
D183,20,82.0
D183,21,79.5
D183,22,81.3
D183,23,84.7
D183,24,78.2
D183,25,88.2
D183,26,78.3
D184,1,91.4
D184,2,95.4
D184,3,79.0
D184,4,84.5
D184,5,81.2
D184,6,83.6
D184,7,93.2
D184,8,89.4
D184,9,95.8
D184,10,87.6
D184,11,96.5
D184,12,94.9
D184,13,97.1
D184,14,88.2
D184,15,89.4
D184,16,84.7
D184,17,75.6
D184,18,94.0
D184,19,72.0
D184,20,86.2
D184,21,86.3
D184,22,88.9
D184,23,92.1
D184,24,94.5
D184,25,82.5
D184,26,89.7
D185,1,80.2
D185,2,94.0
D185,3,92.1
D185,4,88.9
D185,5,82.6
D185,6,79.3
D185,7,76.9
D185,8,86.6
D185,9,90.6
D185,10,93.6
D185,11,92.1
D185,12,84.1
D185,13,94.1
D185,14,97.0
D185,15,89.2
D185,16,95.1
D185,17,84.0
D185,18,84.9
D185,19,94.3
D185,20,92.0
D185,21,71.8
D185,22,90.6
D185,23,93.8
D185,24,91.8
D185,25,93.2
D185,26,93.0
D186,1,91.4
D186,2,76.3
D186,3,92.9
D186,4,92.7
D186,5,77.1
D186,6,86.1
D186,7,92.6
D186,8,80.4
D186,9,94.6
D186,10,76.1
D186,11,90.5
D186,12,83.0
D186,13,83.9
D186,14,71.0
D186,15,83.7
D186,16,91.5
D186,17,84.7
D186,18,82.4
D186,19,88.5
D186,20,87.5
D186,21,94.5
D186,22,78.6
D186,23,79.8
D186,24,96.4
D186,25,78.4
D186,26,77.8
D187,1,57.4
D187,2,48.9
D187,3,53.6
D187,4,47.3
D187,5,44.0
D187,6,42.1
D187,7,42.6
D187,8,42.8
D187,9,45.8
D187,10,47.4
D187,11,46.9
D187,12,41.5
D187,13,47.3
D187,14,38.8
D187,15,43.7
D187,16,43.7
D187,17,42.7
D187,18,36.0
D187,19,45.4
D187,20,48.3
D187,21,33.1
D187,22,29.5
D187,23,36.1
D187,24,33.8
D187,25,32.7
D187,26,29.2
D188,1,74.7
D188,2,89.1
D188,3,90.7
D188,4,73.8
D188,5,87.5
D188,6,78.9
D188,7,95.1
D188,8,89.8
D188,9,85.7
D188,10,84.6
D188,11,89.3
D188,12,91.8
D188,13,91.8
D188,14,79.1
D188,15,87.7
D188,16,84.1
D188,17,95.1
D188,18,98.7
D188,19,82.1
D188,20,86.7
D188,21,78.6
D188,22,82.5
D188,23,80.6
D188,24,80.9
D188,25,91.1
D188,26,91.3
D189,1,69.9
D189,2,70.4
D189,3,71.1
D189,4,62.0
D189,5,71.7
D189,6,63.1
D189,7,78.0
D189,8,69.4
D189,9,56.5
D189,10,60.2
D189,11,64.6
D189,12,71.9
D189,13,71.3
D189,14,85.7
D189,15,61.8
D189,16,59.5
D189,17,75.9
D189,18,68.3
D189,19,61.4
D189,20,63.2
D189,21,64.7
D189,22,65.4
D189,23,74.6
D189,24,60.7
D189,25,57.6
D189,26,66.6
D190,1,4.9
D190,2,4.8
D190,3,16.2
D190,4,7.6
D190,5,18.1
D190,6,22.6
D190,7,12.8
D190,8,23.9
D190,9,4.0
D190,10,21.8
D190,11,14.2
D190,12,28.9
D190,13,9.6
D190,14,9.7
D190,15,14.6
D190,16,23.2
D190,17,17.4
D190,18,23.5
D190,19,4.2
D190,20,18.2
D190,21,9.0
D190,22,16.6
D190,23,4.7
D190,24,15.9
D190,25,16.6
D190,26,5.0
D191,1,59.4
D191,2,59.1
D191,3,52.7
D191,4,59.0
D191,5,53.0
D191,6,56.4
D191,7,46.8
D191,8,67.4
D191,9,49.9
D191,10,48.4
D191,11,32.5
D191,12,56.9
D191,13,41.5
D191,14,53.5
D191,15,46.8
D191,16,33.0
D191,17,60.3
D191,18,65.1
D191,19,45.9
D191,20,43.8
D191,21,42.5
D191,22,38.8
D191,23,40.2
D191,24,40.3
D191,25,41.5
D191,26,45.5
D192,1,52.1
D192,2,48.7
D192,3,43.2
D192,4,42.1
D192,5,54.6
D192,6,49.8
D192,7,49.3
D192,8,48.8
D192,9,70.0
D192,10,32.8
D192,11,36.1
D192,12,46.3
D192,13,51.1
D192,14,54.8
D192,15,53.9
D192,16,40.3
D192,17,37.0
D192,18,46.9
D192,19,54.7
D192,20,52.2
D192,21,63.3
D192,22,29.1
D192,23,52.7
D192,24,42.0
D192,25,39.0
D192,26,41.5
D193,1,33.0
D193,2,30.3
D193,3,36.1
D193,4,24.1
D193,5,20.2
D193,6,31.5
D193,7,22.6
D193,8,19.8
D193,9,14.4
D193,10,28.1
D193,11,21.1
D193,12,17.2
D193,13,7.4
D193,14,14.8
D193,15,25.7
D193,16,27.5
D193,17,19.3
D193,18,29.0
D193,19,39.0
D193,20,26.7
D193,21,36.8
D193,22,35.2
D193,23,40.1
D193,24,16.3
D193,25,22.5
D193,26,28.3
D194,1,65.6
D194,2,48.5
D194,3,69.0
D194,4,61.1
D194,5,73.8
D194,6,58.7
D194,7,70.6
D194,8,68.5
D194,9,66.2
D194,10,78.1
D194,11,66.7
D194,12,70.3
D194,13,55.1
D194,14,66.0
D194,15,64.5
D194,16,73.5
D194,17,63.8
D194,18,63.4
D194,19,62.6
D194,20,68.3
D194,21,61.5
D194,22,55.8
D194,23,57.7
D194,24,64.5
D194,25,51.7
D194,26,63.6
D195,1,34.0
D195,2,23.7
D195,3,21.9
D195,4,42.9
D195,5,24.5
D195,6,27.8
D195,7,22.6
D195,8,27.0
D195,9,9.7
D195,10,38.0
D195,11,14.4
D195,12,44.0
D195,13,33.4
D195,14,23.9
D195,15,19.6
D195,16,34.6
D195,17,34.2
D195,18,32.1
D195,19,10.7
D195,20,39.8
D195,21,22.5
D195,22,16.0
D195,23,17.1
D195,24,29.3
D195,25,34.2
D195,26,23.6
D196,1,78.8
D196,2,94.7
D196,3,79.9
D196,4,93.2
D196,5,94.1
D196,6,83.6
D196,7,89.5
D196,8,98.5
D196,9,87.3
D196,10,96.3
D196,11,86.4
D196,12,83.7
D196,13,83.6
D196,14,96.3
D196,15,75.9
D196,16,97.7
D196,17,81.4
D196,18,94.1
D196,19,84.8
D196,20,92.1
D196,21,84.2
D196,22,90.6
D196,23,80.8
D196,24,77.5
D196,25,89.7
D196,26,81.8
D197,1,64.0
D197,2,59.6
D197,3,72.3
D197,4,61.7
D197,5,64.0
D197,6,60.8
D197,7,61.8
D197,8,67.6
D197,9,53.9
D197,10,68.1
D197,11,55.4
D197,12,63.3
D197,13,57.7
D197,14,61.1
D197,15,60.4
D197,16,60.2
D197,17,66.5
D197,18,98.5
D197,19,57.4
D197,20,63.7
D197,21,50.4
D197,22,85.5
D197,23,69.6
D197,24,83.1
D197,25,57.0
D197,26,57.3
D198,1,69.2
D198,2,70.5
D198,3,65.3
D198,4,70.6
D198,5,63.3
D198,6,68.0
D198,7,64.5
D198,8,61.6
D198,9,53.9
D198,10,66.9
D198,11,58.8
D198,12,71.8
D198,13,63.3
D198,14,64.3
D198,15,55.0
D198,16,58.2
D198,17,67.7
D198,18,68.9
D198,19,70.5
D198,20,68.7
D198,21,58.4
D198,22,56.5
D198,23,60.6
D198,24,67.1
D198,25,60.1
D198,26,62.0
D199,1,70.1
D199,2,71.1
D199,3,57.8
D199,4,78.5
D199,5,80.0
D199,6,72.9
D199,7,70.6
D199,8,74.0
D199,9,73.0
D199,10,67.3
D199,11,68.4
D199,12,69.7
D199,13,70.8
D199,14,73.7
D199,15,70.2
D199,16,80.1
D199,17,60.9
D199,18,79.0
D199,19,68.2
D199,20,82.6
D199,21,65.1
D199,22,68.9
D199,23,62.8
D199,24,67.2
D199,25,67.4
D199,26,64.7
D200,1,62.1
D200,2,51.8
D200,3,58.0
D200,4,56.4
D200,5,61.5
D200,6,65.2
D200,7,56.3
D200,8,68.7
D200,9,44.9
D200,10,47.1
D200,11,46.7
D200,12,53.2
D200,13,51.1
D200,14,53.6
D200,15,44.3
D200,16,58.0
D200,17,48.0
D200,18,53.2
D200,19,42.1
D200,20,45.8
D200,21,47.8
D200,22,38.2
D200,23,48.2
D200,24,47.7
D200,25,36.0
D200,26,39.9
D201,1,70.4
D201,2,61.3
D201,3,61.8
D201,4,54.7
D201,5,61.2
D201,6,55.4
D201,7,66.6
D201,8,58.8
D201,9,54.4
D201,10,57.9
D201,11,61.4
D201,12,69.8
D201,13,64.1
D201,14,64.2
D201,15,60.4
D201,16,59.5
D201,17,57.9
D201,18,67.0
D201,19,62.2
D201,20,58.9
D201,21,62.9
D201,22,67.0
D201,23,51.9
D201,24,60.1
D201,25,66.8
D201,26,56.4
D202,1,38.4
D202,2,52.7
D202,3,73.4
D202,4,49.9
D202,5,68.4
D202,6,64.0
D202,7,62.2
D202,8,64.4
D202,9,58.4
D202,10,46.8
D202,11,53.0
D202,12,56.1
D202,13,65.2
D202,14,72.4
D202,15,63.9
D202,16,62.4
D202,17,76.9
D202,18,67.5
D202,19,65.5
D202,20,70.5
D202,21,75.4
D202,22,69.9
D202,23,61.8
D202,24,59.0
D202,25,59.6
D202,26,67.6
D203,1,18.8
D203,2,16.4
D203,3,18.8
D203,4,9.1
D203,5,11.3
D203,6,10.1
D203,7,31.2
D203,8,34.9
D203,9,23.1
D203,10,16.8
D203,11,19.5
D203,12,22.2
D203,13,15.4
D203,14,14.6
D203,15,11.4
D203,16,16.8
D203,17,14.4
D203,18,6.6
D203,19,20.2
D203,20,30.0
D203,21,12.8
D203,22,20.9
D203,23,13.4
D203,24,12.6
D203,25,14.3
D203,26,10.5
D204,1,52.0
D204,2,67.2
D204,3,56.2
D204,4,49.9
D204,5,48.4
D204,6,43.6
D204,7,50.7
D204,8,51.9
D204,9,57.8
D204,10,43.9
D204,11,36.5
D204,12,43.0
D204,13,47.9
D204,14,44.4
D204,15,28.9
D204,16,57.3
D204,17,42.7
D204,18,60.8
D204,19,46.2
D204,20,46.9
D204,21,42.3
D204,22,53.3
D204,23,43.3
D204,24,57.5
D204,25,48.2
D204,26,31.8
D205,1,52.1
D205,2,67.8
D205,3,60.4
D205,4,40.1
D205,5,44.0
D205,6,41.8
D205,7,48.1
D205,8,48.4
D205,9,37.9
D205,10,51.6
D205,11,40.8
D205,12,27.5
D205,13,45.9
D205,14,27.3
D205,15,30.9
D205,16,50.8
D205,17,34.9
D205,18,41.8
D205,19,48.3
D205,20,41.4
D205,21,39.2
D205,22,47.6
D205,23,35.3
D205,24,61.5
D205,25,21.2
D205,26,43.5
D206,1,62.8
D206,2,57.6
D206,3,71.7
D206,4,54.4
D206,5,57.5
D206,6,58.5
D206,7,79.2
D206,8,72.4
D206,9,70.0
D206,10,53.9
D206,11,58.4
D206,12,71.3
D206,13,71.1
D206,14,62.2
D206,15,56.7
D206,16,67.6
D206,17,60.3
D206,18,57.7
D206,19,50.7
D206,20,58.0
D206,21,67.4
D206,22,57.8
D206,23,64.1
D206,24,64.6
D206,25,68.3
D206,26,70.8
D207,1,60.2
D207,2,61.8
D207,3,51.9
D207,4,59.1
D207,5,64.1
D207,6,54.2
D207,7,61.1
D207,8,49.2
D207,9,67.2
D207,10,64.7
D207,11,60.9
D207,12,62.5
D207,13,65.9
D207,14,56.8
D207,15,64.0
D207,16,57.7
D207,17,60.5
D207,18,62.2
D207,19,70.9
D207,20,58.2
D207,21,59.7
D207,22,59.7
D207,23,56.7
D207,24,62.1
D207,25,69.2
D207,26,62.2
D208,1,90.7
D208,2,93.3
D208,3,86.9
D208,4,75.2
D208,5,71.2
D208,6,82.4
D208,7,85.4
D208,8,79.7
D208,9,80.7
D208,10,75.1
D208,11,88.7
D208,12,72.0
D209,1,67.8
D209,2,81.4
D209,3,60.1
D209,4,60.7
D209,5,69.4
D209,6,57.7
D209,7,76.8
D209,8,67.7
D209,9,61.5
D209,10,62.8
D209,11,65.3
D209,12,82.9
D209,13,67.4
D209,14,71.3
D209,15,67.1
D209,16,61.9
D209,18,62.0
D209,19,64.2
D209,20,65.1
D209,21,70.2
D209,22,64.4
D209,23,64.1
D209,24,68.6
D209,25,64.7
D209,26,79.1
D210,1,56.4
D210,2,52.4
D210,3,66.1
D210,4,43.3
D210,5,56.9
D210,6,46.6
D210,7,47.5
D210,8,36.2
D210,9,41.5
D210,10,61.0
D210,11,57.3
D210,12,46.9
D210,13,46.4
D210,14,55.4
D210,15,47.0
D210,16,53.7
D210,17,40.7
D210,18,55.7
D210,19,44.1
D210,20,43.0
D210,21,51.0
D210,22,38.7
D210,23,45.3
D210,24,55.4
D210,25,45.7
D210,26,35.9
D211,1,12.9
D211,2,7.8
D211,3,5.3
D211,4,8.4
D211,5,10.8
D211,6,8.2
D211,7,15.3
D211,8,13.1
D211,9,11.0
D211,10,17.0
D211,11,16.3
D211,12,10.9
D211,13,9.3
D211,14,7.1
D211,15,10.5
D211,16,26.0
D211,17,16.2
D211,18,5.3
D211,19,15.4
D211,20,14.1
D211,21,5.2
D211,22,11.5
D211,23,8.1
D211,24,17.7
D211,25,26.3
D211,26,15.9
D212,1,15.9
D212,2,30.4
D212,3,15.2
D212,4,15.3
D212,5,5.7
D212,6,11.9
D212,7,21.7
D212,8,22.9
D212,9,23.5
D212,10,45.4
D212,11,24.3
D212,12,6.8
D212,13,23.9
D212,14,22.3
D212,15,17.8
D212,16,10.6
D212,17,28.6
D212,18,13.4
D212,19,23.8
D212,20,8.3
D212,21,21.4
D212,22,22.6
D212,23,21.1
D212,24,14.4
D212,25,23.1
D212,26,18.3
D213,1,35.3
D213,2,13.2
D213,3,16.8
D213,4,22.1
D213,5,22.2
D213,6,14.9
D213,7,12.5
D213,8,21.9
D213,9,19.2
D213,10,12.3
D213,11,25.0
D213,12,24.1
D213,13,10.0
D213,14,14.4
D213,15,16.0
D213,16,19.4
D213,17,14.9
D213,18,27.0
D213,19,4.8
D213,20,28.5
D213,21,7.6
D213,22,28.3
D213,23,15.7
D213,24,14.8
D213,25,9.3
D213,26,10.3
D214,1,43.8
D214,2,45.8
D214,3,48.3
D214,4,53.2
D214,5,41.4
D214,6,59.8
D214,7,49.0
D214,8,47.1
D214,9,52.3
D214,10,41.2
D214,11,46.9
D214,12,51.2
D214,13,46.3
D214,14,50.9
D214,15,50.9
D214,16,47.6
D214,17,55.6
D214,18,43.4
D214,19,49.8
D214,20,54.9
D214,21,45.1
D214,22,40.2
D214,23,36.0
D214,24,43.8
D214,25,40.8
D214,26,36.6
D215,1,71.5
D215,2,74.5
D215,3,79.2
D215,4,64.6
D215,5,60.4
D215,6,73.3
D215,7,65.2
D215,8,66.5
D215,9,64.2
D215,10,60.1
D215,11,68.9
D215,12,77.3
D215,13,66.8
D215,14,64.9
D215,15,78.6
D215,16,65.8
D215,17,68.9
D215,18,73.2
D215,19,71.9
D215,20,65.5
D215,21,62.3
D215,22,67.4
D215,23,66.4
D215,24,66.5
D215,25,70.9
D215,26,56.1
D216,1,56.6
D216,2,60.1
D216,3,50.8
D216,4,55.6
D216,5,53.4
D216,6,58.0
D216,7,54.4
D216,8,63.2
D216,9,55.6
D216,10,44.0
D216,11,49.6
D216,12,48.7
D216,13,46.9
D216,14,57.3
D216,15,38.6
D216,16,45.6
D216,17,48.0
D216,18,51.9
D216,19,50.2
D216,20,40.7
D216,21,36.0
D216,22,47.7
D216,23,41.7
D216,24,38.4
D216,25,37.7
D216,26,47.3
D217,1,67.6
D217,2,67.7
D217,3,77.8
D217,4,66.9
D217,5,67.1
D217,6,54.8
D217,7,71.1
D217,8,75.9
D217,9,72.5
D217,10,66.5
D217,11,67.1
D217,12,70.0
D217,13,78.8
D217,14,63.4
D217,15,70.2
D217,16,65.9
D217,17,70.8
D217,18,63.7
D217,19,58.1
D217,20,78.1
D217,21,64.2
D217,22,71.5
D217,23,62.7
D217,24,65.0
D217,25,68.9
D217,26,78.2
D218,1,90.7
D218,2,86.4
D218,3,90.2
D218,4,92.7
D218,5,93.5
D218,6,84.0
D218,7,89.2
D218,8,98.2
D218,9,81.3
D218,10,94.3
D218,11,99.0
D218,12,90.9
D218,13,93.9
D218,14,98.2
D218,15,88.5
D218,16,99.1
D218,17,93.6
D218,18,84.9
D218,19,86.6
D218,20,92.1
D218,21,87.3
D218,22,90.3
D218,23,98.0
D218,24,84.6
D218,25,82.7
D218,26,93.0
D219,1,19.5
D219,2,30.9
D219,3,30.0
D219,4,46.6
D219,5,29.9
D219,6,32.3
D219,7,18.0
D219,8,23.4
D219,9,41.5
D219,10,37.8
D219,11,14.8
D219,12,31.3
D219,13,31.8
D219,14,33.9
D219,15,31.1
D219,16,40.1
D219,17,22.3
D219,18,22.4
D219,19,16.4
D219,20,20.2
D219,21,48.4
D219,22,28.8
D219,23,35.4
D219,24,39.6
D219,25,26.0
D219,26,43.5
D220,1,78.1
D220,2,87.7
D220,3,89.5
D220,4,86.0
D220,5,77.0
D220,6,87.8
D220,7,92.1
D220,8,97.8
D220,9,93.3
D220,10,88.4
D220,11,76.8
D220,12,89.5
D220,13,75.3
D220,14,83.6
D220,15,84.7
D220,16,85.4
D220,17,87.4
D220,18,93.2
D220,19,87.3
D220,20,89.8
D220,21,83.3
D220,22,89.8
D220,23,80.6
D220,24,77.3
D220,25,82.1
D220,26,100.0
D221,1,60.7
D221,2,76.5
D221,3,55.7
D221,4,70.0
D221,5,76.4
D221,6,59.1
D221,7,58.5
D221,8,63.3
D221,9,64.1
D221,10,63.2
D221,11,48.9
D221,12,61.4
D221,13,60.6
D221,14,64.8
D221,15,63.6
D221,16,46.1
D221,17,61.2
D221,18,61.9
D221,19,65.1
D221,20,60.0
D221,21,56.5
D221,22,65.9
D221,23,59.5
D221,24,52.5
D221,25,52.4
D221,26,74.4
D222,1,93.9
D222,2,89.3
D222,3,78.1
D222,4,86.7
D222,5,83.9
D222,6,100.0
D222,7,95.4
D222,8,87.8
D222,9,88.1
D222,10,82.6
D222,11,79.7
D222,12,88.2
D222,13,95.4
D222,14,96.5
D222,15,92.5
D222,16,93.8
D222,17,93.5
D222,18,94.4
D222,19,90.3
D222,20,92.7
D222,21,91.2
D222,22,93.3
D222,23,89.1
D222,24,97.0
D222,25,86.6
D222,26,86.0
D223,1,12.0
D223,2,30.2
D223,3,34.0
D223,4,6.1
D223,5,18.8
D223,6,33.3
D223,7,17.1
D223,8,26.2
D223,9,19.0
D223,10,28.0
D223,11,22.2
D223,12,14.0
D223,13,24.6
D223,14,23.2
D223,15,26.9
D223,16,12.6
D223,17,23.6
D223,18,21.8
D223,19,14.9
D223,20,10.3
D223,21,8.9
D223,22,17.1
D223,23,17.8
D223,24,18.8
D223,25,28.5
D223,26,17.4
D224,1,85.1
D224,2,77.0
D224,3,73.7
D224,4,71.9
D224,5,93.2
D224,6,85.4
D224,7,86.6
D224,8,82.9
D224,9,97.1
D224,10,85.5
D224,11,95.3
D224,12,90.8
D224,13,80.4
D224,14,88.3
D224,15,78.8
D224,16,77.6
D224,17,90.2
D224,18,82.4
D224,19,81.7
D224,20,84.0
D224,21,94.7
D224,22,83.8
D224,23,92.7
D224,24,83.1
D224,25,94.9
D224,26,74.7
D225,1,66.8
D225,2,64.9
D225,3,73.9
D225,4,71.0
D225,5,71.1
D225,6,63.7
D225,7,71.7
D225,8,72.3
D225,9,70.7
D225,10,67.4
D225,11,84.3
D225,12,70.7
D225,13,59.7
D225,14,67.5
D225,15,67.9
D225,16,64.4
D225,17,67.2
D225,18,67.1
D225,19,65.2
D225,20,66.5
D225,21,57.7
D225,22,70.7
D225,23,52.9
D225,24,59.4
D225,25,66.7
D225,26,64.8
D226,1,69.8
D226,2,58.0
D226,3,65.2
D226,4,64.3
D226,5,74.7
D226,6,67.6
D226,7,62.2
D226,8,85.6
D226,9,68.7
D226,10,59.0
D226,11,61.9
D226,12,60.6
D226,13,68.4
D226,14,65.5
D226,15,62.1
D226,16,70.1
D226,17,66.9
D226,18,64.4
D226,19,58.3
D226,20,61.3
D226,21,65.8
D226,22,60.4
D226,23,65.2
D226,24,70.4
D226,25,62.6
D226,26,63.6
D227,1,74.4
D227,2,62.1
D227,3,72.5
D227,4,65.4
D227,5,64.8
D227,6,83.3
D227,7,62.0
D227,8,69.8
D227,9,71.0
D227,10,53.4
D227,11,68.6
D227,12,83.0
D227,13,75.6
D227,14,49.3
D227,15,66.0
D227,16,59.2
D227,17,66.7
D227,18,66.2
D227,19,87.1
D227,20,68.7
D227,21,67.8
D227,22,72.8
D227,23,78.1
D227,24,73.6
D227,25,74.7
D227,26,63.5
D228,1,81.2
D228,2,62.8
D228,3,60.3
D228,4,59.4
D228,5,83.4
D228,6,72.9
D228,7,66.6
D228,8,63.1
D228,9,62.0
D228,10,61.1
D228,11,66.8
D228,12,82.3
D228,13,67.5
D228,14,50.3
D228,15,63.1
D228,16,57.4
D228,17,85.5
D228,18,66.9
D228,19,64.5
D228,20,58.2
D228,21,66.4
D228,22,58.8
D228,23,60.2
D228,24,77.6
D228,25,53.6
D228,26,67.8
D229,1,85.9
D229,2,79.5
D229,3,85.2
D229,4,80.6
D229,5,77.2
D229,6,80.4
D229,7,78.2
D229,8,97.2
D229,9,92.7
D229,10,85.6
D229,11,82.9
D229,12,89.4
D229,13,90.8
D229,14,89.9
D229,15,85.3
D229,16,81.5
D229,17,80.7
D229,18,84.2
D229,19,76.4
D229,20,86.7
D229,21,83.1
D229,22,82.1
D229,23,86.6
D229,24,88.0
D229,25,81.3
D229,26,89.8
D230,1,27.0
D230,2,32.3
D230,3,9.6
D230,4,33.6
D230,5,35.9
D230,6,31.1
D230,7,25.2
D230,8,27.7
D230,9,16.3
D230,10,22.4
D230,11,21.5
D230,12,36.6
D230,13,43.7
D230,14,19.5
D230,15,17.2
D230,16,14.9
D230,17,13.9
D230,18,25.0
D230,19,7.2
D230,20,18.8
D230,21,11.3
D230,22,6.0
D230,23,33.3
D231,1,18.4
D231,2,0.5
D231,3,11.5
D231,4,16.3
D231,5,9.2
D231,6,10.8
D231,7,14.6
D231,8,20.4
D231,9,12.7
D231,10,10.2
D231,11,22.5
D231,12,4.5
D231,13,11.2
D231,14,6.1
D231,15,9.5
D231,16,14.4
D231,17,16.5
D231,18,30.9
D231,19,19.2
D231,20,10.3
D231,21,16.5
D231,22,13.2
D231,23,16.1
D231,24,17.8
D231,25,15.9
D231,26,26.2
D232,1,60.8
D232,2,51.7
D232,3,46.0
D232,4,43.3
D232,5,46.4
D232,6,44.5
D232,7,52.2
D232,8,45.4
D232,9,37.5
D232,10,31.3
D232,11,37.7
D232,12,49.9
D232,13,42.8
D232,14,40.8
D232,15,42.1
D232,16,45.8
D232,17,36.1
D232,18,24.7
D232,19,45.8
D232,20,40.3
D232,21,39.2
D232,22,40.7
D232,23,27.6
D232,24,30.0
D232,25,31.7
D232,26,28.7
D233,1,16.8
D233,2,18.2
D233,3,23.9
D233,4,17.4
D233,5,18.5
D233,6,12.0
D233,7,16.9
D233,8,26.9
D233,9,11.1
D233,10,22.6
D233,11,20.4
D233,12,21.9
D233,13,9.9
D233,14,10.0
D233,15,18.5
D233,16,11.8
D233,17,19.6
D233,18,11.4
D233,19,21.1
D233,20,14.2
D233,21,15.7
D233,22,14.5
D233,23,27.6
D233,24,17.0
D233,25,14.6
D233,26,16.2
D234,1,78.7
D234,2,79.1
D234,3,77.6
D234,4,74.0
D234,5,91.1
D234,6,76.6
D234,7,83.7
D234,8,89.9
D234,9,73.2
D234,10,79.4
D234,11,76.5
D234,12,89.3
D234,13,78.8
D234,14,84.9
D234,15,77.1
D234,16,80.6
D234,17,84.8
D234,18,77.4
D234,19,82.4
D234,20,85.2
D234,21,87.1
D234,22,80.1
D234,23,88.4
D234,24,68.0
D234,25,80.5
D234,26,72.8
D235,1,73.8
D235,2,80.5
D235,3,90.5
D235,4,77.3
D235,5,95.7
D235,6,74.9
D235,7,91.3
D235,8,87.8
D235,9,79.6
D235,10,92.6
D235,11,87.8
D235,12,71.7
D235,13,89.6
D235,14,93.9
D235,15,84.7
D235,16,76.8
D235,17,82.6
D235,18,85.8
D235,19,82.4
D235,20,88.7
D235,21,80.8
D235,22,80.8
D235,23,71.0
D235,24,70.6
D236,1,85.4
D236,2,88.4
D236,3,79.5
D236,4,87.8
D236,5,80.0
D236,6,98.6
D236,7,90.2
D236,8,87.4
D236,9,90.5
D236,10,97.1
D236,11,87.7
D236,12,96.3
D236,13,98.7
D236,14,79.9
D236,15,89.0
D236,16,91.3
D236,17,89.0
D236,18,86.7
D236,19,81.1
D236,20,93.5
D236,21,96.8
D236,22,87.8
D236,23,96.6
D236,24,77.0
D236,25,96.8
D236,26,98.7
D237,1,52.6
D237,2,58.3
D237,3,49.6
D237,4,66.2
D237,5,56.6
D237,6,60.0
D237,7,53.7
D237,8,43.3
D237,9,51.4
D237,10,52.7
D237,11,49.9
D237,12,56.6
D237,13,49.5
D237,14,48.2
D237,15,47.4
D237,16,50.3
D237,17,44.5
D237,18,41.3
D237,19,46.3
D237,20,45.0
D237,21,43.1
D237,22,51.7
D237,23,29.2
D237,24,44.1
D237,25,41.0
D237,26,42.9
D238,1,59.5
D238,2,64.3
D238,3,64.1
D238,4,80.3
D238,5,71.1
D238,6,60.4
D238,7,55.8
D238,8,60.4
D238,9,61.0
D238,10,59.4
D238,11,71.3
D238,12,55.8
D238,13,61.1
D238,14,59.8
D238,15,56.6
D238,16,60.3
D238,17,61.9
D238,18,61.6
D238,19,63.6
D238,20,56.8
D238,21,66.1
D238,22,63.8
D238,23,61.1
D238,24,63.6
D238,25,65.0
D238,26,70.5
D239,1,56.3
D239,2,65.2
D239,3,65.6
D239,4,63.2
D239,5,69.7
D239,6,66.4
D239,7,61.9
D239,8,61.4
D239,9,59.1
D239,10,71.7
D239,11,58.3
D239,12,60.1
D239,13,57.2
D239,14,60.4
D239,15,61.4
D239,16,63.4
D239,17,61.6
D239,18,59.9
D239,19,64.6
D239,20,61.8
D239,21,65.2
D239,22,49.0
D239,23,59.2
D239,24,63.4
D239,25,57.7
D239,26,56.9
D240,1,58.3
D240,2,60.9
D240,3,45.3
D240,4,71.1
D240,5,48.0
D240,6,59.5
D240,7,58.3
D240,8,64.9
D240,9,51.8
D240,10,42.0
D240,11,50.5
D240,12,41.4
D240,13,51.3
D240,14,53.4
D240,15,38.8
D240,16,37.1
D240,17,42.3
D240,18,41.8
D240,19,42.7
D240,20,49.5
D240,21,51.8
D240,22,52.6
D240,23,54.6
D240,24,30.1
D240,25,38.8
D240,26,40.0
D241,1,45.8
D241,2,55.1
D241,3,57.9
D241,4,48.6
D241,5,55.3
D241,6,55.0
D241,7,54.0
D241,8,53.1
D241,9,41.6
D241,10,46.4
D241,11,55.8
D241,12,58.2
D241,13,40.3
D241,14,44.0
D241,15,40.9
D241,16,81.6
D241,17,48.0
D241,18,50.3
D241,19,42.9
D241,20,39.1
D241,21,40.0
D241,22,42.2
D241,23,51.7
D241,24,36.9
D241,25,36.2
D241,26,48.8
D242,1,55.6
D242,2,54.4
D242,3,54.1
D242,4,46.3
D242,5,47.0
D242,6,53.1
D242,7,42.2
D242,8,51.8
D242,9,43.7
D242,10,41.5
D242,11,37.6
D242,12,31.5
D242,13,49.5
D242,14,37.6
D242,15,52.7
D242,16,37.5
D242,17,42.5
D242,18,32.2
D242,19,29.0
D242,20,37.5
D242,21,21.5
D242,22,29.5
D242,23,31.5
D242,24,37.0
D242,25,35.3
D242,26,37.1
D243,1,48.2
D243,2,73.9
D243,3,64.7
D243,4,63.9
D243,5,63.3
D243,6,55.1
D243,7,56.9
D243,8,78.8
D243,9,56.8
D243,10,81.8
D243,11,59.3
D243,12,76.1
D243,13,60.9
D243,14,64.4
D243,15,66.3
D243,16,65.2
D243,17,51.4
D243,18,62.9
D243,19,78.8
D243,20,79.3
D243,21,67.0
D243,22,64.4
D243,23,53.3
D243,24,62.1
D243,25,77.0
D243,26,56.6
D244,1,68.5
D244,2,66.3
D244,3,61.7
D244,4,56.9
D244,5,62.8
D244,6,58.9
D244,7,51.7
D244,8,48.0
D244,9,57.0
D245,1,15.1
D245,2,32.3
D245,3,11.7
D245,4,28.8
D245,5,13.1
D245,6,22.7
D245,7,18.3
D245,8,37.2
D245,9,17.9
D245,10,14.8
D245,11,25.8
D245,12,25.4
D245,13,25.9
D245,14,32.2
D245,15,24.8
D245,16,36.8
D245,17,20.9
D245,18,26.2
D245,19,28.5
D245,20,20.1
D245,21,22.5
D245,22,27.2
D245,23,17.2
D245,24,12.5
D245,25,22.9
D245,26,21.7
D246,1,76.3
D246,2,66.0
D246,3,60.8
D246,4,62.4
D246,5,55.9
D246,6,55.6
D246,7,51.4
D246,8,82.6
D246,9,61.7
D246,10,67.6
D246,11,68.8
D246,12,59.8
D246,13,85.0
D246,14,60.0
D246,15,61.3
D246,16,63.0
D246,17,61.6
D246,18,54.2
D246,19,63.5
D246,20,62.3
D246,21,67.7
D246,22,43.4
D246,23,64.8
D246,24,68.8
D246,25,53.5
D246,26,65.6
D247,1,7.1
D247,2,26.9
D247,3,24.4
D247,4,21.6
D247,5,43.6
D247,6,13.0
D247,7,24.3
D247,8,43.3
D247,9,29.3
D247,10,38.3
D247,11,24.7
D247,12,31.4
D247,13,14.9
D247,14,30.4
D247,15,23.6
D247,16,26.9
D247,17,27.6
D247,18,25.9
D247,19,29.0
D247,20,27.0
D247,21,30.5
D247,22,37.1
D247,23,33.3
D247,24,43.3
D247,25,32.0
D247,26,25.9
D248,1,92.0
D248,2,81.6
D248,3,90.7
D248,4,77.2
D248,5,74.4
D248,6,92.0
D248,7,74.8
D248,8,85.1
D248,9,77.7
D248,10,85.9
D248,11,88.6
D248,12,82.7
D248,13,90.1
D248,14,94.4
D248,15,82.8
D248,16,81.1
D248,17,77.1
D248,18,73.5
D248,19,77.7
D248,20,77.6
D248,21,83.3
D248,22,84.8
D249,1,10.6
D249,2,1.6
D249,3,2.9
D249,4,24.9
D249,5,2.0
D249,6,22.7
D249,7,13.4
D249,8,16.7
D249,9,16.8
D249,10,22.9
D249,11,14.3
D249,12,18.9
D249,13,8.0
D249,14,12.1
D249,15,26.7
D249,16,12.3
D249,17,37.7
D249,18,13.4
D249,19,18.4
D249,20,20.4
D249,21,14.6
D249,22,28.7
D249,23,30.7
D249,24,14.6
D249,25,32.7
D249,26,19.0
D250,1,68.2
D250,2,67.2
D250,3,75.8
D250,4,61.9
D250,5,77.4
D250,6,61.3
D250,7,67.8
D250,8,50.8
D250,9,84.7
D250,10,61.8
D250,11,65.4
D250,12,75.0
D250,13,63.1
D250,14,57.0
D250,15,60.8
D250,16,73.5
D250,17,66.0
D250,18,69.3
D250,19,58.9
D250,20,61.9
D250,21,57.5
D250,22,59.2
D250,23,72.3
D250,24,89.8
D250,25,52.9
D250,26,71.4
D251,1,46.9
D251,2,39.8
D251,3,40.8
D251,4,45.8
D251,5,50.2
D251,6,39.0
D251,7,51.3
D251,8,46.7
D251,9,25.8
D251,10,40.8
D251,11,50.5
D251,12,30.5
D251,13,40.1
D251,14,60.2
D251,15,22.2
D251,16,28.5
D251,17,27.3
D251,18,9.5
D251,19,14.0
D251,20,10.1
D251,21,5.2
D252,1,64.9
D252,2,64.2
D252,3,84.0
D252,4,73.5
D252,5,75.4
D252,6,57.2
D252,7,67.7
D252,8,69.8
D252,9,67.5
D252,10,60.0
D252,11,73.4
D252,12,66.0
D252,13,78.5
D252,14,70.0
D252,15,63.9
D252,16,94.7
D252,17,74.5
D252,18,64.5
D252,19,64.1
D252,20,73.1
D252,21,60.7
D252,22,62.9
D252,23,84.0
D252,24,63.4
D252,25,60.5
D252,26,58.1
D253,1,27.3
D253,2,31.2
D253,3,30.8
D253,4,28.9
D253,5,30.3
D253,6,31.1
D253,7,26.9
D253,8,18.8
D253,9,19.7
D253,10,12.3
D253,11,24.9
D253,12,12.2
D253,13,11.6
D253,14,15.9
D253,15,13.8
D253,16,28.5
D253,17,29.5
D253,18,33.5
D253,19,23.2
D253,20,36.0
D253,21,30.8
D253,22,37.5
D253,23,33.7
D253,24,20.9
D253,25,7.9
D253,26,11.8
D254,1,66.7
D254,2,62.8
D254,3,64.7
D254,4,82.8
D254,5,73.9
D254,6,64.0
D254,7,74.6
D254,8,67.5
D254,9,74.8
D254,10,83.6
D254,11,66.6
D254,12,67.7
D254,13,69.9
D254,14,67.3
D254,15,76.7
D254,16,63.7
D254,17,68.5
D254,18,65.1
D254,19,75.1
D254,20,58.3
D254,21,62.1
D254,22,68.9
D254,23,83.6
D254,24,79.0
D254,25,62.0
D254,26,69.2
D255,1,14.3
D255,2,27.8
D255,3,27.5
D255,4,23.5
D255,5,17.2
D255,6,7.9
D255,7,5.5
D255,8,0.0
D255,9,1.9
D255,10,0.0
D256,1,6.4
D256,2,33.6
D256,3,19.3
D256,4,11.6
D256,5,10.3
D256,6,14.2
D256,7,0.8
D256,8,12.0
D256,9,9.0
D256,10,7.5
D256,11,5.4
D256,12,19.8
D256,13,10.2
D256,14,9.0
D256,15,14.7
D256,16,12.3
D256,17,13.7
D256,18,1.3
D256,19,24.6
D256,20,8.4
D256,21,8.5
D256,22,17.4
D256,23,15.9
D256,24,21.0
D256,25,22.9
D256,26,18.6
D257,1,19.5
D257,2,25.6
D257,3,11.3
D257,4,18.6
D257,5,39.0
D257,6,11.7
D257,7,33.2
D257,8,16.5
D257,9,31.6
D257,10,28.3
D257,11,26.1
D257,12,8.0
D257,13,36.2
D257,14,28.7
D257,15,25.2
D257,16,19.5
D257,17,30.2
D257,18,22.9
D257,19,32.8
D257,20,30.1
D257,21,35.4
D257,22,25.6
D257,23,26.2
D257,24,39.4
D257,25,23.0
D257,26,42.5
D258,1,75.7
D258,2,71.0
D258,3,60.6
D258,4,60.8
D258,5,64.7
D258,6,67.3
D258,7,67.8
D258,8,69.9
D258,9,70.0
D258,10,73.0
D258,11,66.9
D258,12,89.7
D258,13,65.8
D258,14,65.6
D258,15,67.6
D258,16,71.4
D258,17,63.5
D258,18,61.9
D258,19,82.4
D258,20,90.6
D258,21,71.2
D258,22,63.2
D258,23,65.8
D258,24,71.9
D258,25,85.8
D258,26,58.5
D259,1,66.7
D259,2,59.9
D259,3,64.1
D259,4,67.6
D259,5,71.2
D259,6,64.8
D259,7,67.2
D259,8,60.8
D259,9,68.8
D259,10,60.8
D259,11,63.2
D259,12,64.8
D259,13,64.6
D259,14,66.5
D259,15,68.9
D259,16,60.5
D259,17,68.0
D259,18,61.2
D259,19,74.2
D259,20,77.4
D259,21,59.2
D259,22,68.0
D259,23,79.2
D259,24,61.4
D259,25,65.5
D259,26,62.9
D260,1,21.7
D260,2,24.6
D260,3,30.8
D260,4,26.5
D260,5,6.7
D260,6,13.0
D260,7,28.0
D260,8,22.6
D260,9,28.4
D260,10,22.3
D260,11,26.6
D260,12,29.2
D260,13,30.8
D260,14,23.8
D260,15,23.8
D260,16,18.1
D260,17,28.0
D260,18,12.1
D260,19,4.5
D260,20,7.5
D260,21,4.9
D260,22,0.0
D260,23,0.0
D260,24,0.0
D261,1,69.0
D261,2,63.7
D261,3,59.4
D261,4,56.8
D261,5,74.6
D261,6,55.2
D261,7,64.0
D261,8,58.7
D261,9,79.9
D261,10,57.5
D261,11,57.0
D261,12,61.3
D261,13,67.1
D261,14,79.3
D261,15,54.9
D261,16,65.8
D261,17,62.2
D261,18,62.3
D261,19,79.3
D261,20,63.0
D261,21,64.5
D261,22,76.1
D261,23,76.7
D261,24,61.5
D261,25,74.6
D261,26,73.3
D262,1,81.2
D262,2,82.6
D262,3,96.8
D262,4,79.1
D262,5,76.5
D262,6,93.7
D262,7,75.0
D262,8,84.9
D262,9,86.3
D262,10,77.5
D262,11,93.3
D262,12,91.3
D262,13,80.6
D262,14,90.5
D262,15,77.3
D262,16,89.2
D262,17,84.3
D262,18,91.3
D262,19,89.3
D262,20,91.2
D262,21,80.6
D262,22,79.6
D262,23,97.8
D262,24,84.7
D262,25,83.7
D262,26,78.3
D263,1,79.8
D263,2,79.4
D263,3,90.4
D263,4,90.6
D263,5,76.8
D263,6,77.1
D263,7,89.8
D263,8,85.3
D263,9,76.4
D263,10,98.2
D263,11,89.2
D263,12,81.4
D263,13,94.7
D263,14,81.2
D263,15,82.3
D263,16,82.6
D263,17,86.0
D263,18,88.8
D263,19,89.5
D263,20,84.3
D263,21,88.3
D263,22,89.0
D263,23,78.6
D263,24,87.9
D263,25,95.2
D263,26,93.6
D264,1,62.1
D264,2,57.6
D264,3,64.0
D264,4,56.3
D264,5,64.0
D264,6,62.5
D264,7,65.7
D264,8,75.4
D264,9,59.7
D264,10,71.4
D264,11,64.4
D264,12,57.4
D264,13,62.0
D264,14,59.7
D264,15,62.1
D264,16,59.3
D264,17,51.3
D264,18,44.1
D264,19,50.6
D264,20,42.0
D264,21,34.3
D264,22,38.0
D265,1,14.7
D265,2,16.1
D265,3,16.1
D265,4,21.9
D265,5,11.8
D265,6,15.7
D265,7,11.5
D265,8,24.5
D265,9,17.0
D265,10,23.0
D265,11,15.6
D265,12,18.6
D265,13,15.6
D265,14,21.9
D265,15,11.5
D265,16,15.8
D265,17,15.0
D265,18,30.8
D265,19,10.1
D265,20,4.9
D265,21,17.1
D265,22,4.9
D265,23,31.4
D265,24,19.5
D265,25,35.3
D265,26,22.4
D266,1,48.3
D266,2,48.6
D266,3,48.5
D266,4,39.8
D266,5,37.5
D266,6,35.2
D266,7,27.8
D266,8,23.5
D266,9,29.3
D266,10,22.3
D266,11,15.8
D267,1,93.8
D267,2,92.8
D267,3,88.7
D267,4,67.4
D267,5,92.1
D267,6,83.0
D267,7,80.3
D267,8,88.3
D267,9,91.0
D267,10,82.0
D267,11,76.6
D267,12,83.7
D267,13,81.6
D267,14,89.7
D267,15,93.7
D267,16,73.9
D267,17,78.3
D267,18,81.5
D267,19,96.5
D267,20,96.0
D267,21,81.2
D267,22,92.0
D267,23,78.3
D267,24,92.8
D267,25,91.1
D267,26,78.1
D268,1,88.1
D268,2,94.7
D268,3,78.1
D268,4,87.0
D268,5,86.6
D268,6,77.5
D268,7,70.0
D268,8,83.8
D268,9,82.7
D268,10,92.6
D268,11,83.3
D268,12,86.6
D268,13,80.1
D268,14,87.1
D268,15,71.6
D268,16,87.1
D268,17,93.1
D268,18,86.2
D268,19,79.7
D268,20,93.8
D268,21,81.4
D268,22,89.2
D268,23,83.8
D268,24,87.4
D268,25,88.4
D268,26,89.1
D269,1,73.2
D269,2,58.1
D269,3,52.2
D269,4,58.1
D269,5,65.9
D269,6,54.9
D269,7,59.2
D269,8,65.2
D269,9,60.1
D269,10,71.6
D269,11,59.1
D269,12,54.3
D269,13,61.4
D269,14,63.5
D269,15,63.7
D269,16,53.8
D269,17,58.6
D269,18,66.6
D269,19,53.5
D269,20,52.4
D269,21,50.6
D269,22,43.1
D269,23,52.8
D269,24,59.9
D269,25,53.6
D270,1,25.3
D270,2,28.4
D270,3,26.4
D270,4,34.8
D270,5,33.4
D270,6,34.8
D270,7,30.6
D270,8,25.0
D270,9,28.1
D270,10,24.9
D270,11,70.6
D270,12,21.8
D270,13,19.1
D270,14,31.0
D270,15,40.7
D270,16,18.7
D270,17,20.7
D270,18,24.2
D270,19,34.7
D270,20,28.9
D270,21,22.1
D270,22,20.7
D270,23,17.0
D270,24,26.3
D270,25,19.6
D270,26,20.0
D271,1,72.8
D271,2,57.0
D271,3,62.4
D271,4,55.3
D271,5,56.0
D271,6,63.1
D271,7,61.8
D271,8,64.3
D271,9,49.7
D271,10,65.8
D271,11,68.3
D271,12,55.5
D271,13,59.1
D271,14,53.3
D271,15,51.7
D271,16,60.4
D271,17,71.5
D271,18,71.2
D271,19,63.0
D271,20,55.2
D271,21,74.2
D271,22,61.8
D271,23,59.6
D271,24,59.4
D271,25,62.3
D271,26,62.0
D272,1,41.2
D272,2,48.2
D272,3,56.6
D272,4,46.2
D272,5,53.9
D272,6,40.5
D272,7,47.0
D272,8,49.0
D272,9,30.3
D272,10,38.5
D272,11,47.6
D272,12,35.8
D272,13,39.2
D272,14,38.6
D272,15,30.8
D272,16,40.4
D272,17,43.5
D272,18,35.1
D272,19,40.6
D272,20,29.4
D272,21,34.2
D272,22,32.1
D272,23,31.9
D272,24,28.7
D272,25,34.9
D272,26,45.9
D273,1,70.3
D273,2,63.8
D273,3,79.5
D273,4,84.6
D273,5,61.5
D273,6,67.8
D273,7,54.5
D273,8,88.0
D273,9,81.9
D273,10,64.1
D273,11,50.8
D273,12,62.3
D273,13,70.6
D273,14,60.9
D273,15,65.0
D273,16,65.3
D273,17,76.0
D273,18,57.1
D273,19,58.7
D273,20,72.2
D273,21,85.0
D273,22,59.6
D273,23,72.4
D273,24,72.7
D273,25,58.3
D273,26,67.1
D274,1,62.0
D274,2,59.2
D274,3,62.9
D274,4,67.1
D274,5,57.3
D274,6,64.2
D274,7,64.4
D274,8,62.7
D274,9,56.9
D274,10,61.6
D274,11,65.1
D274,12,66.6
D274,13,65.4
D274,14,64.2
D274,15,66.0
D274,16,57.2
D274,17,81.1
D274,18,93.9
D274,19,71.7
D274,20,63.5
D274,21,69.9
D274,22,64.9
D274,23,72.2
D274,24,68.0
D274,25,76.5
D274,26,68.0
D275,1,90.6
D275,2,87.9
D275,3,78.4
D275,4,90.2
D275,5,89.7
D275,6,90.9
D275,7,76.4
D275,8,78.4
D275,9,91.6
D275,10,89.6
D275,11,91.6
D275,12,80.7
D275,13,81.7
D275,14,87.5
D275,15,85.7
D275,16,94.3
D275,17,79.9
D275,18,93.3
D275,19,83.0
D275,20,78.8
D275,21,90.9
D275,22,73.6
D275,23,76.5
D275,24,96.4
D275,25,82.3
D275,26,97.8
D276,1,72.9
D276,2,65.4
D276,3,68.2
D276,4,67.8
D276,5,74.9
D276,6,51.1
D276,7,64.1
D276,8,70.9
D276,9,64.4
D276,10,65.5
D276,11,59.9
D276,12,64.3
D276,13,65.1
D276,14,65.6
D276,15,61.7
D276,16,57.4
D276,17,74.7
D276,18,59.1
D276,19,68.4
D276,20,86.6
D276,21,65.6
D276,22,68.8
D276,23,68.5
D276,24,66.6
D276,25,62.7
D276,26,65.3
D277,1,63.6
D277,2,64.4
D277,3,73.2
D277,4,54.8
D277,5,58.3
D277,6,66.0
D277,7,83.8
D277,8,64.5
D277,9,64.0
D277,10,67.3
D277,11,60.3
D277,12,64.8
D277,13,63.3
D277,14,76.4
D277,15,66.1
D277,16,81.9
D277,17,57.0
D277,18,55.3
D277,19,77.4
D277,20,62.7
D277,21,58.2
D277,22,69.3
D277,23,71.8
D277,24,61.9
D277,25,51.6
D277,26,77.1
D278,1,69.3
D278,2,87.0
D278,3,78.4
D278,4,67.0
D278,5,58.2
D278,6,56.7
D278,7,56.6
D278,8,71.5
D278,9,77.0
D278,10,72.1
D278,11,74.1
D278,12,77.5
D278,13,63.6
D278,14,51.1
D278,15,61.2
D278,16,65.5
D278,17,64.5
D278,18,61.0
D278,19,63.1
D278,20,58.4
D278,21,64.5
D278,22,50.6
D278,23,59.9
D278,24,65.9
D278,25,64.2
D278,26,65.3
D279,1,11.9
D279,2,11.6
D279,3,13.2
D279,4,20.8
D279,5,2.7
D279,6,14.6
D279,7,25.1
D279,8,15.6
D279,9,8.1
D279,10,21.7
D279,11,12.8
D279,12,7.1
D279,13,17.5
D279,14,17.7
D279,15,11.3
D279,16,11.4
D279,17,13.3
D279,18,13.0
D279,19,13.7
D279,20,14.8
D279,21,15.9
D279,22,20.9
D279,23,16.2
D279,24,10.4
D279,25,10.9
D279,26,8.7
D280,1,77.7
D280,2,55.4
D280,3,56.0
D280,4,62.5
D280,5,43.8
D280,6,54.9
D280,7,65.9
D280,8,47.6
D280,9,57.9
D280,10,48.6
D280,11,45.4
D281,1,62.9
D281,2,66.6
D281,3,59.5
D281,4,65.7
D281,5,62.6
D281,6,54.7
D281,7,57.5
D281,8,62.4
D281,9,64.6
D281,10,57.2
D281,11,61.7
D281,12,72.7
D281,13,57.9
D281,14,59.8
D281,15,63.2
D281,16,64.3
D281,17,62.9
D281,18,68.6
D281,19,52.9
D281,20,61.8
D281,21,57.1
D281,22,63.4
D281,23,61.1
D281,24,56.4
D281,25,69.0
D281,26,67.0
D282,1,14.2
D282,2,19.6
D282,3,18.1
D282,4,22.9
D282,5,4.3
D282,6,8.4
D282,7,17.2
D282,8,9.8
D282,9,20.8
D282,10,20.3
D282,11,21.1
D282,12,17.4
D282,13,16.9
D282,14,20.5
D282,15,7.7
D282,16,12.8
D282,17,17.7
D282,18,17.7
D282,19,17.5
D282,20,25.4
D282,21,17.2
D282,22,10.0
D282,23,11.3
D282,24,8.9
D282,25,11.2
D282,26,20.5
D283,1,46.9
D283,2,53.8
D283,3,64.5
D283,4,50.0
D283,5,87.7
D283,6,47.8
D283,7,54.0
D283,8,50.6
D283,9,44.4
D283,10,41.2
D283,11,40.1
D283,12,57.0
D283,13,53.0
D283,14,42.6
D283,15,49.3
D283,16,56.8
D283,17,45.9
D283,18,44.5
D283,19,54.8
D283,20,50.1
D283,21,48.8
D283,22,44.9
D283,23,29.5
D283,24,44.1
D283,25,73.0
D283,26,33.7
D284,1,82.5
D284,2,91.4
D284,3,77.8
D284,4,82.6
D284,5,92.6
D284,6,82.4
D284,7,73.7
D284,8,88.4
D284,9,82.5
D284,10,76.0
D284,11,79.4
D284,12,76.9
D284,13,86.5
D284,14,77.6
D284,15,90.8
D284,16,72.7
D284,17,73.7
D284,18,74.4
D284,19,74.5
D284,20,68.0
D285,1,59.0
D285,2,75.2
D285,3,87.2
D285,4,60.8
D285,5,61.1
D285,6,66.0
D285,7,55.9
D285,8,56.2
D285,9,73.0
D285,10,61.6
D285,11,63.7
D285,12,60.7
D285,13,68.5
D285,14,46.3
D285,15,64.3
D285,16,55.6
D285,17,63.3
D285,18,71.0
D285,19,56.0
D285,20,78.3
D285,21,54.8
D285,22,72.8
D285,23,62.9
D285,24,81.5
D285,25,56.4
D285,26,57.5
D286,1,89.9
D286,2,89.0
D286,3,89.7
D286,4,90.6
D286,5,81.8
D286,6,87.5
D286,7,95.9
D286,8,85.5
D286,9,83.9
D286,10,83.8
D286,11,82.3
D286,12,97.4
D286,13,88.4
D286,14,94.2
D286,15,88.7
D286,16,89.3
D286,17,80.3
D286,18,87.5
D286,19,84.8
D286,20,90.1
D286,21,94.8
D286,22,81.2
D286,23,71.8
D286,24,90.7
D286,25,84.3
D286,26,89.9
D287,1,36.3
D287,2,32.0
D287,3,25.7
D287,4,32.9
D287,5,9.8
D287,6,22.1
D287,7,20.1
D287,8,18.5
D287,9,30.5
D287,10,18.9
D287,11,15.9
D287,12,24.4
D287,13,27.1
D287,14,25.0
D287,15,11.4
D287,16,32.5
D287,17,35.4
D287,18,23.9
D287,19,21.8
D287,20,34.8
D287,21,31.0
D287,22,35.2
D287,23,41.8
D287,24,36.8
D287,25,26.7
D287,26,35.1
D288,1,55.9
D288,2,77.3
D288,3,58.4
D288,4,66.0
D288,5,57.2
D288,6,51.2
D288,7,66.9
D288,8,67.9
D288,9,62.5
D288,10,65.2
D288,11,47.4
D288,12,63.5
D288,13,73.7
D288,14,68.7
D288,15,56.2
D288,16,60.4
D288,17,64.4
D288,18,63.1
D288,19,62.5
D288,20,65.0
D288,21,61.0
D288,22,61.2
D288,23,67.7
D288,24,67.9
D288,25,59.0
D288,26,60.7
D289,1,59.0
D289,2,60.4
D289,3,64.2
D289,4,69.8
D289,5,82.9
D289,6,77.7
D289,7,55.1
D289,8,62.1
D289,9,63.8
D289,10,72.9
D289,11,70.6
D289,12,69.5
D289,13,67.6
D289,14,73.9
D289,15,55.3
D289,16,62.6
D289,17,53.4
D289,18,74.6
D289,19,58.6
D289,20,57.5
D289,21,75.6
D289,22,67.6
D289,23,78.5
D289,24,68.8
D289,25,61.9
D289,26,64.2
D290,1,51.1
D290,2,41.4
D290,3,49.6
D290,4,42.7
D290,5,41.2
D290,6,55.0
D290,7,42.5
D290,8,51.7
D290,9,50.6
D290,10,43.8
D290,11,39.9
D290,12,25.0
D290,13,27.5
D290,14,46.2
D290,15,40.7
D290,16,38.8
D290,17,26.1
D290,18,29.8
D290,19,18.9
D290,20,9.7
D290,21,7.4
D290,22,32.0
D290,23,13.6
D291,1,24.1
D291,2,50.0
D291,3,30.1
D291,4,27.2
D291,5,21.9
D291,6,28.1
D291,7,42.5
D291,8,15.2
D291,9,44.9
D291,10,12.6
D291,11,26.0
D291,12,25.0
D291,13,26.9
D291,14,34.6
D291,15,26.6
D291,16,19.8
D291,17,29.4
D291,18,29.6
D291,19,22.0
D291,20,32.9
D291,21,29.8
D291,22,32.4
D291,23,15.7
D291,24,25.1
D291,25,19.7
D291,26,18.6
D292,1,49.1
D292,2,51.9
D292,3,44.0
D292,4,58.3
D292,5,50.9
D292,6,44.8
D292,7,45.1
D292,8,43.8
D292,9,45.4
D292,10,47.8
D292,11,36.2
D292,12,38.4
D292,13,38.3
D292,14,67.7
D292,15,27.2
D292,16,35.0
D292,17,44.6
D292,18,44.3
D292,19,44.9
D292,20,46.0
D292,21,44.7
D292,22,28.3
D292,23,48.7
D292,24,32.6
D292,25,28.5
D292,26,21.9
D293,1,90.7
D293,2,94.4
D293,3,82.8
D293,4,81.8
D293,5,77.1
D293,6,89.9
D293,7,74.2
D293,8,86.1
D293,9,93.7
D293,10,95.3
D293,11,78.6
D293,12,83.6
D293,13,75.0
D293,14,80.0
D293,15,84.1
D293,16,96.0
D293,17,90.2
D293,18,78.4
D293,19,82.0
D293,20,98.6
D293,21,73.1
D293,22,90.7
D293,23,87.0
D293,24,77.1
D293,25,77.3
D293,26,79.3
D294,1,39.8
D294,2,46.3
D294,3,52.4
D294,4,34.2
D294,5,44.7
D294,6,34.0
D294,7,26.4
D294,8,21.7
D294,9,23.6
D294,10,14.6
D295,1,7.9
D295,2,32.6
D295,3,31.4
D295,4,24.5
D295,5,30.0
D295,6,37.8
D295,7,34.7
D295,8,4.7
D295,9,27.1
D295,10,23.0
D295,11,22.8
D295,12,17.9
D295,13,30.8
D295,14,36.4
D295,15,39.0
D295,16,20.9
D295,17,27.4
D295,18,28.3
D295,19,19.6
D295,20,35.5
D295,21,26.3
D295,22,23.5
D295,23,18.4
D295,24,25.4
D295,25,28.8
D295,26,38.9
D296,1,73.2
D296,2,67.9
D296,3,71.5
D296,4,79.5
D296,5,59.1
D296,6,64.7
D296,7,67.1
D296,8,66.5
D296,9,69.1
D296,10,78.1
D296,11,67.1
D296,12,67.0
D296,13,68.9
D296,14,64.3
D296,15,70.1
D296,16,54.9
D296,17,76.2
D296,18,68.5
D296,19,64.2
D296,20,66.0
D296,21,60.6
D296,22,71.0
D296,23,70.0
D296,24,76.2
D296,25,73.5
D296,26,54.7
D297,1,10.9
D297,2,12.8
D297,3,10.2
D297,4,12.7
D297,5,7.4
D297,6,16.2
D297,7,8.1
D297,8,11.6
D297,9,8.1
D297,10,12.2
D297,11,12.4
D297,12,21.8
D297,13,15.0
D297,14,5.0
D297,15,6.7
D297,16,24.1
D297,17,22.9
D297,18,14.6
D297,19,29.2
D297,20,21.2
D297,21,24.9
D297,22,17.9
D297,23,9.8
D297,24,10.7
D297,25,19.8
D297,26,15.4
D298,1,89.7
D298,2,76.3
D298,3,78.8
D298,4,79.9
D298,5,81.6
D298,6,79.5
D298,7,77.8
D298,8,87.1
D298,9,85.9
D298,10,86.7
D298,11,78.5
D298,12,80.2
D298,13,79.4
D298,14,95.6
D298,15,78.2
D298,16,92.5
D298,17,78.7
D298,18,77.8
D298,19,78.3
D298,20,81.1
D298,21,83.2
D298,22,82.4
D298,23,81.0
D298,24,92.0
D298,25,82.5
D298,26,94.1
D299,1,66.2
D299,2,63.6
D299,3,63.6
D299,4,68.5
D299,5,72.5
D299,6,60.8
D299,7,69.3
D299,8,66.0
D299,9,66.6
D299,10,67.3
D299,11,69.3
D299,12,63.1
D299,13,71.4
D299,14,59.7
D299,15,66.3
D299,16,62.7
D299,17,57.1
D299,18,60.9
D299,19,61.1
D299,20,67.7
D299,21,61.4
D299,22,62.1
D299,23,64.7
D299,24,69.0
D299,25,69.3
D299,26,66.0
D300,1,75.8
D300,2,85.6
D300,3,82.9
D300,4,83.6
D300,5,96.0
D300,6,92.2
D300,7,90.1
D300,8,79.0
D300,9,94.6
D300,10,86.0
D300,11,85.8
D300,12,88.4
D300,13,83.3
D300,14,81.6
D300,15,77.7
D300,16,85.0
D300,17,92.7
D300,18,86.0
D300,19,100.0
D300,20,96.7
D300,21,96.4
D300,22,96.1
D300,23,89.6
D300,24,93.1
D300,25,85.0
D300,26,77.1
D301,1,72.9
D301,2,83.7
D301,3,77.7
D301,4,82.6
D301,5,77.6
D301,6,76.2
D301,7,57.9
D301,8,59.7
D301,9,64.6
D301,10,70.3
D301,11,64.0
D301,12,72.4
D301,13,67.9
D301,14,54.5
D301,15,65.3
D301,16,60.7
D301,17,59.2
D301,18,61.1
D301,19,73.1
D301,20,86.7
D301,21,53.0
D301,22,54.1
D301,23,74.9
D301,24,65.4
D301,25,59.7
D301,26,60.9
D302,1,87.3
D302,2,66.3
D302,3,84.0
D302,4,86.7
D302,5,95.0
D302,6,95.9
D302,7,86.9
D302,8,89.5
D302,9,93.7
D302,10,98.1
D302,11,87.0
D302,12,92.8
D302,13,90.4
D302,14,94.6
D302,15,91.6
D302,16,85.5
D302,17,88.4
D302,18,90.6
D302,19,92.9
D302,20,77.2
D302,21,90.2
D302,22,97.7
D302,23,79.1
D302,24,90.8
D302,25,97.0
D302,26,84.6
D303,1,67.3
D303,2,57.3
D303,3,52.1
D303,4,64.2
D303,5,57.3
D303,6,64.1
D303,7,62.2
D303,8,66.1
D303,9,60.0
D303,10,63.2
D303,11,61.2
D303,12,56.4
D303,13,58.7
D303,14,40.4
D303,15,45.7
D303,16,70.7
D304,1,81.3
D304,2,77.1
D304,3,87.4
D304,4,85.1
D304,5,82.1
D304,6,81.7
D304,7,75.6
D304,8,90.5
D304,9,76.5
D304,10,77.0
D304,11,84.0
D304,12,90.9
D304,13,98.6
D304,14,98.0
D304,15,85.7
D304,16,89.9
D304,17,77.9
D304,18,86.3
D304,19,83.6
D304,20,95.7
D304,21,84.4
D304,22,79.3
D304,23,76.2
D304,24,76.8
D304,25,79.3
D304,26,78.0
D305,1,68.9
D305,2,67.6
D305,3,59.4
D305,4,64.7
D305,5,66.0
D305,6,55.4
D305,7,51.1
D305,8,66.6
D305,9,54.2
D305,10,58.5
D305,11,64.2
D305,12,79.1
D305,13,69.7
D305,14,61.7
D305,15,55.5
D305,16,60.1
D305,17,61.9
D305,18,70.5
D305,19,64.8
D305,20,58.3
D305,21,57.6
D305,22,57.7
D305,23,73.7
D305,24,62.2
D305,25,56.7
D305,26,67.5
D306,1,58.5
D306,2,63.2
D306,3,63.3
D306,4,47.6
D306,5,62.0
D306,6,48.7
D306,7,43.0
D306,8,50.1
D306,9,51.3
D306,10,52.0
D306,11,53.3
D306,12,58.0
D306,13,46.3
D306,14,49.0
D306,15,51.6
D306,16,44.0
D306,17,45.3
D306,18,57.3
D306,19,44.5
D306,20,44.1
D306,21,43.7
D306,22,47.0
D306,23,38.7
D306,24,46.7
D306,25,40.5
D306,26,42.7
D307,1,92.3
D307,2,95.8
D307,3,85.2
D307,4,71.3
D307,5,86.2
D307,6,79.9
D307,7,89.1
D307,8,79.2
D307,9,78.1
D307,10,98.5
D307,11,84.9
D307,12,82.8
D307,13,86.7
D307,14,80.0
D307,15,89.0
D307,16,93.7
D307,17,93.0
D307,18,84.8
D307,19,95.4
D307,20,79.7
D307,21,96.3
D307,22,79.0
D307,23,81.9
D307,24,96.3
D307,25,94.8
D307,26,81.1
D308,1,87.0
D308,2,75.3
D308,3,88.9
D308,4,82.6
D308,5,99.0
D308,6,87.4
D308,7,82.2
D308,8,83.2
D308,9,78.0
D308,10,81.6
D308,11,85.1
D308,12,89.8
D308,13,87.7
D308,14,77.5
D308,15,82.7
D308,16,82.9
D308,17,93.3
D308,18,78.5
D308,19,87.4
D308,20,86.8
D308,21,91.3
D308,22,89.3
D308,23,69.6
D308,24,88.8
D308,25,91.2
D308,26,78.0
D309,1,86.8
D309,2,92.4
D309,3,79.8
D309,4,94.3
D309,5,74.5
D309,6,94.3
D309,7,87.1
D309,8,92.5
D309,9,85.6
D309,10,88.8
D309,11,83.6
D309,12,86.7
D309,13,87.8
D309,14,92.6
D309,15,95.6
D309,16,92.7
D309,17,79.7
D309,18,93.6
D309,19,93.5
D309,20,78.4
D309,21,92.7
D309,22,82.9
D309,23,90.8
D309,24,80.6
D309,25,85.8
D309,26,75.1
D310,1,85.8
D310,2,91.1
D310,3,90.1
D310,4,88.7
D310,5,95.9
D310,6,89.8
D310,7,87.1
D310,8,89.8
D310,9,94.3
D310,10,85.2
D310,11,89.9
D310,12,84.0
D310,13,85.8
D310,14,76.3
D310,15,95.6
D310,16,83.8
D310,17,91.7
D310,18,85.8
D310,19,86.6
D310,20,91.1
D310,21,91.3
D310,22,88.4
D310,23,91.6
D310,24,89.7
D310,25,98.7
D310,26,94.3
D311,1,69.3
D311,2,66.4
D311,3,87.4
D311,4,69.1
D311,5,72.0
D311,6,68.2
D311,7,68.1
D311,8,70.6
D311,9,62.8
D311,10,73.0
D311,11,55.7
D311,12,71.3
D311,13,74.6
D311,14,87.1
D311,15,60.7
D311,16,68.1
D311,17,72.0
D311,18,67.2
D311,19,61.2
D311,20,69.7
D311,21,78.6
D311,22,62.4
D311,23,63.5
D311,24,59.8
D311,25,58.2
D311,26,70.3
D312,1,75.0
D312,2,81.6
D312,3,83.6
D312,4,84.7
D312,5,79.3
D312,6,95.2
D312,7,77.7
D312,8,79.7
D312,9,78.9
D312,10,84.9
D312,11,81.0
D312,12,89.6
D312,13,83.7
D312,14,76.8
D312,15,88.3
D312,16,92.9
D312,17,85.4
D312,18,90.3
D312,19,77.3
D312,20,80.3
D312,21,83.8
D312,22,81.8
D312,23,74.4
D312,24,76.3
D312,25,78.7
D312,26,87.0
D313,1,55.3
D313,2,70.3
D313,3,69.3
D313,4,71.3
D313,5,70.1
D313,6,70.0
D313,7,66.6
D313,8,55.4
D313,9,66.5
D313,10,64.3
D313,11,61.6
D313,12,71.9
D313,13,67.1
D313,14,69.1
D313,15,73.8
D313,16,77.7
D313,17,66.0
D313,18,75.3
D313,19,70.4
D313,20,67.5
D313,21,66.5
D313,22,75.1
D313,23,70.1
D313,24,56.1
D313,25,86.2
D313,26,60.4
D314,1,62.5
D314,2,54.1
D314,3,62.3
D314,4,56.5
D314,5,56.9
D314,6,63.2
D314,7,53.0
D314,8,55.3
D314,9,58.7
D314,10,60.2
D314,11,67.0
D314,12,60.4
D314,13,65.9
D314,14,79.7
D314,15,67.6
D314,16,68.1
D314,17,56.5
D314,18,58.5
D314,19,60.4
D314,20,64.0
D314,21,66.5
D314,22,56.5
D314,23,57.5
D314,24,77.5
D314,25,59.3
D314,26,67.1
D315,1,65.8
D315,2,63.7
D315,3,58.1
D315,4,68.5
D315,5,75.3
D315,6,68.0
D315,7,65.6
D315,8,59.8
D315,9,60.7
D315,10,66.1
D315,11,63.2
D315,12,62.2
D315,13,59.1
D315,14,60.4
D315,15,64.8
D315,16,57.9
D315,17,60.4
D315,18,50.9
D315,19,63.8
D315,20,68.7
D315,21,63.6
D315,22,58.1
D315,23,61.6
D315,24,70.7
D315,25,60.2
D315,26,65.5
D316,1,92.7
D316,2,86.6
D316,3,87.1
D316,4,82.5
D316,5,86.4
D316,6,79.3
D316,7,100.0
D316,8,90.4
D316,9,85.7
D316,10,87.3
D316,11,89.1
D316,12,89.3
D316,13,86.8
D316,14,87.8
D316,15,93.4
D316,16,78.0
D316,17,96.4
D316,18,92.9
D316,19,77.0
D316,20,75.1
D316,21,80.5
D316,22,84.8
D316,23,95.7
D316,24,93.5
D316,25,85.1
D316,26,74.9
D317,1,33.5
D317,2,34.1
D317,3,30.6
D317,4,17.2
D317,5,30.0
D317,6,24.2
D317,7,29.7
D317,8,30.3
D317,9,15.0
D317,10,26.6
D317,11,23.2
D317,12,31.0
D317,13,12.3
D317,14,24.4
D317,15,22.9
D317,16,27.2
D317,17,17.1
D317,18,20.3
D317,19,35.8
D317,20,13.5
D317,21,37.5
D317,22,35.0
D317,23,36.5
D317,24,22.2
D317,25,10.6
D317,26,19.8
D318,1,75.3
D318,2,71.1
D318,3,64.9
D318,4,57.4
D318,5,58.4
D318,6,63.6
D318,7,60.7
D318,8,52.8
D318,9,52.0
D318,10,59.5
D319,1,86.5
D319,2,87.8
D319,3,82.8
D319,4,84.4
D319,5,98.9
D319,6,79.2
D319,7,87.7
D319,8,88.2
D319,9,80.4
D319,10,85.9
D319,11,78.8
D319,12,77.4
D319,13,90.8
D319,14,81.7
D319,15,79.0
D319,16,91.3
D319,17,77.1
D319,18,88.1
D319,19,92.7
D319,20,77.6
D319,21,80.3
D319,22,78.6
D319,23,89.7
D319,24,88.3
D319,25,85.2
D319,26,80.3
D320,1,59.8
D320,2,65.0
D320,3,59.8
D320,4,66.7
D320,5,62.3
D320,6,58.3
D320,7,68.1
D320,8,63.5
D320,9,61.2
D320,10,63.8
D320,11,63.5
D320,12,61.5
D320,13,61.2
D320,14,53.9
D320,15,61.6
D320,16,65.7
D320,17,56.0
D320,18,62.3
D320,19,69.9
D320,20,68.3
D320,21,64.9
D320,22,67.0
D320,23,59.5
D320,24,67.1
D320,25,68.4
D320,26,61.8
D321,1,89.4
D321,2,89.7
D321,3,89.3
D321,4,77.7
D321,5,91.6
D321,6,71.3
D321,7,84.8
D321,8,76.6
D321,9,83.5
D321,10,86.9
D321,11,76.6
D321,12,79.5
D321,13,90.3
D321,14,85.6
D321,15,95.7
D321,16,77.1
D321,17,83.4
D321,18,80.6
D321,19,89.1
D321,20,99.4
D321,21,80.2
D321,22,78.8
D321,23,90.4
D321,24,93.6
D321,25,94.8
D321,26,82.4
D322,1,25.4
D322,2,23.7
D322,3,17.7
D322,4,21.6
D322,5,28.9
D322,6,17.1
D322,7,22.8
D322,8,16.3
D322,9,23.5
D322,10,20.6
D322,11,35.1
D322,12,25.1
D322,13,30.9
D322,14,22.8
D322,15,17.7
D322,16,19.9
D322,17,20.9
D322,18,21.1
D322,19,36.7
D322,20,31.8
D322,21,28.0
D322,22,12.9
D322,23,10.2
D322,24,12.3
D322,25,23.5
D322,26,24.6
D323,1,60.8
D323,2,67.0
D323,3,68.6
D323,4,66.2
D323,5,60.3
D323,6,69.3
D323,7,50.2
D323,8,72.9
D323,9,63.0
D323,10,79.5
D323,11,80.7
D323,12,66.3
D323,13,85.5
D323,14,60.0
D323,15,62.0
D323,16,61.3
D323,17,67.4
D323,18,63.5
D323,19,59.2
D323,20,54.6
D323,21,60.1
D323,22,63.2
D323,23,63.5
D323,24,54.7
D323,25,77.3
D323,26,48.8
D324,1,28.0
D324,2,20.2
D324,3,35.2
D324,4,20.2
D324,5,13.2
D324,6,25.3
D324,7,28.3
D324,8,32.1
D324,9,22.9
D324,10,16.0
D324,11,27.8
D324,12,42.8
D324,13,13.0
D324,14,47.4
D324,15,16.8
D324,16,25.2
D324,17,37.9
D324,18,31.5
D324,19,7.3
D324,20,9.6
D324,21,6.0
D324,22,0.0
D324,23,2.4
D324,24,7.0
D325,1,85.6
D325,2,95.2
D325,3,82.1
D325,4,87.3
D325,5,88.1
D325,6,90.1
D325,7,84.2
D325,8,85.3
D325,9,83.6
D325,10,83.2
D325,11,82.7
D325,12,86.1
D325,13,87.8
D325,14,90.2
D325,15,77.7
D325,16,97.1
D325,17,82.5
D325,18,85.3
D325,19,82.8
D325,20,79.8
D325,21,73.4
D325,22,93.1
D325,23,81.9
D325,24,78.3
D325,25,83.1
D325,26,84.5
D326,1,84.9
D326,2,98.7
D326,3,92.2
D326,4,78.7
D326,5,95.8
D326,6,96.1
D326,7,91.9
D326,8,89.4
D326,9,90.0
D326,10,94.0
D326,11,88.8
D326,12,81.7
D326,13,75.8
D326,14,92.3
D326,15,78.0
D326,16,82.4
D326,17,79.4
D326,18,97.1
D326,19,99.3
D326,20,91.6
D326,21,91.5
D326,22,86.3
D326,23,97.0
D326,24,97.3
D326,25,94.3
D326,26,92.2
D327,1,20.5
D327,2,14.0
D327,3,21.9
D327,4,16.4
D327,5,18.9
D327,6,17.0
D327,7,8.4
D327,8,28.0
D327,9,22.5
D327,10,18.0
D327,11,20.1
D327,12,17.5
D327,13,6.6
D327,14,18.1
D327,15,27.8
D327,16,23.6
D327,17,14.8
D327,18,15.3
D327,19,23.8
D327,20,11.4
D327,21,16.2
D327,22,24.9
D327,23,21.1
D327,24,11.5
D327,25,8.8
D327,26,16.0
D328,1,78.7
D328,2,94.8
D328,3,96.6
D328,4,85.7
D328,5,95.8
D328,6,79.2
D328,7,97.9
D328,8,95.7
D328,9,81.7
D328,10,74.9
D328,11,80.6
D328,12,70.0
D328,13,92.8
D328,14,80.3
D328,15,95.6
D328,16,85.9
D328,17,84.7
D328,18,87.6
D328,19,83.9
D328,20,85.1
D328,21,71.2
D328,22,82.3
D328,23,86.8
D328,24,90.1
D328,25,87.9
D328,26,75.8
D329,1,14.8
D329,2,19.3
D329,3,19.7
D329,4,4.2
D329,5,5.0
D329,6,3.9
D329,7,10.3
D329,8,3.1
D329,9,4.1
D329,10,20.4
D329,11,14.0
D329,12,6.7
D329,13,24.4
D329,14,11.1
D329,15,12.2
D329,16,5.9
D329,17,7.7
D329,18,6.4
D329,19,0.0
D329,20,0.0
D329,21,1.0
D329,22,0.0
D329,23,0.0
D330,1,63.1
D330,2,65.3
D330,3,81.7
D330,4,66.1
D330,5,59.3
D330,6,73.7
D330,7,57.0
D330,8,62.8
D330,9,62.7
D330,10,62.7
D330,11,61.3
D330,12,63.4
D330,13,65.0
D330,14,51.8
D330,15,61.3
D330,16,73.3
D330,17,66.0
D330,18,67.8
D330,19,66.9
D330,20,67.4
D330,21,65.7
D330,22,63.2
D330,23,57.2
D330,24,63.4
D330,25,65.2
D330,26,68.6
D331,1,15.9
D331,2,23.8
D331,3,24.4
D331,4,54.5
D331,5,38.2
D331,6,30.1
D331,7,34.1
D331,8,17.1
D331,9,24.2
D331,10,17.5
D331,11,27.8
D331,12,22.9
D331,13,9.2
D331,14,27.1
D331,15,7.9
D331,16,26.1
D331,17,27.9
D331,18,25.5
D331,19,34.9
D331,20,27.6
D331,21,18.3
D331,22,41.2
D331,23,27.8
D331,24,20.8
D331,25,29.7
D331,26,31.8
D332,1,11.7
D332,2,18.5
D332,3,26.8
D332,4,23.1
D332,5,21.8
D332,6,44.1
D332,7,23.8
D332,8,29.5
D332,9,31.5
D332,10,36.0
D332,11,6.9
D332,12,26.0
D332,13,16.0
D332,14,19.2
D332,15,33.2
D332,16,11.1
D332,17,17.7
D332,18,13.3
D332,19,28.9
D332,20,29.1
D332,21,40.4
D332,22,31.8
D332,23,39.1
D332,24,23.2
D332,25,38.3
D332,26,37.5
D333,1,80.4
D333,2,78.3
D333,3,82.5
D333,4,92.2
D333,5,79.4
D333,6,79.8
D333,7,77.8
D333,8,91.3
D333,9,87.4
D333,10,82.4
D333,11,83.5
D333,12,90.0
D333,13,93.0
D333,14,78.5
D333,15,84.8
D333,16,93.7
D333,17,96.3
D333,18,92.0
D333,19,86.8
D333,20,98.1
D333,21,95.9
D333,22,89.6
D333,23,79.0
D333,24,91.4
D333,25,86.3
D333,26,77.4
D334,1,82.3
D334,2,98.0
D334,3,79.5
D334,4,81.5
D334,5,94.3
D334,6,85.2
D334,7,92.4
D334,8,83.9
D334,9,88.0
D334,10,80.7
D334,11,88.8
D334,12,92.8
D334,13,95.7
D334,14,93.0
D334,15,93.5
D334,16,76.5
D334,17,80.9
D334,18,98.4
D334,19,91.3
D334,20,89.9
D334,21,92.2
D334,22,92.0
D334,23,86.9
D334,24,99.2
D334,25,80.2
D334,26,80.1
D335,1,62.0
D335,2,58.5
D335,3,64.1
D335,4,61.5
D335,5,51.2
D335,6,37.6
D335,7,56.2
D335,8,51.4
D335,9,50.3
D335,10,51.4
D335,11,49.7
D335,12,50.9
D335,13,55.7
D335,14,50.1
D335,15,49.6
D335,16,43.4
D335,17,44.3
D335,18,50.1
D335,19,54.0
D335,20,40.3
D335,21,54.2
D335,22,46.4
D335,23,52.7
D335,24,35.2
D335,25,43.9
D335,26,54.8
D336,1,76.9
D336,2,88.0
D336,3,79.1
D336,4,87.7
D336,5,84.9
D336,6,84.7
D336,7,77.4
D336,8,97.2
D336,9,89.0
D336,10,80.6
D336,11,73.1
D336,12,87.4
D336,13,80.5
D336,14,95.3
D336,15,88.3
D336,16,79.0
D336,17,77.5
D336,18,93.9
D336,19,76.9
D336,20,77.7
D336,21,83.6
D336,22,86.7
D336,23,78.7
D336,24,96.3
D336,25,89.5
D336,26,82.4
D337,1,24.9
D337,2,28.6
D337,3,26.0
D337,4,4.7
D337,5,15.5
D337,6,30.9
D337,7,3.1
D337,8,10.8
D337,9,25.5
D337,10,10.4
D337,11,26.7
D337,12,21.7
D337,13,32.5
D337,14,15.2
D337,15,20.5
D337,16,33.4
D337,17,10.1
D337,18,0.0
D337,19,16.0
D337,20,23.1
D337,21,17.4
D337,22,24.0
D337,23,15.1
D337,24,37.9
D337,25,34.9
D337,26,5.0
D338,1,81.2
D338,2,88.3
D338,3,91.9
D338,4,98.0
D338,5,92.2
D338,6,87.9
D338,7,92.6
D338,8,92.0
D338,9,97.6
D338,10,97.7
D338,11,89.7
D338,12,77.1
D338,13,77.8
D338,14,92.8
D338,15,96.9
D338,16,78.4
D338,17,89.3
D338,18,91.3
D338,19,76.7
D339,1,76.9
D339,2,77.2
D339,3,71.7
D339,4,63.6
D339,5,63.8
D339,6,71.8
D339,7,67.9
D339,8,61.7
D339,9,60.1
D339,10,65.7
D339,11,72.0
D339,12,73.3
D339,13,64.7
D339,14,67.7
D339,15,63.6
D339,16,80.3
D339,17,62.1
D339,18,73.0
D339,19,61.5
D339,20,60.8
D339,21,74.5
D339,22,87.7
D339,23,71.6
D339,24,63.8
D339,25,72.1
D339,26,58.2
D340,1,63.3
D340,2,61.4
D340,3,72.4
D340,4,72.2
D340,5,57.8
D340,6,57.1
D340,7,56.9
D340,8,63.2
D340,9,57.3
D340,10,59.8
D340,11,56.6
D340,12,65.8
D340,13,58.5
D340,14,62.9
D340,15,79.1
D340,16,52.8
D340,17,54.3
D340,18,55.6
D340,19,60.1
D340,20,60.9
D340,21,60.6
D340,22,56.7
D340,23,60.6
D340,24,60.2
D340,25,63.1
D340,26,67.7
D341,1,89.8
D341,2,87.0
D341,3,80.5
D341,4,78.1
D341,5,79.8
D341,6,80.5
D341,7,80.2
D341,8,91.6
D341,9,78.5
D341,10,99.1
D341,11,76.4
D341,12,86.0
D341,13,79.6
D341,14,97.1
D341,15,79.2
D341,16,76.8
D341,17,79.0
D341,18,93.4
D341,19,88.3
D341,20,83.1
D341,21,86.2
D341,22,87.7
D341,23,83.2
D341,24,84.7
D341,25,91.1
D341,26,76.3
D342,1,96.7
D342,2,80.6
D342,3,99.2
D342,4,87.4
D342,5,81.1
D342,6,92.3
D342,7,74.7
D342,8,77.9
D342,9,88.5
D342,10,88.0
D342,11,77.0
D343,1,88.4
D343,2,85.4
D343,3,78.1
D343,4,91.1
D343,5,94.4
D343,6,78.7
D343,7,84.9
D343,8,82.3
D343,9,97.3
D343,10,95.1
D343,11,90.1
D343,12,79.3
D343,13,88.4
D343,14,96.8
D343,15,83.9
D343,16,96.6
D343,17,76.2
D343,18,89.1
D343,19,93.8
D343,20,90.1
D343,21,89.3
D343,22,92.2
D343,23,89.3
D343,24,85.2
D343,25,80.0
D343,26,75.4
D344,1,64.8
D344,2,70.9
D344,3,80.1
D344,4,77.1
D344,5,69.4
D344,6,53.4
D344,7,69.2
D344,8,57.0
D344,9,63.3
D344,10,67.3
D344,11,64.5
D344,12,60.1
D344,13,65.4
D344,14,75.9
D344,15,54.3
D344,16,66.0
D344,17,72.1
D344,18,59.3
D344,19,63.5
D344,20,62.4
D344,21,63.3
D344,22,68.2
D344,23,69.0
D344,24,66.7
D344,25,62.1
D344,26,67.7
D345,1,79.6
D345,2,76.2
D345,3,87.0
D345,4,90.6
D345,5,88.8
D345,6,85.2
D345,7,89.5
D345,8,83.3
D345,9,88.6
D345,10,88.1
D345,11,76.2
D345,12,93.6
D345,13,95.4
D345,14,91.9
D345,15,90.7
D345,16,89.9
D345,17,91.9
D345,18,75.1
D345,19,90.6
D345,20,99.2
D345,21,73.5
D345,22,89.7
D345,23,94.4
D345,24,74.7
D345,25,85.2
D345,26,89.2
D346,1,57.9
D346,2,60.3
D346,3,76.5
D346,4,59.4
D346,5,63.7
D346,6,58.2
D346,7,62.4
D346,8,66.8
D346,9,60.3
D346,10,59.9
D346,11,65.4
D346,12,64.2
D346,13,62.6
D346,14,67.2
D346,15,67.1
D346,16,65.4
D346,17,62.8
D346,18,68.0
D346,19,59.0
D346,20,56.3
D346,21,54.8
D346,22,65.5
D346,23,61.0
D346,24,59.3
D346,25,70.4
D346,26,65.4
D347,1,84.5
D347,2,85.8
D347,3,90.7
D347,4,82.3
D347,5,97.1
D347,6,79.6
D347,7,91.3
D347,8,84.6
D347,9,85.8
D347,10,98.3
D347,11,98.3
D347,12,89.0
D347,13,86.8
D347,14,97.4
D347,15,90.1
D347,16,86.6
D347,17,85.0
D347,18,93.9
D347,19,83.0
D347,20,88.6
D347,21,84.2
D347,22,81.9
D347,23,83.1
D347,24,94.9
D347,25,97.1
D347,26,88.6
D348,1,67.6
D348,2,64.8
D348,3,59.0
D348,4,68.2
D348,5,59.7
D348,6,67.3
D348,7,65.0
D348,8,69.2
D348,9,63.6
D348,10,66.0
D348,11,64.8
D348,12,60.0
D348,13,64.9
D348,14,66.1
D348,15,61.1
D348,16,58.4
D348,17,64.1
D348,18,63.2
D348,19,53.1
D348,20,50.9
D348,21,61.2
D348,22,61.6
D348,23,58.1
D348,24,68.5
D348,25,59.4
D348,26,60.8
D349,1,69.2
D349,2,71.7
D349,3,67.9
D349,4,65.4
D349,5,64.1
D349,6,62.3
D349,7,52.4
D349,8,60.5
D349,9,64.8
D349,10,63.8
D349,11,64.4
D349,12,68.9
D349,13,59.3
D349,14,74.1
D349,15,59.2
D349,16,65.5
D349,17,69.6
D349,18,59.6
D349,19,62.2
D349,20,58.8
D349,21,51.8
D349,22,58.8
D349,23,59.1
D349,24,58.7
D349,25,48.5
D350,1,44.7
D350,2,50.8
D350,3,57.6
D350,4,55.1
D350,5,50.4
D350,6,46.0
D350,7,60.0
D350,8,57.1
D350,9,43.2
D350,10,52.2
D350,11,54.1
D350,12,53.3
D350,13,43.4
D350,14,48.3
D350,15,29.9
D350,16,37.5
D350,17,33.9
D350,18,29.8
D350,19,18.1
D350,20,15.9
D351,1,44.1
D351,2,43.5
D351,3,58.9
D351,4,67.5
D351,5,48.2
D351,6,40.1
D351,7,43.8
D351,8,42.8
D351,9,42.5
D351,10,58.2
D351,11,59.8
D351,12,29.1
D351,13,45.8
D351,14,38.5
D351,15,29.4
D351,16,31.9
D351,17,35.7
D351,18,52.3
D351,19,32.4
D351,20,39.2
D351,21,54.1
D351,22,36.9
D351,23,32.3
D351,24,32.4
D351,25,27.1
D351,26,30.6
D352,1,42.0
D352,2,24.5
D352,3,20.5
D352,4,30.3
D352,5,40.0
D352,6,14.0
D352,7,30.6
D352,8,30.0
D352,9,40.0
D352,10,18.2
D352,11,25.5
D352,12,17.7
D352,13,37.5
D352,14,39.3
D352,15,44.1
D352,16,33.1
D352,17,24.4
D352,18,41.9
D352,19,38.0
D352,20,26.2
D352,21,27.7
D352,22,19.7
D352,23,33.7
D352,24,39.3
D352,25,41.1
D352,26,39.7
D353,1,51.3
D353,2,65.4
D353,3,50.1
D353,4,51.9
D353,5,56.6
D353,6,44.9
D353,7,52.1
D353,8,54.5
D353,9,45.9
D353,10,29.0
D353,11,51.0
D353,12,53.3
D353,13,51.7
D353,14,55.3
D353,15,47.7
D353,16,54.4
D353,17,40.0
D353,18,50.5
D353,19,39.4
D353,20,56.0
D353,21,43.0
D353,22,46.0
D353,23,32.0
D353,24,42.4
D353,25,44.2
D353,26,38.1
D354,1,18.9
D354,2,9.3
D354,3,10.1
D354,4,6.4
D354,5,27.7
D354,6,12.2
D354,7,11.4
D354,8,9.2
D354,9,7.5
D354,10,17.0
D354,11,25.4
D354,12,13.9
D354,13,23.0
D354,14,10.4
D354,15,19.2
D354,16,5.4
D354,17,9.7
D354,18,10.3
D354,19,19.8
D354,20,21.0
D354,21,19.1
D354,22,13.3
D354,23,11.8
D354,24,9.1
D354,25,11.9
D354,26,15.8
D355,1,18.4
D355,2,4.2
D355,3,24.9
D355,4,15.9
D355,5,2.6
D355,6,19.9
D355,7,13.8
D355,8,11.9
D355,9,27.7
D355,10,16.6
D355,11,28.1
D355,12,3.7
D355,13,16.3
D355,14,42.4
D355,15,16.6
D355,16,23.0
D355,17,28.5
D355,18,16.4
D355,19,7.3
D355,20,24.2
D355,21,14.7
D355,22,11.3
D355,23,16.8
D355,24,23.1
D355,25,28.8
D355,26,10.1
D356,1,27.9
D356,2,16.5
D356,3,21.5
D356,4,25.5
D356,5,8.9
D356,6,6.2
D356,7,19.8
D356,8,5.0
D356,9,3.2
D356,10,32.4
D356,11,12.1
D356,12,18.3
D356,13,21.8
D356,14,24.1
D356,15,19.3
D356,16,9.7
D356,17,21.3
D356,18,20.9
D356,19,12.7
D356,20,11.8
D356,21,10.9
D356,22,7.9
D356,23,18.5
D356,24,12.6
D356,25,8.9
D356,26,11.5
D357,1,63.5
D357,2,60.3
D357,3,68.1
D357,4,59.9
D357,5,66.8
D357,6,70.9
D357,7,64.7
D357,8,63.0
D357,9,64.7
D357,10,63.5
D357,11,65.0
D357,12,69.4
D357,13,73.3
D357,14,67.5
D357,15,72.6
D357,16,64.9
D357,17,67.9
D357,18,79.8
D357,19,69.3
D357,20,70.8
D357,21,64.2
D357,22,59.1
D357,23,68.1
D357,24,60.6
D357,25,67.9
D357,26,65.1
D358,1,75.0
D358,2,83.3
D358,3,87.7
D358,4,88.9
D358,5,91.0
D358,6,80.4
D358,7,76.6
D358,8,94.1
D358,9,90.0
D358,10,77.9
D358,11,93.3
D358,12,79.7
D358,13,84.0
D358,14,77.5
D358,15,81.0
D358,16,79.3
D358,17,76.5
D358,18,91.1
D358,19,76.2
D358,20,87.1
D358,21,81.9
D358,22,78.0
D358,23,76.8
D358,24,74.6
D358,25,76.9
D358,26,77.7
D359,1,66.4
D359,2,66.6
D359,3,74.1
D359,4,67.1
D359,5,67.3
D359,6,67.6
D359,7,66.2
D359,8,72.4
D359,9,60.8
D359,10,61.7
D359,11,65.1
D359,12,56.0
D359,13,70.4
D359,14,76.1
D359,15,68.0
D359,16,64.8
D359,17,71.2
D359,18,67.0
D359,19,62.7
D359,20,71.7
D359,21,63.6
D359,22,63.9
D359,23,63.3
D359,24,67.1
D359,25,69.1
D359,26,81.5
D360,1,64.9
D360,2,72.0
D360,3,68.5
D360,4,69.6
D360,5,64.6
D360,6,79.7
D360,7,59.6
D360,8,66.0
D360,9,62.0
D360,10,84.5
D360,11,73.6
D360,12,63.1
D360,13,63.3
D360,14,58.8
D360,15,63.2
D360,16,65.3
D360,17,67.0
D360,18,60.1
D360,19,72.3
D360,20,62.8
D360,21,69.2
D360,22,58.2
D360,23,76.0
D360,24,71.6
D360,25,71.3
D360,26,62.0
D361,1,73.2
D361,2,68.3
D361,3,74.6
D361,4,68.4
D361,5,59.7
D361,6,82.5
D361,7,88.9
D361,8,58.2
D361,9,72.9
D361,10,67.1
D361,11,73.7
D361,12,74.5
D361,13,70.7
D361,14,66.7
D361,15,78.0
D361,16,62.5
D361,17,64.3
D361,18,60.8
D361,19,75.5
D361,20,74.1
D361,21,74.3
D361,22,68.3
D361,23,75.6
D361,24,53.3
D361,25,70.9
D361,26,78.4
D362,1,80.5
D362,2,59.0
D362,3,73.4
D362,4,61.6
D362,5,64.0
D362,6,74.5
D362,7,68.9
D362,8,78.7
D362,9,61.2
D362,10,65.7
D362,11,74.4
D362,12,71.1
D362,13,72.5
D362,14,66.5
D362,15,56.5
D362,16,68.6
D362,17,68.8
D362,18,68.0
D362,19,58.3
D362,20,65.9
D362,21,57.9
D362,22,71.6
D362,23,82.4
D362,24,72.3
D362,25,64.7
D362,26,76.4
D363,1,13.4
D363,2,25.8
D363,3,9.6
D363,4,8.9
D363,5,16.5
D363,6,14.0
D363,7,5.9
D363,8,16.8
D363,9,19.1
D363,10,6.7
D363,11,12.1
D363,12,28.8
D363,13,3.8
D363,14,8.1
D363,15,7.8
D363,16,13.8
D363,17,14.9
D363,18,6.9
D363,19,2.4
D363,20,0.0
D363,21,0.0
D363,22,0.0
D363,23,13.3
D364,1,6.0
D364,2,10.3
D364,3,13.5
D364,4,32.4
D364,5,11.5
D364,6,25.1
D364,7,14.9
D364,8,21.6
D364,9,29.0
D364,10,16.2
D364,11,7.0
D364,12,15.2
D364,13,19.9
D364,14,14.5
D364,15,16.5
D364,16,19.7
D364,17,24.8
D364,18,25.8
D364,19,15.8
D364,20,17.7
D364,21,11.8
D364,22,11.7
D364,23,25.1
D364,24,3.5
D364,25,13.5
D364,26,11.8
D365,1,31.0
D365,2,28.6
D365,3,5.9
D365,4,33.3
D365,5,32.2
D365,6,23.3
D365,7,13.3
D365,8,17.2
D365,9,20.3
D365,10,13.3
D365,11,40.7
D365,12,13.7
D365,13,12.3
D365,14,18.9
D365,15,10.3
D365,16,8.8
D365,17,23.9
D365,18,36.1
D365,19,21.1
D365,20,23.7
D365,21,20.9
D365,22,19.9
D365,23,27.9
D365,24,20.3
D365,25,27.1
D365,26,18.6
D366,1,56.3
D366,2,70.0
D366,3,59.0
D366,4,61.3
D366,5,57.1
D366,6,57.5
D366,7,59.5
D366,8,70.5
D366,9,67.4
D366,10,53.6
D366,11,60.4
D366,12,66.7
D366,13,75.5
D366,14,66.2
D366,15,67.3
D366,16,75.3
D366,17,73.3
D366,18,73.5
D366,19,66.9
D366,20,82.6
D366,21,54.0
D366,22,62.4
D366,23,63.4
D366,24,71.6
D366,25,78.1
D366,26,57.8
D367,1,54.1
D367,2,59.0
D367,3,49.5
D367,4,51.0
D367,5,47.8
D367,6,58.9
D367,7,52.4
D367,8,47.5
D367,9,52.1
D367,10,55.5
D367,11,60.3
D367,12,41.7
D367,13,55.1
D367,14,53.0
D367,15,49.6
D367,16,41.0
D367,17,49.9
D367,18,29.2
D367,19,49.3
D367,20,53.3
D367,21,41.7
D367,22,44.3
D367,23,46.7
D367,24,40.4
D367,25,38.4
D367,26,47.2
D368,1,60.7
D368,2,84.7
D368,3,60.0
D368,4,64.3
D368,5,63.2
D368,6,73.6
D368,7,63.1
D368,8,61.3
D368,9,58.6
D368,10,79.8
D368,11,56.3
D368,12,52.0
D368,13,49.6
D368,14,55.9
D368,15,49.2
D368,16,48.6
D368,17,44.7
D369,1,66.4
D369,2,78.3
D369,3,67.0
D369,4,55.5
D369,5,63.1
D369,6,57.4
D369,7,47.2
D369,8,50.8
D369,9,62.2
D369,10,61.3
D369,11,51.9
D370,1,89.7
D370,2,96.9
D370,3,100.0
D370,4,96.8
D370,5,87.5
D370,6,95.5
D370,7,94.5
D370,8,89.3
D370,9,89.7
D370,10,86.0
D370,11,92.7
D370,12,98.4
D370,13,91.2
D370,14,86.7
D370,15,98.9
D370,16,81.8
D370,17,82.0
D370,18,93.3
D370,19,85.9
D370,20,98.2
D370,21,85.6
D370,22,89.8
D370,23,88.8
D370,24,90.7
D370,25,81.5
D370,26,96.3
D371,1,86.4
D371,2,84.6
D371,3,76.9
D371,4,76.3
D371,5,89.4
D371,6,93.2
D371,7,75.4
D371,8,78.5
D371,9,84.6
D371,10,95.5
D371,11,79.1
D371,12,76.1
D371,13,76.7
D371,14,77.9
D371,15,79.8
D371,16,83.1
D371,17,87.5
D371,18,79.4
D371,19,84.4
D371,20,74.3
D371,21,83.6
D371,22,76.0
D371,23,81.3
D371,24,81.3
D371,25,83.3
D371,26,86.5
D372,1,40.7
D372,2,22.1
D372,3,10.1
D372,4,38.4
D372,5,19.4
D372,6,25.2
D372,7,21.5
D372,8,31.3
D372,9,21.9
D372,10,24.2
D372,11,34.2
D372,12,27.1
D372,13,22.3
D372,14,29.0
D372,15,22.8
D372,16,21.7
D372,17,27.4
D372,18,28.1
D372,19,24.6
D372,20,17.2
D372,21,32.7
D372,22,27.1
D372,23,20.9
D372,24,15.6
D372,25,26.7
D372,26,25.7
D373,1,79.4
D373,2,75.7
D373,3,60.1
D373,4,63.9
D373,5,66.8
D373,6,75.4
D373,7,56.2
D373,8,60.4
D373,9,65.0
D373,10,58.7
D373,11,65.7
D373,12,63.5
D373,13,73.0
D373,14,74.4
D373,15,64.0
D373,16,78.3
D373,17,78.0
D373,18,56.8
D373,19,83.5
D373,20,84.3
D373,21,60.7
D373,22,65.4
D373,23,58.7
D373,24,77.7
D373,25,59.1
D373,26,64.5
D374,1,62.1
D374,2,69.3
D374,3,67.0
D374,4,59.0
D374,5,68.7
D374,6,59.7
D374,7,62.2
D374,8,63.1
D374,9,64.8
D374,10,59.6
D374,11,61.2
D374,12,57.0
D374,13,58.2
D374,14,54.3
D374,15,45.5
D374,16,54.7
D375,1,67.7
D375,2,60.6
D375,3,63.3
D375,4,65.4
D375,5,47.2
D375,6,63.6
D375,7,53.8
D375,8,63.0
D375,9,69.0
D375,10,68.8
D375,11,79.8
D375,12,62.5
D375,13,75.2
D375,14,59.3
D375,15,57.6
D375,16,61.1
D375,17,60.2
D375,18,64.0
D375,19,68.0
D375,20,64.7
D375,21,56.0
D375,22,67.3
D375,23,65.1
D375,24,49.8
D375,25,63.0
D375,26,62.5
D376,1,67.0
D376,2,65.0
D376,3,59.6
D376,4,64.3
D376,5,67.4
D376,6,67.0
D376,7,72.2
D376,8,64.8
D376,9,64.0
D376,10,62.3
D376,11,61.9
D376,12,64.7
D376,13,64.1
D376,14,51.0
D376,15,58.8
D376,16,65.0
D376,17,52.8
D376,18,70.7
D376,19,69.4
D376,20,71.9
D376,21,61.5
D376,22,62.1
D376,23,73.5
D376,24,63.8
D376,25,61.8
D376,26,58.6
D377,1,81.0
D377,2,93.3
D377,3,95.8
D377,4,92.6
D377,5,87.7
D377,6,81.3
D377,7,78.5
D377,8,92.9
D377,9,96.7
D377,10,81.7
D377,11,80.2
D377,12,83.0
D377,13,87.8
D377,14,94.0
D377,15,90.5
D377,16,91.8
D377,17,84.2
D377,18,85.0
D377,19,78.1
D377,20,90.0
D377,21,94.5
D377,22,94.7
D377,23,79.8
D377,24,84.1
D377,25,82.6
D377,26,91.3
D378,1,22.9
D378,2,31.6
D378,3,29.6
D378,4,23.2
D378,5,22.6
D378,6,19.4
D378,7,23.7
D378,8,28.4
D378,9,35.3
D378,10,16.4
D378,11,29.7
D378,12,19.2
D378,13,26.9
D378,14,24.6
D378,15,23.9
D378,16,35.9
D378,17,28.7
D378,18,20.6
D378,19,25.5
D378,20,36.8
D378,21,12.8
D378,22,28.5
D378,23,19.5
D378,24,38.0
D378,25,24.1
D378,26,27.2
D379,1,15.8
D379,2,23.8
D379,3,2.8
D379,4,22.7
D379,5,16.6
D379,6,7.5
D379,7,19.1
D379,8,9.1
D379,9,18.5
D379,10,16.6
D379,11,11.3
D379,12,13.9
D379,13,9.1
D379,14,13.4
D379,15,11.2
D379,16,24.2
D379,17,9.4
D379,18,12.7
D379,19,15.3
D379,20,20.9
D379,21,18.4
D379,22,20.7
D379,23,13.8
D379,24,16.9
D379,25,17.5
D379,26,21.7
D380,1,57.6
D380,2,66.3
D380,3,61.4
D380,4,62.2
D380,5,64.6
D380,6,62.8
D380,7,57.4
D380,8,66.5
D380,9,60.5
D380,10,71.9
D380,11,70.2
D380,12,62.7
D380,13,62.5
D380,14,63.9
D380,15,65.9
D380,16,77.2
D380,17,66.4
D380,18,60.2
D380,19,64.8
D380,20,64.0
D380,21,67.4
D380,22,60.5
D380,23,62.9
D380,24,61.9
D380,25,56.7
D380,26,53.8
D381,1,54.2
D381,2,60.8
D381,3,57.7
D381,4,55.6
D381,5,65.2
D381,6,68.8
D381,7,56.6
D381,8,63.5
D381,9,56.5
D381,10,63.8
D381,11,64.0
D381,12,62.9
D381,13,67.8
D381,14,65.4
D381,15,66.2
D381,16,68.1
D381,17,64.5
D381,18,53.5
D381,19,63.3
D381,20,60.9
D381,21,57.6
D381,22,65.8
D381,23,63.9
D381,24,54.5
D381,25,58.0
D381,26,57.6
D382,1,69.2
D382,2,61.9
D382,3,58.5
D382,4,69.4
D382,5,69.4
D382,6,52.2
D382,7,68.2
D382,8,65.2
D382,9,65.7
D382,10,66.4
D382,11,88.8
D382,12,70.3
D382,13,74.5
D382,14,59.0
D382,15,50.3
D382,16,85.1
D382,17,61.6
D382,18,73.5
D382,19,74.1
D382,20,70.7
D382,21,69.3
D382,22,66.9
D382,23,66.5
D382,24,72.5
D382,25,59.1
D382,26,64.7
D383,1,81.2
D383,2,94.2
D383,3,90.7
D383,4,86.0
D383,5,98.6
D383,6,83.1
D383,7,92.2
D383,8,85.3
D383,9,87.1
D383,10,90.1
D383,11,75.9
D383,12,90.8
D383,13,96.0
D383,14,81.7
D383,15,99.3
D383,16,74.3
D383,17,78.6
D383,18,69.4
D383,19,74.7
D383,20,68.4
D383,21,88.1
D384,1,40.3
D384,2,20.1
D384,3,37.8
D384,4,39.3
D384,5,33.2
D384,6,30.2
D384,7,23.9
D384,8,33.4
D384,9,19.9
D384,10,32.3
D384,11,28.3
D384,12,31.1
D384,13,28.1
D384,14,34.2
D384,15,20.1
D384,16,22.7
D384,17,14.3
D384,18,13.7
D384,19,9.6
D384,20,11.3
D384,21,2.1
D384,22,3.6
D384,23,6.9
D385,1,86.5
D385,2,77.5
D385,3,96.3
D385,4,84.5
D385,5,93.0
D385,6,78.6
D385,7,87.7
D385,8,93.2
D385,9,81.1
D385,10,84.7
D385,11,76.2
D385,12,80.0
D385,13,91.2
D385,14,79.6
D385,15,72.5
D385,16,86.3
D385,17,78.0
D385,18,82.1
D385,19,78.1
D385,20,85.0
D385,21,77.3
D385,22,76.6
D385,23,86.4
D385,24,79.9
D385,25,80.2
D385,26,86.3
D386,1,33.3
D386,2,32.6
D386,3,11.1
D386,4,34.3
D386,5,28.6
D386,6,26.0
D386,7,19.0
D386,8,29.1
D386,9,12.8
D386,10,15.5
D386,11,9.8
D386,12,16.3
D386,13,12.4
D386,14,7.2
D386,15,7.5
D386,16,6.1
D386,17,11.7
D386,18,0.0
D386,19,0.0
D387,1,83.8
D387,2,84.0
D387,3,96.6
D387,4,85.7
D387,5,93.6
D387,6,95.1
D387,7,88.2
D387,8,79.6
D387,9,90.1
D387,10,87.8
D387,11,99.0
D387,12,93.4
D387,13,84.1
D387,14,88.9
D387,15,91.6
D387,16,93.8
D387,17,82.5
D387,18,97.8
D387,19,76.8
D387,20,94.9
D387,21,93.4
D387,22,89.7
D387,23,95.2
D387,24,90.3
D387,25,74.3
D387,26,96.2
D388,1,83.0
D388,2,92.3
D388,3,80.1
D388,4,75.1
D388,5,90.4
D388,6,82.8
D388,7,85.0
D388,8,80.7
D388,9,95.0
D388,10,94.8
D388,11,76.9
D388,12,82.8
D388,13,86.9
D388,14,93.9
D388,15,76.8
D388,16,92.6
D388,17,86.9
D388,18,89.5
D388,19,84.4
D388,20,71.4
D388,21,90.8
D388,22,90.4
D388,23,78.4
D388,24,93.1
D388,25,93.8
D388,26,77.5
D389,1,55.4
D389,2,40.0
D389,3,67.2
D389,4,58.4
D389,5,55.1
D389,6,63.2
D389,7,46.9
D389,8,43.3
D389,9,46.9
D389,10,38.6
D389,11,45.5
D389,12,46.5
D389,13,43.4
D389,14,46.8
D389,15,42.6
D389,16,36.3
D389,17,48.7
D389,18,36.0
D389,19,48.4
D389,20,35.4
D389,21,41.6
D389,22,17.0
D389,23,32.1
D389,24,28.4
D389,25,33.9
D389,26,44.3
D390,1,79.1
D390,2,85.8
D390,3,79.9
D390,4,76.0
D390,5,77.8
D390,6,90.1
D390,7,80.9
D390,8,74.7
D390,9,86.5
D390,10,86.0
D390,11,83.2
D390,12,88.8
D390,13,79.6
D390,14,85.6
D390,15,82.7
D390,16,82.1
D390,17,87.7
D390,18,82.1
D390,19,78.9
D390,20,90.3
D390,21,74.9
D390,22,79.1
D390,23,86.3
D390,24,71.0
D390,25,77.6
D390,26,84.8
D391,1,16.5
D391,2,17.6
D391,3,26.0
D391,4,20.4
D391,5,9.9
D391,6,23.0
D391,7,21.4
D391,8,8.9
D391,9,7.4
D391,10,17.9
D391,11,19.6
D391,12,18.7
D391,13,21.6
D391,14,13.5
D391,15,16.5
D391,16,13.4
D391,17,18.3
D391,18,15.0
D391,19,15.5
D391,20,19.3
D391,21,12.7
D391,22,16.5
D391,23,7.6
D391,24,13.8
D391,25,30.3
D391,26,11.3
D392,1,30.3
D392,2,23.0
D392,3,27.4
D392,4,17.7
D392,5,24.5
D392,6,22.3
D392,7,25.5
D392,8,41.4
D392,9,28.7
D392,10,26.2
D392,11,29.0
D392,12,26.5
D392,13,32.2
D392,14,18.2
D392,15,28.3
D392,16,28.1
D392,17,28.0
D392,18,23.2
D392,19,36.7
D392,20,34.0
D392,21,25.2
D392,22,27.7
D392,23,35.0
D392,24,31.9
D392,25,26.4
D392,26,32.8
D393,1,73.4
D393,2,63.4
D393,3,85.3
D393,4,64.2
D393,5,74.2
D393,6,74.5
D393,7,66.5
D393,8,74.0
D393,9,56.7
D393,10,61.9
D393,11,70.2
D393,12,48.4
D393,13,63.2
D393,14,51.5
D394,1,69.4
D394,2,62.3
D394,3,68.8
D394,4,55.0
D394,5,54.3
D394,6,60.7
D394,7,58.3
D394,8,62.2
D394,9,52.4
D394,10,73.6
D394,11,61.7
D394,12,63.4
D394,13,69.2
D394,14,56.6
D394,15,84.1
D394,16,63.6
D394,17,65.4
D394,18,60.8
D394,19,59.0
D394,20,55.0
D394,21,67.0
D394,22,58.1
D394,23,58.3
D394,24,64.6
D394,25,59.3
D394,26,66.3
D395,1,80.2
D395,2,52.2
D395,3,74.9
D395,4,70.2
D395,5,68.4
D395,6,71.7
D395,7,85.3
D395,8,55.6
D395,9,74.2
D395,10,75.4
D395,11,65.7
D395,12,61.9
D395,13,66.6
D395,14,67.5
D395,15,68.6
D395,16,79.0
D395,17,73.7
D395,18,57.8
D395,19,90.1
D395,20,63.2
D395,21,65.0
D395,22,65.1
D395,23,70.0
D395,24,55.2
D395,25,66.9
D395,26,78.6
D396,1,28.8
D396,2,21.3
D396,3,13.8
D396,4,13.4
D396,5,33.5
D396,6,32.9
D396,7,14.2
D396,8,28.1
D396,9,18.1
D396,10,18.7
D396,11,19.3
D396,12,32.8
D396,13,21.3
D396,14,17.0
D396,15,20.8
D396,16,26.7
D396,17,21.3
D396,18,32.6
D396,19,25.5
D396,20,20.4
D396,21,27.5
D396,22,31.0
D396,23,38.2
D396,24,27.3
D396,25,26.7
D396,26,30.5
D397,1,98.3
D397,2,90.8
D397,3,92.5
D397,4,84.0
D397,5,81.8
D397,6,85.6
D397,7,78.5
D397,8,79.1
D397,9,79.1
D397,10,77.2
D397,11,81.9
D397,12,82.2
D398,1,63.2
D398,2,65.7
D398,3,65.3
D398,4,66.9
D398,5,66.8
D398,6,66.4
D398,7,66.7
D398,8,68.4
D398,9,69.9
D398,10,69.7
D398,11,66.9
D398,12,68.0
D398,13,68.7
D398,14,72.5
D398,15,63.4
D398,16,60.6
D398,17,70.5
D398,18,66.0
D398,19,70.5
D398,20,60.9
D398,21,64.4
D398,22,69.9
D398,23,74.9
D398,24,61.0
D398,25,69.2
D398,26,63.5
D399,1,53.8
D399,2,66.9
D399,3,58.9
D399,4,62.6
D399,5,49.9
D399,6,44.5
D399,7,57.7
D399,8,44.4
D399,9,48.5
D399,10,29.7
D399,11,57.1
D399,12,65.1
D399,13,44.0
D399,14,47.8
D399,15,40.9
D399,16,41.5
D399,17,75.9
D399,18,46.6
D399,19,52.0
D399,20,51.4
D399,21,42.8
D399,22,54.2
D399,23,39.1
D399,24,54.3
D399,25,36.2
D399,26,41.5
D400,1,84.5
D400,2,89.7
D400,3,86.4
D400,4,73.4
D400,5,96.2
D400,6,86.3
D400,7,88.3
D400,8,77.4
D400,9,78.2
D400,10,100.0
D400,11,76.5
D400,12,94.3
D400,13,88.3
D400,14,73.1
D400,15,85.5
D400,16,90.8
D400,17,84.6
D400,18,75.1
D400,19,68.7
D401,1,30.2
D401,2,32.1
D401,3,33.7
D401,4,28.3
D401,5,18.1
D401,6,29.5
D401,7,16.5
D401,8,19.2
D401,9,27.3
D401,10,27.1
D401,11,21.0
D401,12,33.7
D401,13,20.2
D401,14,22.5
D401,15,19.3
D401,16,32.0
D401,17,19.6
D401,18,11.3
D401,19,29.5
D401,20,31.3
D401,21,18.1
D401,22,27.1
D401,23,25.4
D401,24,23.0
D401,25,17.5
D401,26,16.2
D402,1,58.1
D402,2,44.0
D402,3,43.0
D402,4,47.2
D402,5,47.8
D402,6,46.9
D402,7,54.0
D402,8,41.0
D402,9,64.0
D402,10,27.8
D402,11,52.0
D402,12,23.6
D402,13,43.6
D402,14,29.6
D402,15,46.8
D402,16,30.6
D402,17,40.2
D402,18,23.2
D402,19,34.1
D402,20,9.5
D402,21,7.0
D402,22,8.2
D402,23,12.2
D402,24,11.1
D403,1,63.8
D403,2,69.4
D403,3,83.6
D403,4,67.8
D403,5,71.2
D403,6,79.4
D403,7,66.5
D403,8,65.8
D403,9,60.0
D403,10,72.9
D403,11,79.1
D403,12,67.1
D403,13,60.1
D403,14,60.8
D403,15,67.1
D403,16,58.6
D403,17,64.9
D403,18,69.5
D403,19,64.1
D403,20,65.0
D403,21,58.3
D403,22,64.4
D403,23,78.8
D403,24,73.1
D403,25,57.4
D403,26,74.9
D404,1,72.3
D404,2,59.4
D404,3,78.4
D404,4,61.9
D404,5,70.8
D404,6,69.0
D404,7,70.8
D404,8,68.1
D404,9,59.1
D404,10,78.2
D404,11,69.7
D404,12,74.8
D404,13,71.5
D404,14,77.0
D404,15,57.6
D404,16,76.8
D404,17,58.6
D404,18,55.8
D404,19,55.1
D404,20,45.0
D404,21,62.8
D405,1,44.3
D405,2,6.8
D405,3,13.8
D405,4,2.6
D405,5,24.0
D405,6,10.3
D405,7,17.0
D405,8,13.7
D405,9,14.9
D405,10,8.4
D405,11,17.0
D405,12,2.7
D405,13,12.2
D405,14,24.2
D405,15,5.4
D405,16,17.8
D405,17,11.5
D405,18,3.9
D405,19,7.5
D405,20,7.9
D405,21,25.0
D405,22,22.5
D405,23,9.9
D405,24,16.5
D405,25,31.5
D405,26,3.4
D406,1,86.3
D406,2,88.8
D406,3,90.9
D406,4,85.2
D406,5,77.3
D406,6,95.0
D406,7,79.4
D406,8,90.4
D406,9,87.9
D406,10,93.9
D406,11,89.3
D406,12,85.8
D406,13,86.1
D406,14,92.1
D406,15,91.2
D406,16,90.8
D406,17,96.8
D406,18,96.2
D406,19,85.6
D406,20,92.8
D406,21,85.3
D406,22,95.5
D406,23,92.5
D406,24,90.3
D406,25,89.6
D406,26,92.8
D407,1,60.0
D407,2,64.0
D407,3,69.0
D407,4,64.8
D407,5,66.1
D407,6,61.5
D407,7,63.1
D407,8,74.6
D407,9,58.4
D407,10,65.9
D407,11,63.7
D407,12,58.3
D407,13,76.3
D407,14,62.1
D407,15,71.4
D407,16,61.3
D407,17,54.4
D407,18,53.9
D407,19,42.8
D407,20,48.2
D407,21,60.2
D408,1,68.7
D408,2,78.5
D408,3,67.2
D408,4,55.9
D408,5,78.0
D408,6,69.1
D408,7,81.5
D408,8,62.5
D408,9,61.5
D408,10,57.7
D408,11,75.5
D408,12,60.1
D408,13,68.8
D408,14,69.9
D408,15,71.1
D408,16,73.6
D408,17,56.0
D408,18,51.1
D408,19,67.0
D408,20,63.9
D408,21,80.1
D408,22,61.4
D408,23,68.1
D408,24,52.7
D408,25,71.8
D408,26,83.8
D409,1,83.1
D409,2,98.8
D409,3,86.2
D409,4,86.7
D409,5,88.4
D409,6,78.7
D409,7,82.4
D409,8,93.5
D409,9,93.4
D409,10,77.3
D409,11,82.5
D409,12,86.3
D409,13,84.7
D409,14,83.2
D409,15,88.1
D409,16,83.5
D409,17,77.3
D409,18,92.1
D409,19,92.9
D409,20,71.4
D409,21,78.5
D409,22,78.0
D409,23,95.7
D409,24,81.5
D409,25,83.3
D409,26,80.9
D410,1,60.6
D410,2,62.6
D410,3,66.9
D410,4,58.5
D410,5,50.6
D410,6,51.5
D410,7,49.4
D410,8,41.7
D410,9,45.2
D410,10,43.6
D410,11,69.1
D410,12,49.3
D410,13,44.9
D410,14,54.4
D410,15,59.2
D410,16,44.5
D410,17,51.1
D410,18,30.5
D410,19,53.8
D410,20,49.8
D410,21,50.0
D410,22,47.5
D410,23,38.9
D410,24,40.2
D410,25,49.0
D410,26,39.3
D411,1,42.7
D411,2,38.4
D411,3,72.8
D411,4,45.7
D411,5,56.2
D411,6,53.9
D411,7,27.7
D411,8,44.1
D411,9,36.1
D411,10,42.7
D411,11,31.2
D411,12,33.1
D411,13,41.1
D411,14,41.6
D411,15,25.3
D411,16,37.9
D411,17,40.8
D411,18,49.1
D411,19,32.0
D411,20,42.9
D411,21,37.1
D411,22,51.1
D411,23,33.6
D411,24,41.6
D411,25,30.7
D411,26,29.7
D412,1,37.2
D412,2,27.4
D412,3,28.3
D412,4,39.2
D412,5,31.0
D412,6,23.3
D412,7,14.3
D412,8,41.1
D412,9,22.0
D412,10,24.9
D412,11,35.2
D412,12,17.4
D412,13,35.3
D412,14,35.4
D412,15,27.7
D412,16,38.9
D412,17,30.0
D412,18,23.6
D412,19,43.7
D412,20,21.1
D412,21,20.6
D412,22,31.0
D412,23,13.6
D412,24,28.7
D412,25,32.0
D412,26,14.9
D413,1,61.8
D413,2,59.4
D413,3,65.1
D413,4,54.2
D413,5,56.8
D413,6,62.6
D413,7,54.4
D413,8,53.1
D413,9,66.1
D413,10,66.3
D413,11,58.9
D413,12,63.4
D413,13,67.0
D413,14,60.0
D413,15,59.0
D413,16,62.8
D413,17,53.1
D413,18,57.5
D413,19,56.4
D413,20,43.3
D413,21,50.0
D413,22,42.2
D413,23,34.9
D414,1,77.7
D414,2,60.5
D414,3,65.4
D414,4,58.4
D414,5,57.1
D414,6,66.5
D414,7,61.9
D414,8,54.9
D414,9,79.9
D414,10,80.5
D414,11,63.5
D414,12,54.7
D414,13,56.5
D414,14,61.3
D414,15,61.6
D414,16,62.1
D414,17,60.4
D414,18,70.3
D414,19,52.7
D414,20,50.1
D414,21,51.9
D414,22,50.2
D414,23,50.6
D414,24,40.5
D414,25,37.2
D415,1,84.7
D415,2,90.2
D415,3,85.1
D415,4,95.6
D415,5,79.6
D415,6,85.1
D415,7,90.8
D415,8,88.6
D415,9,79.9
D415,10,84.4
D415,11,83.7
D415,12,98.2
D415,13,93.1
D415,14,79.3
D415,15,83.9
D415,16,89.9
D415,17,100.0
D415,18,94.2
D415,19,85.2
D415,20,79.4
D415,21,82.0
D415,22,92.7
D415,23,96.1
D415,24,91.9
D415,25,80.8
D415,26,92.4
D416,1,83.1
D416,2,83.8
D416,3,71.9
D416,4,95.4
D416,5,77.2
D416,6,84.5
D416,7,84.3
D416,8,87.4
D416,9,79.0
D416,10,83.5
D416,11,80.7
D416,12,85.4
D416,13,76.1
D416,14,88.5
D416,15,85.6
D416,16,87.8
D416,17,87.9
D416,18,84.3
D416,19,79.2
D416,20,78.5
D416,21,76.2
D416,22,79.9
D416,23,80.7
D416,24,79.9
D416,25,84.6
D416,26,77.0
D417,1,100.0
D417,2,91.7
D417,3,87.4
D417,4,91.5
D417,5,90.2
D417,6,92.7
D417,7,79.0
D417,8,96.3
D417,9,79.2
D417,10,88.3
D417,11,89.6
D417,12,88.2
D417,13,95.0
D417,14,88.7
D417,15,90.7
D417,16,96.1
D417,17,92.7
D417,18,80.8
D417,19,95.0
D417,20,91.5
D417,21,91.2
D417,22,76.7
D417,23,97.5
D417,24,88.2
D417,25,81.3
D417,26,82.6
D418,1,67.3
D418,2,70.1
D418,3,71.4
D418,4,62.9
D418,5,70.4
D418,6,69.4
D418,7,69.7
D418,8,64.2
D418,9,55.0
D418,10,74.8
D418,11,59.7
D418,12,60.5
D418,13,68.7
D418,14,58.4
D418,15,83.8
D418,16,70.3
D418,17,73.0
D418,18,64.2
D418,19,61.3
D418,20,55.1
D418,21,70.5
D418,22,47.4
D418,23,47.9
D418,24,89.3
D419,1,63.9
D419,2,76.5
D419,3,66.3
D419,4,70.1
D419,5,64.5
D419,6,68.7
D419,7,63.8
D419,8,65.9
D419,9,61.5
D419,10,62.7
D419,11,66.1
D419,12,73.6
D419,13,90.7
D419,14,70.4
D419,15,79.5
D419,16,64.0
D419,17,66.9
D419,18,71.5
D419,19,70.4
D419,20,80.5
D419,21,64.2
D419,22,65.7
D419,23,82.8
D419,24,75.0
D419,25,79.6
D419,26,78.9
D420,1,71.2
D420,2,68.8
D420,3,67.4
D420,4,69.3
D420,5,63.0
D420,6,62.8
D420,7,62.7
D420,8,69.6
D420,9,68.5
D420,10,67.9
D420,11,66.3
D420,12,59.5
D420,13,64.2
D420,14,67.5
D420,15,81.5
D420,16,68.6
D420,17,61.1
D420,18,61.5
D420,19,66.1
D420,20,71.0
D420,21,60.5
D420,22,63.2
D420,23,63.0
D420,24,59.8
D420,25,66.5
D420,26,62.4
D421,1,95.2
D421,2,86.5
D421,3,94.9
D421,4,75.2
D421,5,90.5
D421,6,96.4
D421,7,79.9
D421,8,84.3
D421,9,94.1
D421,10,94.0
D421,11,91.1
D421,12,85.3
D421,13,86.0
D421,14,94.9
D421,15,95.8
D421,16,88.2
D421,17,88.3
D421,18,89.0
D421,19,88.7
D421,20,91.8
D421,21,92.3
D421,22,87.3
D421,23,88.9
D421,24,86.0
D421,25,93.4
D421,26,88.3
D422,1,52.8
D422,2,42.6
D422,3,61.3
D422,4,60.0
D422,5,51.2
D422,6,43.9
D422,7,59.3
D422,8,56.5
D422,9,59.0
D422,10,42.8
D422,11,46.3
D422,12,61.5
D422,13,42.0
D422,14,51.8
D422,15,48.5
D422,16,54.8
D422,17,45.2
D422,18,51.7
D422,19,54.1
D422,20,31.8
D422,21,43.6
D422,22,43.8
D422,23,47.7
D422,24,48.2
D422,25,42.2
D422,26,30.3
D423,1,23.6
D423,2,21.9
D423,3,24.3
D423,4,19.3
D423,5,23.4
D423,6,24.2
D423,7,19.0
D423,8,14.1
D423,9,20.5
D423,10,15.8
D423,11,0.7
D423,12,2.4
D423,13,9.0
D423,14,16.9
D424,1,98.2
D424,2,93.5
D424,3,76.4
D424,4,86.8
D424,5,79.7
D424,6,80.9
D424,7,88.4
D424,8,96.8
D424,9,76.9
D424,10,79.8
D424,11,96.6
D424,12,89.1
D424,13,82.3
D424,14,86.7
D424,15,93.3
D424,16,96.1
D424,17,92.6
D424,18,88.2
D424,19,97.6
D424,20,78.3
D424,21,72.9
D424,22,83.1
D424,23,86.7
D424,24,87.4
D424,25,83.1
D424,26,80.2
D425,1,66.3
D425,2,63.4
D425,3,43.0
D425,4,62.8
D425,5,58.3
D425,6,51.0
D425,7,58.3
D425,8,67.9
D425,9,63.7
D425,10,66.1
D425,11,65.1
D425,12,53.8
D425,13,59.6
D425,14,63.1
D425,15,65.6
D425,16,63.9
D425,17,77.9
D425,18,65.1
D425,19,66.8
D425,20,75.0
D425,21,59.8
D425,22,66.7
D425,23,66.7
D425,24,55.1
D425,25,57.3
D425,26,57.2
D426,1,68.7
D426,2,58.3
D426,3,77.0
D426,4,58.5
D426,5,55.1
D426,6,64.7
D426,7,61.0
D426,8,65.2
D426,9,64.8
D426,10,56.6
D426,11,63.8
D426,12,63.5
D426,13,55.6
D426,14,58.7
D426,15,63.2
D426,16,57.1
D426,17,65.3
D426,18,65.7
D426,19,60.1
D426,20,61.5
D426,21,63.7
D426,22,52.0
D426,23,62.7
D426,24,65.2
D426,25,63.8
D426,26,71.6
D427,1,48.2
D427,2,58.3
D427,3,49.1
D427,4,55.9
D427,5,40.1
D427,6,42.2
D427,7,43.6
D427,8,29.1
D427,9,43.1
D427,10,47.4
D427,11,44.9
D427,12,39.4
D427,13,43.8
D427,14,41.5
D427,15,39.3
D427,16,37.7
D427,17,32.7
D427,18,38.3
D427,19,29.5
D427,20,28.2
D427,21,32.5
D427,22,30.8
D427,23,28.6
D427,24,32.1
D427,25,48.5
D427,26,34.8
D428,1,93.5
D428,2,87.7
D428,3,88.6
D428,4,85.1
D428,5,75.4
D428,6,96.5
D428,7,92.9
D428,8,94.4
D428,9,92.7
D428,10,91.0
D428,11,82.3
D428,12,91.0
D428,13,94.7
D428,14,91.0
D428,15,83.0
D428,16,84.9
D428,17,93.0
D428,18,85.2
D428,19,78.0
D428,20,74.7
D428,21,90.8
D428,22,81.2
D428,23,97.9
D428,24,94.4
D428,25,87.6
D428,26,78.1
D429,1,29.2
D429,2,2.8
D429,3,26.0
D429,4,12.8
D429,5,18.3
D429,6,13.3
D429,7,24.3
D429,8,24.4
D429,9,10.9
D429,10,25.4
D429,11,15.1
D429,12,29.8
D429,13,22.5
D429,14,8.3
D429,15,19.5
D429,16,8.4
D429,17,9.3
D429,18,26.9
D429,19,13.0
D429,20,4.6
D429,21,10.0
D429,22,11.2
D429,23,6.9
D429,24,23.4
D429,25,17.5
D429,26,13.1
D430,1,40.2
D430,2,39.2
D430,3,33.5
D430,4,14.9
D430,5,25.3
D430,6,39.4
D430,7,23.3
D430,8,30.6
D430,9,29.8
D430,10,21.5
D430,11,31.7
D430,12,19.0
D430,13,20.4
D430,14,33.1
D430,15,33.3
D430,16,26.6
D430,17,37.1
D430,18,25.0
D430,19,17.8
D430,20,24.0
D430,21,22.2
D430,22,38.3
D430,23,20.3
D430,24,25.7
D430,25,20.4
D430,26,29.1
D431,1,48.3
D431,2,57.5
D431,3,58.1
D431,4,44.2
D431,5,56.8
D431,6,54.8
D431,7,38.6
D431,8,53.0
D431,9,45.3
D431,10,33.9
D431,11,43.4
D431,12,27.8
D431,13,35.1
D431,14,39.1
D431,15,39.4
D431,16,35.9
D431,17,45.1
D431,18,31.9
D431,19,49.4
D431,20,22.7
D431,21,43.7
D431,22,35.5
D431,23,34.6
D431,24,36.5
D431,25,38.3
D431,26,50.6
D432,1,44.9
D432,2,57.2
D432,3,64.7
D432,4,59.7
D432,5,51.8
D432,6,49.2
D432,7,51.9
D432,8,43.6
D432,9,63.5
D432,10,59.0
D432,11,62.5
D432,12,56.8
D432,13,54.1
D432,14,59.7
D432,15,50.1
D432,16,49.5
D432,17,52.0
D432,18,46.9
D432,19,41.4
D432,20,43.2
D432,21,43.3
D432,22,34.7
D432,23,43.0
D432,24,42.2
D432,25,34.0
D432,26,36.6
D433,1,59.8
D433,2,81.6
D433,3,66.1
D433,4,64.6
D433,5,79.3
D433,6,63.8
D433,7,88.3
D433,8,59.2
D433,9,63.8
D433,10,77.1
D433,11,75.8
D433,12,63.8
D433,13,56.2
D433,14,63.5
D433,15,58.7
D433,16,73.9
D433,17,87.5
D433,18,61.3
D433,19,64.1
D433,20,61.5
D433,21,63.3
D433,22,62.3
D433,23,72.6
D433,24,64.0
D433,25,63.0
D433,26,64.4
D434,1,85.2
D434,2,78.0
D434,3,98.8
D434,4,87.3
D434,5,87.1
D434,6,85.0
D434,7,82.4
D434,8,79.1
D434,9,91.6
D434,10,77.6
D434,11,74.4
D434,12,85.0
D434,13,76.0
D434,14,70.1
D435,1,1.4
D435,2,12.5
D435,3,4.3
D435,4,9.1
D435,5,29.5
D435,6,19.4
D435,7,24.6
D435,8,12.4
D435,9,14.5
D435,10,8.6
D435,11,6.9
D435,12,24.5
D435,13,26.9
D435,14,11.2
D435,15,14.1
D435,16,11.4
D435,17,16.4
D435,18,18.2
D435,19,17.3
D435,20,17.4
D435,21,4.7
D435,22,15.0
D435,23,19.4
D435,24,18.7
D435,25,4.2
D435,26,10.9
D436,1,7.3
D436,2,8.9
D436,3,10.5
D436,4,17.9
D436,5,22.5
D436,6,15.9
D436,7,7.8
D436,8,27.0
D436,9,17.2
D436,10,23.7
D436,11,3.3
D436,12,0.0
D436,13,0.7
D436,14,0.5
D436,15,0.0
D437,1,95.4
D437,2,75.5
D437,3,76.4
D437,4,81.3
D437,5,81.2
D437,6,92.1
D437,7,88.1
D437,8,88.6
D437,9,89.7
D437,10,83.2
D437,11,79.9
D437,12,90.4
D437,13,76.7
D437,14,81.4
D437,15,84.5
D437,16,73.8
D437,17,86.9
D437,18,91.7
D437,19,86.2
D437,20,86.5
D437,21,84.4
D437,22,75.0
D437,23,91.4
D437,24,77.0
D437,25,85.3
D437,26,94.3
D438,1,81.2
D438,2,92.3
D438,3,83.3
D438,4,82.0
D438,5,91.9
D438,6,78.3
D438,7,86.5
D438,8,91.2
D438,9,85.2
D438,10,86.7
D438,11,90.8
D438,12,97.0
D438,13,86.6
D438,14,81.3
D438,15,89.2
D438,16,81.4
D438,17,89.8
D438,18,77.2
D438,19,91.5
D438,20,89.9
D438,21,74.5
D438,22,96.1
D438,23,87.4
D438,24,85.3
D438,25,89.6
D438,26,91.4
D439,1,62.3
D439,2,60.6
D439,3,66.7
D439,4,70.1
D439,5,80.7
D439,6,72.0
D439,7,74.9
D439,8,66.6
D439,9,68.6
D439,10,58.1
D439,11,86.0
D439,12,68.6
D439,13,78.9
D439,14,62.9
D439,15,83.6
D439,16,76.1
D439,17,67.0
D439,18,61.0
D439,19,78.7
D439,20,83.0
D439,21,85.4
D439,22,75.7
D439,23,74.5
D439,24,72.1
D439,25,59.9
D439,26,71.3
D440,1,70.2
D440,2,68.5
D440,3,65.0
D440,4,67.8
D440,5,63.6
D440,6,68.9
D440,7,64.5
D440,8,70.7
D440,9,66.4
D440,10,67.1
D440,11,63.8
D440,12,63.1
D440,13,62.8
D440,14,63.7
D440,15,63.3
D440,16,62.7
D440,17,65.5
D440,18,63.1
D440,19,66.4
D440,20,64.9
D440,21,58.4
D440,22,69.1
D440,23,65.1
D440,24,80.4
D440,25,58.7
D440,26,72.6
D441,1,55.4
D441,2,59.8
D441,3,51.8
D441,4,41.4
D441,5,54.8
D441,6,51.6
D441,7,47.7
D441,8,37.4
D441,9,32.7
D441,10,72.4
D441,11,48.3
D441,12,43.3
D441,13,28.1
D441,14,34.8
D441,15,40.5
D441,16,42.5
D441,17,41.5
D441,18,41.8
D441,19,55.5
D441,20,39.5
D441,21,35.3
D441,22,38.2
D441,23,30.8
D441,24,32.9
D441,25,46.7
D441,26,29.4
D442,1,67.0
D442,2,48.4
D442,3,59.6
D442,4,61.1
D442,5,58.3
D442,6,58.9
D442,7,69.9
D442,8,49.9
D442,9,53.5
D442,10,40.7
D442,11,51.5
D442,12,34.0
D442,13,47.3
D442,14,44.9
D442,15,47.5
D442,16,43.3
D442,17,51.9
D442,18,39.3
D442,19,42.5
D442,20,52.7
D442,21,43.9
D442,22,42.4
D442,23,66.4
D442,24,44.7
D442,25,36.6
D442,26,34.1
D443,1,17.6
D443,2,7.5
D443,3,5.1
D443,4,25.2
D443,5,7.8
D443,6,7.0
D443,7,0.0
D443,8,0.0
D443,9,0.0
D443,10,0.0
D443,11,7.4
D443,12,0.0
D444,1,79.1
D444,2,78.9
D444,3,90.0
D444,4,88.8
D444,5,90.0
D444,6,79.5
D444,7,80.6
D444,8,89.7
D444,9,87.8
D444,10,91.6
D444,11,82.6
D444,12,75.9
D444,13,75.3
D444,14,70.1
D444,15,82.9
D444,16,82.5
D445,1,49.2
D445,2,54.8
D445,3,49.7
D445,4,44.9
D445,5,40.4
D445,6,58.3
D445,7,45.9
D445,8,47.5
D445,9,44.8
D445,10,43.5
D445,11,48.4
D445,12,51.4
D445,13,41.5
D445,14,40.9
D445,15,48.6
D445,16,43.1
D445,17,45.8
D445,18,41.6
D445,19,35.1
D445,20,34.5
D445,21,33.2
D445,22,30.1
D445,23,29.3
D445,24,34.1
D445,25,35.3
D445,26,29.5
D446,1,11.8
D446,2,13.4
D446,3,2.6
D446,4,19.7
D446,5,4.3
D446,6,21.6
D446,7,18.4
D446,8,22.0
D446,9,19.4
D446,10,14.7
D446,11,17.2
D446,12,7.8
D446,13,23.9
D446,14,12.2
D446,15,18.1
D446,16,19.8
D446,17,7.1
D446,18,4.5
D446,19,28.6
D446,20,19.6
D446,21,18.0
D446,22,24.3
D446,23,20.1
D446,24,24.2
D446,25,21.5
D446,26,19.9
D447,1,9.6
D447,2,21.7
D447,3,20.5
D447,4,14.8
D447,5,16.4
D447,6,17.6
D447,7,25.0
D447,8,6.8
D447,9,9.3
D447,10,30.4
D447,11,21.5
D447,12,19.9
D447,13,17.3
D447,14,23.4
D447,15,13.6
D447,16,24.5
D447,17,13.2
D447,18,25.6
D447,19,9.1
D447,20,20.6
D447,21,24.8
D447,22,12.7
D447,23,25.5
D447,24,13.0
D447,25,29.7
D447,26,22.2
D448,1,78.8
D448,2,87.6
D448,3,76.7
D448,4,74.5
D448,5,80.0
D448,6,84.2
D448,7,82.8
D448,8,79.4
D448,9,85.3
D448,10,88.9
D448,11,73.9
D448,12,87.3
D448,13,83.1
D448,14,83.7
D448,15,77.1
D448,16,78.0
D448,17,83.9
D448,18,82.0
D448,19,78.0
D448,20,82.7
D448,21,86.4
D448,22,75.5
D448,23,82.8
D448,24,79.8
D448,25,78.7
D448,26,76.3
D449,1,79.8
D449,2,80.4
D449,3,92.7
D449,4,82.6
D449,5,97.2
D449,6,76.7
D449,7,87.5
D449,8,95.2
D449,9,83.9
D449,10,95.2
D449,11,90.0
D449,12,79.0
D449,13,87.4
D449,14,87.6
D449,15,79.4
D449,16,82.2
D449,17,83.3
D449,18,69.4
D449,19,96.7
D449,20,75.5
D449,21,95.8
D450,1,84.9
D450,2,83.6
D450,3,83.5
D450,4,86.0
D450,5,81.8
D450,6,78.6
D450,7,92.5
D450,8,93.9
D450,9,88.2
D450,10,91.8
D450,11,79.5
D450,12,88.1
D450,13,83.0
D450,14,89.9
D450,15,86.5
D450,16,92.8
D450,17,88.4
D450,18,78.0
D450,19,90.5
D450,20,80.4
D450,21,89.4
D450,22,84.5
D450,23,85.9
D450,24,91.5
D450,25,82.6
D450,26,92.3
D451,1,19.1
D451,2,9.8
D451,3,36.6
D451,4,15.8
D451,5,30.9
D451,6,18.2
D451,7,32.2
D451,8,23.7
D451,9,31.6
D451,10,40.2
D451,11,26.6
D451,12,17.3
D451,13,14.1
D451,14,22.1
D451,15,36.3
D451,16,37.5
D451,17,38.0
D451,18,27.3
D451,19,36.3
D451,20,73.8
D451,21,14.0
D451,22,37.6
D451,23,19.0
D451,24,32.1
D451,25,25.1
D451,26,45.2
D452,1,86.9
D452,2,93.0
D452,3,79.1
D452,4,88.3
D452,5,75.5
D452,6,74.6
D452,7,72.3
D452,8,77.4
D452,9,82.0
D453,1,28.5
D453,2,8.9
D453,3,19.4
D453,4,34.4
D453,5,26.4
D453,6,8.3
D453,7,6.7
D453,8,24.2
D453,9,12.2
D453,10,4.7
D453,11,16.1
D453,12,32.0
D453,13,11.6
D453,14,21.6
D453,15,21.9
D453,16,14.8
D453,17,13.1
D453,18,19.6
D453,19,7.5
D453,20,24.4
D453,21,2.9
D453,22,20.0
D453,23,19.9
D453,24,26.2
D453,25,16.2
D453,26,14.8
D454,1,51.9
D454,2,64.4
D454,3,65.1
D454,4,67.3
D454,5,57.2
D454,6,68.5
D454,7,60.0
D454,8,59.2
D454,9,69.6
D454,10,53.9
D454,11,52.9
D454,12,67.9
D454,13,72.0
D454,14,64.1
D454,15,66.6
D454,16,66.9
D454,17,70.9
D454,18,66.1
D454,19,74.0
D454,20,60.4
D454,21,58.6
D454,22,56.6
D454,23,63.1
D454,24,65.0
D454,25,58.9
D454,26,65.9
D455,1,60.4
D455,2,68.6
D455,3,66.8
D455,4,57.6
D455,5,64.3
D455,6,58.6
D455,7,92.2
D455,8,67.4
D455,9,70.3
D455,10,62.4
D455,11,67.9
D455,12,71.2
D455,13,64.1
D455,14,63.3
D455,15,75.2
D455,16,65.6
D455,17,63.4
D455,18,62.7
D455,19,75.9
D455,20,52.0
D455,21,55.5
D455,22,61.6
D455,23,58.8
D455,24,42.3
D456,1,51.2
D456,2,56.7
D456,3,56.9
D456,4,49.2
D456,5,52.9
D456,6,56.0
D456,7,52.8
D456,8,45.0
D456,9,60.0
D456,10,39.7
D456,11,51.6
D456,12,53.1
D456,13,50.4
D456,14,37.3
D456,15,43.5
D456,16,48.8
D456,17,38.5
D456,18,37.2
D456,19,29.4
D456,20,16.7
D456,21,42.0
D456,22,15.7
D456,23,10.2
D456,24,18.0
D457,1,74.8
D457,2,56.1
D457,3,92.6
D457,4,62.2
D457,5,69.1
D457,6,79.7
D457,7,71.9
D457,8,51.6
D457,9,53.6
D457,10,60.2
D457,11,70.7
D457,12,48.5
D457,13,47.7
D457,14,43.5
D458,1,61.7
D458,2,59.3
D458,3,63.6
D458,4,66.8
D458,5,56.7
D458,6,66.3
D458,7,54.0
D458,8,47.0
D458,9,59.1
D458,10,51.8
D458,11,51.5
D458,12,55.1
D458,13,51.2
D458,14,42.9
D458,15,43.5
D458,16,45.7
D459,1,64.0
D459,2,55.0
D459,3,64.0
D459,4,56.8
D459,5,59.2
D459,6,61.1
D459,7,52.2
D459,8,58.6
D459,9,56.4
D459,10,56.8
D459,11,60.3
D459,12,64.9
D459,13,55.0
D459,14,64.5
D459,15,74.5
D459,16,56.5
D459,17,62.3
D459,18,63.9
D459,19,62.3
D459,20,62.5
D459,21,66.0
D459,22,64.6
D459,23,56.3
D459,24,51.5
D459,25,59.0
D459,26,70.3
D460,1,63.6
D460,2,69.4
D460,3,71.0
D460,4,69.1
D460,5,68.9
D460,6,61.1
D460,7,63.9
D460,8,48.3
D460,9,72.7
D460,10,69.4
D460,11,71.2
D460,12,66.6
D460,13,72.2
D460,14,58.2
D460,15,59.9
D460,16,72.1
D460,17,64.0
D460,18,63.8
D460,19,70.4
D460,20,66.8
D460,21,78.3
D460,22,62.6
D460,23,83.9
D460,24,65.9
D460,25,68.7
D460,26,58.3
D461,1,31.9
D461,2,27.6
D461,3,37.9
D461,4,32.2
D461,5,25.3
D461,6,28.0
D461,7,33.3
D461,8,18.7
D461,9,27.1
D461,10,34.6
D461,11,19.8
D461,12,39.5
D461,13,29.4
D461,14,33.7
D461,15,23.9
D461,16,35.4
D461,17,32.5
D461,18,34.4
D461,19,26.1
D461,20,19.8
D461,21,41.5
D461,22,18.3
D461,23,31.8
D461,24,17.6
D461,25,42.7
D461,26,30.8
D462,1,97.0
D462,2,94.8
D462,3,98.5
D462,4,94.4
D462,5,95.0
D462,6,93.7
D462,7,95.8
D462,8,96.3
D462,9,100.0
D462,10,94.5
D462,11,92.6
D462,12,93.1
D462,13,91.3
D462,14,92.7
D462,15,86.1
D462,16,88.0
D462,17,83.9
D462,18,89.5
D462,19,93.3
D462,20,77.3
D462,21,93.6
D462,22,93.6
D462,23,100.0
D462,24,83.3
D462,25,83.1
D462,26,87.8
D463,1,91.3
D463,2,77.8
D463,3,86.4
D463,4,77.9
D463,5,78.8
D463,6,84.7
D463,7,94.6
D463,8,80.1
D463,9,89.1
D463,10,85.8
D463,11,91.6
D463,12,84.8
D463,13,92.8
D463,14,84.0
D463,15,96.2
D463,16,85.6
D463,17,82.0
D463,18,83.6
D463,19,91.3
D463,20,77.7
D463,21,91.8
D463,22,83.0
D463,23,83.7
D463,24,89.9
D463,25,79.4
D463,26,84.6
D464,1,51.8
D464,2,46.1
D464,3,42.6
D464,4,42.1
D464,5,33.8
D464,6,36.0
D464,7,32.9
D464,8,21.2
D464,9,28.6
D465,1,89.2
D465,2,92.8
D465,3,81.0
D465,4,98.5
D465,5,87.2
D465,6,88.4
D465,7,86.1
D465,8,84.3
D465,9,95.0
D465,10,76.3
D465,11,77.3
D465,12,92.5
D465,13,97.0
D465,14,97.1
D465,15,99.2
D465,16,83.3
D465,17,89.7
D465,18,76.6
D465,19,77.5
D465,20,74.5
D465,21,74.0
D465,22,83.9
D465,23,97.1
D465,24,88.2
D465,25,93.7
D465,26,96.8
D466,1,50.9
D466,2,57.6
D466,3,65.6
D466,4,76.2
D466,5,52.9
D466,6,59.1
D466,7,59.0
D466,8,47.6
D466,9,61.9
D466,10,57.4
D466,11,50.5
D466,12,63.1
D466,13,47.8
D466,14,41.0
D466,15,42.4
D466,16,52.6
D466,17,41.3
D466,18,38.0
D466,19,57.9
D466,20,42.9
D466,21,38.3
D466,22,42.2
D466,23,33.9
D466,24,52.7
D466,25,40.8
D466,26,41.6
D467,1,91.3
D467,2,77.6
D467,3,80.3
D467,4,92.0
D467,5,92.4
D467,6,89.0
D467,7,80.3
D467,8,93.6
D467,9,87.5
D467,10,86.6
D467,11,96.6
D467,12,91.5
D467,13,86.4
D467,14,91.7
D467,15,90.3
D467,16,79.9
D467,17,79.6
D467,18,72.4
D467,19,81.1
D467,20,94.3
D467,21,82.4
D467,22,78.7
D467,23,79.6
D467,24,94.1
D467,25,96.8
D467,26,86.1
D468,1,85.7
D468,2,82.9
D468,3,88.0
D468,4,85.8
D468,5,84.4
D468,6,83.5
D468,7,85.4
D468,8,80.2
D468,9,86.9
D468,10,95.1
D468,11,90.5
D468,12,92.8
D468,13,80.2
D468,14,85.0
D468,15,76.2
D468,16,83.5
D468,17,90.5
D468,18,95.5
D468,19,86.3
D468,20,78.0
D468,21,78.7
D468,22,77.9
D468,23,84.7
D468,24,80.2
D468,25,93.9
D468,26,81.8
D469,1,82.7
D469,2,61.7
D469,3,71.3
D469,4,55.7
D469,5,79.8
D469,6,65.1
D469,7,77.9
D469,8,80.5
D469,9,62.4
D469,10,63.9
D469,11,81.2
D469,12,69.6
D469,13,59.6
D469,14,68.9
D469,15,72.3
D469,16,67.8
D469,17,83.7
D469,18,81.0
D469,19,67.9
D469,20,63.6
D469,21,65.6
D469,22,62.8
D469,23,76.9
D469,24,71.6
D469,25,47.6
D469,26,69.7
D470,1,86.2
D470,2,87.6
D470,3,95.3
D470,4,90.2
D470,5,93.7
D470,6,93.3
D470,7,85.2
D470,8,93.6
D470,9,96.8
D470,10,76.4
D470,11,86.9
D470,12,85.0
D470,13,86.8
D470,14,90.8
D470,15,79.1
D470,16,79.8
D470,17,93.9
D470,18,84.4
D470,19,83.1
D470,20,74.1
D470,21,87.6
D470,22,77.9
D470,23,73.5
D471,1,29.6
D471,2,22.5
D471,3,25.9
D471,4,40.1
D471,5,29.0
D471,6,18.2
D471,7,17.5
D471,8,7.9
D471,9,22.5
D471,10,37.5
D471,11,18.3
D471,12,31.3
D471,13,26.7
D471,14,27.7
D471,15,37.0
D471,16,34.0
D471,17,35.8
D471,18,26.8
D471,19,25.9
D471,20,17.7
D471,21,46.8
D471,22,15.9
D471,23,28.2
D471,24,17.2
D471,25,14.2
D471,26,19.0
D472,1,28.7
D472,2,11.0
D472,3,18.1
D472,4,28.7
D472,5,7.8
D472,6,8.7
D472,7,26.2
D472,8,27.3
D472,9,19.9
D472,10,12.2
D472,11,8.6
D472,12,4.4
D472,13,17.0
D472,14,23.9
D472,15,19.8
D472,16,12.6
D472,17,15.6
D472,18,20.4
D472,19,10.0
D472,20,14.8
D472,21,9.9
D472,22,21.3
D472,23,13.8
D472,24,12.9
D472,25,5.0
D472,26,8.6
D473,1,74.8
D473,2,65.8
D473,3,56.9
D473,4,62.5
D473,5,64.1
D473,6,60.4
D473,7,66.2
D473,8,50.2
D473,9,70.7
D473,10,61.2
D473,11,64.8
D473,12,63.9
D473,13,67.0
D473,14,55.4
D473,15,63.8
D473,16,63.2
D473,17,64.0
D473,18,62.6
D473,19,66.8
D473,20,59.2
D473,21,66.3
D473,22,61.0
D473,23,42.1
D473,24,83.3
D473,25,54.3
D473,26,72.9
D474,1,55.5
D474,2,45.2
D474,3,38.0
D474,4,51.4
D474,5,45.0
D474,6,37.7
D474,7,44.1
D474,8,43.3
D474,9,34.0
D474,10,45.5
D474,11,35.0
D474,12,52.3
D474,13,49.1
D474,14,34.3
D474,15,41.7
D474,16,39.9
D474,17,35.0
D474,18,31.5
D474,19,25.2
D474,20,15.5
D474,21,16.5
D474,22,18.8
D474,23,14.6
D474,24,5.2
D474,25,13.0
D475,1,14.6
D475,2,32.7
D475,3,31.8
D475,4,17.6
D475,5,17.1
D475,6,28.7
D475,7,24.6
D475,8,26.0
D475,9,24.8
D475,10,28.3
D475,11,21.2
D475,12,20.3
D475,13,33.1
D475,14,16.1
D475,15,15.1
D475,16,24.3
D475,17,16.0
D475,18,23.6
D475,19,23.3
D475,20,27.4
D475,21,34.2
D475,22,24.2
D475,23,19.0
D475,24,18.8
D475,25,19.7
D475,26,27.9
D476,1,56.4
D476,2,54.5
D476,3,64.7
D476,4,42.6
D476,5,46.2
D476,6,62.7
D476,7,59.6
D476,8,65.5
D476,9,52.8
D476,10,53.8
D476,11,39.1
D476,12,55.6
D476,13,43.9
D476,14,52.6
D476,15,40.9
D476,16,52.8
D476,17,47.4
D476,18,40.3
D476,19,60.0
D476,20,40.3
D476,21,56.0
D476,22,43.7
D476,23,30.8
D476,24,47.4
D476,25,47.1
D476,26,28.0
D477,1,16.4
D477,2,38.1
D477,3,31.6
D477,4,37.9
D477,5,30.5
D477,6,31.9
D477,7,17.9
D477,8,31.4
D477,9,19.5
D477,10,36.8
D477,11,30.0
D477,12,23.4
D477,13,22.2
D477,14,27.3
D477,15,21.9
D477,16,26.8
D477,17,7.2
D477,18,40.0
D477,19,25.9
D477,20,37.2
D477,21,34.0
D477,22,12.1
D477,23,9.4
D477,24,31.2
D477,25,20.9
D477,26,16.5
D478,1,45.7
D478,2,83.9
D478,3,55.1
D478,4,49.7
D478,5,42.2
D478,6,45.3
D478,7,53.9
D478,8,54.7
D478,9,50.7
D478,10,48.4
D478,11,34.3
D478,12,57.7
D478,13,29.7
D478,14,46.3
D478,15,42.9
D478,16,32.4
D478,17,46.1
D478,18,35.6
D478,19,42.2
D478,20,44.2
D478,21,35.7
D478,22,36.4
D478,23,29.4
D478,24,36.7
D478,25,27.8
D478,26,24.5
D479,1,88.2
D479,2,95.3
D479,3,77.9
D479,4,91.6
D479,5,93.6
D479,6,87.3
D479,7,84.6
D479,8,83.0
D479,9,87.2
D479,10,81.0
D479,11,90.7
D479,12,82.6
D479,13,80.6
D479,14,81.1
D479,15,78.7
D479,16,87.1
D479,17,90.8
D479,18,92.7
D479,19,97.5
D479,20,82.0
D479,21,88.7
D479,22,80.1
D479,23,85.6
D479,24,74.7
D479,25,84.8
D479,26,88.9
D480,1,48.6
D480,2,70.6
D480,3,58.8
D480,4,63.5
D480,5,50.9
D480,6,70.5
D480,7,75.3
D480,8,66.1
D480,9,63.6
D480,10,59.7
D480,11,62.2
D480,12,69.1
D480,13,58.8
D480,14,66.2
D480,15,69.2
D480,16,87.8
D480,17,66.0
D480,18,69.4
D480,19,64.6
D480,20,64.1
D480,21,66.4
D480,22,62.8
D480,23,70.5
D480,24,64.2
D480,25,57.7
D480,26,66.8
D481,1,60.8
D481,2,60.4
D481,3,63.8
D481,4,56.8
D481,5,62.8
D481,6,62.0
D481,7,58.3
D481,8,73.4
D481,9,59.8
D481,10,63.1
D481,11,55.0
D481,12,56.2
D481,13,66.5
D481,14,62.4
D481,15,57.3
D481,16,65.9
D481,17,66.7
D481,18,62.2
D481,19,58.1
D481,20,63.1
D481,21,61.9
D481,22,55.2
D481,23,53.9
D481,24,60.3
D481,25,62.1
D481,26,64.5
D482,1,78.3
D482,2,97.3
D482,3,94.7
D482,4,81.5
D482,5,79.4
D482,6,77.3
D482,7,97.2
D482,8,92.4
D482,9,80.8
D482,10,83.0
D482,11,77.2
D482,12,79.0
D482,13,87.0
D482,14,80.2
D482,15,84.2
D482,16,81.0
D482,17,96.9
D482,18,84.3
D482,19,90.2
D482,20,93.1
D482,21,91.8
D482,22,79.0
D482,23,81.9
D482,24,88.1
D482,25,81.3
D482,26,84.7
D483,1,88.4
D483,2,85.0
D483,3,84.8
D483,4,92.3
D483,5,94.7
D483,6,79.1
D483,7,88.9
D483,8,90.0
D483,9,91.1
D483,10,98.2
D483,11,90.2
D483,12,91.9
D483,13,85.2
D483,14,80.0
D483,15,87.2
D483,16,93.9
D483,17,96.0
D483,18,80.4
D483,19,84.7
D483,20,93.5
D483,21,91.8
D483,22,85.1
D483,23,81.0
D483,24,87.1
D483,25,91.5
D483,26,80.1
D484,1,85.9
D484,2,83.2
D484,3,91.9
D484,4,76.9
D484,5,95.0
D484,6,91.7
D484,7,91.6
D484,8,92.0
D484,9,91.8
D484,10,92.1
D484,11,92.5
D484,12,89.3
D484,13,87.0
D484,14,89.0
D484,15,91.3
D484,16,82.8
D484,17,95.3
D484,18,96.3
D484,19,94.5
D484,20,93.5
D484,21,90.3
D484,22,93.3
D484,23,96.5
D484,24,90.6
D484,25,89.3
D484,26,93.4
D485,1,21.5
D485,2,15.8
D485,3,13.8
D485,4,10.3
D485,5,7.8
D485,6,9.0
D485,7,0.0
D485,8,0.0
D485,9,0.0
D485,10,11.4
D485,11,0.0
D486,1,42.2
D486,2,47.3
D486,3,45.5
D486,4,58.0
D486,5,56.8
D486,6,59.3
D486,7,46.3
D486,8,48.9
D486,9,54.4
D486,10,49.6
D486,11,44.7
D486,12,51.6
D486,13,52.5
D486,14,58.4
D486,15,45.4
D486,16,49.1
D486,17,48.5
D486,18,58.3
D486,19,47.9
D486,20,47.7
D486,21,55.8
D486,22,37.4
D486,23,44.9
D486,24,50.1
D486,25,42.2
D486,26,34.1
D487,1,83.1
D487,2,78.3
D487,3,60.7
D487,4,71.9
D487,5,62.5
D487,6,71.6
D487,7,54.7
D487,8,57.9
D487,9,58.7
D487,10,63.2
D487,11,73.0
D487,12,66.0
D487,13,59.5
D487,14,61.7
D487,15,42.3
D487,16,71.2
D487,17,65.3
D487,18,55.8
D487,19,62.7
D487,20,65.1
D487,21,81.4
D487,22,62.7
D487,23,57.3
D487,24,71.1
D487,25,92.0
D487,26,59.3
D488,1,30.2
D488,2,23.2
D488,3,40.7
D488,4,11.7
D488,5,22.4
D488,6,26.5
D488,7,29.6
D488,8,33.2
D488,9,45.9
D488,10,31.4
D488,11,9.5
D488,12,28.6
D488,13,38.4
D488,14,26.0
D488,15,18.1
D488,16,15.7
D488,17,21.0
D488,18,24.2
D488,19,29.2
D488,20,19.9
D488,21,15.6
D488,22,13.0
D488,23,0.0
D488,24,5.6
D489,1,66.4
D489,2,77.8
D489,3,75.9
D489,4,74.0
D489,5,73.5
D489,6,72.0
D489,7,68.1
D489,8,63.7
D489,9,59.7
D489,10,71.3
D489,11,60.6
D489,12,65.4
D489,13,72.6
D489,14,74.3
D489,15,81.3
D489,16,70.8
D489,17,69.5
D489,18,61.3
D489,19,66.2
D489,20,61.8
D489,21,80.7
D489,22,65.9
D489,23,62.7
D489,24,66.0
D489,25,92.0
D489,26,66.2
D490,1,70.4
D490,2,81.9
D490,3,55.5
D490,4,65.2
D490,5,92.7
D490,7,68.1
D490,8,67.4
D490,9,69.3
D490,10,65.0
D490,11,65.2
D490,12,66.5
D490,13,69.1
D490,14,78.3
D490,15,62.6
D490,16,59.9
D490,17,68.5
D490,18,66.9
D490,19,70.2
D490,20,63.7
D490,21,79.2
D490,22,79.3
D490,23,72.2
D490,24,74.1
D490,25,68.8
D490,26,68.0
D491,1,77.7
D491,2,80.8
D491,3,90.0
D491,4,79.1
D491,5,81.4
D491,6,75.4
D491,7,91.2
D491,8,77.3
D491,9,92.7
D491,10,86.2
D491,11,89.1
D491,12,84.1
D491,13,92.4
D491,14,79.0
D491,15,87.4
D491,16,79.0
D491,17,91.7
D491,18,72.8
D491,19,80.8
D491,20,79.6
D491,21,85.1
D491,22,70.1
D491,23,69.4
D492,1,54.5
D492,2,48.4
D492,3,53.2
D492,4,42.3
D492,5,52.4
D492,6,55.4
D492,7,45.3
D492,8,79.7
D492,9,55.5
D492,10,46.1
D492,11,43.7
D492,12,40.9
D492,13,39.7
D492,14,38.4
D492,15,39.7
D492,16,47.4
D492,17,44.7
D492,18,43.9
D492,19,58.2
D492,20,41.6
D492,21,47.1
D492,22,47.1
D492,23,46.5
D492,24,37.8
D492,25,32.3
D492,26,36.7
D493,1,75.8
D493,2,87.2
D493,3,76.5
D493,4,78.2
D493,5,79.6
D493,6,92.7
D493,7,75.1
D493,8,82.8
D493,9,76.6
D493,10,86.1
D493,11,86.3
D493,12,91.0
D493,13,77.7
D493,14,79.2
D493,15,80.0
D493,16,78.7
D493,17,80.0
D493,18,81.8
D493,19,87.0
D493,20,80.3
D493,21,83.8
D493,22,81.0
D493,23,86.5
D493,24,97.6
D493,25,82.6
D493,26,78.0
D494,1,28.4
D494,2,26.3
D494,3,27.9
D494,4,37.5
D494,5,31.2
D494,6,27.2
D494,7,23.5
D494,8,30.5
D494,9,29.0
D494,10,34.7
D494,11,22.7
D494,12,25.2
D494,13,18.7
D494,14,26.1
D494,15,20.6
D494,16,26.2
D494,17,30.8
D494,18,29.5
D494,19,17.2
D494,20,24.5
D494,21,21.5
D494,22,25.0
D494,23,26.7
D494,24,44.2
D494,25,35.3
D494,26,39.5
D495,1,52.1
D495,2,55.5
D495,3,70.7
D495,4,43.0
D495,5,47.2
D495,6,40.5
D495,7,56.4
D495,8,35.6
D495,9,33.5
D495,10,42.7
D495,11,47.4
D495,12,46.1
D495,13,32.9
D495,14,39.3
D495,15,44.9
D495,16,46.1
D495,17,34.9
D495,18,39.4
D495,19,36.2
D495,20,54.8
D495,21,33.0
D495,22,35.1
D495,23,39.2
D495,24,32.1
D495,25,40.4
D495,26,38.4
D496,1,15.4
D496,2,0.0
D496,3,22.4
D496,4,13.6
D496,5,11.1
D496,6,24.0
D496,7,8.8
D496,8,10.8
D496,9,11.2
D496,10,12.8
D496,11,16.6
D496,12,16.1
D496,13,15.9
D496,14,9.6
D496,15,20.5
D496,16,9.0
D496,17,19.5
D496,18,11.4
D496,19,11.0
D496,20,19.3
D496,21,9.2
D496,22,15.0
D496,23,12.1
D496,24,18.1
D496,25,20.8
D496,26,9.7
D497,1,98.4
D497,2,73.6
D497,3,86.9
D497,4,95.0
D497,5,79.5
D497,6,88.1
D497,7,77.5
D497,8,90.3
D497,9,86.3
D497,10,85.7
D497,11,84.9
D497,12,82.8
D497,13,89.8
D497,14,78.6
D497,15,86.6
D497,16,95.8
D497,17,82.1
D497,18,81.5
D497,19,80.3
D497,20,87.1
D497,21,88.8
D497,22,88.8
D497,23,79.2
D497,24,91.8
D497,25,89.8
D497,26,81.4
D498,1,44.5
D498,2,44.2
D498,3,27.6
D498,4,52.8
D498,5,49.8
D498,6,42.1
D498,7,23.9
D498,8,47.3
D498,9,33.0
D498,10,37.9
D498,11,12.8
D498,12,30.0
D498,13,14.3
D498,14,28.7
D498,15,32.4
D499,1,17.4
D499,2,16.6
D499,3,26.9
D499,4,25.5
D499,5,22.4
D499,6,11.9
D499,7,15.4
D499,8,38.2
D499,9,28.5
D499,10,27.3
D499,11,28.3
D499,12,28.8
D499,13,15.4
D499,14,21.9
D499,15,25.5
D499,16,33.1
D499,17,26.7
D499,18,29.9
D499,19,34.0
D499,20,20.6
D499,21,23.0
D499,22,15.5
D499,23,18.6
D499,24,13.8
D499,25,33.0
D499,26,12.4
D500,1,55.2
D500,2,55.0
D500,3,69.3
D500,4,53.4
D500,5,53.2
D500,6,80.3
D500,7,47.7
D500,8,65.3
D500,9,71.7
D500,10,51.4
D500,11,67.5
D500,12,71.9
D500,13,59.5
D500,14,69.0
D500,15,65.4
D500,16,77.6
D500,17,68.8
D500,18,61.4
D500,19,63.4
D500,20,66.3
D500,21,57.1
D500,22,67.2
D500,23,54.0
D500,24,59.8
D500,25,56.7
D500,26,61.7
D501,1,64.1
D501,2,61.4
D501,3,66.6
D501,4,71.2
D501,5,62.1
D501,6,78.9
D501,7,66.0
D501,8,65.9
D501,9,59.0
D501,10,54.1
D501,11,70.2
D501,12,53.6
D501,13,54.1
D501,14,56.9
D501,15,49.9
D501,16,47.6
D502,1,29.0
D502,2,9.4
D502,3,27.1
D502,4,19.0
D502,5,15.7
D502,6,35.0
D502,7,24.4
D502,8,27.1
D502,9,4.2
D502,10,27.3
D502,11,28.6
D502,12,35.8
D502,13,27.9
D502,14,25.3
D502,15,32.6
D502,16,27.5
D502,17,8.6
D502,18,11.3
D502,19,15.7
D502,20,26.8
D502,21,10.0
D502,22,41.8
D502,23,9.8
D502,24,18.5
D502,25,17.4
D502,26,19.4
D503,1,25.0
D503,2,34.8
D503,3,26.4
D503,4,23.0
D503,5,9.8
D503,6,26.1
D503,7,22.2
D503,8,20.9
D503,9,34.5
D503,10,22.8
D503,11,27.7
D503,12,42.2
D503,13,34.2
D503,14,15.8
D503,15,23.9
D503,16,22.4
D503,17,29.0
D503,18,36.1
D503,19,13.3
D503,20,35.5
D503,21,27.5
D503,22,13.3
D503,23,6.7
D503,24,9.9
D503,25,9.2
D503,26,7.3
D504,1,53.4
D504,2,61.9
D504,3,54.3
D504,4,56.8
D504,5,52.4
D504,6,44.7
D504,7,50.1
D504,8,44.4
D504,9,39.9
D504,10,58.8
D504,11,47.1
D504,12,52.1
D504,13,49.2
D504,14,50.5
D504,15,45.0
D504,16,43.6
D504,17,45.4
D504,18,45.8
D504,19,48.3
D504,20,45.8
D504,21,33.0
D504,22,42.8
D504,23,43.9
D504,24,45.4
D504,25,55.1
D504,26,43.6
D505,1,11.2
D505,2,12.3
D505,3,24.0
D505,4,9.2
D505,5,18.7
D505,6,11.8
D505,7,7.9
D505,8,11.8
D505,9,25.6
D505,10,19.7
D505,11,21.8
D505,12,23.9
D505,13,19.1
D505,14,11.6
D505,15,18.8
D505,16,10.7
D505,17,24.7
D505,18,17.7
D505,19,14.5
D505,20,19.5
D505,21,5.4
D505,22,11.8
D505,23,9.4
D505,24,17.1
D505,25,8.9
D505,26,23.7
D506,1,71.5
D506,2,62.4
D506,3,62.9
D506,4,68.8
D506,5,80.4
D506,6,63.8
D506,7,61.8
D506,8,64.5
D506,9,70.9
D506,10,67.0
D506,11,70.4
D506,12,69.8
D506,13,60.5
D506,14,66.1
D506,15,67.7
D506,16,61.8
D506,17,64.8
D506,18,66.8
D506,19,65.6
D506,20,70.2
D506,21,65.1
D506,22,68.2
D506,23,58.7
D506,24,64.0
D506,25,70.4
D506,26,66.4
D507,1,60.4
D507,2,72.3
D507,3,63.6
D507,4,70.2
D507,5,71.6
D507,6,69.5
D507,7,66.4
D507,8,75.0
D507,9,62.9
D507,10,61.3
D507,11,60.3
D507,12,60.0
D507,13,65.9
D507,14,65.7
D507,15,64.7
D507,16,58.0
D507,17,64.9
D507,18,71.7
D507,19,62.6
D507,20,75.5
D507,21,68.9
D507,22,63.4
D507,23,78.5
D507,24,66.1
D507,25,78.1
D507,26,66.9
D508,1,77.1
D508,2,69.0
D508,3,74.6
D508,4,66.1
D508,5,65.4
D508,6,72.6
D508,7,63.2
D508,8,83.3
D508,9,63.5
D508,10,76.4
D508,11,70.9
D508,12,64.2
D508,13,76.2
D508,14,76.2
D508,15,76.4
D508,16,62.0
D508,17,84.8
D508,18,70.6
D508,19,62.5
D508,20,74.1
D508,21,63.3
D508,22,75.1
D508,23,70.4
D508,24,62.6
D508,25,74.1
D508,26,62.3
D509,1,10.8
D509,2,15.3
D509,3,13.6
D509,4,6.5
D509,5,16.5
D509,6,25.6
D509,7,9.5
D509,8,14.6
D509,9,12.1
D509,10,13.3
D509,11,6.7
D509,12,7.9
D509,13,12.8
D509,14,11.0
D509,15,25.7
D509,16,13.2
D509,17,9.8
D509,18,17.4
D509,19,9.3
D509,20,9.1
D509,21,8.2
D509,22,22.2
D509,23,6.6
D509,24,14.8
D509,25,10.4
D509,26,12.1
D510,1,6.9
D510,2,14.0
D510,3,7.8
D510,4,3.5
D510,5,10.7
D510,6,23.3
D510,7,14.8
D510,8,7.0
D510,9,3.2
D510,10,13.2
D510,11,6.5
D510,12,10.2
D510,13,23.3
D510,14,24.4
D510,15,0.0
D510,16,13.4
D510,17,26.2
D510,18,14.5
D510,19,4.6
D510,20,12.3
D510,21,7.4
D510,22,36.5
D510,23,13.1
D510,24,25.0
D510,25,20.8
D510,26,11.0
D511,1,20.7
D511,2,20.0
D511,3,9.8
D511,4,5.5
D511,5,10.6
D511,6,10.4
D511,7,13.2
D511,8,23.5
D511,9,7.9
D511,10,15.0
D511,11,12.2
D511,12,18.4
D511,13,14.8
D511,14,26.3
D511,15,25.1
D511,16,8.2
D511,17,22.3
D511,18,14.1
D511,19,19.0
D511,20,7.0
D511,21,20.1
D511,22,0.5
D511,23,21.4
D511,24,8.3
D511,25,18.8
D511,26,12.8
D512,1,56.9
D512,2,63.5
D512,3,45.4
D512,4,61.1
D512,5,65.1
D512,6,67.0
D512,7,59.6
D512,8,69.9
D512,9,66.4
D512,10,66.4
D512,11,59.2
D512,12,57.9
D512,13,71.2
D512,14,73.0
D512,15,57.9
D512,16,81.0
D512,17,57.0
D512,18,52.6
D512,19,66.6
D512,20,62.6
D512,21,63.5
D512,22,59.5
D512,23,68.7
D512,24,57.0
D512,25,62.1
D512,26,48.9
D513,1,29.3
D513,2,18.7
D513,3,10.9
D513,4,29.0
D513,5,34.6
D513,6,24.5
D513,7,31.6
D513,8,18.2
D513,9,34.9
D513,10,40.6
D513,11,23.7
D513,12,25.0
D513,13,13.4
D513,14,35.9
D513,15,31.5
D513,16,21.9
D513,17,35.1
D513,18,30.6
D513,19,16.2
D513,20,28.1
D513,21,24.1
D513,22,20.6
D513,23,24.4
D513,24,26.7
D513,25,33.5
D513,26,17.8
D514,1,27.1
D514,2,27.2
D514,3,26.7
D514,4,15.9
D514,5,24.8
D514,6,49.2
D514,7,30.0
D514,8,36.7
D514,9,36.1
D514,10,22.0
D514,11,30.9
D514,12,24.2
D514,13,26.0
D514,14,30.5
D514,15,23.9
D514,16,31.9
D514,17,20.7
D514,18,33.9
D514,19,35.2
D514,20,40.7
D514,21,36.4
D514,22,25.9
D514,23,14.1
D514,24,23.9
D514,25,17.3
D514,26,24.3
D515,1,18.7
D515,2,22.0
D515,3,31.2
D515,4,25.4
D515,5,37.1
D515,6,18.4
D515,7,28.5
D515,8,24.8
D515,9,19.5
D515,10,18.3
D515,11,26.3
D515,12,19.5
D515,13,14.4
D515,14,18.5
D515,15,27.4
D515,16,34.8
D515,17,28.0
D515,18,22.1
D515,19,17.3
D515,20,32.9
D515,21,29.5
D515,22,28.0
D515,23,29.0
D515,24,34.8
D515,25,17.6
D515,26,19.7
D516,1,61.1
D516,2,58.4
D516,3,66.4
D516,4,55.0
D516,5,59.7
D516,6,58.2
D516,7,65.5
D516,8,62.8
D516,9,58.3
D516,10,61.9
D516,11,49.1
D516,12,66.1
D516,13,58.1
D516,14,66.3
D516,15,65.9
D516,16,62.8
D516,17,64.3
D516,18,61.8
D516,19,58.6
D516,20,64.2
D516,21,60.4
D516,22,62.1
D516,23,62.0
D516,24,62.8
D516,25,60.6
D516,26,62.6
D517,1,59.0
D517,2,43.5
D517,3,49.1
D517,4,52.0
D517,5,54.5
D517,6,37.2
D517,7,38.6
D517,8,43.8
D517,9,44.6
D517,10,41.3
D517,11,45.5
D517,12,48.3
D517,13,31.0
D517,14,30.3
D517,15,59.6
D517,16,35.7
D517,17,41.5
D517,18,44.1
D517,19,46.7
D517,20,33.4
D517,21,42.4
D517,22,33.2
D517,23,36.0
D517,24,24.3
D517,25,27.7
D517,26,34.1
D518,1,34.4
D518,2,27.4
D518,3,28.0
D518,4,41.9
D518,5,19.6
D518,6,23.3
D518,7,14.3
D518,8,11.3
D518,9,23.1
D518,10,25.3
D518,11,14.5
D518,12,21.8
D518,13,11.8
D518,14,0.0
D518,15,6.2
D518,16,0.0
D518,17,0.0
D518,18,14.6
D519,1,83.3
D519,2,75.6
D519,3,83.0
D519,4,80.4
D519,5,84.9
D519,6,89.7
D519,7,99.3
D519,8,86.7
D519,9,90.0
D519,10,76.7
D519,11,79.4
D519,12,79.0
D519,13,74.7
D519,14,83.9
D519,15,80.1
D519,16,77.6
D519,17,77.8
D519,18,86.0
D519,19,75.9
D519,20,89.6
D519,21,89.3
D519,22,78.2
D519,23,93.8
D519,24,85.1
D519,25,77.6
D519,26,94.0
D520,1,10.8
D520,2,12.3
D520,3,14.5
D520,4,23.9
D520,5,3.9
D520,6,7.2
D520,7,20.3
D520,8,11.5
D520,9,29.3
D520,10,20.0
D520,11,21.8
D520,12,18.4
D520,13,15.1
D520,14,14.2
D520,15,10.1
D520,16,5.8
D520,17,12.2
D520,18,13.5
D520,19,15.4
D520,20,28.5
D520,21,27.9
D520,22,24.0
D520,23,11.1
D520,24,24.4
D520,25,24.7
D520,26,14.1
D521,1,84.3
D521,2,84.8
D521,3,82.0
D521,4,81.8
D521,5,80.1
D521,6,87.6
D521,7,91.4
D521,8,82.9
D521,9,83.8
D521,10,95.8
D521,11,79.1
D521,12,86.5
D521,13,74.8
D521,14,78.9
D521,15,91.7
D521,16,75.3
D521,17,83.6
D521,18,91.4
D521,19,87.8
D522,1,56.0
D522,2,79.7
D522,3,66.9
D522,4,56.5
D522,5,69.0
D522,6,81.4
D522,7,64.8
D522,8,69.8
D522,9,70.1
D522,10,60.1
D522,11,63.1
D522,12,72.5
D522,13,86.7
D522,14,82.6
D522,15,73.4
D522,16,65.0
D522,17,67.9
D522,18,64.0
D522,19,70.0
D522,20,71.0
D522,21,58.8
D522,22,61.8
D522,23,68.6
D522,24,69.0
D522,25,67.2
D522,26,68.6
D523,1,11.2
D523,2,15.1
D523,3,21.9
D523,4,11.0
D523,5,2.5
D523,6,7.4
D523,7,10.7
D523,8,5.0
D523,9,9.8
D523,10,11.9
D523,11,0.0
D523,12,0.0
D523,13,0.0
D523,14,12.4
D524,1,20.8
D524,2,24.3
D524,3,17.9
D524,4,14.6
D524,5,8.9
D524,6,11.2
D524,7,19.3
D524,8,31.4
D524,9,16.3
D524,10,11.8
D524,11,17.2
D524,12,20.6
D524,13,16.0
D524,14,20.9
D524,15,11.6
D524,16,15.1
D524,17,15.5
D524,18,14.2
D524,19,23.5
D524,20,19.9
D524,21,14.9
D524,22,20.0
D524,23,9.7
D524,24,10.3
D524,25,20.2
D524,26,14.3
D525,1,35.1
D525,2,17.1
D525,3,27.1
D525,4,9.7
D525,5,23.8
D525,6,31.9
D525,7,38.1
D525,8,45.2
D525,9,10.1
D525,10,18.0
D525,11,18.9
D525,12,19.8
D525,13,8.2
D525,14,34.0
D525,15,17.3
D525,16,3.8
D525,17,6.7
D525,18,0.0
D525,19,4.4
D525,20,4.7
D526,1,66.6
D526,2,56.7
D526,3,65.8
D526,4,72.7
D526,5,61.6
D526,6,66.6
D526,7,66.0
D526,8,77.5
D526,9,75.7
D526,10,65.3
D526,11,64.8
D526,12,57.7
D526,13,60.7
D526,14,66.8
D526,15,57.0
D526,16,73.5
D526,17,64.0
D526,18,69.7
D526,19,60.5
D526,20,74.2
D526,21,65.8
D526,22,63.8
D526,23,65.9
D526,24,63.2
D526,25,65.9
D526,26,70.0
D527,1,78.1
D527,2,57.5
D527,3,69.7
D527,4,67.1
D527,5,60.9
D527,6,63.6
D527,7,74.0
D527,8,78.5
D527,9,48.7
D527,10,69.9
D527,11,56.8
D527,12,59.0
D527,13,74.3
D527,14,70.9
D527,15,64.7
D527,16,71.6
D527,17,80.8
D527,18,64.2
D527,19,56.9
D527,20,76.1
D527,21,65.0
D527,22,72.6
D527,23,59.8
D527,24,64.8
D527,25,57.9
D527,26,53.9
D528,1,73.5
D528,2,56.9
D528,3,64.0
D528,4,66.3
D528,5,76.7
D528,6,58.7
D528,7,72.0
D528,8,64.7
D528,9,73.7
D528,10,64.5
D528,11,58.1
D528,12,72.7
D528,13,65.9
D528,14,62.9
D528,15,79.8
D528,16,65.2
D528,17,73.1
D528,18,71.3
D528,19,78.6
D528,20,68.6
D528,21,72.3
D528,22,55.0
D528,23,43.8
D528,24,73.9
D528,25,70.4
D528,26,70.3
D529,1,19.9
D529,2,10.4
D529,3,11.8
D529,4,10.7
D529,5,30.2
D529,6,19.4
D529,7,26.2
D529,8,22.7
D529,9,13.0
D529,10,14.8
D529,11,13.9
D529,12,9.9
D529,13,24.0
D529,14,23.2
D529,15,28.2
D529,16,6.7
D529,17,7.8
D529,18,8.1
D529,19,15.7
D529,20,16.5
D529,21,15.3
D529,22,19.9
D529,23,22.5
D529,24,18.1
D529,25,20.6
D529,26,18.6
D530,1,55.1
D530,2,78.7
D530,3,59.8
D530,4,60.2
D530,5,63.0
D530,6,60.3
D530,7,62.3
D530,8,61.2
D530,9,68.9
D530,10,71.2
D530,11,58.8
D530,12,63.3
D530,13,63.5
D530,14,52.8
D530,15,67.2
D530,16,64.5
D530,17,63.0
D530,18,65.3
D530,19,63.9
D530,20,63.7
D530,21,63.7
D530,22,65.9
D530,23,62.7
D530,24,61.7
D530,25,77.0
D530,26,69.9
D531,1,63.6
D531,2,58.2
D531,3,59.6
D531,4,73.5
D531,5,66.7
D531,6,56.7
D531,7,62.1
D531,8,62.7
D531,9,60.3
D531,10,78.3
D531,11,58.2
D531,12,80.9
D531,13,62.4
D531,14,58.3
D531,15,65.1
D531,16,64.5
D531,17,63.5
D531,18,65.1
D531,19,58.8
D531,20,51.7
D531,21,61.0
D531,22,55.3
D531,23,69.9
D531,24,62.5
D531,25,65.1
D531,26,64.5
D532,1,75.8
D532,2,78.9
D532,3,79.4
D532,4,81.0
D532,5,84.8
D532,6,92.0
D532,7,89.5
D532,8,79.2
D532,9,90.4
D532,10,83.6
D532,11,77.5
D532,12,71.3
D532,13,77.8
D532,14,83.5
D532,15,85.7
D532,16,86.7
D532,17,76.1
D532,18,79.7
D532,19,92.5
D532,20,97.5
D532,21,76.4
D532,22,79.9
D532,23,86.4
D532,24,78.2
D532,25,80.1
D532,26,75.0
D533,1,72.2
D533,2,80.8
D533,3,65.0
D533,4,60.0
D533,5,74.6
D533,6,57.9
D533,7,70.6
D533,8,57.7
D533,9,71.3
D533,10,56.0
D533,11,62.2
D533,12,77.6
D533,13,51.0
D533,14,63.0
D533,15,71.9
D533,16,69.6
D533,17,48.9
D533,18,67.9
D533,19,62.2
D533,20,62.8
D533,21,70.8
D533,22,64.1
D533,23,63.7
D533,24,67.2
D533,25,66.9
D533,26,61.6
D534,1,76.0
D534,2,91.3
D534,3,73.9
D534,4,79.4
D534,5,94.2
D534,6,79.6
D534,7,82.7
D534,8,81.0
D534,9,84.4
D534,10,88.3
D534,11,92.9
D534,12,89.5
D534,13,84.2
D534,14,94.7
D534,15,79.9
D534,16,87.9
D534,17,76.4
D534,18,86.3
D534,19,89.6
D534,20,79.0
D534,21,87.3
D534,22,79.2
D534,23,91.0
D534,24,87.5
D534,25,85.4
D534,26,94.6
D535,1,44.1
D535,2,59.2
D535,3,78.1
D535,4,65.9
D535,5,66.0
D535,6,71.9
D535,7,72.4
D535,8,65.5
D535,9,73.7
D535,10,61.0
D535,11,60.1
D535,12,58.7
D535,13,56.6
D535,14,64.8
D535,15,56.9
D535,16,73.8
D535,17,62.3
D535,18,57.4
D535,19,77.4
D535,20,62.9
D535,21,62.7
D535,22,55.8
D535,23,65.4
D535,24,70.4
D535,25,61.9
D535,26,59.3
D536,1,15.3
D536,2,22.3
D536,3,7.9
D536,4,19.9
D536,5,11.3
D536,6,12.9
D536,7,11.0
D536,8,12.2
D536,9,22.7
D536,10,5.1
D536,11,20.6
D536,12,5.4
D536,13,3.0
D536,14,21.6
D536,15,16.5
D536,16,14.2
D536,17,12.1
D536,18,17.8
D536,19,22.7
D536,20,19.7
D536,21,20.6
D536,22,11.2
D536,23,18.9
D536,24,24.5
D536,25,17.6
D536,26,8.8
D537,1,68.2
D537,2,55.6
D537,3,62.8
D537,4,62.3
D537,5,64.9
D537,6,63.1
D537,7,61.7
D537,8,67.9
D537,9,63.9
D537,10,74.6
D537,11,61.5
D537,12,62.3
D537,13,59.5
D537,14,55.8
D537,15,62.1
D537,16,57.1
D537,17,59.0
D537,18,62.3
D537,19,63.4
D537,20,63.9
D537,21,67.9
D537,22,66.5
D537,23,63.5
D537,24,56.1
D537,25,60.9
D537,26,70.3
D538,1,38.2
D538,2,38.1
D538,3,22.6
D538,4,16.4
D538,5,15.8
D538,6,23.4
D538,7,20.1
D538,8,26.1
D538,9,33.7
D538,10,14.5
D538,11,19.5
D538,12,15.4
D538,13,5.2
D538,14,13.8
D538,15,0.0
D538,16,0.0
D538,17,9.2
D539,1,74.1
D539,2,65.8
D539,3,66.4
D539,4,67.6
D539,5,56.3
D539,6,53.0
D539,7,59.9
D539,8,50.8
D539,9,52.5
D539,10,47.8
D540,1,64.4
D540,2,57.8
D540,3,71.3
D540,4,60.8
D540,5,68.1
D540,6,66.8
D540,7,62.2
D540,8,63.4
D540,9,65.1
D540,10,57.5
D540,11,61.0
D540,12,66.8
D540,13,65.9
D540,14,56.5
D540,15,63.7
D540,16,66.2
D540,17,67.2
D540,18,66.3
D540,19,62.6
D540,20,67.3
D540,21,54.3
D540,22,65.5
D540,23,66.5
D540,24,62.3
D540,25,59.4
D540,26,56.0
D541,1,95.4
D541,2,85.5
D541,3,82.9
D541,4,85.8
D541,5,99.0
D541,6,97.4
D541,7,96.0
D541,8,84.9
D541,9,88.5
D541,10,94.4
D541,11,92.9
D541,12,92.8
D541,13,96.4
D541,14,82.7
D541,15,96.3
D541,16,88.3
D541,17,88.5
D541,18,89.9
D541,19,92.1
D541,20,95.1
D541,21,85.8
D541,22,88.2
D541,23,88.0
D541,24,91.7
D541,25,95.8
D541,26,90.6
D542,1,44.4
D542,2,21.7
D542,3,33.7
D542,4,20.6
D542,5,31.3
D542,6,6.2
D542,7,20.9
D542,8,27.3
D542,9,29.6
D542,10,20.9
D542,11,17.3
D542,12,23.8
D542,13,28.0
D542,14,29.0
D542,15,23.4
D542,16,9.9
D542,17,26.4
D542,18,33.9
D542,19,19.9
D542,20,13.7
D542,21,17.9
D542,22,18.7
D542,23,23.0
D542,24,21.0
D542,25,34.9
D542,26,21.6
D543,1,76.8
D543,2,76.2
D543,3,74.7
D543,4,71.0
D543,5,82.6
D543,6,61.7
D543,7,63.8
D543,8,66.2
D543,9,59.2
D543,10,81.1
D543,11,67.7
D543,12,71.3
D543,13,83.1
D543,14,68.7
D543,15,69.4
D543,16,63.5
D543,17,74.4
D543,18,81.0
D543,19,72.0
D543,20,79.0
D543,21,61.9
D543,22,55.0
D543,23,67.1
D543,24,68.6
D543,25,85.2
D543,26,68.0
D544,1,28.6
D544,2,19.8
D544,3,26.2
D544,4,20.4
D544,5,20.1
D544,6,25.1
D544,7,19.1
D544,8,23.7
D544,9,36.1
D544,10,16.5
D544,11,15.3
D544,12,19.2
D544,13,23.5
D544,14,19.2
D544,15,21.2
D544,16,33.3
D544,17,17.6
D544,18,29.2
D544,19,14.1
D544,20,20.0
D544,21,23.4
D544,22,32.0
D544,23,16.0
D544,24,24.6
D544,25,16.7
D544,26,29.2
D545,1,79.8
D545,2,93.3
D545,3,77.5
D545,4,93.1
D545,5,79.8
D545,6,94.0
D545,7,84.9
D545,8,79.3
D545,9,90.4
D545,10,81.9
D545,11,87.7
D545,12,74.8
D545,13,87.1
D545,14,84.3
D545,15,96.9
D545,16,98.4
D546,1,77.0
D546,2,84.3
D546,3,98.0
D546,4,88.2
D546,5,77.8
D546,6,80.5
D546,7,90.9
D546,8,91.3
D546,9,80.6
D546,10,94.3
D546,11,91.1
D546,12,78.0
D546,13,79.8
D546,14,90.2
D546,15,84.7
D546,16,95.4
D546,17,90.3
D546,18,95.6
D546,19,87.0
D546,20,89.0
D546,21,79.9
D546,22,85.4
D546,23,93.0
D546,24,79.0
D546,25,76.1
D546,26,97.6
D547,1,92.9
D547,2,87.8
D547,3,91.6
D547,4,88.2
D547,5,93.9
D547,6,97.1
D547,7,85.2
D547,8,84.4
D547,9,100.0
D547,10,95.9
D547,11,91.9
D547,12,92.3
D547,13,93.8
D547,14,78.2
D547,15,92.3
D547,16,91.0
D547,17,89.4
D547,18,97.7
D547,19,83.0
D547,20,95.1
D547,21,98.2
D547,22,94.6
D547,23,94.5
D547,24,92.9
D547,25,85.9
D547,26,72.2
D548,1,52.2
D548,2,61.0
D548,3,54.4
D548,4,48.8
D548,5,52.2
D548,6,54.0
D548,7,44.7
D548,8,53.0
D548,9,47.7
D548,10,52.0
D548,11,46.7
D548,12,49.1
D548,13,37.2
D548,14,50.1
D548,15,53.0
D548,16,45.7
D548,17,40.8
D548,18,55.4
D548,19,52.3
D548,20,42.2
D548,21,47.3
D548,22,38.7
D548,23,39.5
D548,24,39.2
D548,25,33.2
D548,26,33.8
D549,1,57.4
D549,2,74.0
D549,3,54.1
D549,4,63.2
D549,5,58.5
D549,6,62.2
D549,7,59.3
D549,8,61.4
D549,9,53.0
D549,10,52.8
D549,11,54.7
D549,12,33.7
D550,1,90.9
D550,2,92.0
D550,3,79.7
D550,4,76.5
D550,5,77.3
D550,6,76.7
D550,7,88.9
D550,8,85.4
D550,9,87.2
D550,10,80.1
D550,11,97.1
D550,12,75.5
D550,13,77.6
D550,14,85.6
D550,15,76.6
D550,16,79.4
D550,17,75.1
D550,18,81.4
D550,19,85.5
D550,20,74.6
D550,21,83.7
D550,22,74.6
D550,23,85.9
D550,24,93.3
D550,25,89.5
D550,26,92.3
D551,1,39.0
D551,2,33.2
D551,3,29.8
D551,4,22.4
D551,5,46.4
D551,6,21.4
D551,7,22.4
D551,8,23.9
D551,9,21.5
D551,10,33.4
D551,11,29.4
D551,12,19.2
D551,13,14.6
D551,14,34.3
D551,15,17.7
D551,16,3.9
D551,17,5.8
D551,18,0.1
D551,19,22.2
D551,20,40.3
D552,1,61.5
D552,2,71.0
D552,3,70.1
D552,4,53.5
D552,5,67.5
D552,6,64.3
D552,7,68.4
D552,8,58.1
D552,9,58.0
D552,10,47.0
D552,11,57.1
D552,12,68.7
D552,13,71.0
D552,14,69.9
D552,15,61.3
D552,16,66.6
D552,17,66.6
D552,18,58.6
D552,19,79.1
D552,20,57.6
D552,21,62.5
D552,22,67.7
D552,23,68.8
D552,24,60.8
D552,25,69.9
D552,26,69.3
D553,1,74.0
D553,2,70.5
D553,3,69.6
D553,4,84.0
D553,5,61.2
D553,6,70.2
D553,7,60.5
D553,8,68.2
D553,9,60.2
D553,10,63.3
D553,11,56.3
D553,12,80.8
D553,13,76.1
D553,14,64.8
D553,15,76.0
D553,16,67.0
D553,17,62.5
D553,18,62.3
D553,19,70.7
D553,20,71.3
D553,21,59.6
D553,22,71.8
D553,23,71.5
D553,24,63.8
D553,25,71.8
D553,26,66.9
D554,1,88.4
D554,2,84.3
D554,3,91.8
D554,4,79.5
D554,5,75.4
D554,6,81.0
D554,7,79.1
D554,8,96.6
D554,9,73.2
D554,10,73.5
D554,11,83.3
D554,12,84.6
D554,13,86.2
D554,14,84.1
D554,15,73.3
D555,1,84.6
D555,2,88.5
D555,3,94.2
D555,4,94.6
D555,5,86.3
D555,6,91.8
D555,7,78.9
D555,8,89.8
D555,9,88.5
D555,10,83.1
D555,11,91.9
D555,12,87.3
D555,13,80.1
D555,14,96.0
D555,15,93.7
D555,16,79.6
D555,17,76.1
D555,18,78.8
D555,19,86.7
D556,1,62.1
D556,2,68.0
D556,3,70.7
D556,4,62.6
D556,5,56.7
D556,6,73.4
D556,7,75.2
D556,8,81.8
D556,9,58.1
D556,10,57.5
D556,11,63.8
D556,12,60.9
D556,13,58.6
D556,14,67.1
D556,15,69.8
D556,16,66.9
D556,17,59.6
D556,18,54.6
D556,19,58.6
D556,20,70.5
D556,21,61.1
D556,22,59.9
D556,23,67.8
D556,24,62.3
D556,25,57.5
D556,26,54.2
D557,1,56.8
D557,2,57.5
D557,3,56.8
D557,4,55.4
D557,5,49.9
D557,6,56.9
D557,7,39.5
D557,8,46.3
D557,9,52.4
D557,10,45.1
D557,11,26.2
D557,12,23.2
D557,13,30.7
D557,14,15.5
D557,15,27.9
D557,16,28.7
D558,1,62.5
D558,2,63.2
D558,3,66.7
D558,4,58.8
D558,5,66.0
D558,6,62.5
D558,7,64.5
D558,8,64.4
D558,9,60.3
D558,10,64.8
D558,11,56.0
D558,12,67.0
D558,13,76.3
D558,14,67.9
D558,15,63.0
D558,16,56.7
D558,17,66.5
D558,18,64.1
D558,19,71.5
D558,20,72.2
D558,21,63.2
D558,22,68.7
D558,23,67.2
D558,24,61.7
D558,25,67.7
D558,26,66.9
D559,1,58.5
D559,2,47.1
D559,3,55.8
D559,4,67.9
D559,5,43.4
D559,6,47.7
D559,7,54.3
D559,8,48.6
D559,9,51.5
D559,10,41.5
D559,11,46.4
D559,12,35.5
D559,13,32.5
D559,14,42.8
D559,15,29.6
D559,16,45.0
D559,17,27.9
D559,18,54.2
D559,19,29.5
D559,20,37.0
D559,21,27.4
D559,22,42.7
D559,23,45.8
D559,24,43.3
D559,25,43.2
D559,26,22.1
D560,1,74.9
D560,2,81.5
D560,3,78.4
D560,4,94.2
D560,5,84.9
D560,6,75.6
D560,7,87.8
D560,8,78.9
D560,9,84.4
D560,10,98.3
D560,11,87.4
D560,12,95.0
D560,13,91.0
D560,14,98.1
D560,15,79.4
D560,16,90.5
D560,17,83.5
D560,18,88.8
D560,19,85.4
D560,20,85.1
D560,21,85.1
D560,22,88.8
D560,23,100.0
D560,24,78.2
D560,25,83.1
D560,26,78.8
D561,1,73.9
D561,2,66.9
D561,3,85.9
D561,4,50.2
D561,5,76.3
D561,6,70.0
D561,7,57.4
D561,8,76.2
D561,9,69.9
D561,10,55.8
D561,11,70.8
D561,12,72.1
D561,13,85.0
D561,14,68.6
D561,15,73.3
D561,16,84.1
D561,17,63.0
D561,18,76.0
D561,19,65.7
D561,20,86.8
D561,21,61.4
D561,22,58.7
D561,23,74.0
D561,24,59.3
D561,25,69.7
D561,26,70.8
D562,1,0.1
D562,2,17.4
D562,3,22.5
D562,4,9.8
D562,5,11.4
D562,6,16.7
D562,7,23.9
D562,8,25.3
D562,9,10.9
D562,10,3.3
D562,11,11.6
D562,12,7.4
D562,13,5.8
D562,14,3.6
D562,15,0.0
D562,16,1.9
D562,17,0.0
D562,18,1.7
D563,1,66.3
D563,2,70.5
D563,3,61.6
D563,4,73.2
D563,5,64.6
D563,6,72.4
D563,7,64.8
D563,8,62.4
D563,9,82.9
D563,10,67.2
D563,11,63.0
D563,12,69.2
D563,13,56.1
D563,14,69.3
D563,15,65.1
D563,16,70.2
D563,17,72.0
D563,18,68.9
D563,19,69.1
D563,20,74.2
D563,21,79.7
D563,22,67.7
D563,23,69.9
D563,24,64.6
D563,25,72.1
D563,26,73.6
D564,1,80.7
D564,2,80.8
D564,3,97.9
D564,4,85.7
D564,5,92.4
D564,6,89.1
D564,7,88.2
D564,8,77.6
D564,9,89.9
D564,10,82.9
D564,11,89.7
D564,12,81.5
D564,13,76.5
D564,14,78.4
D564,15,74.2
D564,16,72.5
D564,17,80.0
D564,18,77.3
D564,19,77.6
D564,20,81.8
D564,21,92.4
D564,22,73.5
D565,1,92.7
D565,2,87.8
D565,3,90.7
D565,4,95.4
D565,5,96.8
D565,6,88.8
D565,7,91.4
D565,8,90.5
D565,9,81.5
D565,10,79.3
D565,11,89.6
D565,12,82.7
D566,1,90.3
D566,2,83.3
D566,3,94.6
D566,4,93.4
D566,5,78.7
D566,6,81.4
D566,7,90.2
D566,8,94.8
D566,9,78.1
D566,10,83.1
D566,11,90.6
D566,12,89.7
D566,13,90.8
D566,14,92.5
D566,15,96.2
D566,16,91.7
D566,17,97.1
D566,18,79.0
D566,19,88.7
D566,20,90.1
D566,21,82.8
D566,22,89.9
D566,23,76.6
D566,24,84.5
D566,25,93.0
D566,26,85.7
D567,1,69.9
D567,2,55.6
D567,3,69.7
D567,4,64.8
D567,5,67.5
D567,6,70.3
D567,7,68.4
D567,8,60.2
D567,9,62.3
D567,10,63.8
D567,11,60.2
D567,12,73.0
D567,13,59.8
D567,14,63.7
D567,15,68.7
D567,16,57.7
D567,17,58.8
D567,18,63.0
D567,19,60.7
D567,20,52.5
D567,21,53.9
D567,22,59.8
D568,1,63.9
D568,2,70.9
D568,3,68.4
D568,4,64.0
D568,5,64.1
D568,6,55.9
D568,7,64.8
D568,8,70.4
D568,9,74.1
D568,10,66.9
D568,11,53.9
D568,12,69.8
D568,13,66.8
D568,14,70.0
D568,15,63.4
D568,16,72.2
D568,17,60.9
D568,18,75.5
D568,19,63.7
D568,20,62.8
D568,21,72.3
D568,22,67.5
D568,23,61.3
D568,24,63.7
D568,25,65.2
D568,26,72.0
D569,1,76.5
D569,2,57.9
D569,3,46.0
D569,4,45.9
D569,5,45.7
D569,6,40.7
D569,7,38.5
D569,8,31.9
D569,9,17.5
D569,10,25.4
D569,11,45.7
D570,1,74.1
D570,2,40.2
D570,3,60.0
D570,4,46.2
D570,5,41.1
D570,6,51.7
D570,7,66.4
D570,8,45.1
D570,9,53.9
D570,10,42.3
D570,11,55.6
D570,12,38.7
D570,13,59.3
D570,14,52.8
D570,15,44.8
D570,16,32.8
D570,17,52.8
D570,18,53.3
D570,19,48.3
D570,20,59.7
D570,21,43.3
D570,22,42.7
D570,23,42.2
D570,24,33.8
D570,25,48.2
D570,26,44.5
D571,1,75.0
D571,2,95.9
D571,3,90.9
D571,4,76.0
D571,5,90.0
D571,6,89.8
D571,7,77.2
D571,8,89.9
D571,9,75.8
D571,10,96.3
D571,11,75.7
D571,12,89.6
D571,13,85.7
D571,14,80.2
D571,15,79.1
D571,16,90.0
D571,17,71.6
D571,18,84.8
D571,19,86.5
D571,20,81.3
D571,21,90.5
D571,22,93.1
D571,23,93.1
D571,24,91.2
D571,25,97.3
D571,26,84.5
D572,1,66.5
D572,2,69.3
D572,3,69.4
D572,4,64.8
D572,5,54.6
D572,6,72.7
D572,7,73.5
D572,8,77.3
D572,9,63.9
D572,10,67.7
D572,11,62.0
D572,12,74.0
D572,13,75.6
D572,14,68.1
D572,15,58.7
D572,16,73.9
D572,17,70.7
D572,18,68.1
D572,19,60.8
D572,20,71.2
D572,21,69.4
D572,22,68.4
D572,23,63.1
D572,24,82.2
D572,25,71.6
D572,26,63.1
D573,1,87.5
D573,2,95.8
D573,3,75.8
D573,4,86.3
D573,5,89.7
D573,6,91.5
D573,7,81.0
D573,8,91.3
D573,9,87.1
D573,10,89.3
D573,11,94.4
D573,12,88.7
D573,13,85.1
D573,14,78.2
D573,15,77.2
D573,16,89.0
D573,17,84.1
D573,18,83.4
D573,19,82.3
D573,20,86.5
D573,21,87.3
D573,22,86.3
D573,23,70.1
D573,24,82.1
D573,25,77.5
D573,26,82.0
D574,1,65.3
D574,2,55.9
D574,3,62.0
D574,4,52.0
D574,5,66.1
D574,6,64.5
D574,7,66.9
D574,8,63.9
D574,9,69.5
D574,10,72.5
D574,11,64.4
D574,12,67.9
D574,13,63.5
D574,14,63.4
D574,15,58.6
D574,16,62.4
D574,17,71.1
D574,18,60.3
D574,19,64.2
D574,20,65.2
D574,21,62.3
D574,22,65.5
D574,23,50.8
D574,24,59.8
D574,25,67.8
D574,26,58.7
D575,1,11.4
D575,2,27.6
D575,3,14.9
D575,4,18.4
D575,5,14.1
D575,6,4.8
D575,7,6.0
D575,8,0.0
D575,9,2.3
D575,10,0.0
D575,11,0.0
D576,1,77.2
D576,2,78.8
D576,3,84.4
D576,4,76.1
D576,5,83.0
D576,6,92.0
D576,7,92.3
D576,8,97.2
D576,9,75.6
D576,10,80.0
D576,11,95.0
D576,12,78.6
D576,13,85.3
D576,14,64.8
D576,15,89.1
D576,16,70.2
D576,17,84.8
D576,18,98.1
D576,19,74.3
D576,20,87.5
D576,21,91.0
D576,22,97.6
D576,23,94.8
D576,24,89.9
D576,25,77.0
D576,26,78.2
D577,1,20.9
D577,2,8.0
D577,3,10.5
D577,4,30.5
D577,5,21.2
D577,6,20.2
D577,7,12.7
D577,8,16.1
D577,9,18.9
D577,10,6.1
D577,11,10.5
D577,12,9.2
D577,13,28.4
D577,14,24.0
D577,15,24.2
D577,16,18.3
D577,17,8.7
D577,18,3.6
D577,19,8.0
D577,20,22.8
D577,21,8.5
D577,22,6.7
D577,23,23.1
D577,24,11.9
D577,25,20.1
D577,26,17.7
D578,1,58.1
D578,2,60.8
D578,3,51.7
D578,4,46.4
D578,5,59.0
D578,6,56.9
D578,7,57.2
D578,8,46.2
D578,9,69.0
D578,10,56.4
D578,11,56.7
D578,12,48.4
D578,13,53.8
D578,14,45.3
D578,15,54.2
D578,16,47.5
D578,17,53.5
D578,18,44.6
D578,19,49.5
D578,20,39.3
D578,21,41.1
D578,22,51.7
D578,23,47.8
D578,24,52.8
D578,25,42.8
D578,26,28.3
D579,1,57.2
D579,2,74.2
D579,3,65.4
D579,4,64.5
D579,5,65.4
D579,6,65.0
D579,7,61.4
D579,8,68.3
D579,9,59.9
D579,10,64.5
D579,11,60.0
D579,12,57.6
D579,13,64.4
D579,14,67.3
D579,15,69.9
D579,16,65.8
D579,17,62.5
D579,18,62.6
D579,19,64.3
D579,20,66.8
D579,21,65.7
D579,22,70.5
D579,23,63.7
D579,24,59.0
D579,25,64.3
D579,26,59.1
D580,1,12.2
D580,2,27.7
D580,3,20.9
D580,4,11.5
D580,5,26.0
D580,6,16.5
D580,7,26.0
D580,8,32.5
D580,9,20.2
D580,10,21.3
D580,11,21.8
D580,12,19.1
D580,13,30.6
D580,14,32.3
D580,15,25.6
D580,16,26.0
D580,17,26.4
D580,18,19.5
D580,19,27.5
D580,20,27.0
D580,21,11.3
D580,22,32.5
D580,23,21.2
D580,24,16.4
D580,25,19.5
D580,26,23.0
D581,1,67.9
D581,2,65.3
D581,3,65.2
D581,4,66.6
D581,5,82.4
D581,6,67.9
D581,7,77.2
D581,8,72.7
D581,9,66.8
D581,10,69.4
D581,11,69.9
D581,12,65.2
D581,13,69.5
D581,14,70.2
D581,15,65.9
D581,16,67.3
D581,17,58.1
D581,18,66.4
D581,19,60.4
D581,20,58.2
D581,21,69.9
D581,22,62.0
D581,23,74.4
D581,24,62.3
D581,25,67.8
D581,26,61.5
D582,1,50.6
D582,2,62.8
D582,3,66.6
D582,4,71.5
D582,5,63.4
D582,6,60.7
D582,7,72.5
D582,8,62.2
D582,9,64.2
D582,10,55.1
D582,11,59.6
D582,12,66.0
D582,13,71.0
D582,14,60.0
D582,15,64.4
D582,16,64.3
D582,17,54.6
D582,18,63.9
D582,19,64.6
D582,20,60.2
D582,21,58.8
D582,22,63.6
D582,23,59.3
D582,24,56.6
D582,25,64.0
D582,26,57.7
D583,1,96.6
D583,2,82.0
D583,3,88.1
D583,4,81.9
D583,5,77.7
D583,6,81.2
D583,7,87.4
D583,8,84.7
D583,9,95.3
D583,10,80.8
D583,11,97.9
D583,12,75.9
D583,13,87.9
D583,14,81.3
D583,15,75.4
D583,16,76.3
D584,1,62.1
D584,2,56.2
D584,3,53.6
D584,4,53.2
D584,5,53.2
D584,6,52.4
D584,7,48.6
D584,8,55.8
D584,9,55.0
D584,10,51.8
D584,11,59.9
D584,12,38.7
D584,13,52.6
D584,14,40.8
D584,15,51.2
D584,16,54.6
D584,17,36.0
D584,18,52.4
D584,19,41.2
D584,20,47.6
D584,21,32.9
D584,22,56.6
D584,23,40.9
D584,24,40.2
D584,25,38.1
D584,26,44.0
D585,1,50.8
D585,2,42.6
D585,3,40.8
D585,4,43.6
D585,5,47.2
D585,6,40.6
D585,7,37.4
D585,8,43.5
D585,9,35.2
D585,10,47.4
D585,11,44.1
D585,12,34.8
D585,13,39.7
D585,14,43.1
D585,15,47.8
D585,16,44.4
D585,17,31.2
D585,18,30.9
D585,19,36.0
D585,20,38.2
D585,21,46.8
D585,22,40.9
D585,23,53.4
D585,24,30.7
D585,25,18.7
D585,26,32.6
D586,1,88.5
D586,2,88.3
D586,3,94.3
D586,4,84.9
D586,5,86.2
D586,6,81.4
D586,7,86.9
D586,8,81.9
D586,9,92.8
D586,10,89.4
D586,11,92.4
D586,12,84.8
D586,13,90.1
D586,14,90.5
D586,15,87.7
D586,16,82.3
D586,17,78.4
D586,18,93.7
D586,19,86.5
D586,20,84.3
D586,21,89.2
D586,22,83.2
D586,23,90.8
D586,24,90.9
D586,25,93.3
D586,26,85.1
D587,1,88.8
D587,2,77.0
D587,3,90.3
D587,4,98.7
D587,5,84.4
D587,6,89.8
D587,7,85.0
D587,8,83.1
D587,9,81.1
D587,10,78.3
D587,11,69.4
D587,12,94.5
D587,13,78.1
D587,14,83.2
D587,15,90.7
D587,16,89.7
D587,17,92.9
D587,18,73.9
D587,19,86.9
D587,20,89.7
D587,21,77.3
D587,22,90.7
D587,23,90.8
D587,24,84.9
D587,25,87.3
D587,26,82.1
D588,1,74.9
D588,2,65.4
D588,3,71.9
D588,4,66.4
D588,5,67.5
D588,6,64.2
D588,7,63.6
D588,8,51.1
D588,9,60.7
D588,10,61.7
D588,11,61.3
D588,12,58.3
D588,13,59.8
D588,14,61.8
D588,15,56.9
D588,16,61.3
D588,17,68.8
D588,18,66.0
D588,19,64.0
D588,20,61.7
D588,21,56.0
D588,22,59.1
D588,23,65.6
D588,24,60.9
D588,25,65.5
D588,26,59.8
D589,1,10.5
D589,2,22.1
D589,3,22.5
D589,4,24.8
D589,5,10.9
D589,6,13.6
D589,7,25.2
D589,8,17.9
D589,9,17.3
D589,10,29.7
D589,11,10.8
D589,12,7.4
D589,13,14.4
D589,14,11.2
D589,15,23.1
D589,16,9.8
D589,17,10.6
D589,18,18.4
D589,19,30.5
D589,20,8.6
D589,21,9.5
D589,22,26.0
D589,23,12.5
D589,24,20.9
D589,25,17.5
D589,26,15.6
D590,1,36.2
D590,2,27.7
D590,3,22.5
D590,4,27.4
D590,5,21.7
D590,6,26.2
D590,7,14.6
D590,8,25.1
D590,9,10.9
D590,10,10.9
D590,11,18.9
D590,12,28.5
D590,13,22.0
D590,14,17.8
D590,15,12.9
D590,16,10.8
D590,17,17.1
D590,18,4.1
D590,19,0.0
D590,20,0.0
D590,21,7.1
D591,1,72.2
D591,2,61.4
D591,3,56.1
D591,4,65.0
D591,5,57.7
D591,6,62.0
D591,7,70.6
D591,8,68.7
D591,9,71.6
D591,10,85.4
D591,11,67.7
D591,12,84.3
D591,13,69.0
D591,14,67.3
D591,15,60.3
D591,16,68.0
D591,17,61.0
D591,18,67.9
D591,19,74.1
D591,20,64.4
D591,21,65.6
D591,22,76.9
D591,23,65.0
D591,24,62.2
D591,25,66.4
D591,26,72.3
D592,1,55.4
D592,2,61.8
D592,3,69.2
D592,4,63.0
D592,5,65.8
D592,6,49.5
D592,7,65.9
D592,8,78.1
D592,9,54.2
D592,10,73.1
D592,11,70.3
D592,12,62.2
D592,13,53.9
D592,14,81.0
D592,15,58.5
D592,16,71.3
D592,17,60.2
D592,18,47.2
D592,19,65.1
D592,20,67.7
D592,21,77.3
D592,22,60.2
D592,23,52.2
D592,24,64.7
D592,25,69.4
D592,26,59.5
D593,1,62.4
D593,2,62.8
D593,3,59.2
D593,4,53.2
D593,5,58.4
D593,6,56.0
D593,7,63.3
D593,8,62.2
D593,9,66.1
D593,10,58.1
D593,11,63.9
D593,12,59.1
D593,13,60.4
D593,14,60.2
D593,15,55.9
D593,16,64.1
D593,17,65.8
D593,18,71.2
D593,19,60.1
D593,20,66.0
D593,21,65.9
D593,22,72.6
D593,23,61.5
D593,24,67.5
D593,25,64.9
D593,26,62.1
D594,1,22.4
D594,2,28.8
D594,3,24.8
D594,4,36.7
D594,5,55.4
D594,6,29.5
D594,7,38.9
D594,8,33.7
D594,9,14.6
D594,10,22.5
D594,11,33.7
D594,12,13.6
D594,13,29.9
D594,14,26.9
D594,15,35.1
D594,16,35.1
D594,17,33.2
D594,18,24.1
D594,19,22.7
D594,20,14.5
D594,21,38.3
D594,22,31.1
D594,23,32.1
D594,24,26.5
D594,25,17.1
D594,26,18.2
D595,1,63.5
D595,2,71.7
D595,3,63.1
D595,4,60.2
D595,5,73.7
D595,6,60.0
D595,7,67.0
D595,8,67.0
D595,9,68.4
D595,10,83.8
D595,11,65.5
D595,12,65.3
D595,13,64.7
D595,14,70.3
D595,15,65.7
D595,16,65.4
D595,17,62.1
D595,18,66.4
D595,19,80.3
D595,20,73.4
D595,21,64.1
D595,22,72.9
D595,23,66.0
D595,24,67.4
D595,25,73.3
D595,26,66.3
D596,1,18.1
D596,2,29.4
D596,3,22.3
D596,4,18.6
D596,5,27.8
D596,6,33.8
D596,7,13.3
D596,8,5.1
D596,9,24.6
D596,10,19.5
D596,11,29.1
D596,12,42.2
D596,13,30.1
D596,14,53.1
D596,15,23.5
D596,16,29.8
D596,17,23.5
D596,18,26.6
D596,19,19.7
D596,20,24.8
D596,21,22.0
D596,22,37.1
D596,23,15.3
D596,24,23.2
D596,25,25.5
D596,26,19.1
D597,1,83.3
D597,2,87.1
D597,3,78.8
D597,4,80.2
D597,5,77.6
D597,6,75.7
D597,7,96.9
D597,8,89.2
D597,9,76.4
D597,10,79.1
D597,11,90.7
D597,12,83.2
D597,13,80.4
D597,14,80.9
D597,15,73.7
D597,16,83.9
D597,17,82.7
D597,18,83.2
D597,19,79.5
D597,20,84.1
D597,21,77.2
D597,22,88.7
D597,23,77.5
D597,24,77.1
D597,25,87.5
D597,26,97.3
D598,1,64.0
D598,2,66.4
D598,3,66.7
D598,4,66.0
D598,5,66.5
D598,6,62.2
D598,7,62.2
D598,8,59.6
D598,9,61.6
D598,10,59.1
D598,11,62.6
D598,12,62.6
D598,13,52.7
D598,14,62.5
D598,15,81.3
D598,16,63.3
D598,17,64.7
D598,18,61.8
D598,19,66.5
D598,20,68.6
D598,21,64.7
D598,22,82.8
D598,23,65.0
D598,24,58.7
D598,25,61.3
D598,26,57.3
D599,1,94.7
D599,2,83.7
D599,3,82.0
D599,4,90.9
D599,5,92.6
D599,6,81.6
D599,7,79.2
D599,8,80.1
D599,9,88.2
D599,10,95.6
D599,11,94.8
D599,12,86.5
D599,13,94.1
D599,14,89.6
D599,15,77.9
D599,16,71.8
D599,17,82.3
D599,18,91.0
D599,19,97.4
D599,20,79.7
D599,21,77.6
D599,22,83.1
D599,23,100.0
D599,24,79.6
D599,25,88.0
D599,26,84.9
D600,1,91.4
D600,2,83.3
D600,3,78.2
D600,4,90.8
D600,5,83.7
D600,6,83.2
D600,7,94.1
D600,8,79.0
D600,9,94.3
D600,10,83.9
D600,11,87.6
D600,12,81.2
D600,13,76.2
D600,14,96.0
D600,15,95.9
D600,16,90.1
D600,17,96.0
D600,18,77.5
D600,19,86.5
D600,20,84.7
D600,21,98.7
D600,22,89.5
D600,23,82.6
D600,24,77.6
D600,25,82.9
D600,26,77.3
D601,1,72.4
D601,2,61.8
D601,3,57.2
D601,4,60.0
D601,5,49.3
D601,6,66.8
D601,7,59.1
D601,8,62.2
D601,9,61.9
D601,10,67.8
D601,11,52.1
D601,12,53.7
D601,13,65.7
D601,14,64.3
D601,15,51.4
D601,16,61.3
D601,17,72.7
D601,18,53.2
D601,19,52.5
D601,20,65.1
D601,21,59.5
D601,22,62.6
D601,23,60.0
D601,24,67.3
D601,25,63.8
D601,26,64.4
D602,1,98.6
D602,2,86.4
D602,3,89.4
D602,4,81.4
D602,5,89.8
D602,6,94.1
D602,7,89.3
D602,8,88.3
D602,9,93.6
D602,10,79.6
D602,11,80.2
D602,12,87.0
D602,13,86.2
D602,14,94.0
D602,15,87.5
D602,16,91.0
D602,17,86.8
D602,19,85.6
D602,20,100.0
D602,21,95.5
D602,22,90.9
D602,23,88.9
D602,24,93.4
D602,25,82.1
D602,26,88.5
D603,1,81.2
D603,2,65.9
D603,3,74.3
D603,4,64.8
D603,5,56.0
D603,6,75.4
D603,7,79.9
D603,8,81.6
D603,9,66.4
D603,10,69.0
D603,11,62.1
D603,12,62.2
D603,13,62.5
D603,14,57.7
D603,15,79.2
D603,16,65.8
D603,17,79.4
D603,18,57.5
D603,19,70.5
D603,20,68.8
D603,21,71.3
D603,22,67.6
D603,23,63.9
D603,24,58.5
D603,25,64.9
D603,26,55.7
D604,1,44.6
D604,2,46.8
D604,3,62.5
D604,4,42.9
D604,5,44.4
D604,6,61.3
D604,7,38.1
D604,8,40.9
D604,9,47.4
D604,10,53.0
D604,11,36.5
D604,12,45.8
D604,13,20.8
D604,14,16.2
D604,15,7.5
D604,16,12.3
D604,17,11.2
D605,1,62.0
D605,2,65.3
D605,3,84.6
D605,4,66.4
D605,5,69.2
D605,6,73.6
D605,7,70.4
D605,8,67.5
D605,9,68.1
D605,10,63.2
D605,11,68.4
D605,12,65.0
D605,13,65.6
D605,14,71.2
D605,15,85.8
D605,16,57.1
D605,17,59.5
D605,18,66.4
D605,19,80.2
D605,20,58.2
D605,21,58.2
D605,22,78.6
D605,23,63.4
D605,24,69.8
D605,25,64.5
D605,26,67.2
D606,1,68.7
D606,2,74.2
D606,3,60.8
D606,4,68.4
D606,5,67.5
D606,6,74.7
D606,7,66.1
D606,8,72.0
D606,9,65.3
D606,10,62.6
D606,11,66.4
D606,12,69.8
D606,13,60.0
D606,14,69.0
D606,15,70.2
D606,16,60.7
D606,17,73.1
D606,18,61.2
D606,19,64.2
D606,20,60.9
D606,21,57.6
D606,22,76.4
D606,23,64.2
D606,24,62.6
D606,25,62.1
D606,26,66.6
D607,1,78.7
D607,2,87.7
D607,3,77.1
D607,4,94.7
D607,5,78.0
D607,6,92.9
D607,7,91.7
D607,8,87.8
D607,9,95.4
D607,10,95.7
D607,11,79.3
D607,12,70.9
D607,13,68.0
D608,1,62.8
D608,2,49.0
D608,3,46.2
D608,4,52.9
D608,5,50.9
D608,6,34.6
D608,7,52.3
D608,8,37.9
D608,9,46.8
D608,10,47.5
D608,11,39.3
D608,12,36.6
D608,13,33.3
D608,14,41.9
D608,15,39.5
D608,16,31.0
D608,17,41.6
D608,18,46.5
D608,19,24.3
D608,20,32.1
D608,21,33.2
D608,22,33.8
D608,23,32.1
D608,24,27.4
D608,25,26.7
D608,26,50.6
D609,1,49.9
D609,2,54.5
D609,3,36.3
D609,4,58.7
D609,5,48.6
D609,6,44.3
D609,7,64.3
D609,8,53.5
D609,9,73.5
D609,10,39.2
D609,11,55.0
D609,12,45.3
D609,13,40.5
D609,14,33.8
D609,15,45.7
D609,16,34.7
D609,17,32.1
D609,18,36.2
D609,19,41.7
D609,20,43.0
D609,21,37.0
D609,22,32.4
D609,23,25.4
D609,24,30.3
D609,25,44.0
D609,26,33.9
D610,1,24.2
D610,2,28.0
D610,3,32.3
D610,4,21.3
D610,5,19.4
D610,6,22.1
D610,7,22.7
D610,8,31.8
D610,9,20.9
D610,10,27.7
D610,11,27.8
D610,12,17.4
D610,13,26.8
D610,14,18.8
D610,15,19.0
D610,16,33.2
D610,17,32.2
D610,18,30.4
D610,19,28.6
D610,20,23.2
D610,21,26.8
D610,22,14.8
D610,23,19.7
D610,24,30.7
D610,25,20.9
D610,26,21.9
D611,1,32.2
D611,2,47.0
D611,3,53.8
D611,4,55.0
D611,5,64.2
D611,6,53.8
D611,7,43.1
D611,8,39.9
D611,9,43.9
D611,10,35.0
D611,11,41.9
D611,12,42.0
D611,13,37.6
D611,14,48.8
D611,15,46.6
D611,16,55.9
D611,17,46.7
D611,18,33.8
D611,19,43.6
D611,20,49.0
D611,21,28.8
D611,22,38.4
D611,23,33.1
D611,24,27.1
D611,25,36.3
D611,26,36.1
D612,1,68.0
D612,2,65.1
D612,3,63.1
D612,4,56.9
D612,5,50.5
D612,6,65.5
D612,7,68.1
D612,8,62.1
D612,9,59.1
D612,10,58.2
D612,11,69.0
D612,12,61.9
D612,13,54.7
D612,14,49.3
D612,15,53.9
D612,16,61.2
D612,17,81.1
D612,18,49.1
D612,19,59.4
D612,20,58.8
D612,21,49.7
D612,22,62.2
D612,23,44.7
D612,24,54.6
D613,1,84.8
D613,2,86.7
D613,3,83.8
D613,4,93.5
D613,5,88.9
D613,6,87.7
D613,7,87.9
D613,8,92.5
D613,9,88.0
D613,10,96.3
D613,11,90.1
D613,12,88.9
D613,13,93.6
D613,14,85.6
D613,15,86.8
D613,16,92.6
D613,17,90.0
D613,18,89.6
D613,19,96.4
D613,20,74.8
D613,21,69.3
D613,22,93.2
D613,23,73.8
D613,24,79.8
D614,1,62.3
D614,2,66.8
D614,3,68.6
D614,4,68.2
D614,5,65.1
D614,6,55.8
D614,7,55.2
D614,8,59.2
D614,9,60.5
D614,10,52.5
D614,11,60.3
D614,12,52.4
D614,13,67.2
D614,14,57.3
D614,15,61.3
D614,16,59.0
D614,17,62.6
D614,18,60.7
D614,19,73.9
D614,20,61.6
D614,21,65.0
D614,22,67.6
D614,23,54.7
D614,24,69.2
D614,25,62.0
D614,26,55.7
D615,1,65.2
D615,2,63.7
D615,3,77.4
D615,4,64.9
D615,5,66.8
D615,6,67.3
D615,7,56.6
D615,8,66.1
D615,9,66.6
D615,10,69.3
D615,11,77.6
D615,12,67.0
D615,13,70.3
D615,14,56.8
D615,15,64.4
D615,16,61.0
D615,17,59.4
D615,18,67.5
D615,19,64.7
D615,20,64.8
D615,21,70.9
D615,22,64.7
D615,23,74.5
D615,24,80.2
D615,25,69.6
D615,26,66.1
D616,1,14.3
D616,2,29.4
D616,3,20.9
D616,4,32.6
D616,5,20.7
D616,6,20.3
D616,7,9.1
D616,8,34.9
D616,9,22.8
D616,10,31.4
D616,11,20.7
D616,12,23.9
D616,13,30.3
D616,14,21.8
D616,15,33.0
D616,16,26.6
D616,17,17.0
D616,18,26.6
D616,19,20.2
D616,20,23.3
D616,21,22.7
D616,22,27.4
D616,23,21.1
D616,24,30.1
D616,25,21.0
D616,26,20.6
D617,1,55.9
D617,2,86.8
D617,3,59.7
D617,4,67.1
D617,5,65.9
D617,6,77.4
D617,7,65.0
D617,8,57.5
D617,9,68.5
D617,10,71.6
D617,11,57.7
D617,12,66.5
D617,13,70.5
D617,14,63.2
D617,15,68.6
D617,16,65.2
D617,17,63.2
D617,18,71.8
D617,19,83.7
D617,20,69.3
D617,21,62.1
D617,22,73.8
D617,23,79.5
D617,24,72.3
D617,25,66.0
D617,26,64.8
D618,1,82.5
D618,2,76.0
D618,3,89.5
D618,4,96.2
D618,5,93.0
D618,6,81.7
D618,7,85.4
D618,8,93.7
D618,9,96.4
D618,10,83.2
D618,11,77.2
D618,12,94.3
D618,13,80.3
D618,14,89.1
D618,15,83.7
D618,16,97.2
D618,17,83.3
D618,18,88.4
D618,19,88.7
D618,20,82.6
D618,21,85.6
D618,22,88.8
D618,23,88.6
D618,24,84.2
D618,25,87.4
D618,26,87.6
D619,1,20.5
D619,2,27.6
D619,3,22.4
D619,4,18.7
D619,5,21.0
D619,6,13.2
D619,7,29.4
D619,8,20.1
D619,9,29.7
D619,10,21.1
D619,11,30.0
D619,12,38.7
D619,13,35.6
D619,14,19.0
D619,15,10.8
D619,16,5.4
D619,17,8.3
D619,18,0.2
D619,19,4.4
D619,20,0.0
D619,21,0.0
D620,1,89.5
D620,2,72.0
D620,3,89.0
D620,4,78.6
D620,5,80.3
D620,6,84.9
D620,7,96.3
D620,8,93.4
D620,9,84.3
D620,10,79.4
D620,11,94.7
D620,12,93.2
D620,13,89.1
D620,14,76.5
D620,15,95.2
D620,16,79.7
D620,17,75.9
D620,18,88.0
D620,19,83.9
D620,20,88.3
D620,21,88.2
D620,22,93.1
D620,23,91.5
D620,24,79.2
D620,25,90.5
D620,26,87.4
D621,1,84.1
D621,2,71.1
D621,3,53.3
D621,4,58.6
D621,5,65.0
D621,6,57.2
D621,7,58.9
D621,8,86.0
D621,9,62.1
D621,10,71.8
D621,11,66.2
D621,12,70.8
D621,13,76.1
D621,14,62.8
D621,15,64.7
D621,16,70.1
D621,17,70.9
D621,18,59.3
D621,19,62.1
D621,20,53.2
D621,21,63.7
D621,22,46.7
D621,23,51.4
D621,24,55.0
D621,25,73.4
D622,1,69.0
D622,2,51.1
D622,3,61.8
D622,4,76.9
D622,5,62.1
D622,6,88.2
D622,7,64.5
D622,8,67.6
D622,9,56.1
D622,10,73.2
D622,11,58.7
D622,12,65.9
D622,13,73.6
D622,14,66.8
D622,15,63.1
D622,16,69.0
D622,17,67.7
D622,18,77.8
D622,19,62.7
D622,20,64.4
D622,21,82.7
D622,22,68.0
D622,23,56.6
D622,24,67.3
D622,25,61.5
D622,26,70.9
D623,1,80.6
D623,2,66.7
D623,3,73.0
D623,4,70.8
D623,5,65.0
D623,6,77.5
D623,7,64.4
D623,8,69.0
D623,9,53.3
D623,10,64.7
D623,11,61.3
D623,12,75.4
D623,13,63.3
D623,14,69.6
D623,15,62.7
D623,16,63.7
D623,17,64.4
D623,18,64.1
D623,19,64.5
D623,20,64.4
D623,21,70.8
D623,22,66.1
D623,23,65.0
D623,24,58.0
D623,25,53.6
D623,26,71.3
D624,1,63.3
D624,2,81.4
D624,3,63.6
D624,4,67.5
D624,5,68.2
D624,6,52.8
D624,7,71.4
D624,8,69.1
D624,9,65.6
D624,10,57.5
D624,11,64.9
D624,12,71.2
D624,13,62.9
D624,14,77.6
D624,15,60.8
D624,16,67.0
D624,17,67.1
D624,18,64.6
D624,19,69.2
D624,20,58.3
D624,21,59.2
D624,22,69.1
D624,23,67.3
D624,24,56.2
D624,25,37.5
D624,26,59.0
D625,1,54.6
D625,2,56.8
D625,3,45.9
D625,4,54.1
D625,5,48.0
D625,6,53.4
D625,7,57.4
D625,8,44.1
D625,9,42.6
D625,10,52.1
D625,11,37.6
D625,12,53.4
D625,13,49.5
D625,14,46.0
D625,15,58.0
D625,16,50.2
D625,17,43.0
D625,18,46.5
D625,19,49.8
D625,20,45.9
D625,21,36.1
D625,22,45.7
D625,23,50.3
D625,24,41.0
D625,25,42.2
D625,26,49.9
D626,1,19.6
D626,2,4.4
D626,3,15.4
D626,4,7.8
D626,5,9.6
D626,6,16.6
D626,7,15.4
D626,8,22.8
D626,9,12.1
D626,10,1.9
D626,11,13.3
D626,12,26.4
D626,13,16.5
D626,14,14.5
D626,15,6.3
D626,16,12.9
D626,17,13.7
D626,18,5.8
D626,19,17.4
D626,20,7.3
D626,21,0.0
D626,22,0.0
D626,23,1.4
D626,24,3.4
D626,25,0.0
D627,1,67.9
D627,2,59.6
D627,3,63.8
D627,4,70.2
D627,5,59.6
D627,6,69.9
D627,7,69.3
D627,8,62.9
D627,9,64.9
D627,10,63.9
D627,11,67.2
D627,12,61.9
D627,13,73.8
D627,14,67.3
D627,15,59.7
D627,16,74.9
D627,17,64.7
D627,18,67.9
D627,19,61.1
D627,20,64.3
D627,21,62.1
D627,22,62.0
D627,23,61.5
D627,24,61.7
D627,25,68.2
D627,26,68.2
D628,1,61.6
D628,2,68.2
D628,3,61.8
D628,4,70.9
D628,5,61.0
D628,6,59.8
D628,7,63.8
D628,8,60.1
D628,9,61.4
D628,10,69.6
D628,11,69.0
D628,12,64.6
D628,13,64.0
D628,14,66.8
D628,15,63.3
D628,16,63.7
D628,17,62.7
D628,18,67.2
D628,19,60.7
D628,20,63.8
D628,21,71.9
D628,22,61.7
D628,23,62.4
D628,24,58.9
D628,25,66.6
D628,26,60.6
D629,1,78.1
D629,2,69.4
D629,3,77.2
D629,4,66.0
D629,5,91.8
D629,6,59.7
D629,7,66.9
D629,8,67.5
D629,9,63.7
D629,10,73.8
D629,11,73.4
D629,12,68.2
D629,13,72.6
D629,14,65.1
D629,15,69.1
D629,16,55.3
D629,17,61.8
D629,18,64.7
D629,19,72.7
D629,20,74.4
D629,21,66.5
D629,22,60.5
D629,23,67.6
D629,24,71.6
D629,25,61.6
D629,26,79.0
D630,1,13.6
D630,2,19.2
D630,3,15.8
D630,4,14.5
D630,5,30.2
D630,6,16.5
D630,7,10.0
D630,8,4.5
D630,9,21.0
D630,10,7.9
D630,11,0.0
D630,12,2.0
D630,13,0.0
D630,14,0.0
D631,1,83.9
D631,2,91.3
D631,3,95.1
D631,4,87.6
D631,5,80.0
D631,6,88.3
D631,7,94.1
D631,8,88.4
D631,9,97.9
D631,10,77.3
D631,11,93.8
D631,12,88.8
D631,13,95.6
D631,14,73.8
D631,15,94.1
D631,16,82.6
D631,17,94.9
D631,18,88.8
D631,19,86.4
D631,20,95.3
D631,21,81.3
D631,22,91.3
D631,23,87.4
D631,24,86.8
D631,25,91.6
D631,26,96.1
D632,1,69.3
D632,2,54.4
D632,3,79.6
D632,4,67.9
D632,5,64.0
D632,6,67.1
D632,7,66.6
D632,8,70.9
D632,9,68.6
D632,10,71.2
D632,11,65.3
D632,12,67.6
D632,13,63.2
D632,14,52.2
D632,15,59.6
D632,16,57.4
D632,17,61.1
D632,18,59.8
D632,19,50.8
D633,1,89.0
D633,2,88.4
D633,3,89.0
D633,4,85.9
D633,5,88.3
D633,6,80.5
D633,7,88.9
D633,8,94.1
D633,9,91.1
D633,10,96.0
D633,11,87.9
D633,12,88.2
D633,13,86.2
D633,14,90.3
D633,15,89.4
D633,16,92.9
D633,17,87.6
D633,18,88.5
D633,19,91.0
D633,20,91.2
D633,21,83.0
D633,22,83.6
D633,23,87.0
D633,24,88.4
D633,25,78.1
D633,26,84.7
D634,1,78.3
D634,2,94.0
D634,3,79.1
D634,4,80.4
D634,5,76.5
D634,6,84.1
D634,7,92.2
D634,8,81.8
D634,9,92.9
D634,10,88.3
D634,11,81.0
D634,12,97.3
D634,13,94.8
D634,14,80.6
D634,15,73.4
D634,16,88.4
D634,17,79.3
D634,18,85.4
D634,19,75.6
D634,20,71.9
D634,21,92.2
D634,22,91.3
D634,23,74.6
D634,24,87.2
D634,25,87.5
D634,26,82.8
D635,1,36.9
D635,2,26.6
D635,3,28.2
D635,4,31.6
D635,5,17.0
D635,6,29.0
D635,7,25.9
D635,8,21.8
D635,9,28.9
D635,10,31.4
D635,11,25.7
D635,12,19.3
D635,13,27.1
D635,14,27.5
D635,15,19.9
D635,16,28.9
D635,17,17.6
D635,18,24.6
D635,19,21.4
D635,20,21.1
D635,21,32.3
D635,22,24.6
D635,23,20.3
D635,24,30.9
D635,25,16.2
D635,26,26.7
D636,1,31.0
D636,2,22.2
D636,3,30.7
D636,4,29.4
D636,5,28.2
D636,6,31.3
D636,7,37.5
D636,8,20.2
D636,9,30.2
D636,10,39.1
D636,11,21.3
D636,12,21.8
D636,13,26.4
D636,14,28.9
D636,15,27.5
D636,16,11.0
D636,17,57.8
D636,18,29.4
D636,19,29.5
D636,20,30.3
D636,21,36.6
D636,22,27.1
D636,23,25.7
D636,24,35.2
D636,25,23.3
D636,26,27.8
D637,1,60.2
D637,2,65.8
D637,3,63.1
D637,4,61.8
D637,5,65.9
D637,6,59.9
D637,7,62.9
D637,8,60.4
D637,9,63.9
D637,10,65.7
D637,11,61.9
D637,12,77.4
D637,13,58.4
D637,14,62.9
D637,15,63.9
D637,16,58.5
D637,17,58.3
D637,18,63.6
D637,19,62.4
D637,20,56.1
D637,21,62.5
D637,22,65.8
D637,23,60.7
D637,24,64.0
D637,25,63.8
D637,26,69.0
D638,1,47.8
D638,2,50.2
D638,3,47.8
D638,4,48.1
D638,5,42.1
D638,6,56.7
D638,7,52.1
D638,8,43.7
D638,9,39.3
D638,10,44.0
D638,11,33.9
D638,12,33.9
D638,13,9.5
D638,14,13.1
D638,15,10.6
D638,16,18.3
D638,17,0.8
D639,1,92.6
D639,2,79.4
D639,3,94.3
D639,4,80.8
D639,5,81.0
D639,6,87.2
D639,7,98.1
D639,8,92.1
D639,9,91.8
D639,10,90.7
D639,11,98.2
D639,12,82.3
D639,13,91.6
D639,14,97.4
D639,15,83.7
D639,16,87.2
D639,17,94.9
D639,18,89.5
D639,19,73.8
D639,20,87.3
D640,1,28.2
D640,2,25.2
D640,3,42.0
D640,4,25.0
D640,5,13.6
D640,6,18.5
D640,7,26.9
D640,8,28.6
D640,9,18.9
D640,10,19.2
D640,11,30.2
D640,12,20.7
D640,13,24.7
D640,14,36.2
D640,15,13.4
D640,16,24.9
D640,17,32.3
D640,18,12.8
D640,19,22.6
D640,20,12.1
D640,21,9.4
D640,22,29.4
D640,23,33.8
D640,24,19.3
D640,25,17.1
D640,26,36.0
D641,1,86.4
D641,2,90.1
D641,3,82.8
D641,4,83.5
D641,5,74.8
D641,6,77.7
D641,7,91.9
D641,8,83.9
D641,9,82.8
D641,10,80.2
D641,11,87.5
D641,12,98.2
D641,13,82.5
D641,14,89.3
D641,15,88.6
D641,16,80.6
D641,17,74.9
D641,18,79.1
D641,19,78.9
D641,20,76.0
D641,21,81.0
D641,22,84.6
D641,23,77.3
D641,24,80.0
D641,25,87.2
D641,26,80.7
D642,1,40.2
D642,2,77.6
D642,3,48.9
D642,4,50.5
D642,5,39.8
D642,6,51.9
D642,7,40.2
D642,8,28.2
D642,9,38.6
D642,10,22.0
D642,11,38.5
D642,12,44.0
D642,13,38.4
D642,14,34.6
D642,15,47.9
D642,16,31.9
D642,17,23.7
D642,18,18.1
D642,19,19.5
D642,20,20.5
D642,21,17.0
D642,22,17.9
D642,23,13.9
D643,1,97.8
D643,2,93.1
D643,3,90.2
D643,4,76.7
D643,5,79.3
D643,6,79.2
D643,7,85.7
D643,8,85.2
D643,9,98.7
D643,10,87.9
D643,11,89.8
D643,12,80.7
D643,13,94.4
D643,14,83.9
D643,15,79.5
D643,16,86.5
D643,17,84.2
D643,18,76.3
D643,19,80.5
D643,20,79.8
D643,21,81.7
D643,22,73.6
D643,23,89.6
D643,24,94.1
D643,25,91.6
D643,26,92.5
D644,1,62.4
D644,2,64.0
D644,3,61.8
D644,4,67.3
D644,5,67.2
D644,6,67.2
D644,7,66.4
D644,8,66.9
D644,9,67.4
D644,10,69.1
D644,11,67.7
D644,12,67.6
D644,13,67.3
D644,14,68.7
D644,15,65.7
D644,16,68.2
D644,17,64.2
D644,18,56.4
D644,19,66.9
D644,20,57.2
D644,21,66.9
D644,22,65.3
D644,23,62.0
D644,24,58.7
D644,25,64.1
D644,26,68.5
D645,1,76.5
D645,2,79.3
D645,3,64.1
D645,4,67.4
D645,5,68.7
D645,6,71.5
D645,7,64.0
D645,8,57.5
D645,9,64.5
D645,10,59.2
D645,11,68.7
D645,12,65.8
D645,13,68.3
D645,14,64.1
D645,15,80.0
D645,16,62.0
D645,17,64.3
D645,18,61.5
D645,19,64.1
D645,20,67.6
D645,21,78.0
D645,22,70.8
D645,23,69.9
D645,24,54.5
D645,25,69.8
D645,26,68.1
D646,1,58.1
D646,2,45.3
D646,3,55.6
D646,4,42.6
D646,5,45.4
D646,6,41.1
D646,7,46.2
D646,8,43.9
D646,9,42.7
D646,10,50.2
D646,11,36.6
D646,12,42.4
D646,13,35.3
D646,14,39.6
D646,15,29.6
D646,16,48.3
D646,17,34.3
D646,18,38.2
D646,19,36.0
D646,20,29.5
D646,21,42.3
D646,22,34.7
D646,23,32.6
D646,24,29.1
D646,25,40.4
D646,26,33.6
D647,1,56.3
D647,2,54.0
D647,3,52.7
D647,4,73.0
D647,5,35.2
D647,6,37.6
D647,7,50.0
D647,8,52.9
D647,9,67.5
D647,10,55.7
D647,11,33.6
D647,12,52.2
D647,13,39.9
D647,14,47.3
D647,15,43.7
D647,16,53.2
D647,17,53.1
D647,18,42.6
D647,19,45.4
D647,20,40.4
D647,21,29.3
D647,22,58.1
D647,23,40.0
D647,24,46.3
D647,25,45.3
D647,26,47.1
D648,1,79.9
D648,2,87.2
D648,3,97.3
D648,4,89.1
D648,5,94.2
D648,6,74.1
D648,7,93.6
D648,8,86.5
D648,9,89.0
D648,10,80.2
D648,11,85.2
D648,12,87.0
D648,13,78.0
D648,14,96.9
D648,15,88.5
D648,16,94.7
D648,17,99.2
D648,18,94.9
D648,19,79.9
D648,20,75.3
D648,21,88.3
D648,22,94.0
D648,23,87.9
D648,24,89.6
D648,25,86.4
D648,26,86.0
D649,1,88.3
D649,2,80.0
D649,3,84.3
D649,4,88.7
D649,5,81.4
D649,6,89.2
D649,7,91.9
D649,8,86.6
D649,9,83.5
D649,10,84.2
D649,11,86.8
D649,12,82.5
D649,13,91.7
D649,14,94.1
D649,15,90.6
D649,16,91.9
D649,17,87.5
D649,18,76.6
D649,19,87.0
D649,20,89.9
D649,21,81.0
D649,22,82.2
D649,23,83.2
D649,24,79.0
D649,25,90.2
D649,26,79.1
D650,1,24.8
D650,2,23.3
D650,3,11.8
D650,4,23.8
D650,5,17.9
D650,6,27.5
D650,7,17.3
D650,8,29.0
D650,9,13.1
D650,10,29.2
D650,11,24.0
D650,12,24.1
D650,13,16.6
D650,14,37.9
D650,15,24.5
D650,16,27.8
D650,17,25.6
D650,18,18.5
D650,19,33.3
D650,20,33.4
D650,21,28.2
D650,22,18.5
D650,23,18.7
D650,24,18.4
D650,25,12.8
D650,26,25.0
D651,1,32.5
D651,2,25.2
D651,3,28.5
D651,4,26.5
D651,5,35.9
D651,6,30.3
D651,7,31.9
D651,8,30.3
D651,9,19.3
D651,10,16.7
D651,11,18.5
D651,12,30.0
D651,13,25.3
D651,14,17.2
D651,15,33.0
D651,16,26.5
D651,17,35.6
D651,18,27.1
D651,19,31.8
D651,20,22.0
D651,21,21.0
D651,22,25.1
D651,23,24.6
D651,24,28.7
D651,25,28.0
D651,26,27.9
D652,1,63.5
D652,2,71.2
D652,3,69.4
D652,4,60.1
D652,5,65.5
D652,6,79.9
D652,7,57.9
D652,8,64.4
D652,9,78.3
D652,10,67.3
D652,11,63.1
D652,12,68.1
D652,13,65.2
D652,14,54.6
D652,15,55.6
D652,16,62.2
D652,17,81.5
D652,18,64.5
D652,19,57.2
D652,20,65.5
D652,21,60.8
D652,22,58.7
D652,23,65.4
D652,24,74.6
D652,25,63.2
D652,26,67.6
D653,1,54.7
D653,2,51.6
D653,3,38.9
D653,4,43.5
D653,5,78.5
D653,6,44.5
D653,7,47.3
D653,8,48.6
D653,9,39.4
D653,10,19.9
D653,11,7.9
D653,12,30.7
D653,13,9.4
D653,14,10.5
D653,15,35.0
D654,1,94.0
D654,2,82.7
D654,3,79.8
D654,4,96.6
D654,5,92.1
D654,6,90.8
D654,7,86.7
D654,8,87.0
D654,9,78.3
D654,10,85.7
D654,11,70.9
D654,12,93.8
D654,13,87.2
D654,14,76.0
D654,15,91.8
D654,16,73.0
D654,17,83.8
D654,18,79.5
D654,19,96.9
D655,1,93.2
D655,2,93.3
D655,3,83.2
D655,4,78.9
D655,5,75.0
D655,6,77.8
D655,7,84.4
D655,8,78.9
D655,9,79.9
D655,10,85.9
D655,11,94.6
D655,12,90.2
D655,13,95.4
D655,14,90.2
D655,15,78.6
D655,16,84.2
D655,17,83.0
D655,18,87.7
D655,19,82.3
D655,20,88.6
D655,21,77.5
D655,22,77.8
D655,23,85.2
D655,24,81.4
D655,25,80.2
D655,26,79.6
D656,1,85.6
D656,2,88.7
D656,3,75.4
D656,4,77.6
D656,5,75.5
D656,6,90.9
D656,7,89.6
D656,8,95.7
D656,9,92.0
D656,10,90.0
D656,11,84.0
D656,12,92.7
D656,13,89.6
D656,14,94.1
D656,15,87.3
D656,16,74.5
D656,17,88.2
D656,18,91.7
D656,19,74.1
D656,20,76.6
D656,21,89.3
D656,22,86.0
D656,23,89.5
D656,24,96.4
D656,25,79.4
D656,26,90.4
D657,1,14.1
D657,2,30.4
D657,3,20.0
D657,4,19.8
D657,5,26.8
D657,6,24.3
D657,7,26.2
D657,8,25.9
D657,9,12.7
D657,10,21.0
D657,11,26.4
D657,12,18.1
D657,13,15.6
D657,14,27.3
D657,15,82.3
D657,16,8.5
D657,17,27.0
D657,18,19.5
D657,19,23.5
D657,20,33.5
D657,21,37.1
D657,22,23.7
D657,23,13.8
D657,24,20.0
D657,25,28.9
D657,26,25.1
D658,1,75.1
D658,2,82.0
D658,3,86.7
D658,4,91.2
D658,5,77.2
D658,6,74.7
D658,7,73.2
D658,8,96.5
D658,9,76.9
D658,10,76.1
D658,11,89.1
D658,12,88.3
D658,13,79.4
D658,14,77.5
D658,15,74.5
D658,16,79.6
D658,17,80.7
D658,18,83.6
D658,19,76.5
D658,20,91.4
D658,21,76.1
D658,22,85.1
D658,23,76.0
D658,24,79.1
D658,25,80.5
D658,26,83.3
D659,1,61.6
D659,2,49.0
D659,3,61.6
D659,4,34.0
D659,5,63.4
D659,6,49.8
D659,7,47.2
D659,8,46.4
D659,9,45.4
D660,1,71.3
D660,2,61.3
D660,3,67.6
D660,4,59.3
D660,5,68.7
D660,6,59.5
D660,7,77.1
D660,8,71.7
D660,9,54.8
D660,10,87.5
D660,11,66.1
D660,12,60.3
D660,13,75.0
D660,14,75.1
D660,15,66.1
D660,16,66.0
D660,17,70.3
D660,18,54.8
D660,19,82.5
D660,20,80.6
D660,21,61.4
D660,22,71.7
D660,23,65.2
D660,24,67.6
D660,25,55.2
D660,26,64.0
D661,1,78.8
D661,2,72.7
D661,3,84.3
D661,4,83.1
D661,5,64.5
D661,6,67.1
D661,7,84.9
D661,8,78.5
D661,9,69.4
D661,10,77.1
D661,11,61.5
D661,12,49.6
D661,13,57.7
D661,14,58.8
D661,15,48.3
D661,16,55.5
D661,17,55.6
D662,1,61.5
D662,2,54.6
D662,3,65.1
D662,4,82.5
D662,5,64.5
D662,6,68.6
D662,7,62.1
D662,8,59.2
D662,9,66.6
D662,10,57.1
D662,11,61.1
D662,12,67.4
D662,13,70.6
D662,14,55.1
D662,15,61.9
D662,16,63.6
D662,17,56.7
D662,18,68.3
D662,19,69.2
D662,20,54.0
D662,21,65.4
D662,22,70.5
D662,23,64.9
D662,24,65.0
D662,25,56.6
D662,26,67.7
D663,1,93.4
D663,2,92.3
D663,3,85.8
D663,4,84.7
D663,5,92.1
D663,6,78.4
D663,7,76.4
D663,8,83.1
D663,9,84.6
D663,10,91.1
D663,11,96.1
D663,12,81.8
D663,13,85.3
D663,14,95.7
D663,15,96.6
D663,16,89.8
D663,17,93.9
D663,18,83.6
D663,19,72.8
D663,20,84.2
D663,21,91.4
D663,22,90.2
D663,23,83.9
D663,24,81.0
D663,25,84.5
D663,26,86.3
D664,1,58.4
D664,2,76.2
D664,3,63.7
D664,4,76.2
D664,5,87.8
D664,6,62.7
D664,7,73.0
D664,8,69.8
D664,9,69.1
D664,10,69.1
D664,11,67.8
D664,12,68.6
D664,13,69.8
D664,14,62.7
D664,15,76.7
D664,16,58.7
D664,17,71.1
D664,18,76.8
D664,19,85.6
D664,20,60.6
D664,21,65.0
D664,22,67.5
D664,23,67.5
D664,24,66.6
D664,25,59.1
D664,26,52.8
D665,1,67.3
D665,2,57.8
D665,3,61.3
D665,4,55.5
D665,5,90.6
D665,6,56.2
D665,7,68.9
D665,8,68.8
D665,9,84.5
D665,10,73.3
D665,11,60.5
D665,12,60.0
D665,13,64.4
D665,14,63.8
D665,15,64.1
D665,16,76.0
D665,17,64.4
D665,18,57.0
D665,19,64.6
D665,20,66.1
D665,21,73.6
D665,22,61.4
D665,23,66.1
D665,24,66.8
D665,25,71.2
D665,26,66.9
D666,1,73.4
D666,2,66.1
D666,3,62.8
D666,4,71.8
D666,5,63.0
D666,6,67.1
D666,7,59.7
D666,8,66.3
D666,9,61.9
D666,10,63.6
D666,11,69.7
D666,12,65.8
D666,13,62.9
D666,14,60.7
D666,15,63.8
D666,16,78.1
D666,17,68.8
D666,18,62.2
D666,19,66.0
D666,20,61.8
D666,21,67.3
D666,22,66.7
D666,23,64.8
D666,24,83.5
D666,25,60.8
D666,26,63.5
D667,1,16.9
D667,2,20.1
D667,3,21.1
D667,4,23.5
D667,5,21.0
D667,6,17.0
D667,7,26.6
D667,8,17.4
D667,9,14.5
D667,10,10.0
D667,11,18.3
D667,12,4.6
D667,13,16.8
D667,14,19.9
D667,15,28.9
D667,16,19.8
D667,17,13.5
D667,18,10.4
D667,19,12.2
D667,20,12.2
D667,21,13.2
D667,22,18.5
D667,23,16.6
D667,24,16.6
D667,25,17.9
D667,26,6.5
D668,1,77.0
D668,2,92.9
D668,3,77.4
D668,4,81.8
D668,5,72.8
D668,6,77.6
D668,7,82.8
D668,8,82.9
D668,9,77.6
D668,10,79.2
D668,11,97.6
D668,12,91.0
D668,13,84.4
D668,14,83.5
D668,15,79.4
D668,16,85.8
D668,17,82.0
D668,18,86.6
D668,19,80.3
D668,20,87.8
D668,21,94.4
D668,22,85.8
D668,23,77.8
D668,24,91.3
D668,25,81.2
D668,26,79.7
D669,1,59.0
D669,2,48.7
D669,3,66.4
D669,4,62.1
D669,5,63.1
D669,6,62.4
D669,7,56.9
D669,8,78.1
D669,9,70.7
D669,10,59.6
D669,11,63.3
D669,12,65.2
D669,13,67.3
D669,14,71.7
D669,15,65.2
D669,16,49.0
D669,17,60.5
D669,18,80.6
D669,19,66.7
D669,20,62.0
D669,21,64.0
D669,22,72.3
D669,23,62.6
D669,24,53.4
D669,25,60.3
D669,26,54.9
D670,1,13.2
D670,2,37.7
D670,3,24.3
D670,4,33.6
D670,5,23.6
D670,6,19.5
D670,7,25.9
D670,8,27.3
D670,9,24.8
D670,10,32.6
D670,11,41.2
D670,12,34.1
D670,13,33.3
D670,14,30.0
D670,15,16.5
D670,16,30.5
D670,17,30.1
D670,18,48.5
D670,19,33.7
D670,20,27.7
D670,21,18.0
D670,22,28.4
D670,23,32.9
D670,24,5.2
D670,25,17.2
D670,26,19.4
D671,1,27.1
D671,2,18.0
D671,3,17.2
D671,4,25.0
D671,5,14.4
D671,6,13.1
D671,7,18.0
D671,8,27.9
D671,9,23.0
D671,10,16.1
D671,11,19.6
D671,12,30.6
D671,13,9.3
D671,14,12.8
D671,15,21.7
D671,16,31.7
D671,17,26.3
D671,18,34.2
D671,19,15.2
D671,20,29.8
D671,21,18.5
D671,22,16.5
D671,23,30.3
D671,24,16.2
D671,25,25.0
D671,26,7.8
D672,1,79.6
D672,2,77.5
D672,3,81.4
D672,4,75.5
D672,5,97.1
D672,6,88.6
D672,7,95.0
D672,8,86.2
D672,9,80.8
D672,10,77.9
D672,11,74.3
D672,12,76.5
D672,13,94.1
D672,14,81.1
D672,15,78.3
D672,16,76.8
D672,17,83.2
D672,18,83.6
D672,19,77.0
D672,20,91.9
D672,21,79.3
D672,22,75.3
D672,23,79.7
D672,24,82.7
D672,25,78.4
D672,26,78.4
D673,1,50.2
D673,2,69.0
D673,3,68.4
D673,4,54.7
D673,5,40.7
D673,6,45.5
D673,7,54.7
D673,8,57.8
D673,9,52.1
D673,10,46.5
D673,11,55.7
D673,12,46.7
D673,13,41.2
D673,14,47.9
D673,15,48.8
D673,16,45.7
D673,17,52.8
D673,18,52.2
D673,19,49.6
D673,20,38.7
D673,21,37.6
D673,22,46.3
D673,23,38.5
D673,24,47.7
D673,25,38.5
D673,26,47.6
D674,1,12.3
D674,2,16.1
D674,3,23.2
D674,4,9.3
D674,5,14.7
D674,6,24.4
D674,7,19.3
D674,8,14.9
D674,9,19.7
D674,10,19.2
D674,11,20.1
D674,12,4.3
D674,13,13.5
D674,14,14.7
D674,15,9.1
D674,16,15.2
D674,17,17.9
D674,18,8.0
D674,19,3.8
D674,20,15.8
D674,21,4.6
D674,22,14.1
D674,23,29.8
D674,24,8.7
D674,25,16.8
D674,26,8.6
D675,1,84.9
D675,2,85.9
D675,3,88.2
D675,4,93.2
D675,5,89.4
D675,6,92.1
D675,7,81.9
D675,8,89.4
D675,9,81.6
D675,10,93.1
D675,11,84.7
D675,12,83.1
D675,13,80.8
D675,14,85.3
D675,15,84.3
D675,16,78.4
D675,17,83.6
D675,18,91.4
D675,19,81.4
D675,20,77.8
D675,21,81.6
D675,22,91.0
D675,23,96.7
D675,24,85.6
D675,25,90.4
D675,26,94.5
D676,1,56.7
D676,2,86.1
D676,3,31.7
D676,4,75.6
D676,5,47.6
D676,6,67.5
D676,7,57.4
D676,8,50.3
D676,9,48.5
D676,10,55.1
D676,11,39.5
D676,12,37.6
D676,13,54.3
D676,14,52.5
D676,15,44.1
D676,16,44.7
D676,17,44.7
D676,18,65.3
D676,19,48.8
D676,20,43.6
D676,21,50.1
D676,22,52.3
D676,23,46.8
D676,24,38.7
D676,25,35.4
D676,26,42.0
D677,1,16.3
D677,2,24.3
D677,3,29.8
D677,4,24.0
D677,5,32.2
D677,6,17.2
D677,7,15.7
D677,8,24.3
D677,9,15.8
D677,10,19.8
D677,11,36.6
D677,12,33.9
D677,13,27.2
D677,14,18.0
D677,15,27.5
D677,16,19.8
D677,17,18.2
D677,18,23.4
D677,19,19.2
D677,20,18.5
D677,21,30.0
D677,22,38.2
D677,23,36.0
D677,24,34.3
D677,25,26.0
D677,26,22.1
D678,1,18.0
D678,2,29.7
D678,3,31.6
D678,4,24.5
D678,5,31.2
D678,6,29.7
D678,7,44.0
D678,8,32.2
D678,9,37.2
D678,10,33.2
D678,11,37.4
D678,12,23.5
D678,13,34.0
D678,14,19.4
D678,15,21.9
D678,16,22.0
D678,17,12.8
D678,18,22.3
D678,19,14.5
D678,20,27.5
D678,21,11.8
D678,22,34.3
D678,23,25.9
D678,24,24.6
D678,25,28.4
D678,26,11.6
D679,1,58.7
D679,2,61.8
D679,3,65.8
D679,4,57.6
D679,5,63.0
D679,6,67.3
D679,7,56.2
D679,8,63.8
D679,9,56.0
D679,10,63.6
D679,11,62.5
D679,12,59.4
D679,13,62.4
D679,14,64.5
D679,15,57.8
D679,16,56.0
D679,17,63.1
D679,18,54.8
D679,19,86.7
D679,20,53.4
D679,21,50.6
D679,22,54.2
D679,23,66.0
D679,24,59.7
D679,25,72.3
D679,26,67.0
D680,1,53.4
D680,2,52.4
D680,3,44.3
D680,4,49.8
D680,5,43.2
D680,6,56.2
D680,7,53.4
D680,8,47.3
D680,9,41.9
D680,10,50.0
D680,11,38.7
D680,12,45.9
D680,13,66.1
D680,14,37.6
D680,15,31.8
D680,16,44.7
D680,17,44.9
D680,18,48.4
D680,19,49.0
D680,20,33.7
D680,21,32.8
D680,22,39.8
D680,23,34.1
D680,24,38.6
D680,25,27.9
D680,26,26.0
D681,1,50.4
D681,2,46.6
D681,3,51.5
D681,4,67.3
D681,5,51.9
D681,6,41.2
D681,7,44.4
D681,8,45.2
D681,9,60.2
D681,10,52.3
D681,11,54.0
D681,12,42.0
D681,13,45.3
D681,14,55.7
D681,15,44.2
D681,16,48.5
D681,17,43.7
D681,18,51.6
D681,19,41.9
D681,20,42.3
D681,21,41.5
D681,22,44.1
D681,23,24.0
D681,24,35.7
D681,25,38.5
D681,26,37.9
D682,1,72.1
D682,2,61.4
D682,3,68.8
D682,4,57.8
D682,5,82.3
D682,6,59.8
D682,7,68.3
D682,8,63.7
D682,9,72.5
D682,10,55.7
D682,11,77.2
D682,12,67.5
D682,13,69.2
D682,14,73.1
D682,15,63.5
D682,16,63.8
D682,17,89.8
D682,18,64.9
D682,19,87.6
D682,20,65.2
D682,21,66.3
D682,22,61.3
D682,23,73.8
D682,24,70.6
D682,25,72.2
D682,26,73.5
D683,1,73.5
D683,2,73.3
D683,3,59.0
D683,4,65.5
D683,5,68.4
D683,6,70.6
D683,7,81.9
D683,8,55.1
D683,9,55.6
D683,10,54.4
D683,11,59.3
D683,12,74.7
D683,13,57.1
D683,14,55.3
D683,15,53.6
D683,16,67.0
D683,17,55.0
D683,18,54.0
D683,19,65.2
D683,20,69.5
D683,21,68.3
D683,22,64.6
D683,23,66.9
D683,24,51.8
D683,25,51.1
D683,26,47.5
D684,1,68.2
D684,2,65.3
D684,3,68.4
D684,4,65.0
D684,5,61.9
D684,6,74.8
D684,7,63.0
D684,8,62.3
D684,9,61.2
D684,10,64.8
D684,11,65.2
D684,12,65.4
D684,13,62.5
D684,14,57.7
D684,15,64.1
D684,16,63.3
D684,17,68.6
D684,18,70.9
D684,19,79.9
D684,20,63.1
D684,21,62.1
D684,22,68.3
D684,23,63.8
D684,24,63.2
D684,25,72.9
D684,26,64.1
D685,1,62.9
D685,2,63.8
D685,3,64.8
D685,4,70.2
D685,5,63.0
D685,6,69.1
D685,7,65.8
D685,8,60.4
D685,9,65.4
D685,10,57.6
D685,11,61.0
D685,12,68.0
D685,13,63.1
D685,14,61.4
D685,15,70.1
D685,16,65.9
D685,17,72.8
D685,18,65.2
D685,19,68.0
D685,20,66.2
D685,21,62.9
D685,22,59.8
D685,23,65.7
D685,24,65.0
D685,25,64.9
D685,26,63.6
D686,1,53.9
D686,2,49.5
D686,3,44.7
D686,4,37.8
D686,5,54.6
D686,6,44.0
D686,7,48.5
D686,8,49.7
D686,9,45.7
D686,10,43.8
D686,11,37.6
D686,12,45.7
D686,13,29.1
D686,14,51.9
D686,15,27.2
D686,16,37.9
D686,17,39.5
D686,18,37.3
D686,19,35.9
D686,20,31.6
D686,21,24.6
D686,22,38.6
D686,23,43.2
D686,24,38.0
D686,25,27.9
D686,26,19.2
D687,1,60.8
D687,2,64.7
D687,3,64.0
D687,4,67.5
D687,5,63.6
D687,6,77.8
D687,7,68.3
D687,8,61.4
D687,9,64.6
D687,10,71.5
D687,11,61.5
D687,12,64.7
D687,13,71.3
D687,14,62.6
D687,15,65.7
D687,16,65.8
D687,17,63.4
D687,18,67.1
D687,19,73.2
D687,20,66.4
D687,21,67.3
D687,22,63.3
D687,23,70.3
D687,24,64.5
D687,25,63.5
D687,26,67.7
D688,1,62.2
D688,2,55.3
D688,3,59.9
D688,4,59.7
D688,5,63.6
D688,6,69.6
D688,7,59.4
D688,8,63.6
D688,9,68.3
D688,10,63.2
D688,11,59.5
D688,12,53.1
D688,13,61.8
D688,14,65.8
D688,15,65.3
D688,16,57.0
D688,17,70.5
D688,18,63.3
D688,19,67.0
D688,20,63.2
D688,21,63.1
D688,22,68.3
D688,23,65.0
D688,24,62.9
D688,25,61.3
D688,26,55.6
D689,1,3.9
D689,2,11.1
D689,3,22.8
D689,4,20.4
D689,5,26.5
D689,6,8.8
D689,7,13.1
D689,8,7.6
D689,9,18.2
D689,10,21.2
D689,11,13.7
D689,12,12.8
D689,13,21.3
D689,14,3.4
D689,15,12.8
D689,16,25.9
D689,17,11.0
D689,18,10.9
D689,19,16.4
D689,20,18.7
D689,21,29.0
D689,22,25.5
D689,23,11.7
D689,24,22.4
D689,25,18.8
D689,26,25.8
D690,1,58.3
D690,2,67.3
D690,3,66.9
D690,4,59.5
D690,5,61.9
D690,6,59.4
D690,7,55.0
D690,8,66.4
D690,9,62.4
D690,10,67.2
D690,11,57.3
D690,12,57.2
D690,13,64.8
D690,14,57.1
D690,15,58.4
D690,16,61.4
D690,17,61.0
D690,18,56.1
D690,19,46.7
D690,20,51.7
D690,21,42.6
D690,22,51.8
D690,23,40.7
D690,24,46.5
D691,1,92.3
D691,2,92.0
D691,3,76.5
D691,4,75.1
D691,5,80.2
D691,6,78.3
D691,7,78.8
D691,8,80.9
D691,9,94.5
D691,10,82.0
D691,11,85.4
D691,12,96.0
D691,13,74.0
D691,14,81.6
D691,15,89.6
D691,16,98.8
D691,17,88.6
D691,18,83.4
D691,19,81.5
D691,20,76.7
D691,21,87.1
D691,22,82.1
D691,23,79.7
D691,24,80.2
D691,25,81.4
D691,26,94.9
D692,1,65.6
D692,2,67.7
D692,3,85.7
D692,4,79.0
D692,5,64.6
D692,6,58.4
D692,7,91.6
D692,8,69.0
D692,9,62.3
D692,10,48.3
D692,11,67.4
D692,12,70.1
D692,13,77.9
D692,14,70.0
D692,15,62.8
D692,16,71.9
D692,17,74.8
D692,18,64.7
D692,19,56.6
D692,20,61.1
D692,21,70.2
D692,22,71.9
D692,23,63.9
D692,24,72.1
D692,25,68.7
D692,26,83.0
D693,1,89.7
D693,2,87.7
D693,3,87.9
D693,4,82.5
D693,5,84.7
D693,6,76.1
D693,7,93.8
D693,8,88.0
D693,9,73.9
D693,10,89.9
D693,11,95.8
D693,12,79.6
D693,13,84.8
D693,14,80.1
D693,15,89.5
D693,16,86.3
D693,17,88.0
D693,18,82.6
D693,19,88.2
D693,20,84.3
D693,21,87.4
D693,22,90.6
D693,23,74.3
D693,24,92.7
D693,25,84.2
D693,26,78.6
D694,1,48.5
D694,2,54.1
D694,3,64.0
D694,4,51.8
D694,5,51.8
D694,6,52.4
D694,7,54.3
D694,8,60.3
D694,9,54.8
D694,10,54.9
D694,11,38.3
D694,12,49.6
D694,13,46.8
D694,14,54.8
D694,15,41.8
D694,16,39.0
D694,17,61.0
D694,18,36.5
D694,19,41.3
D694,20,46.3
D694,21,36.5
D694,22,48.0
D694,23,46.7
D694,24,37.9
D694,25,37.1
D694,26,29.5
D695,1,79.9
D695,2,78.6
D695,3,86.3
D695,4,87.3
D695,5,69.4
D695,6,96.5
D695,7,84.3
D695,8,90.3
D695,9,77.6
D695,10,88.3
D695,11,81.5
D695,12,93.9
D695,13,78.7
D695,14,77.4
D695,15,89.5
D695,16,93.6
D695,17,93.0
D695,18,87.9
D695,19,78.9
D695,20,88.5
D695,21,95.5
D695,22,79.8
D695,23,89.7
D695,24,84.0
D695,25,85.6
D695,26,78.0
D696,1,4.1
D696,2,13.3
D696,3,16.7
D696,4,8.2
D696,5,16.1
D696,6,11.6
D696,7,18.3
D696,8,29.8
D696,9,7.1
D696,10,18.1
D696,11,13.9
D696,12,11.6
D696,13,38.5
D696,14,16.2
D696,15,23.6
D696,16,18.9
D696,17,22.9
D696,18,17.7
D696,19,7.1
D696,20,17.9
D696,21,14.4
D696,22,21.7
D696,23,14.2
D696,24,17.4
D696,25,15.2
D696,26,18.6
D697,1,72.2
D697,2,91.1
D697,3,85.8
D697,4,86.3
D697,5,90.8
D697,6,97.8
D697,7,78.6
D697,8,90.2
D697,9,75.2
D697,10,97.6
D697,11,89.6
D697,12,77.3
D697,13,87.8
D697,14,85.4
D697,15,86.8
D697,16,78.3
D697,17,75.5
D697,18,94.5
D697,19,96.7
D697,20,81.9
D697,21,93.9
D697,22,84.3
D697,23,91.2
D697,24,77.6
D697,25,98.4
D697,26,87.8
D698,1,78.7
D698,2,89.9
D698,3,88.5
D698,4,82.5
D698,5,96.5
D698,6,95.0
D698,7,95.8
D698,8,81.9
D698,9,88.5
D698,10,90.8
D698,11,75.8
D698,12,87.6
D698,13,70.4
D698,14,83.5
D698,15,91.7
D698,16,76.1
D698,17,86.6
D698,18,81.8
D698,19,92.8
D698,20,84.4
D698,21,92.8
D698,22,83.3
D698,23,92.4
D698,24,88.4
D698,25,81.4
D698,26,80.4
D699,1,82.0
D699,2,94.3
D699,3,78.9
D699,4,86.0
D699,5,81.2
D699,6,98.0
D699,7,85.8
D699,8,79.6
D699,9,82.6
D699,10,95.7
D699,11,90.9
D699,12,79.8
D699,13,84.9
D699,14,78.1
D699,15,89.1
D699,16,83.6
D699,17,71.9
D699,18,90.3
D699,19,78.7
D699,20,90.1
D699,21,70.4
D699,22,87.8
D699,23,91.4
D699,24,82.3
D699,25,88.4
D699,26,95.2
D700,1,19.6
D700,2,17.1
D700,3,14.2
D700,4,23.3
D700,5,18.3
D700,6,19.4
D700,7,14.8
D700,8,22.8
D700,9,32.7
D700,10,28.9
D700,11,21.1
D700,12,23.0
D700,13,29.9
D700,14,9.1
D700,15,13.6
D700,16,13.0
D700,17,20.7
D700,18,26.0
D700,19,9.6
D700,20,11.0
D700,21,15.7
D700,22,14.1
D700,23,13.7
D700,24,26.2
D700,25,23.7
D700,26,18.2
D701,1,24.1
D701,2,16.6
D701,3,50.6
D701,4,30.6
D701,5,36.2
D701,6,19.8
D701,7,16.2
D701,8,19.0
D701,9,31.7
D701,10,26.5
D701,11,25.8
D701,12,20.4
D701,13,26.8
D701,14,25.5
D701,15,37.2
D701,16,21.2
D701,17,18.8
D701,18,24.2
D701,19,32.6
D701,20,23.6
D701,21,33.4
D701,22,35.0
D701,23,34.5
D701,24,20.2
D701,25,27.4
D701,26,14.7
D702,1,67.1
D702,2,64.4
D702,3,70.4
D702,4,68.3
D702,5,68.1
D702,6,64.3
D702,7,69.4
D702,8,66.9
D702,9,62.8
D702,10,68.7
D702,11,61.0
D702,12,66.9
D702,13,65.2
D702,14,63.1
D702,15,63.9
D702,16,70.8
D702,17,66.1
D702,18,58.6
D702,19,61.3
D702,20,67.7
D702,21,67.9
D702,22,66.9
D702,23,71.9
D702,24,67.2
D702,25,66.2
D702,26,58.0
D703,1,89.7
D703,2,94.8
D703,3,85.3
D703,4,83.2
D703,5,93.6
D703,6,79.1
D703,7,76.2
D703,8,88.2
D703,9,72.5
D703,10,97.2
D703,11,93.7
D703,12,92.8
D703,13,91.6
D703,14,90.9
D703,15,94.3
D703,16,76.4
D703,17,83.8
D703,18,85.0
D703,19,84.0
D703,20,79.0
D703,21,91.6
D703,22,86.7
D703,23,70.5
D703,24,90.5
D703,25,76.3
D703,26,86.0
D704,1,85.6
D704,2,94.7
D704,3,81.1
D704,4,81.4
D704,5,84.8
D704,6,79.2
D704,7,79.5
D704,8,77.5
D704,9,84.7
D704,10,73.4
D704,11,78.7
D704,12,63.0
D705,1,6.2
D705,2,14.2
D705,3,19.1
D705,4,13.8
D705,5,20.2
D705,6,24.6
D705,7,23.5
D705,8,9.1
D705,9,13.6
D705,10,19.8
D705,11,26.0
D705,12,13.9
D705,13,6.1
D705,14,6.6
D705,15,0.0
D705,16,0.0
D705,17,0.0
D705,18,2.1
D705,19,0.8
D706,1,61.0
D706,2,57.6
D706,3,58.0
D706,4,62.2
D706,5,71.0
D706,6,67.1
D706,7,58.8
D706,8,62.8
D706,9,64.1
D706,10,60.8
D706,11,66.0
D706,12,55.6
D706,13,61.6
D706,14,61.5
D706,15,60.3
D706,16,64.2
D706,17,63.5
D706,18,60.0
D706,19,58.1
D706,20,60.4
D706,21,58.8
D706,22,59.3
D706,23,56.0
D706,24,58.8
D706,25,51.7
D706,26,62.4
D707,1,38.2
D707,2,52.5
D707,3,49.6
D707,4,54.5
D707,5,40.1
D707,6,55.8
D707,7,60.8
D707,8,63.8
D707,9,53.7
D707,10,48.8
D707,11,49.9
D707,12,43.8
D707,13,44.7
D707,14,46.7
D707,15,31.5
D707,16,49.7
D707,17,40.7
D707,18,39.7
D707,19,56.3
D707,20,34.3
D707,21,44.7
D707,22,53.3
D707,23,31.7
D707,24,42.9
D707,25,36.0
D707,26,37.8
D708,1,17.5
D708,2,14.8
D708,3,9.5
D708,4,7.5
D708,5,4.5
D708,6,25.7
D708,7,5.4
D708,8,25.9
D708,9,14.5
D708,10,9.8
D708,11,14.7
D708,12,26.9
D708,13,14.5
D708,14,6.4
D708,15,12.6
D708,16,16.2
D708,17,21.1
D708,18,20.9
D708,19,11.9
D708,20,16.1
D708,21,33.5
D708,22,15.4
D708,23,13.2
D708,24,27.0
D708,25,9.9
D708,26,16.9
D709,1,78.6
D709,2,90.6
D709,3,84.2
D709,4,94.5
D709,5,88.4
D709,6,82.1
D709,7,97.2
D709,8,89.0
D709,9,84.5
D709,10,97.3
D709,11,79.9
D709,12,81.9
D709,13,86.4
D709,14,93.1
D709,15,96.3
D709,16,86.2
D709,17,96.4
D709,18,91.4
D709,19,97.6
D709,20,85.0
D709,21,86.9
D709,22,100.0
D709,23,83.3
D709,24,87.6
D709,25,90.6
D709,26,96.6
D710,1,82.5
D710,2,93.4
D710,3,83.8
D710,4,96.2
D710,5,77.0
D710,6,95.2
D710,7,88.1
D710,8,96.2
D710,9,81.9
D710,10,92.7
D710,11,91.5
D710,12,91.6
D710,13,94.8
D710,14,93.0
D710,15,91.4
D710,16,94.8
D710,17,85.0
D710,18,77.9
D710,19,78.3
D710,20,85.7
D710,21,83.4
D710,22,91.8
D711,1,90.5
D711,2,94.0
D711,3,96.8
D711,4,89.3
D711,5,88.3
D711,6,91.6
D711,7,75.3
D711,8,80.5
D711,9,74.6
D711,10,87.7
D711,11,83.5
D711,12,89.2
D711,13,82.9
D711,14,89.8
D711,15,84.5
D711,16,94.0
D711,17,81.1
D711,18,93.8
D711,19,86.0
D711,20,79.7
D711,21,90.5
D711,22,93.6
D711,23,89.9
D711,24,83.2
D711,25,95.7
D711,26,84.6
D712,1,60.3
D712,2,65.6
D712,3,77.2
D712,4,49.3
D712,5,64.6
D712,6,65.0
D712,7,54.3
D712,8,70.0
D712,9,52.4
D712,10,58.1
D712,11,65.3
D712,12,58.5
D712,13,58.6
D712,14,63.8
D712,15,57.9
D712,16,59.4
D712,17,66.9
D712,18,71.0
D712,19,67.3
D712,20,73.6
D712,21,61.6
D712,22,66.9
D712,23,71.9
D712,24,66.1
D712,25,64.8
D712,26,65.7
D713,1,71.0
D713,2,67.0
D713,3,61.6
D713,4,59.0
D713,5,68.9
D713,6,70.8
D713,7,73.4
D713,8,56.9
D713,9,72.9
D713,10,65.1
D713,11,75.5
D713,12,62.3
D713,13,71.3
D713,14,69.2
D713,15,64.7
D713,16,71.2
D713,17,61.4
D713,18,87.0
D713,19,67.1
D713,20,65.4
D713,21,62.5
D713,22,63.9
D713,23,83.2
D713,24,72.1
D713,25,65.3
D713,26,67.6
D714,1,88.6
D714,2,79.8
D714,3,94.2
D714,4,95.8
D714,5,93.7
D714,6,84.5
D714,7,81.9
D714,8,95.8
D714,9,79.7
D714,10,88.8
D714,11,88.6
D714,12,84.7
D714,13,84.2
D714,14,82.2
D714,15,98.6
D714,16,77.4
D714,17,92.9
D714,18,99.0
D714,19,71.6
D714,20,75.4
D714,21,91.7
D714,22,83.5
D714,23,87.5
D714,24,96.9
D714,25,91.9
D714,26,74.2
D715,1,5.9
D715,2,11.9
D715,3,17.7
D715,4,10.2
D715,5,9.5
D715,6,4.8
D715,7,6.4
D715,8,0.6
D715,9,0.9
D715,10,1.0
D715,11,0.0
D715,12,0.0
D716,1,66.2
D716,2,49.4
D716,3,51.6
D716,4,68.2
D716,5,61.0
D716,6,65.0
D716,7,45.0
D716,8,71.1
D716,9,62.7
D716,10,59.3
D716,11,74.6
D716,12,56.2
D716,13,78.9
D716,14,61.6
D716,15,80.4
D716,16,65.0
D716,17,73.6
D716,18,80.7
D716,19,62.4
D716,20,55.8
D716,21,72.1
D716,22,60.1
D716,23,58.9
D716,24,63.8
D716,25,68.7
D716,26,61.6
D717,1,53.9
D717,2,51.6
D717,3,52.0
D717,4,61.7
D717,5,56.4
D717,6,52.8
D717,7,53.7
D717,8,39.2
D717,9,45.4
D717,10,43.1
D717,11,44.4
D717,12,41.8
D717,13,31.7
D717,14,42.2
D717,15,39.1
D717,16,32.8
D717,17,39.6
D717,18,27.8
D717,19,29.7
D717,20,43.3
D717,21,24.8
D717,22,37.2
D717,23,47.9
D717,24,32.7
D717,25,26.9
D717,26,40.6
D718,1,60.5
D718,2,68.0
D718,3,61.1
D718,4,58.8
D718,5,68.8
D718,6,64.7
D718,7,72.3
D718,8,74.1
D718,9,70.7
D718,10,56.3
D718,11,64.3
D718,12,47.2
D718,13,70.9
D718,14,69.8
D718,15,68.3
D718,16,76.6
D718,17,62.2
D718,18,61.6
D718,19,53.1
D718,20,73.8
D718,21,62.8
D718,22,68.6
D718,23,63.7
D718,24,60.3
D718,25,66.9
D718,26,63.4
D719,1,95.4
D719,2,87.4
D719,3,76.9
D719,4,80.4
D719,5,79.1
D719,6,96.7
D719,7,98.4
D719,8,84.9
D719,9,94.8
D719,10,80.9
D719,11,95.1
D719,12,85.6
D719,13,83.6
D719,14,87.2
D719,15,88.8
D719,16,88.4
D719,17,87.1
D719,18,80.5
D719,19,90.1
D719,20,92.6
D719,21,85.1
D719,22,83.2
D719,23,77.3
D719,24,75.2
D719,25,90.6
D719,26,95.7
D720,1,68.4
D720,2,70.5
D720,3,64.9
D720,4,61.6
D720,5,70.6
D720,6,71.9
D720,7,59.6
D720,8,71.0
D720,9,68.1
D720,10,78.5
D720,11,75.8
D720,12,74.2
D720,13,64.6
D720,14,64.4
D720,15,74.1
D720,16,59.6
D720,17,64.5
D720,18,65.0
D720,19,70.5
D720,20,72.1
D720,21,65.7
D720,22,70.3
D720,23,66.6
D720,24,82.5
D720,25,82.7
D720,26,68.3
D721,1,42.3
D721,2,61.8
D721,3,44.0
D721,4,51.7
D721,5,47.9
D721,6,59.1
D721,7,31.3
D721,8,55.1
D721,9,44.1
D721,10,35.0
D721,11,36.8
D721,12,50.9
D721,13,57.3
D721,14,46.5
D721,15,45.7
D721,16,31.9
D721,17,25.1
D721,18,23.5
D721,19,48.7
D721,20,42.3
D721,21,29.7
D721,22,36.0
D721,23,36.4
D721,24,45.0
D721,25,40.0
D721,26,26.3
D722,1,66.5
D722,2,70.5
D722,3,66.4
D722,4,62.6
D722,5,64.7
D722,6,73.4
D722,7,65.5
D722,8,65.6
D722,9,58.4
D722,10,63.7
D722,11,66.8
D722,12,76.8
D722,13,64.7
D722,14,58.9
D722,15,65.7
D722,16,63.3
D722,17,59.4
D722,18,68.7
D722,19,65.3
D722,20,71.1
D722,21,61.3
D722,22,65.0
D722,23,70.9
D722,24,67.1
D722,25,65.8
D722,26,72.3
D723,1,33.5
D723,2,33.8
D723,3,17.9
D723,4,16.6
D723,5,21.0
D723,6,38.5
D723,7,27.3
D723,8,33.4
D723,9,38.9
D723,10,18.4
D723,11,32.6
D723,12,25.3
D723,13,35.4
D723,14,33.6
D723,15,29.2
D723,16,29.0
D723,17,32.6
D723,18,16.4
D723,19,27.0
D723,20,34.9
D723,21,34.6
D723,22,11.4
D723,23,29.7
D723,24,43.1
D723,25,29.9
D723,26,26.6
D724,1,84.0
D724,2,80.1
D724,3,92.7
D724,4,77.7
D724,5,75.7
D724,6,75.5
D724,7,90.0
D724,8,91.5
D724,9,76.1
D724,10,86.0
D724,11,91.2
D724,12,85.4
D724,13,74.8
D724,14,90.2
D724,15,91.1
D724,16,73.5
D724,17,72.0
D724,18,75.7
D724,19,79.6
D725,1,66.9
D725,2,87.3
D725,3,64.9
D725,4,62.1
D725,5,61.4
D725,6,64.6
D725,7,53.2
D725,8,65.9
D725,9,57.1
D725,10,65.9
D725,11,67.2
D725,12,67.5
D725,13,54.4
D725,14,57.5
D725,15,76.0
D725,16,56.8
D725,17,68.8
D725,18,63.6
D725,19,59.2
D725,20,62.2
D725,21,69.7
D725,22,69.2
D725,23,58.0
D725,24,64.7
D725,25,62.5
D725,26,59.2
D726,1,94.3
D726,2,90.8
D726,3,83.5
D726,4,93.2
D726,5,94.4
D726,6,93.8
D726,7,88.8
D726,8,76.6
D726,9,87.0
D726,10,90.8
D726,11,88.0
D726,12,89.3
D726,13,84.0
D726,14,91.1
D726,15,90.9
D726,16,96.4
D726,17,94.6
D726,18,87.7
D726,19,84.2
D726,20,90.2
D726,21,86.2
D726,22,80.0
D726,23,84.5
D726,24,93.7
D726,25,82.4
D726,26,86.0
D727,1,35.1
D727,2,34.2
D727,3,23.8
D727,4,17.5
D727,5,29.8
D727,6,22.7
D727,7,33.3
D727,8,43.5
D727,9,28.9
D727,10,15.8
D727,11,12.0
D727,12,23.6
D727,13,32.1
D727,14,25.0
D727,15,41.5
D727,16,24.5
D727,17,23.4
D727,18,22.8
D727,19,22.5
D727,20,39.2
D727,21,27.6
D727,22,16.1
D727,23,32.6
D727,24,16.4
D727,25,46.5
D727,26,25.9
D728,1,17.1
D728,2,33.3
D728,3,9.7
D728,4,19.6
D728,5,21.2
D728,6,23.4
D728,7,20.2
D728,8,12.4
D728,9,11.0
D728,10,22.8
D728,11,17.7
D728,12,12.7
D728,13,22.7
D728,14,20.4
D728,15,10.6
D728,16,23.6
D728,17,14.3
D728,18,18.2
D728,19,33.5
D728,20,14.3
D728,21,17.9
D728,22,24.2
D728,23,9.5
D728,24,29.8
D728,25,17.1
D728,26,20.9
D729,1,46.2
D729,2,47.3
D729,3,39.1
D729,4,59.1
D729,5,52.7
D729,6,42.9
D729,7,35.9
D729,8,54.5
D729,9,59.0
D729,10,41.7
D729,11,34.1
D729,12,52.1
D729,13,54.5
D729,14,33.6
D729,15,38.4
D729,16,37.5
D729,17,42.2
D729,18,22.6
D729,19,41.4
D729,20,19.6
D729,21,21.9
D729,22,25.1
D729,23,35.6
D729,24,35.8
D729,25,28.5
D729,26,28.1
D730,1,26.1
D730,2,24.1
D730,3,24.8
D730,4,16.6
D730,5,18.2
D730,6,10.9
D730,7,28.5
D730,8,18.6
D730,9,21.8
D730,10,12.8
D730,11,16.2
D730,12,21.4
D730,13,40.0
D730,14,9.4
D730,15,3.6
D730,16,17.5
D730,17,22.8
D730,18,16.4
D730,19,11.6
D730,20,20.6
D730,21,7.6
D730,22,7.1
D730,23,22.3
D730,24,9.4
D730,25,6.8
D730,26,20.9
D731,1,22.6
D731,2,26.7
D731,3,15.2
D731,4,35.0
D731,5,30.0
D731,6,34.2
D731,7,14.9
D731,8,25.3
D731,9,20.5
D731,10,18.8
D731,11,21.6
D731,12,10.0
D731,13,9.4
D731,14,0.0
D731,15,3.2
D731,16,3.1
D731,17,0.8
D731,18,20.0
D732,1,86.0
D732,2,80.3
D732,3,77.3
D732,4,85.9
D732,5,89.2
D732,6,76.7
D732,7,91.1
D732,8,87.3
D732,9,92.9
D732,10,90.1
D732,11,87.6
D732,12,85.0
D732,13,74.0
D732,14,79.8
D732,15,91.2
D732,16,89.7
D732,17,85.3
D732,18,76.6
D732,19,96.5
D732,20,88.2
D732,21,89.4
D732,22,91.1
D732,23,79.9
D732,24,88.2
D732,25,81.2
D732,26,93.0
D733,1,68.2
D733,2,66.8
D733,3,48.5
D733,4,52.4
D733,5,49.2
D733,6,57.8
D733,7,53.2
D733,8,64.0
D733,9,50.0
D733,10,47.8
D733,11,56.3
D733,12,44.9
D733,13,61.9
D733,14,43.6
D733,15,43.6
D733,16,42.3
D733,17,44.7
D733,18,39.3
D733,19,44.7
D733,20,53.8
D733,21,47.8
D733,22,46.0
D733,23,36.0
D733,24,29.8
D733,25,52.4
D733,26,46.8
D734,1,74.0
D734,2,89.0
D734,3,90.5
D734,4,98.8
D734,5,98.0
D734,6,78.7
D734,7,93.6
D734,8,79.8
D734,9,89.2
D734,10,90.4
D734,11,93.6
D734,12,77.9
D734,13,94.8
D734,14,83.6
D734,15,68.5
D734,16,97.6
D734,17,77.8
D734,18,84.5
D734,19,86.5
D734,20,96.3
D734,21,75.2
D734,22,87.2
D734,23,92.1
D734,24,90.0
D734,25,95.5
D734,26,93.9
D735,1,14.6
D735,2,30.3
D735,3,35.8
D735,4,30.3
D735,5,24.9
D735,6,21.2
D735,7,25.8
D735,8,18.4
D735,9,29.1
D735,10,13.9
D735,11,31.3
D735,12,19.6
D735,13,17.1
D735,14,24.0
D735,15,18.6
D735,16,15.6
D735,17,30.5
D735,18,15.9
D735,19,8.0
D735,20,25.7
D735,21,16.7
D735,22,32.5
D735,23,17.8
D735,24,24.6
D735,25,29.8
D735,26,35.4
D736,1,8.1
D736,2,15.6
D736,3,16.9
D736,4,12.5
D736,5,9.2
D736,6,17.7
D736,7,16.3
D736,8,4.9
D736,9,8.8
D736,10,18.4
D736,11,18.7
D736,12,12.6
D736,13,12.3
D736,14,22.3
D736,15,14.6
D736,16,5.4
D736,17,26.9
D736,18,20.1
D736,19,7.6
D736,20,14.4
D736,21,6.5
D736,22,8.1
D736,23,36.6
D736,24,12.0
D736,25,7.0
D736,26,14.7
D737,1,63.4
D737,2,68.2
D737,3,67.7
D737,4,65.3
D737,5,67.1
D737,6,65.1
D737,7,64.9
D737,8,65.8
D737,9,75.7
D737,10,69.6
D737,11,61.5
D737,12,60.7
D737,13,67.7
D737,14,73.5
D737,15,63.1
D737,16,70.7
D737,17,67.6
D737,18,67.8
D737,19,58.8
D737,20,64.2
D737,21,65.6
D737,22,51.2
D737,23,64.1
D737,24,69.4
D737,25,65.8
D737,26,67.4
D738,1,82.6
D738,2,86.1
D738,3,78.6
D738,4,88.8
D738,5,80.6
D738,6,78.5
D738,7,74.5
D738,8,94.2
D738,9,72.3
D738,10,78.2
D738,11,89.4
D738,12,86.4
D738,13,93.6
D738,14,84.0
D738,15,77.5
D738,16,94.7
D738,17,77.0
D738,18,91.3
D738,19,86.6
D738,20,89.8
D738,21,76.2
D738,22,79.9
D738,23,85.3
D738,24,77.8
D738,25,85.5
D738,26,85.3
D739,1,57.8
D739,2,58.8
D739,3,61.8
D739,4,66.8
D739,5,72.3
D739,6,75.8
D739,7,54.4
D739,8,63.8
D739,9,64.2
D739,10,76.4
D739,11,72.0
D739,12,65.4
D739,13,68.1
D739,14,62.6
D739,15,67.8
D739,16,78.1
D739,17,62.7
D739,18,64.1
D739,19,61.2
D739,20,64.4
D739,21,55.9
D739,22,69.0
D739,23,65.9
D739,24,65.1
D739,25,59.3
D739,26,79.8
D740,1,76.7
D740,2,77.0
D740,3,76.1
D740,4,58.4
D740,5,65.5
D740,6,75.2
D740,7,77.0
D740,8,60.9
D740,9,81.4
D740,10,70.8
D740,11,62.3
D740,12,64.2
D740,13,75.3
D740,14,72.1
D740,15,55.1
D740,16,78.8
D740,17,65.8
D740,18,59.5
D740,19,74.1
D740,20,79.3
D740,21,76.8
D740,22,66.1
D740,23,64.9
D740,24,88.7
D740,25,69.0
D740,26,72.7
D741,1,52.9
D741,2,36.8
D741,3,51.4
D741,4,37.9
D741,5,52.4
D741,6,47.5
D741,7,51.3
D741,8,43.7
D741,9,47.4
D741,10,52.0
D741,11,58.9
D741,12,39.5
D741,13,47.5
D741,14,26.9
D741,15,59.5
D741,16,48.4
D741,17,29.7
D741,18,30.9
D741,19,42.8
D741,20,32.2
D741,21,35.9
D741,22,22.1
D741,23,22.5
D741,24,35.2
D741,25,32.3
D741,26,32.1
D742,1,62.4
D742,2,67.2
D742,3,68.0
D742,4,66.5
D742,5,66.5
D742,6,79.6
D742,7,61.5
D742,8,82.8
D742,9,61.5
D742,10,63.5
D742,11,57.2
D742,12,66.3
D742,13,69.2
D742,14,59.2
D742,15,73.5
D742,16,65.0
D742,17,65.2
D742,18,67.3
D742,19,59.3
D742,20,70.8
D742,21,64.1
D742,22,71.4
D742,23,85.4
D742,24,65.9
D742,25,61.2
D742,26,67.1
D743,1,96.9
D743,2,79.3
D743,3,94.8
D743,4,87.7
D743,5,86.7
D743,6,86.1
D743,7,87.8
D743,8,92.6
D743,9,73.5
D743,10,83.5
D743,11,78.9
D743,12,81.3
D743,13,82.2
D744,1,93.7
D744,2,97.7
D744,3,81.0
D744,4,83.5
D744,5,77.7
D744,6,89.1
D744,7,94.5
D744,8,86.2
D744,9,79.0
D744,10,90.3
D744,11,87.0
D744,12,97.6
D744,13,96.5
D744,14,79.0
D744,15,71.2
D744,16,83.8
D744,17,93.5
D744,18,75.2
D744,19,78.3
D744,20,100.0
D745,1,54.9
D745,2,66.7
D745,3,68.3
D745,4,77.6
D745,5,63.2
D745,6,62.6
D745,7,51.4
D745,8,64.4
D745,9,63.4
D745,10,55.0
D745,11,65.0
D745,12,60.6
D745,13,60.8
D745,14,62.9
D745,15,69.0
D745,16,53.3
D745,17,63.2
D745,18,41.9
D745,19,57.3
D745,20,55.3
D745,21,45.6
D745,22,50.9
D745,23,55.3
D746,1,63.2
D746,2,67.8
D746,3,60.8
D746,4,54.3
D746,5,63.5
D746,6,69.7
D746,7,57.2
D746,8,56.0
D746,9,55.2
D746,10,32.8
D746,11,55.7
D746,12,45.3
D746,13,30.2
D746,14,42.5
D746,15,46.7
D746,16,39.4
D746,17,47.4
D746,18,48.0
D746,19,57.2
D746,20,44.1
D746,21,52.2
D746,22,49.2
D746,23,48.2
D746,24,64.0
D746,25,38.9
D746,26,35.8
D747,1,19.2
D747,2,14.9
D747,3,26.7
D747,4,24.6
D747,5,26.6
D747,6,26.6
D747,7,28.0
D747,8,26.9
D747,9,25.3
D747,10,38.3
D747,11,29.6
D747,12,39.9
D747,13,32.1
D747,14,30.3
D747,15,13.1
D747,16,31.8
D747,17,13.1
D747,18,35.9
D747,19,21.7
D747,20,29.9
D747,21,47.7
D747,22,27.0
D747,23,21.0
D747,24,24.3
D747,25,24.4
D747,26,23.8
D748,1,49.9
D748,2,48.4
D748,3,60.1
D748,4,45.2
D748,5,41.4
D748,6,56.5
D748,7,47.2
D748,8,46.9
D748,9,44.4
D748,10,54.1
D748,11,39.1
D748,12,55.1
D748,13,33.7
D748,14,51.4
D748,15,47.3
D748,16,52.9
D748,17,49.1
D748,18,55.0
D748,19,40.2
D748,20,53.8
D748,21,46.3
D748,22,34.1
D748,23,41.9
D748,24,62.7
D748,25,35.2
D748,26,36.6
D749,1,80.6
D749,2,92.3
D749,3,87.4
D749,4,84.5
D749,5,94.6
D749,6,78.2
D749,7,88.6
D749,8,92.4
D749,9,74.6
D749,10,72.3
D749,11,88.9
D749,12,92.7
D749,13,71.7
D749,14,94.4
D749,15,85.4
D749,16,84.2
D749,17,92.5
D749,18,76.9
D749,19,78.6
D749,20,92.7
D749,21,80.3
D749,22,88.2
D749,23,79.6
D749,24,92.6
D749,25,85.1
D749,26,84.4
D750,1,83.8
D750,2,62.3
D750,3,63.4
D750,4,64.2
D750,5,62.9
D750,6,63.1
D750,7,38.5
D750,8,64.9
D750,9,64.7
D750,10,60.6
D751,1,13.5
D751,2,11.5
D751,3,6.2
D751,4,24.9
D751,5,1.6
D751,6,19.6
D751,7,15.1
D751,8,23.5
D751,9,6.7
D751,10,7.7
D751,11,8.3
D751,12,5.5
D751,13,17.5
D751,14,12.5
D751,15,17.6
D751,16,15.5
D751,17,17.9
D751,18,4.7
D751,19,19.1
D751,20,18.9
D751,21,22.0
D751,22,14.1
D751,23,13.1
D751,24,11.7
D751,25,15.2
D751,26,14.8
D752,1,84.7
D752,2,76.8
D752,3,86.6
D752,4,87.8
D752,5,87.5
D752,6,84.5
D752,7,76.6
D752,8,85.4
D752,9,78.5
D752,10,87.4
D752,11,86.4
D752,12,74.9
D752,13,92.7
D752,14,87.8
D752,15,80.6
D752,16,94.6
D752,17,98.2
D752,18,85.2
D752,19,89.5
D752,20,90.0
D752,21,84.0
D752,22,87.0
D752,23,89.0
D752,24,88.4
D752,25,87.9
D752,26,94.9
D753,1,74.9
D753,2,68.9
D753,3,68.7
D753,4,68.3
D753,5,70.4
D753,6,66.4
D753,7,61.9
D753,8,68.2
D753,9,47.7
D753,10,55.1
D753,11,56.3
D753,12,58.4
D753,13,55.0
D753,14,62.1
D754,1,84.4
D754,2,87.0
D754,3,87.2
D754,4,97.7
D754,5,82.2
D754,6,90.5
D754,7,82.3
D754,8,86.2
D754,9,100.0
D754,10,84.7
D754,11,77.8
D754,12,78.8
D754,13,95.2
D754,14,97.3
D754,15,87.8
D754,16,81.6
D754,17,81.3
D754,18,92.1
D754,19,91.0
D754,20,90.8
D754,21,90.5
D754,22,94.6
D754,23,82.1
D754,24,87.3
D754,25,98.4
D754,26,93.3
D755,1,62.7
D755,2,65.8
D755,3,66.5
D755,4,62.8
D755,5,67.2
D755,6,59.7
D755,7,64.3
D755,8,64.8
D755,9,70.5
D755,10,66.4
D755,11,70.2
D755,12,69.2
D755,13,67.4
D755,14,56.3
D755,15,67.0
D755,16,67.5
D755,17,66.6
D755,18,63.4
D755,19,65.0
D755,20,68.1
D755,21,64.7
D755,22,66.0
D755,23,71.3
D755,24,63.6
D755,25,60.5
D755,26,62.8
D756,1,64.7
D756,2,62.7
D756,3,69.6
D756,4,65.9
D756,5,64.8
D756,6,66.8
D756,7,60.5
D756,8,75.2
D756,9,56.8
D756,10,65.5
D756,11,67.8
D756,12,64.5
D756,13,71.3
D756,14,69.1
D756,15,69.5
D756,16,59.6
D756,17,72.0
D756,18,56.9
D756,19,67.1
D756,20,69.1
D756,21,56.4
D756,22,49.8
D756,23,51.7
D756,24,41.8
D756,25,57.5
D757,1,74.7
D757,2,60.6
D757,3,58.4
D757,4,66.8
D757,5,61.4
D757,6,72.9
D757,7,65.7
D757,8,71.7
D757,9,67.3
D757,10,81.3
D757,11,48.6
D757,12,64.8
D757,13,60.6
D757,14,59.9
D757,15,61.5
D757,16,70.3
D757,17,70.6
D757,18,64.7
D757,19,62.9
D757,20,70.0
D757,21,67.1
D757,22,59.5
D757,23,63.8
D757,24,56.5
D757,25,79.9
D757,26,58.0
D758,1,68.5
D758,2,62.6
D758,3,69.7
D758,4,62.3
D758,5,68.7
D758,6,67.4
D758,7,69.6
D758,8,69.8
D758,9,69.6
D758,10,63.0
D758,11,64.6
D758,12,75.2
D758,13,72.1
D758,14,63.0
D758,15,69.3
D758,16,65.1
D758,17,70.1
D758,18,62.2
D758,19,61.0
D758,20,63.5
D758,21,59.0
D758,22,45.4
D758,23,61.3
D758,24,53.7
D758,25,53.1
D759,1,67.9
D759,2,72.1
D759,3,60.2
D759,4,68.8
D759,5,67.5
D759,6,59.4
D759,7,65.0
D759,8,73.3
D759,9,71.1
D759,10,55.2
D759,11,70.0
D759,12,71.5
D759,13,58.9
D759,14,82.7
D759,15,72.5
D759,16,71.0
D759,17,67.0
D759,18,63.5
D759,19,72.5
D759,20,52.1
D759,21,73.8
D759,22,63.0
D759,23,65.0
D759,24,73.8
D759,25,65.2
D759,26,69.4
D760,1,54.6
D760,2,71.5
D760,3,65.9
D760,4,63.7
D760,5,54.3
D760,6,46.7
D760,7,50.7
D760,8,58.2
D760,9,47.8
D760,10,63.9
D760,11,56.3
D760,12,48.2
D760,13,49.4
D760,14,46.8
D760,15,46.5
D760,16,46.2
D760,17,37.4
D760,18,49.6
D760,19,40.5
D760,20,36.2
D760,21,20.1
D760,22,43.2
D760,23,22.5
D760,24,27.1
D760,25,11.4
D761,1,24.0
D761,2,30.5
D761,3,21.5
D761,4,29.7
D761,5,25.9
D761,6,18.8
D761,7,28.2
D761,8,19.1
D761,9,14.7
D761,10,13.5
D761,11,9.2
D761,12,13.9
D761,13,0.4
D761,14,4.6
D761,15,3.0
D761,16,0.0
D762,1,11.7
D762,2,16.1
D762,3,19.6
D762,4,17.2
D762,5,20.7
D762,6,6.4
D762,7,21.6
D762,8,11.3
D762,9,18.4
D762,10,19.7
D762,11,16.4
D762,12,14.1
D762,13,21.6
D762,14,32.9
D762,15,21.0
D762,16,19.3
D762,17,11.7
D762,18,5.1
D762,19,12.7
D762,20,15.7
D762,21,14.6
D762,22,30.1
D762,23,7.9
D762,24,7.4
D762,25,8.4
D762,26,24.6
D763,1,27.5
D763,2,24.7
D763,3,14.1
D763,4,12.2
D763,5,18.5
D763,6,19.6
D763,7,15.7
D763,8,11.9
D763,9,5.1
D763,10,15.9
D763,11,25.9
D763,12,10.4
D763,13,17.5
D763,14,14.6
D763,15,7.5
D763,16,21.9
D763,17,23.9
D763,18,30.4
D763,19,38.9
D763,20,15.5
D763,21,15.4
D763,22,26.2
D763,23,21.0
D763,24,33.2
D763,25,10.2
D763,26,15.6
D764,1,82.8
D764,2,85.3
D764,3,97.3
D764,4,92.9
D764,5,90.8
D764,6,75.3
D764,7,95.2
D764,8,86.8
D764,9,94.3
D764,10,80.7
D764,11,80.8
D764,12,79.3
D764,13,85.4
D764,14,89.3
D764,15,78.9
D764,16,91.8
D764,17,91.6
D764,18,90.8
D764,19,74.5
D764,20,86.3
D764,21,83.5
D764,22,96.1
D764,23,77.9
D764,24,86.0
D764,25,81.4
D764,26,89.9
D765,1,63.7
D765,2,68.1
D765,3,58.8
D765,4,62.9
D765,5,64.8
D765,6,70.1
D765,7,58.9
D765,8,70.8
D765,9,61.5
D765,10,65.0
D765,11,68.2
D765,12,61.3
D765,13,63.3
D765,14,59.3
D765,15,60.0
D765,16,47.4
D765,17,49.0
D765,18,49.4
D765,19,39.1
D766,1,77.7
D766,2,75.0
D766,3,82.6
D766,4,78.9
D766,5,89.6
D766,6,69.5
D766,7,85.7
D766,8,97.2
D766,9,92.9
D766,10,77.2
D766,11,93.6
D766,12,81.3
D766,13,87.4
D766,14,89.7
D766,15,88.7
D766,16,84.7
D766,17,85.8
D766,18,94.5
D766,19,91.9
D766,20,94.8
D766,21,98.6
D766,22,89.9
D766,23,80.2
D766,24,78.8
D766,25,88.7
D766,26,78.6
D767,1,85.4
D767,2,84.6
D767,3,99.1
D767,4,89.1
D767,5,97.6
D767,6,78.2
D767,7,94.9
D767,8,79.7
D767,9,89.1
D767,10,88.7
D767,11,78.2
D767,12,88.5
D767,13,87.9
D767,14,78.7
D767,15,92.9
D767,16,80.3
D767,17,92.1
D767,18,87.3
D767,19,90.1
D767,20,75.7
D767,21,92.0
D767,22,78.5
D767,23,76.2
D767,24,78.3
D767,25,79.6
D767,26,91.6
D768,1,45.6
D768,2,43.2
D768,3,51.0
D768,4,48.0
D768,5,50.3
D768,6,42.2
D768,7,40.4
D768,8,54.0
D768,9,41.5
D768,10,45.1
D768,11,42.4
D768,12,36.4
D768,13,40.7
D768,14,48.1
D768,15,44.7
D768,16,40.1
D768,17,42.8
D768,18,43.2
D768,19,42.2
D768,20,31.2
D768,21,30.8
D768,22,23.4
D768,23,35.6
D768,24,33.0
D768,25,39.1
D768,26,37.4
D769,1,91.7
D769,2,80.9
D769,3,85.3
D769,4,88.0
D769,5,88.7
D769,6,95.9
D769,7,97.8
D769,8,84.0
D769,9,72.2
D769,10,92.7
D769,11,76.9
D769,12,100.0
D769,13,94.6
D769,14,89.9
D769,15,86.0
D769,16,89.8
D769,17,95.4
D769,18,89.8
D769,19,88.2
D769,20,76.0
D769,21,98.8
D769,22,82.6
D769,23,89.8
D769,24,90.3
D769,25,81.2
D769,26,70.1
D770,1,87.0
D770,2,82.1
D770,3,59.5
D770,4,68.3
D770,5,78.7
D770,6,69.9
D770,7,85.1
D770,8,81.4
D770,9,57.7
D770,10,71.5
D770,11,58.8
D770,12,63.1
D770,13,77.0
D770,14,76.1
D770,15,63.7
D770,16,68.8
D770,17,65.8
D770,18,80.9
D770,19,56.6
D770,20,76.1
D770,21,72.6
D770,22,69.5
D770,23,72.8
D770,24,65.7
D770,25,65.4
D770,26,62.2
D771,1,48.8
D771,2,77.5
D771,3,59.5
D771,4,62.3
D771,5,55.3
D771,6,58.9
D771,7,59.4
D771,8,70.1
D771,9,44.3
D771,10,38.2
D771,11,47.9
D771,12,52.5
D771,13,41.2
D771,14,62.3
D771,15,60.4
D771,16,42.9
D771,17,47.7
D771,18,53.7
D771,19,50.0
D771,20,51.0
D771,21,41.4
D771,22,47.4
D771,23,38.3
D771,24,46.5
D771,25,28.1
D771,26,46.8
D772,1,48.3
D772,2,67.0
D772,3,62.1
D772,4,73.8
D772,5,63.9
D772,6,61.6
D772,7,65.2
D772,8,67.8
D772,9,60.3
D772,10,70.1
D772,11,64.0
D772,12,62.0
D772,13,75.6
D772,14,65.9
D772,15,64.7
D772,16,54.6
D772,17,64.9
D772,18,70.3
D772,19,66.6
D772,20,70.6
D772,21,60.9
D772,22,48.4
D772,23,69.7
D772,24,55.0
D772,25,74.3
D772,26,64.4
D773,1,77.7
D773,2,86.0
D773,3,90.2
D773,4,86.8
D773,5,92.4
D773,6,78.0
D773,7,76.8
D773,8,75.9
D773,9,78.2
D773,10,82.9
D773,11,88.8
D773,12,74.2
D773,13,96.4
D773,14,87.7
D773,15,80.6
D773,16,79.2
D773,17,79.6
D773,18,93.3
D773,19,92.1
D773,20,94.2
D773,21,86.3
D773,22,81.5
D773,23,76.4
D773,24,93.3
D773,25,93.2
D773,26,78.2
D774,1,11.9
D774,2,6.4
D774,3,15.8
D774,4,13.8
D774,5,14.9
D774,6,14.3
D774,7,25.5
D774,8,4.8
D774,9,26.6
D774,10,6.4
D774,11,21.3
D774,12,14.3
D774,13,15.2
D774,14,12.2
D774,15,14.2
D774,16,23.7
D774,17,17.6
D774,18,23.7
D774,19,13.4
D774,20,11.0
D774,21,22.6
D774,22,7.1
D774,23,14.8
D774,24,23.3
D774,25,9.3
D774,26,15.9
D775,1,15.5
D775,2,24.2
D775,3,24.2
D775,4,12.8
D775,5,32.2
D775,6,32.3
D775,7,27.5
D775,8,27.6
D775,9,22.3
D775,10,16.2
D775,11,17.0
D775,12,31.8
D775,13,36.1
D775,14,18.3
D775,15,24.3
D775,16,15.1
D775,17,22.9
D775,18,26.9
D775,19,19.7
D775,20,32.9
D775,21,40.1
D775,22,40.8
D775,23,43.0
D775,24,20.1
D775,25,30.3
D775,26,22.4
D776,1,77.8
D776,2,87.9
D776,3,87.3
D776,4,84.1
D776,5,75.0
D776,6,82.9
D776,7,89.0
D776,8,85.2
D776,9,95.1
D776,10,88.1
D776,11,93.7
D776,12,100.0
D776,13,87.9
D776,14,87.2
D776,15,88.0
D776,16,70.7
D776,17,77.9
D776,18,84.9
D776,19,96.7
D776,20,93.9
D776,21,79.9
D776,22,83.2
D776,23,93.5
D776,24,94.0
D776,25,84.7
D776,26,96.9
D777,1,56.7
D777,2,53.1
D777,3,42.7
D777,4,47.5
D777,5,52.7
D777,6,47.6
D777,7,60.3
D777,8,43.8
D777,9,39.4
D777,10,56.1
D777,11,49.7
D777,12,52.6
D777,13,47.2
D777,14,49.1
D777,15,50.3
D777,16,47.5
D777,17,43.4
D777,18,47.8
D777,19,39.7
D777,20,33.4
D777,21,46.6
D777,22,44.2
D777,23,42.4
D777,24,30.1
D777,25,45.6
D777,26,38.8
D778,1,24.8
D778,2,10.8
D778,3,11.4
D778,4,20.1
D778,5,11.5
D778,6,12.2
D778,7,16.9
D778,8,3.1
D778,9,16.6
D778,10,26.7
D778,11,21.8
D778,12,11.7
D778,13,27.3
D778,14,15.0
D778,15,22.1
D778,16,16.0
D778,17,16.7
D778,18,3.4
D778,19,21.8
D778,20,30.2
D778,21,11.0
D778,22,25.1
D778,23,30.1
D778,24,50.9
D778,25,19.8
D778,26,28.0
D779,1,85.1
D779,2,97.2
D779,3,77.3
D779,4,84.6
D779,5,92.4
D779,6,79.0
D779,7,77.4
D779,8,91.8
D779,9,89.8
D779,10,79.8
D779,11,88.4
D779,12,92.2
D779,13,87.8
D779,14,93.0
D779,15,77.9
D779,16,89.0
D779,17,79.0
D779,18,80.1
D779,19,86.3
D779,20,83.5
D779,21,80.6
D779,22,91.8
D779,23,86.3
D779,24,85.9
D779,25,82.0
D779,26,84.2
D780,1,52.2
D780,2,72.1
D780,3,58.5
D780,4,56.4
D780,5,79.2
D780,6,77.7
D780,7,65.9
D780,8,55.1
D780,9,65.8
D780,10,81.0
D780,11,72.0
D780,12,57.0
D780,13,55.2
D780,14,60.5
D780,15,63.3
D780,16,65.4
D780,17,56.3
D780,18,57.8
D780,19,68.0
D780,20,44.7
D780,21,49.0
D780,22,52.8
D780,23,47.4
D780,24,28.6
D781,1,90.6
D781,2,83.0
D781,3,75.9
D781,4,87.1
D781,5,90.4
D781,6,89.1
D781,7,76.8
D781,8,78.2
D781,9,86.6
D781,10,90.6
D781,11,88.1
D781,12,90.9
D781,13,79.2
D781,14,88.9
D781,15,85.5
D781,16,86.5
D781,17,89.5
D781,18,94.6
D781,19,90.9
D781,20,89.9
D781,21,86.0
D781,22,92.4
D781,23,83.2
D781,24,95.2
D781,25,84.3
D781,26,89.9
D782,1,75.8
D782,2,64.5
D782,3,71.3
D782,4,69.7
D782,5,75.0
D782,6,69.6
D782,7,74.9
D782,8,71.1
D782,9,73.3
D782,10,59.6
D782,11,85.8
D782,12,63.6
D782,13,66.5
D782,14,69.1
D782,15,72.0
D782,16,68.8
D782,17,63.3
D782,18,74.1
D782,19,62.7
D782,20,79.0
D782,21,68.6
D782,22,59.9
D782,23,70.7
D782,24,62.6
D782,25,62.2
D782,26,75.7
D783,1,58.8
D783,2,61.9
D783,3,60.1
D783,4,72.1
D783,5,81.0
D783,6,88.2
D783,7,51.3
D783,8,58.2
D783,9,64.8
D783,10,73.1
D783,11,63.5
D783,12,67.1
D783,13,63.0
D783,14,57.5
D783,15,47.1
D783,16,66.7
D783,17,78.7
D783,18,65.0
D783,19,71.6
D783,20,66.2
D783,21,59.4
D783,22,65.6
D783,23,67.6
D783,24,60.7
D783,25,69.1
D783,26,76.5
D784,1,64.3
D784,2,84.4
D784,3,63.2
D784,4,73.9
D784,5,62.7
D784,6,60.1
D784,7,66.4
D784,8,57.4
D784,9,69.8
D784,10,58.3
D784,11,58.2
D784,12,54.5
D784,13,60.1
D784,14,60.1
D784,15,63.7
D784,16,73.6
D784,17,59.4
D784,18,85.8
D784,19,60.4
D784,20,48.0
D784,21,78.3
D784,22,64.9
D784,23,63.0
D784,24,59.3
D784,25,56.1
D784,26,63.4
D785,1,75.5
D785,2,69.0
D785,3,64.0
D785,4,78.0
D785,5,65.8
D785,6,65.5
D785,7,88.9
D785,8,78.0
D785,9,73.7
D785,10,86.6
D785,11,60.4
D785,12,60.6
D785,13,71.4
D785,14,58.6
D785,15,71.1
D785,16,64.1
D785,17,77.9
D785,18,71.7
D785,19,76.9
D785,20,67.1
D785,21,67.2
D785,22,79.5
D785,23,62.4
D785,24,72.0
D785,25,72.6
D785,26,59.5
D786,1,74.6
D786,2,74.7
D786,3,63.7
D786,4,77.1
D786,5,66.2
D786,6,71.0
D786,7,62.3
D786,8,78.8
D786,9,80.9
D786,10,59.1
D786,11,62.4
D786,12,55.6
D786,13,52.8
D786,14,74.1
D786,15,39.6
D786,16,65.7
D787,1,64.2
D787,2,68.1
D787,3,61.4
D787,4,67.1
D787,5,71.9
D787,6,89.3
D787,7,72.2
D787,8,65.1
D787,9,65.0
D787,10,52.3
D787,11,60.9
D787,12,66.9
D787,13,69.6
D787,14,47.4
D788,1,67.0
D788,2,56.2
D788,3,64.0
D788,4,67.9
D788,5,81.5
D788,6,65.9
D788,7,59.1
D788,8,65.3
D788,9,71.3
D788,10,60.6
D788,11,73.6
D788,12,70.3
D788,13,66.4
D788,14,64.9
D788,15,68.5
D788,16,72.1
D788,17,59.3
D788,18,74.1
D788,19,78.8
D788,20,62.2
D788,21,69.1
D788,22,68.2
D788,23,78.2
D788,24,70.0
D788,25,85.6
D788,26,58.4
D789,1,20.5
D789,2,32.5
D789,3,28.1
D789,4,27.0
D789,5,15.5
D789,6,24.2
D789,7,9.2
D789,8,32.4
D789,9,12.5
D789,10,25.5
D789,11,31.2
D789,12,17.5
D789,13,32.3
D789,14,35.2
D789,15,32.0
D789,16,38.7
D789,17,27.0
D789,18,9.6
D789,19,29.3
D789,20,39.3
D789,21,29.5
D789,22,19.2
D789,23,35.4
D789,24,23.3
D789,25,21.8
D789,26,23.3
D790,1,72.0
D790,2,65.0
D790,3,72.0
D790,4,62.3
D790,5,64.0
D790,6,61.3
D790,7,69.3
D790,8,84.9
D790,9,64.4
D790,10,68.1
D790,11,55.7
D790,12,62.0
D790,13,72.9
D790,14,70.2
D790,15,61.6
D790,16,66.7
D790,17,67.8
D790,18,53.5
D790,19,61.4
D790,20,68.2
D790,21,67.7
D790,22,58.9
D790,23,69.6
D790,24,69.4
D790,25,59.2
D790,26,57.1
D791,1,64.7
D791,2,47.3
D791,3,57.6
D791,4,57.8
D791,5,55.6
D791,6,49.2
D791,7,49.7
D791,8,44.7
D791,9,54.7
D791,10,49.1
D791,11,47.8
D791,12,47.3
D791,13,53.5
D791,14,45.2
D791,15,58.7
D791,16,34.4
D791,17,43.8
D791,18,40.6
D791,19,47.3
D791,20,46.5
D791,21,45.3
D791,22,49.1
D791,23,35.4
D791,24,52.6
D791,25,38.0
D791,26,33.4
D792,1,65.4
D792,2,67.0
D792,3,60.8
D792,4,67.6
D792,5,61.8
D792,6,63.7
D792,7,59.7
D792,8,53.7
D792,9,66.5
D792,10,71.8
D792,11,65.7
D792,12,65.2
D792,13,62.2
D792,14,56.3
D792,15,67.0
D792,16,60.8
D792,17,60.1
D792,18,60.9
D792,19,65.6
D792,20,62.1
D792,21,55.4
D792,22,44.2
D792,23,50.1
D793,1,48.3
D793,2,55.7
D793,3,58.1
D793,4,42.8
D793,5,42.0
D793,6,60.6
D793,7,55.0
D793,8,47.4
D793,9,47.5
D793,10,50.6
D793,11,36.4
D793,12,50.8
D793,13,49.3
D793,14,40.1
D793,15,50.4
D793,16,46.4
D793,17,42.6
D793,18,35.6
D793,19,35.7
D793,20,33.4
D793,21,47.5
D793,22,53.7
D793,23,27.7
D793,24,40.5
D793,25,44.5
D793,26,35.5
D794,1,63.6
D794,2,78.0
D794,3,67.5
D794,4,78.5
D794,5,69.1
D794,6,67.2
D794,7,62.6
D794,8,80.0
D794,9,84.6
D794,10,71.1
D794,11,67.6
D794,12,67.3
D794,13,61.2
D794,14,56.0
D794,15,54.8
D794,16,67.9
D794,17,59.0
D794,18,63.4
D795,1,65.2
D795,2,80.2
D795,3,81.1
D795,4,67.0
D795,5,83.0
D795,6,82.5
D795,7,70.5
D795,8,61.2
D795,9,72.2
D795,10,67.8
D795,11,74.6
D795,12,68.2
D795,13,66.5
D795,14,56.9
D795,15,65.2
D795,16,48.8
D795,17,52.2
D795,18,55.7
D795,19,48.4
D795,20,49.9
D796,1,61.3
D796,2,62.0
D796,3,65.9
D796,4,60.3
D796,5,70.3
D796,6,61.0
D796,7,58.9
D796,8,61.2
D796,9,59.6
D796,10,77.9
D796,11,54.4
D796,12,76.2
D796,13,62.7
D796,14,60.9
D796,15,60.4
D796,16,58.6
D796,17,63.4
D796,18,60.0
D796,19,66.9
D796,20,66.0
D796,21,49.8
D796,22,58.3
D796,23,65.2
D796,24,67.9
D796,25,59.0
D796,26,77.1
D797,1,56.5
D797,2,53.8
D797,3,49.0
D797,4,41.3
D797,5,50.1
D797,6,53.8
D797,7,28.8
D797,8,42.2
D797,9,45.5
D797,10,50.7
D797,11,32.7
D797,12,33.1
D797,13,38.3
D797,14,50.9
D797,15,47.3
D797,16,38.5
D797,17,37.8
D797,18,33.7
D797,19,26.9
D797,20,29.5
D797,21,16.3
D797,22,3.6
D797,23,18.1
D797,24,19.3
D797,25,8.6
D797,26,23.0
D798,1,60.5
D798,2,56.2
D798,3,56.3
D798,4,55.9
D798,5,65.2
D798,6,58.3
D798,7,53.5
D798,8,44.6
D798,9,41.1
D798,10,45.9
D798,11,62.4
D798,12,57.1
D798,13,56.7
D798,14,46.7
D798,15,39.6
D798,16,42.7
D798,17,34.5
D798,18,39.1
D798,19,17.8
D798,20,20.6
D798,21,17.2
D798,22,25.8
D798,23,17.3
D799,1,59.0
D799,2,54.5
D799,3,57.5
D799,4,63.7
D799,5,64.9
D799,6,51.8
D799,7,59.1
D799,8,70.9
D799,9,52.1
D799,10,52.1
D799,11,62.4
D799,12,74.3
D799,13,61.8
D799,14,78.1
D799,15,62.8
D799,16,66.6
D799,17,56.3
D799,18,67.8
D799,19,67.5
D799,20,54.0
D799,21,78.4
D799,22,60.4
D799,23,41.8
D799,24,59.3
D799,25,61.3
D799,26,73.3
D800,1,92.9
D800,2,81.7
D800,3,92.3
D800,4,88.1
D800,5,90.9
D800,6,90.3
D800,7,89.5
D800,8,74.2
D800,9,82.3
D800,10,75.7
D800,11,92.2
D800,12,83.5
D800,13,84.7
D800,14,86.4
D800,15,84.6
D800,16,95.9
D800,17,93.8
D800,18,85.9
D800,19,88.5
D800,20,85.1
D800,21,93.6
D800,22,90.9
D800,23,92.8
D800,24,94.0
D800,25,88.6
D800,26,87.2
D801,1,74.3
D801,2,65.9
D801,3,59.9
D801,4,59.8
D801,5,56.3
D801,6,68.5
D801,7,64.2
D801,8,57.6
D801,9,61.0
D801,10,60.7
D801,11,90.9
D801,12,54.4
D801,13,75.3
D801,14,64.0
D801,15,53.1
D801,16,60.0
D801,17,57.0
D801,18,49.3
D801,19,55.3
D801,20,38.5
D801,21,56.8
D802,1,76.9
D802,2,85.3
D802,3,91.9
D802,4,86.1
D802,5,93.4
D802,6,81.9
D802,7,90.7
D802,8,74.2
D802,9,84.5
D802,10,96.2
D802,11,90.2
D802,12,71.6
D802,13,87.6
D802,14,91.4
D802,15,96.7
D802,16,82.4
D802,17,91.8
D802,18,83.6
D802,19,93.0
D802,20,75.9
D802,21,92.8
D802,22,87.8
D802,23,76.4
D802,24,81.9
D802,25,89.6
D802,26,94.6
D803,1,78.8
D803,2,86.7
D803,3,85.6
D803,4,79.6
D803,5,81.9
D803,6,85.9
D803,7,85.9
D803,8,92.1
D803,9,96.7
D803,10,86.3
D803,11,89.1
D803,12,97.3
D803,13,85.6
D803,14,80.9
D803,15,89.6
D803,16,94.7
D803,17,74.5
D803,18,89.5
D803,19,90.8
D803,20,78.8
D803,21,90.0
D803,22,91.2
D803,23,92.1
D803,24,88.1
D803,25,95.9
D803,26,83.2
D804,1,88.4
D804,2,91.0
D804,3,92.2
D804,4,92.3
D804,5,94.1
D804,6,83.0
D804,7,88.3
D804,8,90.5
D804,9,86.7
D804,10,86.0
D804,11,90.4
D804,12,95.0
D804,13,82.7
D804,14,91.6
D804,15,84.6
D804,16,85.6
D804,17,82.6
D804,18,83.6
D804,19,92.8
D804,20,89.7
D804,21,93.8
D804,22,93.2
D804,23,98.2
D804,24,89.6
D804,25,86.9
D804,26,90.4
D805,1,78.8
D805,2,68.5
D805,3,60.7
D805,4,64.2
D805,5,62.3
D805,6,69.1
D805,7,56.0
D805,8,61.7
D805,9,65.9
D805,10,63.5
D805,11,60.4
D805,12,60.9
D805,13,49.0
D805,14,58.1
D805,15,61.9
D805,16,50.5
D805,17,39.8
D805,18,53.1
D805,19,43.1
D806,1,58.1
D806,2,68.4
D806,3,85.9
D806,4,64.7
D806,5,64.0
D806,6,56.4
D806,7,62.5
D806,8,69.7
D806,9,70.6
D806,10,63.5
D806,11,75.8
D806,12,67.4
D806,13,63.2
D806,14,74.3
D806,15,65.9
D806,16,63.3
D806,17,78.5
D806,18,73.6
D806,19,63.6
D806,20,62.7
D806,21,65.7
D806,22,68.7
D806,23,71.0
D806,24,60.9
D806,25,57.1
D806,26,58.4
D807,1,86.4
D807,2,93.9
D807,3,83.8
D807,4,91.3
D807,5,89.0
D807,6,89.8
D807,7,84.3
D807,8,86.5
D807,9,93.2
D807,10,87.5
D807,11,93.5
D807,12,95.1
D807,13,89.2
D807,14,90.7
D807,15,84.9
D807,16,86.1
D807,17,83.8
D807,18,97.2
D807,19,83.0
D807,20,76.4
D807,21,90.4
D807,22,75.3
D807,23,96.1
D807,24,90.2
D807,25,84.5
D807,26,78.9
D808,1,52.5
D808,2,54.6
D808,3,48.4
D808,4,51.2
D808,5,40.6
D808,6,38.6
D808,7,41.6
D808,8,41.7
D808,9,36.9
D808,10,44.9
D808,11,30.1
D808,12,46.7
D808,13,45.9
D808,14,51.3
D808,15,48.0
D808,16,29.0
D808,17,38.2
D808,18,37.6
D808,19,42.3
D808,20,36.0
D808,21,26.4
D808,22,28.4
D808,23,33.1
D808,24,35.8
D808,25,39.5
D808,26,32.9
D809,1,12.0
D809,2,11.5
D809,3,11.1
D809,4,23.2
D809,5,13.7
D809,6,13.6
D809,7,22.9
D809,8,39.7
D809,9,18.2
D809,10,3.1
D809,11,26.0
D809,12,12.2
D809,13,20.1
D809,14,14.7
D809,15,15.5
D809,16,21.4
D809,17,17.8
D809,18,13.3
D809,19,22.0
D809,20,16.1
D809,21,11.3
D809,22,6.4
D809,23,56.4
D809,24,10.7
D809,25,29.6
D809,26,8.5
D810,1,50.8
D810,2,62.1
D810,3,54.2
D810,4,50.9
D810,5,37.7
D810,6,57.2
D810,7,55.1
D810,8,46.9
D810,9,53.5
D810,10,47.8
D810,11,39.8
D810,12,37.8
D810,13,49.2
D810,14,54.6
D810,15,56.7
D810,16,38.4
D810,17,48.1
D810,18,41.5
D810,19,37.5
D810,20,69.2
D810,21,37.3
D810,22,61.6
D810,23,30.5
D810,24,49.0
D810,25,56.5
D810,26,56.0
D811,1,63.8
D811,2,63.2
D811,3,61.8
D811,4,59.7
D811,5,55.4
D811,6,61.2
D811,7,57.1
D811,8,63.0
D811,9,55.9
D811,10,64.4
D811,11,85.0
D811,12,62.1
D811,13,63.4
D811,14,66.1
D811,15,50.9
D811,16,57.4
D811,17,68.5
D811,18,78.7
D811,19,63.6
D811,20,69.2
D811,21,66.6
D811,22,60.3
D811,23,64.8
D811,24,59.0
D811,25,66.4
D811,26,59.6
D812,1,79.6
D812,2,65.0
D812,3,63.4
D812,4,66.3
D812,5,72.0
D812,6,63.6
D812,7,61.9
D812,8,59.0
D812,9,68.8
D812,10,65.8
D812,11,65.1
D812,12,64.6
D812,13,73.1
D812,14,58.0
D812,15,84.0
D812,16,65.7
D812,17,73.0
D812,18,63.2
D812,19,71.0
D812,20,76.6
D812,21,60.4
D812,22,64.1
D812,23,54.8
D812,24,65.6
D812,25,69.3
D812,26,61.6
D813,1,18.8
D813,2,10.9
D813,3,18.1
D813,4,10.2
D813,5,15.5
D813,6,16.7
D813,7,13.6
D813,8,19.2
D813,9,20.8
D813,10,23.8
D813,11,14.4
D813,12,7.3
D813,13,16.5
D813,14,8.4
D813,15,16.5
D813,16,21.2
D813,17,22.4
D813,18,15.0
D813,19,27.0
D813,20,22.1
D813,21,20.4
D813,22,8.9
D813,23,15.7
D813,24,6.9
D813,25,7.8
D813,26,21.6
D814,1,68.9
D814,2,62.6
D814,3,67.7
D814,4,65.9
D814,5,76.9
D814,6,66.2
D814,7,73.6
D814,8,57.7
D814,9,62.4
D814,10,55.4
D814,11,65.7
D814,12,70.1
D814,13,62.9
D814,14,56.1
D814,15,68.7
D814,16,65.9
D814,17,61.7
D814,18,53.5
D814,19,68.6
D814,20,71.2
D814,21,63.8
D814,22,66.1
D814,23,60.3
D814,24,66.4
D814,25,61.6
D814,26,77.7
D815,1,46.5
D815,2,22.1
D815,3,20.5
D815,4,24.9
D815,5,25.7
D815,6,16.3
D815,7,18.1
D815,8,30.6
D815,9,22.6
D815,10,24.7
D815,11,23.2
D815,12,30.7
D815,13,17.0
D815,14,26.4
D815,15,28.6
D815,16,24.9
D815,17,21.9
D815,18,21.3
D815,19,19.3
D815,20,28.6
D815,21,15.1
D815,22,28.8
D815,23,27.8
D815,24,24.4
D815,25,32.5
D815,26,28.7
D816,1,58.8
D816,2,62.0
D816,3,54.1
D816,4,47.2
D816,5,64.7
D816,6,60.3
D816,7,51.0
D816,8,52.4
D816,9,55.4
D816,10,41.3
D816,11,46.0
D816,12,46.7
D816,13,51.0
D816,14,42.6
D816,15,49.7
D816,16,50.0
D816,17,47.3
D816,18,37.9
D816,19,39.2
D816,20,42.0
D816,21,48.0
D816,22,48.4
D816,23,39.5
D816,24,45.7
D816,25,38.6
D816,26,37.2
D817,1,63.1
D817,2,61.4
D817,3,65.1
D817,4,69.0
D817,5,61.9
D817,6,59.4
D817,7,57.8
D817,8,59.1
D817,9,58.8
D817,10,60.9
D817,11,58.3
D817,12,59.3
D817,13,62.9
D817,14,68.9
D817,15,62.2
D817,16,64.7
D817,17,61.9
D817,18,56.9
D817,19,57.3
D817,20,70.2
D817,21,66.3
D817,22,59.7
D817,23,62.8
D817,24,56.1
D817,25,62.5
D817,26,58.7
D818,1,85.1
D818,2,82.6
D818,3,91.3
D818,4,80.9
D818,5,83.7
D818,6,82.5
D818,7,80.0
D818,8,81.2
D818,9,91.3
D818,10,79.1
D818,11,86.3
D818,12,80.3
D818,13,83.1
D818,14,87.8
D818,15,81.2
D818,16,90.3
D818,17,79.9
D818,18,88.3
D818,19,92.5
D818,20,78.0
D818,21,93.1
D818,22,87.8
D818,23,77.6
D818,24,78.7
D818,25,80.0
D818,26,95.6
D819,1,24.2
D819,2,14.1
D819,3,12.5
D819,4,9.8
D819,5,2.6
D819,6,1.9
D819,7,0.0
D819,8,0.0
D819,9,0.0
D819,10,8.5
D820,1,18.3
D820,2,19.8
D820,3,33.9
D820,4,34.4
D820,5,22.0
D820,6,17.6
D820,7,38.9
D820,8,21.2
D820,9,15.4
D820,10,12.1
D820,11,34.1
D820,12,21.5
D820,13,20.7
D820,14,31.9
D820,15,19.8
D820,16,36.0
D820,17,59.5
D820,18,21.4
D820,19,20.4
D820,20,6.4
D820,21,39.1
D820,22,21.6
D820,23,34.7
D820,24,22.6
D820,25,27.6
D820,26,33.6
D821,1,21.9
D821,2,31.0
D821,3,11.3
D821,4,20.8
D821,5,25.0
D821,6,23.6
D821,7,26.6
D821,8,18.9
D821,9,18.9
D821,10,14.3
D821,11,30.8
D821,12,19.0
D821,13,29.3
D821,14,26.6
D821,15,16.9
D821,16,22.8
D821,17,23.1
D821,18,23.7
D821,19,28.6
D821,20,30.6
D821,21,19.3
D821,22,31.7
D821,23,28.2
D821,24,32.1
D821,25,20.2
D821,26,31.4
D822,1,98.5
D822,2,90.4
D822,3,97.3
D822,4,91.2
D822,5,86.7
D822,6,83.0
D822,7,83.2
D822,8,84.9
D822,9,84.0
D822,10,87.0
D822,11,88.1
D822,12,90.2
D822,13,87.2
D822,14,76.7
D822,15,82.4
D822,16,95.2
D822,17,96.4
D822,18,86.8
D822,19,90.4
D822,20,97.7
D822,21,93.5
D822,22,87.0
D822,23,97.5
D822,24,92.0
D822,25,79.3
D822,26,85.5
D823,1,48.2
D823,2,57.9
D823,3,54.2
D823,4,44.5
D823,5,38.7
D823,6,52.2
D823,7,56.3
D823,8,37.2
D823,9,37.7
D823,10,42.0
D823,11,43.7
D823,12,35.9
D823,13,43.3
D823,14,34.1
D823,15,39.0
D823,16,27.1
D823,17,38.2
D823,18,39.3
D823,19,36.9
D823,20,32.1
D823,21,34.1
D823,22,33.0
D823,23,37.6
D823,24,36.4
D823,25,33.2
D823,26,34.9
D824,1,55.1
D824,2,52.8
D824,3,56.0
D824,4,74.8
D824,5,51.4
D824,6,44.7
D824,7,52.3
D824,8,64.1
D824,9,53.1
D824,10,40.6
D824,11,41.9
D824,12,33.1
D824,13,45.4
D824,14,50.1
D824,15,40.0
D824,16,41.3
D824,17,39.1
D824,18,41.6
D824,19,39.3
D824,20,50.5
D824,21,38.4
D824,22,39.7
D824,23,43.5
D824,24,57.4
D824,25,38.6
D824,26,47.3
D825,1,61.1
D825,2,44.9
D825,3,49.9
D825,4,53.2
D825,5,55.5
D825,6,56.4
D825,7,53.1
D825,8,52.6
D825,9,47.0
D825,10,53.3
D825,11,51.3
D825,12,55.2
D825,13,44.4
D825,14,46.5
D825,15,45.8
D825,16,46.5
D825,17,40.1
D825,18,47.3
D825,19,50.1
D825,20,41.3
D825,21,33.3
D825,22,30.7
D825,23,40.8
D825,24,55.4
D825,25,45.4
D825,26,35.1
D826,1,21.3
D826,2,19.8
D826,3,23.8
D826,4,11.0
D826,5,25.6
D826,6,29.1
D826,7,30.7
D826,8,44.4
D826,9,33.9
D826,10,63.9
D826,11,23.2
D826,12,71.7
D826,13,20.3
D826,14,19.2
D826,15,34.2
D826,16,30.8
D826,17,16.1
D826,18,30.8
D826,19,27.3
D826,20,22.7
D826,21,15.2
D826,22,28.0
D826,23,20.1
D826,24,43.4
D826,25,25.1
D826,26,26.2
D827,1,63.9
D827,2,67.3
D827,3,63.4
D827,4,74.2
D827,5,58.0
D827,6,64.5
D827,7,68.0
D827,8,64.7
D827,9,63.2
D827,10,65.1
D827,11,77.7
D827,12,63.7
D827,13,61.7
D827,14,53.4
D827,15,57.9
D827,16,64.7
D827,17,59.5
D827,18,46.5
D827,19,51.3
D828,1,78.9
D828,2,76.8
D828,3,78.2
D828,4,85.9
D828,5,80.9
D828,6,80.4
D828,7,73.4
D828,8,77.6
D828,9,83.9
D828,10,75.2
D828,11,85.1
D828,12,87.8
D828,13,93.9
D828,14,84.9
D828,15,75.7
D828,16,75.4
D828,17,87.0
D828,18,83.3
D829,1,77.4
D829,2,59.1
D829,3,74.1
D829,4,85.6
D829,5,63.1
D829,6,73.6
D829,7,61.6
D829,8,81.3
D829,9,66.1
D829,10,69.9
D829,11,76.5
D829,12,64.3
D829,13,69.2
D829,14,70.4
D829,15,66.2
D829,16,83.9
D829,17,69.4
D829,18,58.0
D829,19,70.4
D829,20,72.0
D829,21,61.8
D829,22,69.4
D829,23,68.2
D829,24,75.8
D829,25,57.9
D829,26,63.1
D830,1,53.5
D830,2,65.1
D830,3,75.0
D830,4,62.8
D830,5,66.2
D830,6,68.5
D830,7,58.5
D830,8,58.3
D830,9,62.4
D830,10,73.4
D830,11,59.9
D830,12,73.4
D830,13,58.0
D830,14,48.8
D830,15,70.8
D830,16,56.7
D830,17,57.1
D830,18,59.3
D830,19,54.0
D830,20,62.4
D830,21,63.4
D830,22,57.5
D830,23,59.7
D830,24,53.5
D830,25,62.0
D830,26,56.9
D831,1,61.5
D831,2,66.4
D831,3,69.4
D831,4,61.8
D831,5,67.8
D831,6,76.4
D831,7,60.9
D831,8,72.5
D831,9,67.5
D831,10,69.4
D831,11,64.1
D831,12,73.1
D831,13,72.1
D831,14,59.9
D831,15,70.3
D831,16,67.6
D831,17,63.6
D831,18,70.9
D831,19,83.6
D831,20,59.8
D831,21,62.9
D831,22,55.1
D831,23,71.6
D831,24,68.7
D831,25,61.3
D831,26,62.6
D832,1,67.9
D832,2,81.1
D832,3,63.1
D832,4,58.6
D832,5,70.0
D832,6,59.8
D832,7,69.7
D832,8,70.5
D832,9,65.8
D832,10,88.3
D832,11,79.6
D832,12,67.5
D832,13,80.2
D832,14,68.7
D832,15,89.4
D832,16,66.1
D832,17,68.4
D832,18,65.5
D832,19,76.0
D832,20,65.0
D832,21,65.8
D832,22,67.2
D832,23,80.8
D832,24,60.1
D832,25,67.2
D832,26,70.3
D833,1,9.7
D833,2,4.9
D833,3,7.1
D833,4,3.8
D833,5,22.7
D833,6,45.7
D833,7,28.4
D833,8,4.1
D833,9,19.5
D833,10,14.8
D833,11,3.9
D833,12,15.8
D833,13,29.9
D833,14,17.2
D833,15,28.5
D833,16,4.7
D833,17,13.6
D833,18,19.6
D833,19,22.0
D833,20,12.8
D833,21,21.0
D833,22,21.0
D833,23,37.0
D833,24,13.4
D833,25,19.5
D833,26,10.9
D834,1,69.8
D834,2,65.0
D834,3,59.4
D834,4,54.3
D834,5,58.7
D834,6,60.6
D834,7,66.8
D834,8,58.1
D834,9,63.0
D834,10,75.9
D834,11,71.1
D834,12,63.0
D834,13,62.1
D834,14,78.3
D834,15,53.3
D834,16,51.6
D834,17,72.3
D834,18,79.3
D834,19,63.4
D834,20,50.1
D834,21,57.8
D834,22,77.3
D834,23,57.5
D834,24,68.7
D834,25,61.9
D834,26,59.6
D835,1,92.0
D835,2,82.3
D835,3,85.6
D835,4,97.3
D835,5,78.0
D835,6,82.1
D835,7,88.1
D835,8,78.7
D835,9,77.0
D835,10,82.7
D835,11,92.3
D836,1,94.0
D836,2,80.0
D836,3,80.6
D836,4,99.3
D836,5,79.6
D836,6,100.0
D836,7,79.9
D836,8,78.1
D836,9,83.1
D836,10,94.9
D836,11,73.0
D836,12,96.0
D836,13,74.9
D836,14,94.4
D836,15,77.8
D836,16,85.2
D836,17,76.6
D837,1,74.0
D837,2,69.5
D837,3,74.3
D837,4,54.0
D837,5,59.0
D837,6,71.1
D837,7,67.0
D837,8,60.3
D837,9,64.9
D837,10,88.1
D837,11,64.7
D837,12,74.5
D837,13,80.0
D837,14,56.9
D837,15,67.1
D837,16,61.7
D837,17,66.1
D837,18,63.2
D837,19,62.5
D837,20,69.3
D837,21,57.8
D837,22,69.9
D837,23,55.1
D837,24,69.5
D837,25,79.7
D837,26,69.6
D838,1,5.6
D838,2,23.9
D838,3,24.0
D838,4,15.3
D838,5,15.2
D838,6,15.6
D838,7,21.6
D838,8,24.2
D838,9,12.0
D838,10,6.4
D838,11,4.6
D838,12,27.5
D838,13,15.1
D838,14,16.8
D838,15,7.9
D838,16,29.0
D838,17,19.2
D838,18,6.2
D838,19,30.8
D838,20,21.3
D838,21,3.8
D838,22,20.9
D838,23,18.2
D838,24,14.5
D838,25,7.3
D838,26,11.3
D839,1,55.4
D839,2,52.9
D839,3,54.2
D839,4,68.4
D839,5,47.0
D839,6,50.2
D839,7,44.6
D839,8,55.6
D839,9,39.6
D839,10,43.3
D839,11,50.9
D839,12,45.3
D839,13,45.5
D839,14,42.8
D839,15,55.9
D839,16,51.1
D839,17,41.8
D839,18,33.6
D839,19,50.7
D839,20,36.7
D839,21,45.7
D839,22,36.8
D839,23,47.9
D839,24,33.7
D839,25,40.9
D839,26,34.4
D840,1,74.9
D840,2,65.6
D840,3,59.9
D840,4,65.0
D840,5,59.7
D840,6,70.5
D840,7,75.9
D840,8,76.4
D840,9,59.9
D840,10,74.7
D840,11,59.6
D840,12,72.2
D840,13,70.2
D840,14,62.3
D840,15,78.4
D840,16,69.2
D840,17,63.0
D840,18,70.1
D840,19,65.6
D840,20,65.1
D840,21,61.2
D840,22,63.3
D840,23,60.7
D840,24,65.1
D840,25,70.0
D840,26,71.4
D841,1,91.0
D841,2,90.7
D841,3,78.9
D841,4,97.9
D841,5,81.4
D841,6,87.0
D841,7,75.3
D841,8,83.5
D841,9,91.6
D841,10,79.6
D841,11,89.5
D841,12,87.1
D841,13,88.0
D841,14,79.4
D841,15,75.2
D841,16,90.3
D841,17,82.9
D841,18,86.4
D841,19,75.5
D841,20,85.9
D841,21,82.2
D841,22,94.7
D841,23,99.1
D841,24,95.2
D841,25,94.7
D841,26,92.1
D842,1,71.2
D842,2,61.8
D842,3,64.9
D842,4,60.8
D842,5,71.9
D842,6,61.3
D842,7,59.3
D842,8,64.2
D842,9,60.9
D842,10,63.7
D842,11,63.3
D842,12,52.0
D842,13,57.7
D842,14,59.1
D842,15,53.0
D842,16,80.3
D842,17,68.2
D842,18,59.8
D842,19,58.0
D842,20,84.0
D842,21,68.7
D842,22,55.1
D842,23,68.2
D842,24,62.2
D842,25,68.6
D842,26,64.1
D843,1,97.5
D843,2,91.5
D843,3,72.8
D843,4,83.1
D843,5,81.5
D843,6,78.4
D843,7,92.1
D843,8,89.8
D843,9,91.0
D843,10,81.4
D843,11,84.6
D843,12,85.8
D843,13,85.4
D843,14,78.9
D843,15,86.2
D843,16,78.8
D843,17,79.0
D843,18,85.2
D843,19,83.6
D843,20,93.1
D843,21,97.3
D843,22,84.5
D843,23,85.1
D843,24,76.0
D843,25,88.1
D843,26,84.4
D844,1,54.1
D844,2,50.7
D844,3,65.0
D844,4,53.7
D844,5,56.7
D844,6,61.7
D844,7,71.6
D844,8,50.2
D844,9,69.2
D844,10,55.1
D844,11,62.3
D844,12,63.4
D844,13,66.9
D844,14,73.4
D844,15,66.0
D844,16,74.0
D844,17,54.4
D844,18,66.7
D844,19,49.2
D844,20,51.0
D844,21,48.4
D845,1,9.8
D845,2,12.1
D845,3,19.2
D845,4,18.4
D845,5,19.7
D845,6,16.2
D845,7,5.4
D845,8,10.0
D845,9,8.6
D845,10,9.3
D845,11,14.3
D845,12,29.9
D845,13,15.3
D845,14,23.3
D845,15,9.9
D845,16,12.3
D845,17,18.0
D845,18,29.2
D845,19,12.8
D845,20,3.5
D845,21,16.7
D845,22,18.7
D845,23,24.0
D845,24,11.4
D845,25,13.2
D845,26,23.9
D846,1,86.0
D846,2,89.1
D846,3,81.8
D846,4,87.9
D846,5,89.2
D846,6,80.0
D846,7,83.2
D846,8,96.5
D846,9,94.0
D846,10,86.6
D846,11,79.2
D846,12,88.0
D846,13,95.9
D846,14,89.6
D846,15,79.0
D846,16,94.0
D846,17,88.1
D846,18,86.4
D846,19,82.3
D846,20,91.1
D846,21,85.0
D846,22,85.9
D846,23,92.1
D846,24,93.1
D846,25,93.9
D846,26,90.3
D847,1,77.1
D847,2,64.8
D847,3,45.6
D847,4,59.8
D847,5,58.0
D847,6,82.9
D847,7,65.8
D847,8,62.0
D847,9,78.3
D847,10,57.5
D847,11,69.4
D847,12,75.0
D847,13,59.8
D847,14,54.7
D847,15,42.6
D847,16,53.3
D847,17,68.9
D847,18,67.5
D847,19,76.1
D847,20,71.6
D847,21,74.2
D847,22,61.2
D847,23,66.4
D847,24,52.3
D847,25,55.4
D847,26,64.7
D848,1,63.4
D848,2,67.8
D848,3,79.2
D848,4,55.8
D848,5,62.1
D848,6,60.9
D848,7,62.3
D848,8,57.9
D848,9,57.1
D848,10,56.7
D848,11,58.3
D848,12,64.8
D848,13,66.5
D848,14,60.7
D848,15,62.1
D848,16,68.7
D848,17,64.5
D848,18,65.0
D848,19,64.4
D848,20,53.1
D848,21,61.4
D848,22,60.9
D848,23,61.3
D848,24,64.1
D848,25,64.6
D848,26,60.3
D849,1,91.5
D849,2,92.7
D849,3,96.7
D849,4,86.2
D849,5,89.9
D849,6,85.5
D849,7,94.2
D849,8,100.0
D849,9,77.4
D849,10,85.2
D849,11,89.1
D849,12,94.6
D849,13,74.9
D849,14,87.9
D849,15,94.4
D849,16,87.7
D849,17,80.4
D849,18,90.7
D849,19,89.0
D849,20,81.2
D849,21,81.4
D849,22,91.2
D849,23,88.0
D849,24,96.6
D849,25,84.6
D849,26,85.1
D850,1,15.6
D850,2,39.8
D850,3,14.1
D850,4,10.9
D850,5,24.0
D850,6,31.8
D850,7,20.7
D850,8,15.5
D850,9,17.6
D850,10,19.3
D850,11,27.8
D850,12,16.7
D850,13,8.3
D850,14,6.1
D850,15,10.8
D850,16,2.7
D850,17,0.0
D850,18,0.0
D850,19,0.0
D851,1,75.5
D851,2,80.5
D851,3,85.5
D851,4,95.2
D851,5,81.8
D851,6,81.6
D851,7,81.4
D851,8,91.2
D851,9,92.6
D851,10,81.9
D851,11,74.0
D851,12,80.4
D851,13,75.9
D851,14,82.6
D851,15,80.8
D851,16,85.3
D851,17,86.3
D851,18,78.8
D851,19,89.7
D851,20,84.4
D851,21,76.9
D851,22,91.8
D851,23,85.7
D851,24,78.7
D851,25,88.6
D851,26,87.3
D852,1,15.8
D852,2,15.0
D852,3,19.6
D852,4,5.3
D852,5,31.7
D852,6,11.7
D852,7,13.7
D852,8,18.9
D852,9,14.8
D852,10,22.5
D852,11,20.2
D852,12,9.7
D852,13,24.2
D852,14,9.0
D852,15,18.2
D852,16,19.2
D852,17,27.3
D852,18,13.2
D852,19,12.3
D852,20,16.9
D852,21,18.4
D852,22,16.0
D852,23,13.4
D852,24,6.0
D852,25,19.4
D852,26,23.3
D853,1,94.3
D853,2,86.8
D853,3,79.5
D853,4,79.1
D853,5,74.2
D853,6,81.9
D853,7,83.1
D853,8,79.5
D853,9,87.7
D853,10,88.9
D853,11,88.6
D853,12,87.4
D853,13,92.4
D853,14,90.6
D853,15,88.0
D853,16,99.4
D853,17,74.8
D853,18,89.1
D853,19,81.6
D853,20,85.0
D853,21,90.9
D853,22,77.2
D853,23,84.4
D853,24,93.6
D853,25,88.7
D853,26,85.8
D854,1,28.2
D854,2,17.3
D854,3,23.6
D854,4,20.4
D854,5,22.8
D854,6,31.7
D854,7,19.4
D854,8,30.1
D854,9,25.1
D854,10,17.2
D854,11,33.8
D854,12,24.1
D854,13,29.5
D854,14,31.2
D854,15,28.1
D854,16,24.1
D854,17,31.4
D854,18,26.5
D854,19,13.0
D854,20,25.1
D854,21,36.2
D854,22,35.8
D854,23,8.3
D854,24,43.5
D854,25,22.6
D854,26,25.1
D855,1,57.3
D855,2,73.7
D855,3,74.2
D855,4,66.4
D855,5,68.3
D855,6,58.0
D855,7,78.5
D855,8,61.0
D855,9,69.6
D855,10,73.7
D855,11,65.0
D855,12,59.3
D855,13,62.2
D855,14,63.2
D855,15,66.0
D855,16,76.2
D855,17,70.2
D855,18,58.1
D855,19,63.8
D855,20,74.2
D855,21,65.4
D855,22,58.9
D855,23,68.6
D855,24,56.5
D855,25,66.0
D855,26,73.1
D856,1,24.9
D856,2,18.1
D856,3,12.3
D856,4,20.5
D856,5,23.9
D856,6,7.0
D856,7,20.0
D856,8,14.8
D856,9,0.4
D856,10,1.0
D856,11,0.0
D856,12,0.0
D857,1,50.4
D857,2,56.8
D857,3,44.3
D857,4,61.4
D857,5,54.9
D857,6,57.5
D857,7,49.7
D857,8,41.4
D857,9,46.7
D857,10,58.2
D857,11,51.2
D857,12,37.0
D857,13,46.9
D857,14,45.7
D857,15,49.9
D857,16,53.1
D857,17,45.4
D857,18,47.1
D857,19,42.5
D857,20,47.6
D857,21,52.3
D857,22,68.3
D857,23,37.2
D857,24,45.3
D857,25,38.7
D857,26,37.0
D858,1,69.1
D858,2,87.4
D858,3,71.5
D858,4,60.6
D858,5,79.8
D858,6,65.2
D858,7,69.9
D858,8,60.9
D858,9,67.1
D858,10,62.8
D858,11,67.2
D858,12,74.6
D858,13,63.6
D858,14,66.6
D858,15,58.2
D858,16,66.3
D858,17,60.8
D858,18,67.5
D858,19,55.6
D858,20,58.8
D858,21,80.4
D858,22,67.3
D858,23,68.2
D858,24,81.4
D858,25,56.4
D858,26,71.1
D859,1,20.8
D859,2,12.3
D859,3,6.7
D859,4,12.8
D859,5,23.9
D859,6,10.8
D859,7,26.5
D859,8,2.1
D859,9,27.0
D859,10,18.6
D859,11,29.7
D859,12,7.7
D859,13,6.5
D859,14,10.3
D859,15,14.4
D859,16,4.1
D859,17,2.1
D859,18,0.0
D859,19,14.5
D859,20,13.6
D859,21,2.8
D859,22,0.0
D860,1,61.5
D860,2,63.5
D860,3,68.9
D860,4,62.4
D860,5,68.9
D860,6,68.3
D860,7,59.9
D860,8,66.1
D860,9,64.5
D860,10,64.6
D860,11,67.1
D860,12,69.8
D860,13,74.2
D860,14,64.5
D860,15,62.6
D860,16,64.6
D860,17,60.1
D860,18,57.2
D860,19,54.8
D860,20,67.5
D860,21,63.4
D860,22,68.4
D860,23,67.1
D860,24,65.1
D860,25,65.5
D860,26,62.4
D861,1,11.1
D861,2,13.4
D861,3,6.1
D861,4,20.3
D861,5,19.1
D861,6,11.1
D861,7,24.3
D861,8,18.4
D861,9,9.5
D861,10,20.9
D861,11,17.7
D861,12,20.0
D861,13,22.6
D861,14,12.5
D861,15,13.3
D861,16,21.6
D861,17,24.3
D861,18,4.5
D861,19,15.3
D861,20,11.2
D861,21,25.5
D861,22,19.2
D861,23,23.7
D861,24,21.0
D861,25,16.2
D861,26,15.5
D862,1,80.8
D862,2,59.6
D862,3,77.9
D862,4,60.6
D862,5,66.6
D862,6,77.7
D862,7,70.2
D862,8,87.2
D862,9,65.3
D862,10,70.4
D862,11,83.4
D862,12,62.4
D862,13,68.5
D862,14,65.0
D862,15,56.2
D862,16,58.6
D862,17,61.5
D862,18,81.6
D862,19,62.9
D862,20,71.3
D862,21,75.5
D862,22,69.8
D862,23,68.0
D862,24,77.3
D862,25,65.1
D862,26,74.8
D863,1,72.4
D863,2,59.1
D863,3,50.7
D863,4,56.2
D863,5,68.4
D863,6,63.6
D863,7,57.2
D863,8,83.1
D863,9,61.4
D863,10,58.5
D863,11,54.8
D863,12,60.6
D863,13,73.7
D863,14,67.2
D863,15,69.5
D863,16,59.0
D863,17,65.6
D863,18,76.4
D863,19,61.3
D863,20,68.6
D863,21,58.9
D863,22,66.6
D863,23,44.0
D863,24,66.5
D863,25,59.1
D863,26,52.6
D864,1,54.0
D864,2,59.3
D864,3,48.4
D864,4,56.9
D864,5,54.9
D864,6,62.3
D864,7,54.9
D864,8,57.5
D864,9,45.9
D864,10,43.0
D864,11,45.7
D864,12,58.0
D864,13,60.3
D864,14,31.8
D864,15,41.9
D864,16,28.9
D864,17,27.4
D864,18,24.1
D864,19,18.6
D864,20,11.6
D864,21,25.6
D864,22,16.6
D865,1,9.2
D865,2,8.2
D865,3,22.1
D865,4,10.3
D865,5,9.7
D865,6,22.2
D865,7,19.0
D865,8,18.0
D865,9,20.1
D865,10,3.3
D865,11,24.5
D865,12,15.4
D865,13,18.9
D865,14,18.9
D865,15,25.0
D865,16,20.4
D865,17,11.2
D865,18,12.3
D865,19,15.2
D865,20,19.7
D865,21,19.2
D865,22,13.1
D865,23,5.9
D865,24,16.8
D865,25,17.2
D865,26,20.2
D866,1,80.3
D866,2,91.1
D866,3,91.3
D866,4,82.2
D866,5,94.3
D866,6,93.6
D866,7,86.8
D866,8,88.3
D866,9,91.9
D866,10,95.4
D866,11,98.0
D866,12,71.7
D866,13,91.0
D866,14,81.5
D866,15,85.6
D866,16,87.6
D866,17,88.9
D866,18,82.8
D866,19,91.9
D866,20,93.7
D866,21,61.4
D866,22,84.8
D866,23,87.0
D866,24,76.1
D866,25,78.9
D866,26,93.4
D867,1,63.5
D867,2,58.6
D867,3,39.3
D867,4,48.4
D867,5,63.9
D867,6,53.1
D867,7,42.7
D867,8,47.1
D867,9,62.4
D867,10,53.7
D867,11,43.2
D867,12,47.7
D867,13,53.3
D867,14,36.3
D867,15,38.0
D867,16,35.5
D867,17,48.0
D867,18,45.4
D867,19,75.8
D867,20,37.8
D867,21,50.8
D867,22,46.9
D867,23,42.9
D867,24,40.9
D867,25,51.3
D867,26,54.0
D868,1,56.1
D868,2,57.0
D868,3,65.7
D868,4,58.8
D868,5,65.6
D868,6,66.2
D868,7,63.3
D868,8,61.9
D868,9,52.5
D868,10,64.5
D868,11,60.8
D868,12,57.8
D868,13,65.9
D868,14,51.3
D868,15,49.7
D868,16,55.0
D868,17,45.5
D868,18,47.1
D868,19,51.2
D868,20,35.9
D869,1,69.7
D869,2,59.9
D869,3,60.7
D869,4,63.8
D869,5,70.1
D869,6,56.5
D869,7,69.2
D869,8,56.0
D869,9,57.2
D869,10,65.4
D869,11,60.9
D869,12,78.1
D869,13,59.4
D869,14,74.6
D869,15,62.2
D869,16,63.8
D869,17,70.8
D869,18,57.3
D869,19,72.3
D869,20,67.7
D869,21,65.5
D869,22,76.8
D869,23,53.0
D869,24,68.7
D869,25,62.7
D869,26,72.4
D870,1,87.1
D870,2,83.1
D870,3,79.5
D870,4,75.7
D870,5,83.4
D870,6,84.5
D870,7,85.0
D870,8,77.5
D870,9,81.3
D870,10,89.0
D870,11,91.0
D870,12,77.5
D870,13,77.1
D870,14,87.7
D870,15,91.1
D870,16,86.3
D870,17,78.6
D870,18,76.0
D870,19,79.2
D870,20,85.3
D870,21,91.2
D870,22,89.8
D870,23,81.6
D870,24,88.5
D870,25,78.3
D870,26,85.7
D871,1,71.0
D871,2,60.9
D871,3,59.9
D871,4,55.0
D871,5,64.4
D871,6,60.8
D871,7,68.3
D871,8,58.4
D871,9,62.5
D871,10,68.6
D871,11,55.3
D871,12,63.7
D871,13,59.2
D871,14,71.5
D871,15,61.7
D871,16,61.6
D871,17,68.6
D871,18,66.0
D871,19,67.1
D871,20,77.7
D871,21,73.8
D871,22,59.7
D871,23,59.5
D871,24,62.8
D871,25,62.9
D871,26,73.6
D872,1,64.4
D872,2,70.8
D872,3,62.0
D872,4,70.8
D872,5,71.4
D872,6,57.9
D872,7,66.4
D872,8,59.3
D872,9,73.5
D872,10,66.6
D872,11,63.4
D872,12,61.5
D872,13,62.7
D872,14,65.6
D872,15,77.2
D872,16,64.8
D872,17,58.8
D872,18,59.9
D872,19,69.8
D872,20,67.6
D872,21,65.3
D872,22,64.3
D872,23,66.8
D872,24,62.0
D872,25,75.8
D872,26,65.8
D873,1,65.6
D873,2,64.7
D873,3,69.0
D873,4,63.2
D873,5,59.8
D873,6,64.0
D873,7,60.9
D873,8,64.2
D873,9,65.4
D873,10,76.9
D873,11,53.2
D873,12,51.8
D873,13,64.0
D873,14,63.5
D873,15,69.8
D873,16,62.5
D873,17,62.1
D873,18,67.1
D873,19,65.7
D873,20,58.8
D873,21,57.8
D873,22,65.4
D873,23,55.3
D873,24,60.2
D873,25,66.6
D873,26,64.4
D874,1,92.3
D874,2,73.2
D874,3,87.6
D874,4,75.6
D874,5,81.6
D874,6,87.8
D874,7,86.2
D874,8,94.8
D874,9,81.1
D874,10,87.8
D874,11,88.5
D874,12,74.4
D874,13,77.2
D874,14,89.5
D874,15,80.6
D874,16,88.6
D874,17,89.6
D874,18,92.8
D874,19,96.1
D874,20,77.8
D874,21,79.6
D874,22,90.9
D874,23,91.0
D874,24,81.9
D874,25,85.4
D874,26,97.3
D875,1,50.0
D875,2,64.2
D875,3,54.3
D875,4,49.4
D875,5,52.3
D875,6,64.9
D875,7,50.5
D875,8,43.1
D875,9,54.8
D875,10,53.1
D875,11,56.2
D875,12,56.6
D875,13,59.0
D875,14,52.9
D875,15,40.3
D875,16,46.3
D875,17,42.5
D875,18,23.1
D875,19,51.5
D875,20,47.2
D875,21,46.5
D875,22,48.6
D875,23,63.7
D875,24,48.5
D875,25,33.7
D875,26,40.6
D876,1,17.4
D876,2,33.6
D876,3,36.0
D876,4,16.0
D876,5,11.8
D876,6,27.3
D876,7,15.3
D876,8,36.2
D876,9,25.7
D876,10,35.8
D876,11,29.1
D876,12,20.5
D876,13,21.2
D876,14,19.3
D876,15,9.1
D876,16,6.8
D876,17,22.9
D876,18,0.3
D876,19,11.7
D876,20,0.0
D877,1,77.3
D877,2,68.7
D877,3,82.6
D877,4,69.6
D877,5,60.0
D877,6,78.0
D877,7,69.1
D877,8,74.5
D877,9,71.4
D877,10,70.8
D877,11,74.1
D877,12,60.0
D877,13,64.6
D877,14,56.6
D877,15,65.8
D877,16,49.0
D877,17,63.3
D878,1,85.9
D878,2,81.0
D878,3,91.6
D878,4,75.6
D878,5,82.1
D878,6,89.4
D878,7,88.6
D878,8,74.3
D878,9,70.5
D878,10,85.1
D879,1,61.9
D879,2,65.7
D879,3,65.6
D879,4,66.5
D879,5,74.4
D879,6,59.3
D879,7,75.0
D879,8,52.7
D879,9,45.8
D879,10,55.7
D879,11,56.3
D879,12,59.6
D879,13,60.9
D879,14,53.7
D879,15,63.5
D879,16,62.1
D879,17,81.9
D879,18,57.3
D879,19,62.7
D879,20,71.4
D879,21,74.5
D879,22,71.1
D879,23,56.9
D879,24,52.5
D879,25,69.4
D879,26,64.7
D880,1,74.1
D880,2,56.5
D880,3,62.0
D880,4,65.2
D880,5,56.0
D880,6,63.7
D880,7,58.3
D880,8,58.1
D880,9,54.2
D880,10,58.9
D880,11,65.2
D880,12,59.3
D880,13,61.4
D880,14,63.0
D880,15,56.2
D880,16,79.4
D880,17,50.2
D880,18,59.5
D880,19,62.2
D880,20,59.0
D880,21,66.7
D880,22,72.6
D880,23,57.8
D880,24,71.5
D880,25,64.2
D880,26,67.9
D881,1,14.2
D881,2,7.1
D881,3,29.3
D881,4,21.3
D881,5,31.3
D881,6,22.0
D881,7,22.1
D881,8,24.3
D881,9,28.6
D881,10,20.5
D881,11,23.7
D881,12,20.6
D881,13,25.4
D881,14,17.6
D881,15,32.8
D881,16,14.3
D881,17,14.5
D881,18,32.4
D881,19,35.0
D881,20,30.9
D881,21,28.2
D881,22,11.2
D881,23,23.0
D881,24,24.3
D881,25,15.3
D881,26,22.1
D882,1,25.3
D882,2,18.2
D882,3,21.3
D882,4,26.1
D882,5,21.9
D882,6,25.2
D882,7,36.0
D882,8,26.1
D882,9,28.0
D882,10,18.0
D882,11,31.3
D882,12,40.3
D882,13,28.7
D882,14,22.6
D882,15,16.8
D882,16,28.4
D882,17,14.4
D882,18,19.3
D882,19,35.2
D882,20,15.0
D882,21,33.6
D882,22,22.4
D882,23,17.6
D882,24,25.8
D882,25,18.6
D882,26,31.1
D883,1,50.3
D883,2,44.3
D883,3,53.6
D883,4,44.6
D883,5,43.3
D883,6,51.3
D883,7,53.9
D883,8,43.1
D883,9,39.3
D883,10,54.2
D883,11,32.6
D883,12,39.7
D883,13,39.0
D883,14,43.8
D883,15,39.3
D883,17,35.8
D883,18,42.2
D883,19,26.0
D883,20,29.3
D883,21,52.4
D883,22,32.9
D883,23,39.9
D883,24,26.8
D883,25,44.0
D883,26,36.1
D884,1,73.0
D884,2,61.5
D884,3,84.4
D884,4,60.0
D884,5,60.2
D884,6,53.4
D884,7,61.5
D884,8,61.0
D884,9,44.0
D884,10,47.0
D884,11,62.8
D884,12,72.9
D884,13,81.4
D884,14,53.6
D884,15,58.7
D884,16,74.3
D884,17,62.5
D884,18,59.7
D884,19,74.2
D884,20,61.2
D884,21,54.5
D884,22,60.2
D884,23,71.5
D884,24,59.9
D884,25,53.7
D884,26,54.7
D885,1,58.5
D885,2,75.8
D885,3,58.9
D885,4,58.7
D885,5,78.3
D885,6,64.2
D885,7,64.2
D885,8,70.5
D885,9,71.3
D885,10,61.3
D885,11,62.5
D885,12,78.6
D885,13,80.0
D885,14,61.2
D885,15,55.5
D885,16,54.3
D885,17,56.3
D885,18,56.7
D885,19,57.1
D885,20,46.7
D886,1,67.7
D886,2,67.0
D886,3,67.1
D886,4,69.6
D886,5,62.6
D886,6,62.3
D886,7,72.8
D886,8,69.6
D886,9,64.6
D886,10,68.7
D886,11,70.4
D886,12,60.0
D886,13,70.3
D886,14,66.8
D886,15,68.7
D886,16,70.5
D886,17,69.7
D886,18,59.3
D886,19,68.3
D886,20,63.5
D886,21,67.4
D886,22,66.4
D886,23,64.4
D886,24,69.2
D886,25,67.0
D886,26,69.9
D887,1,75.5
D887,2,74.0
D887,3,68.4
D887,4,77.5
D887,5,69.3
D887,6,63.0
D887,7,83.6
D887,8,76.3
D887,9,66.8
D887,10,61.8
D887,11,69.0
D887,12,68.1
D887,13,69.1
D887,14,70.3
D887,15,69.5
D887,16,60.9
D887,17,64.1
D887,18,55.7
D887,19,78.9
D887,20,71.0
D887,21,82.1
D887,22,65.2
D887,23,76.4
D887,24,67.3
D887,25,72.0
D887,26,71.6
D888,1,77.7
D888,2,88.4
D888,3,83.6
D888,4,89.8
D888,5,93.3
D888,6,87.8
D888,7,78.2
D888,8,86.4
D888,9,77.8
D888,10,76.8
D888,11,79.7
D888,12,78.9
D888,13,87.6
D888,14,87.0
D888,15,80.1
D888,16,75.3
D888,17,80.7
D888,18,86.7
D888,19,79.9
D889,1,90.6
D889,2,83.1
D889,3,96.1
D889,4,84.8
D889,5,90.6
D889,6,80.5
D889,7,95.2
D889,8,78.4
D889,9,92.2
D889,10,89.8
D889,11,89.2
D889,12,92.6
D889,13,94.7
D889,14,95.2
D889,15,89.7
D889,16,87.0
D889,17,84.2
D889,18,93.6
D889,19,79.3
D889,20,87.7
D889,21,91.9
D889,22,92.4
D889,23,95.4
D889,24,83.2
D889,25,91.9
D889,26,85.1
D890,1,45.5
D890,2,43.8
D890,3,37.5
D890,4,31.8
D890,5,48.6
D890,6,42.2
D890,7,21.4
D890,8,18.8
D890,9,22.6
D890,10,27.0
D890,11,22.7
D890,12,31.1
D890,13,26.5
D890,14,20.6
D890,15,21.0
D890,16,23.5
D890,17,13.1
D890,18,37.4
D890,19,36.1
D890,20,43.2
D890,21,22.4
D890,22,12.3
D890,23,18.4
D890,24,29.2
D890,25,31.6
D890,26,34.5
D891,1,54.8
D891,2,54.1
D891,3,50.2
D891,4,49.3
D891,5,51.9
D891,6,52.2
D891,7,55.2
D891,8,53.6
D891,9,50.8
D891,10,56.3
D891,11,46.6
D891,12,56.5
D891,13,44.9
D891,14,49.4
D891,15,35.6
D891,16,45.8
D891,17,34.5
D891,18,49.2
D891,19,40.9
D891,20,37.0
D891,21,49.9
D891,22,48.3
D891,23,40.8
D891,24,42.2
D891,25,51.6
D891,26,45.4
D892,1,71.1
D892,2,74.6
D892,3,64.9
D892,4,63.1
D892,5,72.5
D892,6,64.4
D892,7,73.9
D892,8,65.2
D892,9,68.2
D892,10,62.7
D892,11,61.4
D892,12,69.6
D892,13,57.7
D892,14,67.8
D892,15,69.4
D892,16,65.5
D892,17,68.5
D892,18,70.1
D892,19,62.1
D892,20,58.4
D892,21,68.7
D892,22,63.9
D892,23,83.3
D892,24,64.5
D892,25,73.0
D892,26,74.2
D893,1,63.5
D893,2,67.7
D893,3,67.6
D893,4,66.8
D893,5,74.7
D893,6,73.9
D893,7,68.4
D893,8,67.1
D893,9,80.9
D893,10,79.0
D893,11,59.3
D893,12,42.8
D893,13,54.7
D893,14,55.2
D893,15,40.0
D893,16,50.4
D894,1,88.2
D894,2,97.8
D894,3,81.0
D894,4,87.6
D894,5,89.0
D894,6,89.7
D894,7,85.3
D894,8,96.3
D894,9,79.3
D894,10,90.1
D894,11,86.1
D894,12,89.3
D894,13,76.7
D894,14,87.9
D894,15,93.7
D894,16,90.4
D895,1,65.5
D895,2,66.8
D895,3,70.2
D895,4,81.1
D895,5,52.1
D895,6,68.6
D895,7,60.4
D895,8,67.9
D895,9,76.3
D895,10,53.6
D895,11,60.6
D895,12,51.4
D895,13,36.3
D895,14,56.6
D895,15,28.9
D895,16,45.1
D896,1,55.3
D896,2,52.4
D896,3,53.4
D896,4,58.3
D896,5,47.7
D896,6,49.6
D896,7,52.7
D896,8,54.4
D896,9,46.4
D896,10,42.7
D896,11,48.9
D896,12,58.1
D896,13,52.8
D896,14,52.7
D896,15,50.2
D896,16,35.1
D896,17,43.5
D896,18,45.3
D896,19,46.2
D896,20,38.2
D896,21,51.5
D896,22,37.0
D896,23,45.0
D896,24,43.4
D896,25,43.3
D896,26,37.7
D897,1,86.0
D897,2,86.7
D897,3,86.9
D897,4,91.8
D897,5,96.7
D897,6,78.1
D897,7,97.3
D897,8,91.3
D897,9,85.6
D897,10,88.2
D897,11,90.0
D897,12,81.0
D897,13,97.6
D897,14,87.1
D897,15,87.4
D897,16,83.2
D897,17,87.7
D897,18,93.9
D897,19,92.8
D897,20,88.6
D897,21,78.9
D897,22,87.2
D897,23,79.0
D897,24,90.2
D897,25,85.5
D897,26,93.6
D898,1,64.0
D898,2,62.5
D898,3,56.9
D898,4,56.8
D898,5,61.5
D898,6,75.3
D898,7,66.2
D898,8,74.1
D898,9,73.6
D898,10,78.5
D898,11,63.9
D898,12,64.0
D898,13,61.2
D898,14,66.2
D898,15,64.6
D898,16,60.2
D898,17,65.4
D898,18,71.4
D898,19,72.9
D898,20,59.3
D898,21,56.7
D898,22,65.7
D898,23,58.7
D898,24,70.7
D898,25,70.8
D898,26,74.7
D899,1,47.6
D899,2,36.5
D899,3,78.1
D899,4,39.3
D899,5,47.8
D899,6,53.7
D899,7,43.9
D899,8,34.6
D899,9,35.6
D899,10,43.7
D899,11,34.5
D899,12,35.0
D899,13,34.3
D899,14,43.2
D899,15,33.0
D899,16,41.4
D899,17,36.5
D899,18,34.4
D899,19,33.6
D899,20,30.7
D899,21,41.4
D899,22,35.7
D899,23,36.0
D899,24,48.7
D899,25,25.3
D899,26,21.8
D900,1,56.7
D900,2,71.5
D900,3,64.8
D900,4,61.0
D900,5,56.2
D900,6,74.9
D900,7,52.0
D900,8,67.2
D900,9,75.7
D900,10,58.7
D900,11,58.2
D900,12,62.4
D900,13,63.5
D900,14,69.7
D900,15,76.3
D900,16,61.9
D900,17,52.8
D900,18,66.1
D900,19,75.9
D900,20,69.0
D900,21,64.9
D900,22,63.5
D900,23,37.4
D900,24,74.0
D900,25,83.8
D900,26,56.1
D901,1,77.0
D901,2,69.6
D901,3,60.6
D901,4,67.0
D901,5,70.9
D901,6,80.9
D901,7,89.9
D901,8,68.4
D901,9,68.5
D901,10,63.1
D901,11,65.2
D901,12,69.0
D901,13,61.9
D901,14,62.4
D901,15,63.1
D901,16,59.1
D901,17,67.1
D901,18,83.7
D901,19,69.7
D901,20,59.6
D901,21,68.1
D901,22,62.5
D901,23,65.7
D901,24,66.2
D901,25,67.8
D901,26,74.6
D902,1,88.0
D902,2,79.3
D902,3,79.7
D902,4,79.3
D902,5,80.9
D902,6,93.4
D902,7,90.6
D902,8,98.5
D902,9,97.4
D902,10,86.6
D902,11,79.8
D902,12,79.4
D902,13,86.4
D902,14,83.4
D902,15,94.6
D902,16,86.5
D902,17,72.6
D902,18,85.7
D902,19,87.2
D902,20,78.3
D902,21,95.5
D902,22,92.9
D902,23,78.3
D902,24,87.3
D902,25,91.3
D902,26,83.6
D903,1,15.9
D903,2,12.4
D903,3,15.4
D903,4,14.5
D903,5,12.0
D903,6,21.6
D903,7,9.7
D903,8,15.5
D903,9,10.7
D903,10,2.8
D903,11,21.5
D903,12,5.0
D903,13,0.3
D903,14,2.6
D903,15,1.3
D903,16,3.4
D903,17,7.2
D903,18,0.0
D904,1,83.5
D904,2,78.8
D904,3,92.7
D904,4,97.4
D904,5,79.7
D904,6,93.7
D904,7,75.5
D904,8,85.9
D904,9,95.3
D904,10,85.9
D904,11,87.8
D904,12,86.3
D904,13,83.3
D904,14,86.0
D904,15,82.0
D904,16,85.0
D904,17,76.3
D904,18,78.6
D904,19,88.9
D904,20,86.7
D904,21,89.6
D904,22,79.3
D904,23,79.4
D904,24,77.3
D904,25,64.8
D904,26,93.6
D905,1,13.6
D905,2,27.8
D905,3,18.6
D905,4,16.1
D905,5,19.6
D905,6,15.1
D905,7,12.0
D905,8,15.4
D905,9,12.8
D905,10,29.5
D905,11,7.6
D905,12,19.7
D905,13,18.2
D905,14,26.0
D905,15,16.4
D905,16,19.4
D905,17,19.1
D905,18,28.1
D905,19,24.2
D905,20,11.3
D905,21,15.0
D905,22,9.7
D905,23,24.4
D905,24,22.1
D905,25,26.0
D905,26,19.1
D906,1,66.6
D906,2,60.4
D906,3,68.6
D906,4,63.4
D906,5,76.5
D906,6,57.8
D906,7,60.1
D906,8,55.2
D906,9,62.0
D906,10,61.6
D906,11,63.6
D906,12,61.3
D906,13,68.5
D906,14,64.2
D906,15,64.3
D906,16,62.7
D906,17,65.8
D906,18,67.2
D906,19,55.0
D906,20,60.9
D906,21,60.2
D906,22,62.9
D906,23,61.9
D906,24,62.3
D906,25,57.9
D906,26,59.2
D907,1,65.0
D907,2,61.7
D907,3,64.5
D907,4,73.9
D907,5,68.7
D907,6,66.1
D907,7,65.4
D907,8,67.6
D907,9,67.6
D907,10,67.2
D907,11,66.3
D907,12,64.9
D907,13,72.9
D907,14,62.8
D907,15,66.4
D907,16,70.8
D907,17,61.5
D907,18,63.4
D907,19,57.6
D907,20,70.1
D907,21,64.9
D907,22,70.2
D907,23,66.1
D907,24,67.5
D907,25,72.6
D907,26,66.5
D908,1,82.8
D908,2,62.4
D908,3,61.9
D908,4,72.5
D908,5,73.9
D908,6,68.7
D908,7,67.3
D908,8,68.0
D908,9,55.6
D908,10,63.2
D908,11,69.8
D908,12,54.5
D908,13,67.2
D908,14,76.9
D908,15,56.1
D908,16,62.1
D908,17,55.9
D908,18,60.7
D908,19,70.0
D908,20,61.3
D908,21,64.5
D908,22,75.8
D908,23,67.7
D908,24,81.8
D908,25,65.3
D908,26,63.8
D909,1,71.5
D909,2,65.4
D909,3,72.3
D909,4,68.1
D909,5,68.2
D909,6,69.0
D909,7,66.9
D909,8,68.3
D909,9,65.7
D909,10,76.2
D909,11,59.0
D909,12,64.1
D909,13,67.0
D909,14,63.7
D909,15,63.4
D909,16,67.4
D909,17,68.8
D909,18,71.9
D909,19,61.8
D909,20,62.3
D909,21,60.7
D909,22,71.0
D909,23,69.7
D909,24,60.1
D909,25,66.6
D909,26,65.4
D910,1,26.8
D910,2,28.0
D910,3,34.1
D910,4,27.5
D910,5,13.4
D910,6,28.8
D910,7,33.9
D910,8,47.9
D910,9,42.5
D910,10,27.0
D910,11,26.9
D910,12,25.2
D910,13,16.0
D910,14,23.5
D910,15,22.4
D910,16,31.6
D910,17,17.2
D910,18,20.8
D910,19,30.8
D910,20,38.0
D910,21,25.8
D910,22,27.3
D910,23,32.8
D910,24,26.3
D910,25,17.8
D910,26,19.7
D911,1,56.1
D911,2,65.3
D911,3,65.0
D911,4,62.1
D911,5,65.9
D911,6,86.2
D911,7,65.5
D911,8,65.1
D911,9,61.8
D911,10,54.1
D911,11,69.8
D911,12,57.5
D911,13,65.1
D911,14,61.4
D911,15,65.4
D911,16,68.7
D911,17,54.1
D911,18,67.5
D911,19,57.5
D911,20,64.6
D911,21,53.0
D911,22,60.4
D911,23,64.4
D911,24,62.2
D911,25,68.7
D911,26,54.3
D912,1,77.5
D912,2,97.6
D912,3,84.8
D912,4,79.6
D912,5,79.1
D912,6,94.9
D912,7,88.3
D912,8,84.9
D912,9,72.5
D912,10,79.3
D912,11,90.6
D912,12,80.3
D912,13,91.8
D912,14,83.6
D912,15,82.6
D912,16,77.6
D912,17,82.6
D912,18,89.3
D912,19,85.6
D912,20,81.5
D912,21,72.6
D912,22,97.7
D912,23,79.2
D912,24,80.0
D912,25,88.7
D912,26,85.4
D913,1,12.5
D913,2,25.8
D913,3,22.4
D913,4,16.5
D913,5,30.8
D913,6,33.9
D913,7,26.1
D913,8,23.5
D913,9,24.0
D913,10,30.9
D913,11,20.6
D913,12,21.7
D913,13,19.1
D913,14,24.7
D913,15,11.4
D913,16,24.1
D913,17,25.6
D913,18,27.6
D913,19,24.7
D913,20,30.3
D913,21,25.4
D913,22,24.9
D913,23,25.7
D913,24,21.2
D913,25,24.4
D913,26,20.4
D914,1,17.9
D914,2,6.6
D914,3,14.2
D914,4,16.2
D914,5,29.9
D914,6,24.4
D914,7,16.0
D914,8,23.3
D914,9,28.4
D914,10,8.9
D914,11,22.2
D914,12,12.3
D914,13,13.0
D914,14,18.2
D914,15,29.5
D914,16,10.0
D914,17,13.7
D914,18,4.1
D914,19,0.0
D914,20,7.6
D914,21,0.0
D914,22,0.0
D914,23,5.3
D915,1,79.0
D915,2,79.2
D915,3,86.8
D915,4,87.4
D915,5,93.8
D915,6,92.1
D915,7,91.3
D915,8,84.6
D915,9,97.2
D915,10,88.0
D915,11,93.9
D915,12,85.1
D915,13,92.0
D915,14,96.7
D915,15,96.0
D915,16,83.7
D915,17,87.0
D915,18,95.1
D915,19,83.1
D915,20,80.5
D915,21,97.6
D915,22,95.1
D915,23,94.3
D915,24,90.9
D915,25,91.3
D915,26,94.3
D916,1,55.0
D916,2,82.8
D916,3,78.4
D916,4,68.7
D916,5,70.1
D916,6,57.9
D916,7,77.7
D916,8,66.7
D916,9,61.9
D916,10,66.5
D916,11,76.4
D916,12,83.1
D916,13,69.5
D916,14,66.1
D916,15,57.7
D916,16,76.9
D916,17,69.4
D916,18,70.3
D916,19,62.0
D916,20,70.8
D916,21,59.0
D916,22,70.6
D916,23,64.5
D916,24,74.7
D916,25,57.6
D916,26,73.6
D917,1,74.5
D917,2,64.5
D917,3,71.5
D917,4,54.5
D917,5,63.4
D917,6,65.9
D917,7,67.6
D917,8,74.7
D917,9,60.6
D917,10,57.2
D917,11,61.3
D917,12,60.8
D917,13,58.3
D917,14,59.4
D917,15,70.1
D917,16,54.6
D917,17,83.6
D917,18,66.1
D917,19,63.8
D917,20,63.8
D917,21,50.6
D917,22,66.6
D917,23,58.2
D917,24,63.2
D917,25,68.7
D917,26,62.3
D918,1,63.2
D918,2,69.9
D918,3,73.1
D918,4,67.3
D918,5,65.0
D918,6,67.2
D918,7,61.8
D918,8,70.0
D918,9,59.4
D918,10,52.9
D918,11,49.1
D918,12,67.2
D918,13,57.1
D918,14,52.3
D918,15,60.9
D919,1,96.5
D919,2,80.3
D919,3,86.1
D919,4,76.9
D919,5,79.6
D919,6,77.8
D919,7,78.8
D919,8,84.4
D919,9,79.1
D919,10,89.4
D919,11,88.1
D919,12,87.1
D919,13,82.9
D919,14,92.4
D919,15,92.5
D919,16,87.7
D919,17,95.3
D919,18,94.2
D919,19,85.2
D919,20,91.0
D919,21,83.6
D919,22,86.9
D919,23,89.6
D919,24,89.2
D919,25,90.7
D919,26,78.1
D920,1,53.6
D920,2,65.2
D920,3,64.0
D920,4,65.8
D920,5,60.9
D920,6,67.6
D920,7,68.2
D920,8,69.6
D920,9,59.4
D920,10,59.2
D920,11,66.8
D920,12,78.6
D920,13,68.6
D920,14,64.1
D920,15,70.3
D920,16,52.7
D920,17,69.4
D920,18,60.2
D920,19,69.8
D920,20,66.8
D920,21,82.3
D920,22,79.6
D920,23,69.8
D920,24,62.7
D920,25,64.8
D920,26,70.2
D921,1,65.5
D921,2,66.2
D921,3,68.0
D921,4,64.3
D921,5,60.7
D921,6,67.6
D921,7,69.4
D921,8,67.1
D921,9,68.2
D921,10,70.4
D921,11,67.7
D921,12,63.9
D921,13,65.9
D921,14,60.6
D921,15,68.1
D921,16,80.7
D921,17,67.9
D921,18,69.4
D921,19,60.1
D921,20,76.6
D921,21,73.2
D921,22,77.2
D921,23,63.9
D921,24,68.3
D921,25,57.3
D921,26,70.5
D922,1,53.1
D922,2,64.5
D922,3,68.7
D922,4,67.0
D922,5,66.4
D922,6,58.2
D922,7,61.9
D922,8,58.8
D922,9,56.6
D922,10,81.0
D922,11,55.5
D922,12,70.8
D922,13,61.5
D922,14,63.8
D922,15,47.2
D922,16,55.4
D922,17,63.1
D922,18,68.9
D922,19,70.9
D922,20,63.5
D922,21,68.6
D922,22,54.0
D922,23,56.9
D922,24,67.4
D922,25,74.7
D922,26,64.2
D923,1,76.0
D923,2,64.5
D923,3,81.4
D923,4,67.8
D923,5,59.0
D923,6,63.2
D923,7,57.9
D923,8,67.0
D923,9,49.6
D923,10,58.8
D924,1,8.1
D924,2,6.8
D924,3,10.6
D924,4,16.2
D924,5,12.3
D924,6,16.2
D924,7,24.2
D924,8,15.3
D924,9,19.1
D924,10,21.6
D924,11,18.3
D924,12,14.7
D924,13,19.7
D924,14,8.6
D924,15,16.4
D924,16,33.6
D924,17,14.0
D924,18,14.4
D924,19,21.3
D924,20,7.0
D924,21,16.9
D924,22,18.2
D924,23,11.0
D924,24,15.7
D924,25,17.7
D924,26,58.6
D925,1,58.9
D925,2,60.0
D925,3,63.6
D925,4,64.7
D925,5,51.8
D925,6,62.9
D925,7,63.0
D925,8,59.1
D925,9,65.9
D925,10,65.3
D925,11,75.5
D925,12,74.2
D925,13,73.6
D925,14,62.8
D925,15,46.7
D925,16,81.4
D925,17,77.1
D925,18,60.6
D925,19,59.6
D925,20,52.0
D925,21,45.8
D925,22,44.7
D925,23,46.9
D925,24,30.7
D925,25,54.3
D926,1,85.5
D926,2,81.1
D926,3,88.8
D926,4,78.4
D926,5,83.9
D926,6,83.9
D926,7,78.0
D926,8,90.3
D926,9,95.5
D926,10,84.4
D926,11,92.4
D926,12,81.8
D926,13,85.9
D926,14,91.0
D926,15,88.5
D926,16,90.6
D926,17,88.5
D926,18,87.0
D926,19,83.5
D926,20,82.3
D926,21,86.4
D926,22,91.2
D926,23,76.5
D926,24,81.3
D926,25,88.1
D926,26,89.2
D927,1,22.4
D927,2,27.8
D927,3,8.7
D927,4,11.1
D927,5,20.6
D927,6,9.4
D927,7,16.9
D927,8,21.5
D927,9,9.3
D927,10,12.6
D927,11,10.3
D927,12,11.1
D927,13,19.1
D927,14,25.7
D927,15,15.8
D927,16,7.9
D927,17,10.2
D927,18,20.6
D927,19,14.5
D927,20,29.9
D927,21,15.5
D927,22,7.4
D927,23,14.0
D927,24,17.3
D927,25,12.6
D927,26,14.4
D928,1,54.9
D928,2,55.6
D928,3,62.8
D928,4,58.7
D928,5,57.7
D928,6,67.3
D928,7,69.4
D928,8,58.7
D928,9,64.8
D928,10,61.7
D928,11,64.5
D928,12,68.2
D928,13,58.6
D928,14,59.6
D928,15,81.7
D928,16,61.5
D928,17,54.4
D928,18,63.5
D928,19,68.8
D928,20,64.0
D928,21,67.2
D928,22,63.6
D928,23,65.2
D928,24,62.1
D928,25,67.6
D928,26,56.3
D929,1,42.5
D929,2,51.8
D929,3,54.3
D929,4,36.0
D929,5,45.8
D929,6,37.8
D929,7,45.5
D929,8,45.5
D929,9,33.6
D929,10,35.2
D929,11,41.0
D929,12,51.1
D929,13,29.5
D929,14,34.0
D929,15,38.3
D929,16,32.0
D929,17,40.9
D929,18,26.0
D929,19,38.2
D929,20,27.1
D929,21,37.9
D929,22,48.2
D929,23,25.3
D929,24,32.2
D929,25,30.9
D929,26,15.6
D930,1,62.3
D930,2,66.2
D930,3,69.7
D930,4,68.1
D930,5,63.1
D930,6,66.3
D930,7,56.5
D930,8,64.7
D930,9,58.4
D930,10,58.4
D930,11,66.1
D930,12,62.0
D930,13,68.0
D930,14,62.5
D930,15,61.3
D930,16,78.3
D930,17,63.6
D930,18,66.7
D930,19,66.8
D930,20,65.3
D930,21,67.5
D930,22,72.1
D930,23,72.7
D930,24,64.1
D930,25,61.8
D930,26,62.3
D931,1,54.3
D931,2,55.9
D931,3,54.8
D931,4,63.8
D931,5,60.9
D931,6,51.4
D931,7,49.7
D931,8,47.9
D931,9,48.5
D931,10,48.0
D931,11,55.3
D931,12,52.1
D931,13,45.6
D931,14,43.6
D931,15,49.0
D931,16,47.4
D931,17,33.2
D931,18,38.4
D931,19,46.3
D931,20,46.0
D931,21,46.1
D931,22,45.3
D931,23,40.2
D931,24,49.3
D931,25,39.5
D931,26,38.1
D932,1,58.6
D932,2,66.6
D932,3,55.7
D932,4,69.1
D932,5,61.0
D932,6,61.2
D932,7,66.2
D932,8,62.0
D932,9,61.3
D932,10,56.7
D932,11,61.6
D932,12,60.2
D932,13,64.7
D932,14,62.1
D932,15,60.0
D932,16,66.3
D932,17,62.0
D932,18,67.9
D932,19,53.8
D932,20,64.5
D932,21,58.9
D932,22,60.7
D932,23,61.7
D932,24,59.8
D932,25,59.1
D932,26,67.1
D933,1,85.1
D933,2,94.4
D933,3,86.9
D933,4,79.3
D933,5,73.9
D933,6,73.7
D933,7,84.3
D933,8,96.3
D933,9,81.3
D933,10,91.1
D933,11,83.9
D933,12,82.6
D933,13,91.8
D933,14,76.6
D933,15,82.7
D933,16,72.4
D933,17,91.5
D933,18,90.1
D933,19,90.2
D933,20,86.6
D933,21,86.0
D933,22,83.6
D933,23,85.5
D933,24,91.7
D933,25,92.9
D933,26,94.8
D934,1,57.1
D934,2,63.9
D934,3,58.1
D934,4,57.8
D934,5,57.0
D934,6,53.6
D934,7,63.7
D934,8,73.3
D934,9,61.4
D934,10,69.5
D934,11,69.0
D934,12,64.1
D934,13,70.6
D934,14,58.4
D934,15,55.7
D934,16,65.2
D934,17,66.7
D934,18,84.2
D934,19,53.8
D934,20,54.2
D934,21,62.1
D934,22,65.5
D934,23,70.2
D934,24,85.6
D934,25,61.7
D934,26,69.1
D935,1,72.4
D935,2,76.7
D935,3,74.7
D935,4,72.9
D935,5,70.9
D935,6,53.3
D935,7,62.3
D935,8,63.7
D935,9,67.0
D935,10,81.0
D935,11,69.3
D935,12,63.5
D935,13,78.4
D935,14,72.7
D935,15,73.0
D935,16,69.3
D935,17,68.3
D935,18,60.5
D935,19,66.4
D935,20,80.7
D935,21,62.7
D935,22,63.0
D935,23,75.0
D935,24,62.4
D935,25,86.1
D935,26,64.3
D936,1,10.2
D936,2,44.5
D936,3,15.5
D936,4,26.5
D936,5,9.3
D936,6,20.3
D936,7,6.2
D936,8,9.5
D936,9,10.7
D936,10,4.9
D936,11,28.9
D936,12,11.6
D936,13,14.0
D936,14,6.6
D936,15,11.4
D936,16,11.2
D936,17,15.6
D936,18,49.8
D936,19,12.6
D936,20,10.2
D936,21,20.1
D936,22,29.6
D936,23,18.5
D936,24,21.8
D936,25,62.4
D936,26,16.4
D937,1,91.3
D937,2,81.6
D937,3,96.6
D937,4,81.6
D937,5,89.8
D937,6,82.4
D937,7,75.8
D937,8,86.7
D937,9,95.1
D937,10,89.7
D937,11,78.7
D937,12,95.0
D937,13,76.7
D937,14,100.0
D937,15,88.5
D937,16,76.0
D937,17,94.6
D937,18,85.4
D937,19,91.8
D937,20,93.5
D937,21,91.5
D937,22,88.2
D937,23,85.8
D937,24,89.4
D937,25,95.9
D937,26,88.9
D938,1,59.3
D938,2,55.5
D938,3,52.6
D938,4,52.3
D938,5,60.6
D938,6,52.9
D938,7,65.7
D938,8,51.0
D938,9,58.3
D938,10,45.8
D938,11,56.7
D938,12,50.5
D938,13,51.3
D938,14,49.8
D938,15,42.8
D938,16,49.1
D938,17,57.8
D938,18,41.6
D938,19,47.4
D938,20,52.1
D938,21,43.8
D938,22,47.9
D938,23,38.0
D938,24,46.2
D938,25,38.8
D938,26,36.8
D939,1,66.6
D939,2,59.5
D939,3,69.0
D939,4,70.6
D939,5,77.8
D939,6,73.1
D939,7,67.5
D939,8,76.8
D939,9,54.6
D939,10,43.4
D939,11,83.9
D939,12,61.2
D939,13,64.0
D939,14,53.1
D939,15,67.1
D939,16,61.4
D939,17,61.2
D939,18,59.7
D939,19,74.3
D939,20,76.8
D939,21,69.9
D939,22,81.8
D939,23,64.8
D939,24,73.3
D939,25,44.2
D939,26,65.3
D940,1,87.9
D940,2,81.4
D940,3,67.5
D940,4,79.1
D940,5,68.8
D940,6,63.5
D940,7,70.2
D940,8,74.5
D940,9,81.2
D940,10,70.8
D940,11,67.7
D940,12,80.6
D940,13,73.7
D940,14,74.6
D940,15,69.2
D940,16,88.3
D940,17,70.3
D940,18,81.8
D940,19,65.4
D940,20,70.3
D940,21,73.4
D940,22,61.9
D940,23,71.2
D940,24,64.9
D940,25,61.5
D940,26,72.8
D941,1,17.2
D941,2,20.1
D941,3,36.6
D941,4,24.2
D941,5,29.3
D941,6,40.7
D941,7,18.9
D941,8,24.3
D941,9,32.2
D941,10,26.4
D941,11,24.0
D941,12,16.4
D941,13,24.2
D941,14,14.2
D941,15,33.8
D941,16,39.6
D941,17,31.0
D941,18,24.0
D941,19,15.4
D941,20,26.0
D941,21,21.5
D941,22,20.3
D941,23,17.9
D941,24,28.0
D941,25,14.5
D941,26,23.4
D942,1,16.0
D942,2,19.4
D942,3,7.7
D942,4,18.4
D942,5,22.0
D942,6,17.4
D942,7,26.1
D942,8,22.5
D942,9,14.8
D942,10,20.9
D942,11,12.2
D942,12,10.6
D942,13,22.3
D942,14,20.6
D942,15,27.9
D942,16,23.7
D942,17,10.2
D942,18,19.6
D942,19,18.3
D942,20,13.7
D942,21,21.4
D942,22,13.1
D942,23,21.6
D942,24,22.8
D942,25,19.1
D942,26,13.9
D943,1,64.1
D943,2,73.1
D943,3,57.1
D943,4,59.4
D943,5,76.7
D943,6,64.8
D943,7,64.4
D943,8,65.5
D943,9,62.2
D943,10,65.1
D943,11,62.8
D943,12,58.7
D943,13,60.2
D943,14,58.9
D943,15,59.9
D943,16,65.4
D943,17,62.1
D943,18,48.5
D943,19,53.1
D943,20,49.7
D943,21,59.6
D943,22,48.6
D943,23,45.6
D943,24,47.9
D943,25,37.4
D943,26,22.9
D944,1,63.8
D944,2,56.6
D944,3,60.9
D944,4,67.6
D944,5,67.6
D944,6,63.3
D944,7,83.0
D944,8,60.2
D944,9,82.9
D944,10,48.1
D944,11,62.6
D944,12,62.2
D944,13,55.7
D944,14,71.2
D944,15,72.6
D944,16,66.7
D944,17,55.9
D944,18,66.3
D944,19,55.7
D944,20,61.1
D944,21,62.6
D944,22,62.6
D944,23,57.5
D944,24,80.3
D944,25,53.3
D944,26,73.3
D945,1,71.1
D945,2,63.2
D945,3,60.1
D945,4,70.7
D945,5,66.9
D945,6,50.9
D945,7,60.2
D945,8,54.6
D945,9,46.7
D945,10,52.6
D945,11,53.9
D946,1,30.2
D946,2,15.5
D946,3,26.2
D946,4,26.2
D946,5,28.8
D946,6,32.7
D946,7,29.7
D946,8,21.1
D946,9,22.2
D946,10,17.0
D946,11,28.0
D946,12,3.4
D946,13,14.4
D946,14,9.8
D946,15,7.2
D946,16,1.3
D946,17,1.1
D946,18,1.4
D947,1,63.6
D947,2,63.8
D947,3,71.5
D947,4,68.4
D947,5,73.6
D947,6,60.4
D947,7,64.3
D947,8,66.1
D947,9,73.8
D947,10,64.1
D947,11,71.6
D947,12,62.4
D947,13,53.7
D947,14,62.8
D947,15,62.6
D947,16,56.4
D947,17,61.3
D947,18,61.9
D947,19,63.8
D947,20,66.8
D947,21,85.3
D947,22,66.8
D947,23,63.9
D947,24,56.5
D947,25,60.3
D947,26,64.8
D948,1,55.8
D948,2,40.3
D948,3,38.9
D948,4,46.3
D948,5,52.1
D948,6,47.1
D948,7,51.2
D948,8,52.3
D948,9,33.7
D948,10,35.1
D948,11,45.3
D948,12,33.8
D948,13,31.1
D948,14,42.5
D948,15,38.4
D948,16,27.9
D948,17,40.7
D948,18,45.7
D948,19,33.4
D948,20,25.7
D948,21,29.0
D948,22,36.3
D948,23,39.1
D948,24,33.9
D948,25,21.6
D948,26,34.7
D949,1,58.5
D949,2,49.7
D949,3,50.4
D949,4,46.1
D949,5,53.8
D949,6,38.9
D949,7,43.0
D949,8,40.7
D949,9,48.5
D949,10,38.6
D949,11,47.4
D949,12,47.0
D949,13,49.0
D949,14,36.1
D949,15,34.2
D949,16,48.6
D949,17,30.6
D949,18,39.5
D949,19,45.0
D949,20,26.7
D949,21,38.4
D949,22,42.5
D949,23,30.2
D949,24,48.1
D949,25,29.2
D949,26,38.2
D950,1,23.7
D950,2,26.3
D950,3,26.5
D950,4,39.8
D950,5,24.9
D950,6,28.8
D950,7,25.8
D950,8,35.7
D950,9,16.9
D950,10,36.1
D950,11,31.3
D950,12,12.0
D950,13,24.9
D950,14,27.4
D950,15,29.7
D950,16,24.6
D950,17,22.3
D950,18,24.2
D950,19,14.2
D950,20,5.6
D950,21,7.4
D950,22,18.8
D950,23,8.1
D950,24,0.0
D950,25,0.0
D951,1,82.1
D951,2,90.5
D951,3,85.3
D951,4,86.6
D951,5,80.8
D951,6,75.1
D951,7,89.9
D951,8,79.5
D951,9,83.5
D951,10,95.8
D951,11,89.0
D951,12,98.8
D951,13,97.1
D951,14,83.3
D951,15,77.8
D951,16,86.2
D951,17,83.6
D951,18,91.5
D951,19,83.6
D951,20,94.2
D951,21,91.0
D951,22,87.0
D951,23,95.5
D951,24,88.1
D951,25,95.3
D951,26,88.0
D952,1,23.8
D952,2,12.6
D952,3,13.9
D952,4,27.7
D952,5,18.2
D952,6,16.4
D952,7,30.3
D952,8,37.0
D952,9,11.7
D952,10,12.5
D952,11,10.0
D952,12,22.9
D952,13,12.2
D952,14,15.3
D952,15,19.5
D952,16,15.8
D952,17,21.4
D952,18,17.7
D952,19,33.7
D952,20,39.2
D952,21,17.2
D952,22,20.3
D952,23,17.2
D952,24,51.7
D952,25,30.9
D952,26,16.1
D953,1,89.0
D953,2,74.7
D953,3,95.7
D953,4,91.0
D953,5,88.6
D953,6,97.4
D953,7,77.7
D953,8,78.7
D953,9,85.5
D953,10,91.9
D953,11,98.7
D953,12,94.1
D953,13,94.2
D953,14,78.9
D953,15,93.3
D953,16,77.3
D953,17,76.3
D953,18,78.0
D953,19,92.9
D953,20,77.2
D953,21,95.5
D953,22,76.2
D953,23,98.8
D953,24,79.2
D953,25,90.7
D953,26,83.7
D954,1,75.4
D954,2,56.1
D954,3,66.2
D954,4,64.8
D954,5,62.9
D954,6,70.0
D954,7,66.0
D954,8,72.1
D954,9,68.7
D954,10,72.5
D954,11,73.7
D954,12,68.6
D954,13,56.1
D954,14,66.2
D954,15,60.2
D954,16,83.7
D954,17,45.8
D954,18,66.2
D954,19,65.0
D954,20,76.9
D954,21,72.1
D954,22,64.9
D954,23,65.1
D954,24,76.3
D954,25,61.1
D954,26,58.7
D955,1,6.7
D955,2,4.1
D955,3,27.0
D955,4,12.9
D955,5,15.8
D955,6,15.9
D955,7,9.1
D955,8,10.7
D955,9,10.8
D955,10,18.6
D955,11,6.3
D955,12,21.1
D955,13,9.7
D955,14,20.4
D955,15,17.2
D955,16,19.6
D955,17,0.0
D955,18,18.6
D955,19,15.8
D955,20,17.7
D955,21,18.8
D955,22,15.6
D955,23,15.3
D955,24,7.1
D955,25,23.3
D955,26,14.2
D956,1,77.6
D956,2,62.2
D956,3,65.6
D956,4,74.1
D956,5,57.3
D956,6,71.0
D956,7,87.3
D956,8,76.4
D956,9,57.3
D956,10,65.0
D956,11,69.2
D956,12,57.8
D956,13,64.3
D956,14,62.5
D956,15,68.3
D956,16,71.6
D956,17,71.3
D956,18,83.7
D956,19,81.5
D956,20,71.0
D956,21,68.4
D956,22,60.0
D956,23,56.6
D956,24,59.5
D956,25,64.0
D956,26,77.7
D957,1,73.6
D957,2,65.2
D957,3,59.6
D957,4,58.8
D957,5,64.6
D957,6,60.7
D957,7,59.0
D957,8,63.7
D957,9,55.0
D957,10,61.0
D957,11,63.0
D957,12,65.6
D957,13,53.0
D957,14,69.2
D957,15,65.8
D957,16,50.3
D957,17,60.1
D957,18,58.4
D957,19,64.4
D957,20,60.5
D957,21,65.7
D957,22,64.4
D957,23,58.3
D957,24,65.5
D957,25,66.4
D957,26,65.4
D958,1,62.6
D958,2,59.0
D958,3,73.2
D958,4,70.9
D958,5,60.0
D958,6,59.8
D958,7,64.6
D958,8,49.5
D958,9,66.1
D958,10,67.4
D958,11,65.1
D958,12,64.6
D958,13,84.7
D958,14,63.3
D958,15,59.6
D958,16,90.8
D958,17,60.2
D958,18,68.6
D958,19,76.9
D958,20,68.3
D958,21,60.2
D958,22,64.3
D958,23,67.8
D958,24,73.5
D958,25,67.2
D958,26,61.8
D959,1,97.1
D959,2,93.1
D959,3,90.2
D959,4,87.3
D959,5,81.2
D959,6,82.3
D959,7,74.7
D959,8,72.4
D959,9,79.0
D959,10,94.9
D959,11,79.5
D959,12,88.7
D959,13,90.5
D959,14,79.3
D959,15,93.6
D959,16,93.7
D959,17,77.7
D959,18,92.2
D959,19,91.3
D959,20,95.5
D959,21,96.3
D959,22,95.6
D959,23,92.4
D959,24,89.9
D959,25,86.9
D959,26,77.8
D960,1,65.9
D960,2,51.8
D960,3,57.9
D960,4,48.5
D960,5,50.3
D960,6,50.7
D960,7,49.7
D960,8,47.5
D960,9,52.3
D960,10,49.5
D960,11,49.9
D960,12,52.3
D960,13,46.7
D960,14,48.7
D960,15,43.8
D960,16,42.7
D960,17,57.2
D960,18,56.2
D960,19,43.3
D960,20,37.8
D960,21,37.7
D960,22,50.3
D960,23,43.3
D960,24,39.8
D960,25,31.2
D960,26,29.6
D961,1,61.4
D961,2,71.1
D961,3,67.2
D961,4,69.7
D961,5,57.9
D961,6,36.2
D961,7,73.0
D961,8,44.2
D961,9,67.9
D961,10,64.6
D961,11,66.3
D961,12,70.5
D961,13,62.3
D961,14,58.8
D961,15,64.1
D961,16,71.8
D961,17,64.1
D961,18,70.8
D961,19,61.8
D961,20,61.0
D961,21,62.6
D961,22,64.6
D961,23,64.8
D961,24,79.2
D961,25,59.0
D961,26,59.7
D962,1,51.7
D962,2,48.0
D962,3,65.7
D962,4,51.2
D962,5,42.6
D962,6,46.3
D962,7,58.5
D962,8,55.6
D962,9,48.7
D962,10,52.1
D962,11,53.2
D962,12,54.1
D962,13,41.8
D962,14,36.5
D962,15,81.2
D962,16,39.3
D962,17,39.9
D962,18,53.1
D962,19,54.8
D962,20,37.7
D962,21,39.2
D962,22,49.4
D962,23,39.7
D962,24,37.9
D962,25,42.4
D962,26,38.4
D963,1,49.9
D963,2,64.8
D963,3,62.5
D963,4,49.7
D963,5,73.4
D963,6,62.5
D963,7,75.2
D963,8,76.0
D963,9,65.0
D963,10,74.7
D963,11,65.0
D963,12,69.3
D963,13,56.2
D963,14,69.4
D963,15,62.0
D963,16,72.8
D963,17,67.6
D963,18,70.5
D963,19,67.3
D963,20,77.1
D963,21,57.1
D963,22,77.0
D963,23,63.8
D963,24,65.7
D963,25,64.6
D963,26,63.0
D964,1,62.4
D964,2,62.7
D964,3,63.0
D964,4,72.6
D964,5,65.8
D964,6,67.2
D964,7,73.1
D964,8,69.6
D964,9,70.2
D964,10,64.3
D964,11,69.9
D964,12,67.9
D964,13,54.6
D964,14,59.7
D964,15,67.8
D964,16,66.2
D964,17,66.4
D964,18,59.0
D964,19,57.2
D964,20,42.2
D964,21,59.7
D965,1,42.2
D965,2,56.4
D965,3,61.8
D965,4,57.1
D965,5,45.1
D965,6,50.3
D965,7,43.4
D965,8,48.3
D965,9,45.8
D965,10,51.9
D965,11,39.1
D965,12,54.1
D965,13,42.7
D965,14,41.6
D965,15,50.6
D965,16,53.0
D965,17,52.4
D965,18,51.1
D965,19,38.9
D965,20,51.8
D965,21,37.4
D965,22,38.1
D965,23,41.1
D965,24,38.0
D965,25,43.8
D965,26,34.0
D966,1,28.7
D966,2,21.1
D966,3,29.1
D966,4,38.2
D966,5,17.6
D966,6,25.2
D966,7,12.5
D966,8,22.2
D966,9,27.4
D966,10,30.7
D966,11,19.3
D966,12,22.9
D966,13,32.5
D966,14,23.9
D966,15,31.2
D966,16,31.3
D966,17,36.8
D966,18,27.2
D966,19,35.6
D966,20,23.3
D966,21,18.1
D966,22,31.8
D966,23,30.6
D966,24,17.4
D966,25,30.1
D966,26,26.8
D967,1,29.9
D967,2,19.9
D967,3,23.1
D967,4,17.0
D967,5,22.0
D967,6,27.4
D967,7,19.3
D967,8,21.4
D967,9,2.0
D967,10,16.7
D967,11,11.7
D967,12,11.4
D967,13,12.5
D967,14,20.1
D967,15,8.8
D967,16,18.1
D967,17,20.7
D967,18,11.2
D967,19,10.0
D967,20,0.0
D967,21,0.0
D967,22,6.9
D967,23,0.0
D967,24,1.7
D967,25,7.9
D968,1,57.8
D968,2,72.6
D968,3,81.7
D968,4,51.8
D968,5,83.2
D968,6,61.7
D968,7,67.6
D968,8,74.6
D968,9,64.9
D968,10,63.5
D968,11,71.7
D968,12,63.7
D968,13,68.5
D968,14,68.2
D968,15,78.6
D968,16,66.4
D968,17,63.4
D968,18,45.9
D968,19,55.0
D968,20,81.2
D968,21,57.9
D969,1,71.3
D969,2,73.5
D969,3,67.5
D969,4,65.6
D969,5,56.8
D969,6,72.2
D969,7,73.2
D969,8,77.1
D969,9,70.2
D969,10,67.0
D969,11,77.3
D969,12,67.1
D969,13,77.7
D969,14,69.8
D969,15,76.4
D969,16,65.2
D969,17,67.6
D969,18,58.4
D969,19,79.4
D969,20,71.2
D969,21,65.5
D969,22,73.4
D969,23,64.4
D969,24,68.3
D969,25,57.2
D969,26,64.8
D970,1,81.4
D970,2,62.6
D970,3,67.6
D970,4,66.9
D970,5,67.5
D970,6,68.9
D970,7,64.8
D970,8,65.2
D970,9,60.6
D970,10,67.8
D970,11,60.9
D970,12,58.9
D970,13,71.6
D970,14,62.8
D970,15,66.2
D970,16,53.4
D970,17,60.3
D970,18,60.9
D970,19,69.6
D970,20,74.6
D970,21,73.1
D970,22,66.1
D970,23,71.9
D970,24,77.1
D970,25,65.1
D970,26,63.0
D971,1,16.1
D971,2,20.0
D971,3,21.3
D971,4,24.6
D971,5,15.9
D971,6,18.6
D971,7,29.8
D971,8,21.7
D971,9,14.5
D971,10,39.1
D971,11,30.2
D971,12,18.2
D971,13,14.3
D971,14,15.7
D971,15,19.5
D971,16,22.5
D971,17,17.2
D971,18,13.9
D971,19,1.6
D971,20,10.1
D971,21,21.2
D971,22,23.4
D971,23,20.0
D971,24,15.8
D971,25,22.3
D971,26,27.4
D972,1,95.8
D972,2,79.4
D972,3,79.2
D972,4,87.6
D972,5,86.4
D972,6,80.1
D972,7,85.1
D972,8,85.8
D972,9,90.3
D972,10,78.2
D972,11,78.4
D972,12,78.9
D972,13,83.5
D972,14,81.1
D972,15,77.9
D972,16,84.9
D972,17,77.0
D972,18,71.3
D972,19,92.3
D972,20,85.3
D973,1,53.6
D973,2,60.2
D973,3,37.4
D973,4,54.3
D973,5,32.2
D973,6,52.1
D973,7,65.0
D973,8,44.2
D973,9,64.3
D973,10,35.3
D973,11,45.3
D973,12,55.4
D973,13,34.4
D973,14,44.5
D973,15,37.8
D973,16,41.1
D973,17,31.3
D973,18,34.9
D973,19,40.4
D973,20,51.4
D973,21,45.5
D973,22,29.7
D973,23,31.2
D973,24,29.8
D973,25,36.9
D973,26,32.4
D974,1,62.6
D974,2,59.6
D974,3,71.7
D974,4,62.7
D974,5,61.5
D974,6,58.1
D974,7,69.6
D974,8,50.3
D974,9,36.4
D974,10,43.9
D974,11,56.7
D974,12,56.8
D974,13,34.8
D974,14,38.4
D975,1,58.5
D975,2,62.2
D975,3,58.3
D975,4,53.0
D975,5,67.4
D975,6,48.5
D975,7,60.2
D975,8,52.2
D975,9,60.3
D975,10,52.8
D975,11,56.7
D975,12,46.4
D975,13,47.6
D975,14,47.7
D975,15,42.1
D975,16,43.0
D975,17,47.9
D975,18,44.9
D975,19,54.8
D975,20,47.4
D975,21,53.5
D975,22,49.4
D975,23,45.5
D975,24,33.6
D975,25,36.1
D975,26,36.5
D976,1,18.3
D976,2,32.1
D976,3,39.9
D976,4,20.4
D976,5,22.9
D976,6,57.8
D976,7,27.6
D976,8,37.4
D976,9,32.6
D976,10,29.7
D976,11,12.3
D976,12,29.5
D976,13,29.8
D976,14,13.3
D976,15,25.0
D976,16,28.5
D976,17,29.2
D976,18,27.4
D976,19,30.4
D976,20,20.8
D976,21,25.2
D976,22,17.4
D976,23,24.8
D976,24,19.4
D976,25,24.6
D976,26,20.0
D977,1,73.9
D977,2,76.8
D977,3,61.0
D977,4,67.7
D977,5,74.2
D977,6,73.4
D977,7,68.3
D977,8,63.0
D977,9,67.6
D977,10,75.3
D977,11,64.8
D977,12,59.8
D977,13,60.9
D977,14,57.1
D977,15,67.0
D977,16,72.4
D977,17,75.2
D977,18,56.8
D977,19,60.6
D977,20,64.9
D977,21,53.9
D977,22,55.1
D977,23,50.5
D977,24,45.7
D978,1,68.4
D978,2,63.2
D978,3,61.3
D978,4,71.3
D978,5,68.3
D978,6,64.9
D978,7,77.6
D978,8,56.8
D978,9,71.3
D978,10,72.5
D978,11,65.4
D978,12,65.3
D978,13,65.3
D978,14,64.8
D978,15,66.4
D978,16,65.7
D978,17,65.5
D978,18,69.8
D978,19,57.5
D978,20,73.7
D978,21,63.4
D978,22,63.3
D978,23,70.0
D978,24,64.2
D978,25,65.8
D978,26,62.8
D979,1,17.4
D979,2,12.7
D979,3,22.2
D979,4,23.8
D979,5,22.6
D979,6,28.3
D979,7,28.1
D979,8,24.6
D979,9,23.4
D979,10,22.2
D979,11,14.4
D979,12,18.9
D979,13,13.4
D979,14,8.2
D979,15,4.9
D979,16,9.5
D979,17,0.1
D979,18,1.8
D979,19,1.4
D980,1,30.6
D980,2,15.6
D980,3,27.7
D980,4,9.9
D980,5,19.9
D980,6,12.3
D980,7,28.4
D980,8,22.4
D980,9,23.1
D980,10,32.9
D980,11,19.5
D980,12,33.3
D980,13,14.0
D980,14,22.8
D980,15,23.0
D980,16,38.9
D980,17,20.5
D980,18,10.7
D980,19,17.0
D980,20,29.4
D980,21,16.0
D980,22,22.5
D980,23,22.1
D980,24,8.3
D980,25,7.0
D980,26,21.1
D981,1,23.4
D981,2,46.3
D981,3,9.9
D981,4,25.6
D981,5,18.3
D981,6,26.6
D981,7,7.2
D981,8,42.4
D981,9,30.0
D981,10,51.6
D981,11,44.2
D981,12,31.5
D981,13,31.3
D981,14,17.1
D981,15,27.3
D981,16,18.1
D981,17,59.1
D981,18,21.3
D981,19,43.3
D981,20,45.1
D981,21,10.2
D981,22,23.6
D981,23,29.7
D981,24,20.6
D981,25,19.8
D981,26,12.5
D982,1,51.5
D982,2,65.3
D982,3,72.0
D982,4,49.6
D982,5,51.8
D982,6,36.8
D982,7,49.1
D982,8,34.7
D982,9,47.3
D982,10,45.3
D982,11,66.4
D982,12,48.7
D982,13,40.3
D982,14,50.8
D982,15,46.2
D982,16,38.4
D982,17,55.0
D982,18,54.8
D982,19,40.7
D982,20,41.8
D982,21,30.9
D982,22,38.4
D982,23,43.4
D982,24,45.7
D982,25,43.9
D982,26,31.4
D983,1,62.0
D983,2,72.8
D983,3,67.8
D983,4,63.3
D983,5,65.6
D983,6,70.8
D983,7,62.9
D983,8,65.1
D983,9,59.6
D983,10,84.0
D983,11,64.9
D983,12,68.2
D983,13,70.5
D983,14,64.7
D983,15,64.4
D983,16,65.9
D983,17,66.9
D983,18,61.8
D983,19,62.9
D983,20,81.9
D983,21,66.7
D983,22,64.0
D983,23,69.8
D983,24,60.4
D983,25,77.3
D983,26,62.5
D984,1,75.1
D984,2,84.9
D984,3,83.1
D984,4,93.8
D984,5,91.6
D984,6,96.1
D984,7,80.3
D984,8,81.9
D984,9,94.6
D984,10,79.0
D984,11,88.0
D984,12,75.8
D984,13,92.0
D984,14,91.7
D984,15,81.5
D984,16,97.4
D984,17,79.3
D984,18,92.6
D984,19,84.3
D984,20,95.7
D984,21,91.3
D984,22,94.6
D984,23,93.7
D984,24,86.5
D984,25,97.3
D984,26,87.1
D985,1,78.5
D985,2,54.3
D985,3,64.3
D985,4,60.2
D985,5,59.8
D985,6,57.6
D985,7,59.3
D985,8,67.8
D985,9,67.3
D985,10,58.4
D985,11,83.3
D985,12,60.7
D985,13,65.2
D985,14,66.2
D985,15,61.5
D985,16,58.6
D985,17,67.2
D985,18,63.8
D985,19,68.5
D985,20,68.4
D985,21,66.0
D985,22,58.3
D985,23,60.4
D985,24,67.7
D985,25,70.6
D985,26,58.1
D986,1,27.1
D986,2,25.1
D986,3,24.3
D986,4,17.3
D986,5,30.5
D986,6,26.0
D986,7,27.6
D986,8,35.7
D986,9,9.6
D986,10,33.0
D986,11,24.8
D986,12,19.4
D986,13,36.3
D986,14,22.9
D986,15,30.0
D986,16,40.1
D986,17,29.9
D986,18,22.7
D986,19,25.6
D986,20,32.8
D986,21,19.7
D986,22,21.2
D986,23,25.5
D986,24,31.3
D986,25,24.7
D986,26,17.8
D987,1,83.1
D987,2,82.6
D987,3,87.4
D987,4,86.6
D987,5,75.2
D987,6,84.7
D987,7,74.5
D987,8,77.5
D987,9,91.8
D987,10,91.6
D987,11,91.0
D987,12,80.0
D987,13,75.4
D987,14,95.9
D987,15,93.3
D987,16,77.4
D987,17,84.6
D987,18,85.0
D987,19,78.5
D987,20,81.1
D987,21,84.9
D987,22,86.1
D987,23,90.3
D987,24,89.2
D987,25,85.9
D987,26,76.7
D988,1,62.5
D988,2,56.0
D988,3,64.4
D988,4,61.8
D988,5,45.1
D988,6,63.4
D988,7,59.9
D988,8,58.1
D988,9,55.1
D988,10,69.0
D988,11,64.1
D988,12,67.6
D988,13,60.1
D988,14,63.7
D988,15,53.3
D988,16,58.4
D988,17,59.5
D988,18,62.6
D988,19,61.2
D988,20,72.4
D988,21,51.7
D988,22,55.4
D988,23,58.3
D988,24,56.8
D988,25,58.4
D988,26,65.4
D989,1,9.9
D989,2,18.3
D989,3,11.7
D989,4,18.5
D989,5,4.7
D989,6,9.1
D989,7,10.3
D989,8,0.3
D989,9,10.5
D989,10,28.6
D989,11,11.2
D989,12,7.5
D989,13,7.8
D989,14,25.0
D989,15,22.2
D989,16,16.4
D989,17,11.8
D989,18,13.4
D989,19,16.1
D989,20,13.1
D989,21,3.1
D989,22,6.2
D989,23,0.0
D989,24,0.0
D989,25,0.0
D989,26,1.4
D990,1,82.5
D990,2,59.5
D990,3,63.3
D990,4,70.9
D990,5,59.4
D990,6,63.2
D990,7,53.0
D990,8,57.0
D990,9,69.4
D991,1,87.8
D991,2,93.3
D991,3,93.1
D991,4,85.1
D991,5,83.4
D991,6,81.0
D991,7,75.1
D991,8,83.4
D991,9,84.9
D991,10,82.1
D991,11,84.3
D991,12,74.7
D991,13,75.5
D992,1,84.6
D992,2,84.5
D992,3,93.4
D992,4,81.6
D992,5,86.3
D992,6,84.3
D992,7,96.3
D992,8,76.6
D992,9,84.7
D992,10,97.9
D992,11,81.4
D992,12,82.9
D992,13,80.1
D992,14,83.3
D992,15,88.3
D992,16,77.5
D992,17,85.6
D992,18,92.6
D992,19,91.0
D992,20,79.9
D992,21,85.9
D992,22,75.2
D992,23,87.9
D992,24,81.0
D992,25,79.2
D992,26,87.6
D993,1,77.3
D993,2,95.5
D993,3,92.3
D993,4,91.3
D993,5,96.0
D993,6,82.8
D993,7,83.6
D993,8,89.5
D993,9,97.2
D993,10,89.3
D993,11,72.4
D993,12,79.2
D993,13,73.4
D993,14,80.9
D993,15,73.6
D993,16,78.2
D993,17,84.7
D993,18,91.7
D993,19,77.7
D993,20,78.4
D993,21,78.7
D993,22,80.3
D993,23,95.2
D993,24,75.1
D993,25,95.6
D993,26,88.7
D994,1,65.4
D994,2,65.9
D994,3,62.4
D994,4,70.3
D994,5,66.6
D994,6,85.8
D994,7,79.3
D994,8,65.1
D994,9,77.1
D994,10,67.8
D994,11,66.6
D994,12,74.9
D994,13,68.4
D994,14,69.7
D994,15,73.9
D994,16,73.3
D994,17,65.4
D994,18,55.6
D994,19,71.6
D994,20,62.5
D994,21,68.4
D994,22,65.1
D994,23,67.0
D994,24,71.5
D994,25,53.8
D994,26,59.6
D995,1,22.2
D995,2,20.6
D995,3,16.1
D995,4,33.8
D995,5,20.3
D995,6,23.5
D995,7,35.3
D995,8,26.7
D995,9,30.5
D995,10,15.6
D995,11,32.4
D995,12,18.5
D995,13,25.8
D995,14,40.7
D995,15,30.7
D995,16,28.3
D995,17,31.6
D995,18,29.0
D995,19,23.4
D995,20,25.4
D995,21,24.7
D995,22,22.6
D995,23,31.4
D995,24,25.9
D995,25,23.2
D995,26,23.7
D996,1,32.0
D996,2,21.7
D996,3,53.8
D996,4,18.0
D996,5,22.4
D996,6,15.0
D996,7,30.0
D996,8,33.1
D996,9,33.8
D996,10,19.4
D996,11,29.1
D996,12,18.3
D996,13,18.8
D996,14,26.7
D996,15,20.4
D996,16,0.0
D996,17,0.3
D996,18,2.9
D996,19,5.9
D997,1,44.9
D997,2,54.8
D997,3,49.4
D997,4,43.4
D997,5,43.2
D997,6,54.7
D997,7,46.6
D997,8,48.2
D997,9,56.0
D997,10,42.6
D997,11,53.1
D997,12,37.0
D997,13,39.7
D997,14,35.9
D997,15,30.4
D997,16,25.8
D997,17,20.1
D997,18,19.6
D997,19,26.7
D998,1,22.6
D998,2,23.6
D998,3,36.9
D998,4,39.5
D998,5,17.3
D998,6,26.6
D998,7,24.5
D998,8,14.9
D998,9,46.8
D998,10,18.1
D998,11,18.2
D998,12,30.5
D998,13,34.4
D998,14,16.9
D998,15,29.7
D998,16,23.7
D998,17,33.6
D998,18,25.5
D998,19,21.5
D998,20,31.7
D998,21,27.5
D998,22,22.6
D998,23,27.6
D998,24,14.7
D998,25,27.3
D998,26,34.3
D999,1,51.4
D999,2,48.0
D999,3,56.3
D999,4,48.6
D999,5,39.3
D999,6,40.0
D999,7,49.3
D999,8,57.2
D999,9,43.1
D999,10,49.9
D999,11,51.9
D999,12,29.4
D999,13,43.8
D999,14,41.0
D999,15,37.5
D999,16,44.8
D999,17,30.7
D999,18,42.7
D999,19,40.1
D999,20,40.7
D999,21,40.6
D999,22,27.2
D999,23,33.3
D999,24,43.0
D999,25,27.4
D999,26,25.7
D1000,1,81.4
D1000,2,85.0
D1000,3,87.4
D1000,4,79.4
D1000,5,92.3
D1000,6,95.9
D1000,7,67.5
D1000,8,74.3
D1000,9,79.5
D1000,10,82.1
D1000,11,83.4
D1000,12,89.3
D1000,13,83.9
D1000,14,83.3
D1000,15,91.6
D1000,16,87.3
D1000,17,88.1
D1000,18,88.6
D1000,19,87.0
D1000,20,91.9
D1000,21,87.6
D1000,22,89.7
D1000,23,78.5
D1000,24,87.6
D1000,25,91.1
D1000,26,85.4
D1001,1,54.6
D1001,2,58.1
D1001,3,47.0
D1001,4,46.1
D1001,5,32.5
D1001,6,41.2
D1001,7,51.8
D1001,8,60.3
D1001,9,49.6
D1001,10,46.5
D1001,11,57.7
D1001,12,37.5
D1001,13,35.8
D1001,14,32.5
D1001,15,36.3
D1001,16,24.8
D1001,17,42.7
D1001,18,10.8
D1001,19,15.6
D1001,20,13.6
D1001,21,19.2
D1002,1,42.8
D1002,2,50.4
D1002,3,54.2
D1002,4,40.9
D1002,5,55.2
D1002,6,43.6
D1002,7,37.3
D1002,8,42.9
D1002,9,35.0
D1002,10,36.8
D1002,11,34.0
D1002,12,25.3
D1002,13,49.4
D1002,14,48.2
D1002,15,37.7
D1002,16,55.3
D1002,17,30.4
D1002,18,41.2
D1002,19,45.0
D1002,20,41.3
D1002,21,24.2
D1002,22,40.4
D1002,23,32.0
D1002,24,21.8
D1002,25,38.8
D1002,26,53.5
D1003,1,15.7
D1003,2,28.3
D1003,3,8.7
D1003,4,22.5
D1003,5,9.7
D1003,6,5.5
D1003,7,16.6
D1003,8,21.9
D1003,9,28.6
D1003,10,12.9
D1003,11,31.9
D1003,12,18.0
D1003,13,17.8
D1003,14,28.8
D1003,15,17.2
D1003,16,11.6
D1003,17,31.6
D1003,18,18.9
D1003,19,23.4
D1003,20,20.4
D1003,21,16.4
D1003,22,31.8
D1003,23,17.2
D1003,24,17.3
D1003,25,13.0
D1003,26,17.7
D1004,1,62.9
D1004,2,69.0
D1004,3,65.0
D1004,4,65.7
D1004,5,68.1
D1004,6,47.6
D1004,7,79.2
D1004,8,88.0
D1004,9,64.5
D1004,10,74.0
D1004,11,65.9
D1004,12,84.4
D1004,13,74.9
D1004,14,55.0
D1004,15,70.0
D1004,16,69.9
D1004,17,64.5
D1004,18,64.5
D1004,19,60.6
D1004,20,77.2
D1004,21,73.1
D1004,22,70.1
D1004,23,74.9
D1004,24,67.9
D1004,25,50.9
D1004,26,70.5
D1005,1,48.3
D1005,2,35.9
D1005,3,25.7
D1005,4,49.5
D1005,5,42.3
D1005,6,52.3
D1005,7,48.7
D1005,8,40.8
D1005,9,51.8
D1005,10,48.7
D1005,11,45.5
D1005,12,26.3
D1005,13,33.8
D1005,14,34.2
D1005,15,42.4
D1005,16,41.5
D1005,17,33.9
D1005,18,48.8
D1005,19,41.7
D1005,20,30.5
D1005,21,36.7
D1005,22,42.0
D1005,23,47.2
D1005,24,35.5
D1005,25,36.4
D1005,26,39.4
D1006,1,75.4
D1006,2,75.8
D1006,3,67.1
D1006,4,76.8
D1006,5,65.5
D1006,6,60.3
D1006,7,65.6
D1006,8,87.1
D1006,9,74.3
D1006,10,95.2
D1006,11,65.4
D1006,12,79.4
D1006,13,77.3
D1006,14,62.0
D1006,15,59.9
D1006,16,60.3
D1006,17,84.0
D1006,18,79.2
D1006,19,59.3
D1006,20,58.8
D1006,21,71.4
D1006,22,67.2
D1006,23,54.9
D1006,24,70.2
D1006,25,67.0
D1006,26,65.0
D1007,1,86.0
D1007,2,92.7
D1007,3,87.3
D1007,4,74.8
D1007,5,95.5
D1007,6,86.6
D1007,7,75.4
D1007,8,84.1
D1007,9,76.1
D1007,10,82.8
D1007,11,78.9
D1007,12,75.5
D1007,13,81.7
D1007,14,77.7
D1007,15,78.5
D1007,16,77.2
D1007,17,89.4
D1007,18,75.2
D1007,19,69.7
D1007,20,75.5
D1007,21,76.0
D1007,22,78.8
D1007,23,72.6
D1008,1,52.2
D1008,2,63.8
D1008,3,51.7
D1008,4,57.4
D1008,5,56.0
D1008,6,53.6
D1008,7,52.2
D1008,8,50.6
D1008,9,43.4
D1008,10,57.9
D1008,11,35.9
D1008,12,46.1
D1008,13,35.2
D1008,14,61.4
D1008,15,44.8
D1008,16,43.7
D1008,17,42.5
D1008,18,35.1
D1008,19,40.1
D1008,20,54.6
D1008,21,40.0
D1008,22,45.1
D1008,23,33.7
D1008,24,48.3
D1008,25,42.9
D1008,26,32.6
D1009,1,85.7
D1009,2,89.9
D1009,3,86.8
D1009,4,81.1
D1009,5,86.1
D1009,6,85.5
D1009,7,91.3
D1009,8,92.8
D1009,9,92.3
D1009,10,77.2
D1009,11,94.2
D1009,12,87.1
D1009,13,95.1
D1009,14,78.7
D1009,15,83.9
D1009,16,88.3
D1009,17,84.9
D1009,18,77.7
D1009,19,75.8
D1009,20,73.7
D1009,21,76.4
D1009,22,79.5
D1009,23,69.8
D1009,24,82.2
D1010,1,58.4
D1010,2,56.0
D1010,3,55.9
D1010,4,51.4
D1010,5,41.6
D1010,6,43.8
D1010,7,54.2
D1010,8,47.7
D1010,9,43.3
D1010,10,52.7
D1010,11,35.4
D1010,12,45.6
D1010,13,65.2
D1010,14,53.1
D1010,15,53.8
D1010,16,40.7
D1010,17,36.8
D1010,18,40.8
D1010,19,42.8
D1010,20,37.2
D1010,21,50.7
D1010,22,49.2
D1010,23,38.7
D1010,24,44.8
D1010,25,44.9
D1010,26,50.5
D1011,1,13.3
D1011,2,25.1
D1011,3,12.3
D1011,4,16.5
D1011,5,35.1
D1011,6,12.3
D1011,7,21.2
D1011,8,27.9
D1011,9,14.1
D1011,10,14.8
D1011,11,23.1
D1011,12,26.9
D1011,13,22.6
D1011,14,12.9
D1011,15,19.8
D1011,16,6.1
D1011,17,22.4
D1011,18,15.1
D1011,19,19.3
D1011,20,18.1
D1011,21,13.2
D1011,22,9.1
D1011,23,16.2
D1011,24,14.3
D1011,25,26.7
D1011,26,13.5
D1012,1,78.7
D1012,2,79.9
D1012,3,88.9
D1012,4,82.4
D1012,5,85.7
D1012,6,89.5
D1012,7,80.8
D1012,8,82.4
D1012,9,81.2
D1012,10,84.0
D1012,11,89.9
D1012,12,78.2
D1012,13,96.4
D1012,14,67.1
D1012,15,92.1
D1012,16,87.7
D1012,17,75.6
D1012,18,77.1
D1012,19,89.5
D1012,20,72.5
D1012,21,83.0
D1012,22,76.0
D1013,1,25.5
D1013,2,10.2
D1013,3,8.8
D1013,4,7.2
D1013,5,21.2
D1013,6,23.8
D1013,7,20.5
D1013,8,16.8
D1013,9,27.8
D1013,10,20.2
D1013,11,7.3
D1013,12,7.4
D1013,13,19.4
D1013,14,8.0
D1013,15,19.2
D1013,16,15.7
D1013,17,18.5
D1013,18,25.7
D1013,19,21.1
D1013,20,20.0
D1013,21,12.2
D1013,22,18.8
D1013,23,16.1
D1013,24,30.2
D1013,25,11.4
D1013,26,7.1
D1014,1,47.5
D1014,2,78.2
D1014,3,51.1
D1014,4,60.6
D1014,5,45.6
D1014,6,62.7
D1014,7,58.2
D1014,8,46.6
D1014,9,50.3
D1014,10,41.6
D1014,11,44.2
D1014,12,54.0
D1014,13,51.9
D1014,14,64.3
D1014,15,43.9
D1014,16,42.3
D1014,17,47.2
D1014,18,42.1
D1014,19,50.1
D1014,20,35.3
D1014,21,38.7
D1014,22,35.7
D1014,23,51.4
D1014,24,28.3
D1014,25,39.0
D1014,26,31.9
D1015,1,26.0
D1015,2,18.6
D1015,3,30.6
D1015,4,29.2
D1015,5,6.6
D1015,6,13.7
D1015,7,16.0
D1015,8,13.9
D1015,9,28.7
D1015,10,33.8
D1015,11,37.9
D1015,12,16.1
D1015,13,20.8
D1015,14,21.9
D1015,15,14.5
D1015,16,18.6
D1015,17,13.4
D1015,18,22.3
D1015,19,39.3
D1015,20,18.1
D1015,21,17.4
D1015,22,30.9
D1015,23,18.2
D1015,24,8.6
D1015,25,12.6
D1015,26,16.6
D1016,1,23.4
D1016,2,24.7
D1016,3,24.5
D1016,4,16.8
D1016,5,24.1
D1016,6,30.6
D1016,7,65.7
D1016,8,32.7
D1016,9,16.7
D1016,10,30.8
D1016,11,35.4
D1016,12,27.5
D1016,13,23.3
D1016,14,34.9
D1016,15,27.5
D1016,16,26.4
D1016,17,20.3
D1016,18,14.9
D1016,19,15.5
D1016,20,36.2
D1016,21,36.2
D1016,22,17.2
D1016,23,21.1
D1016,24,25.7
D1016,25,28.7
D1016,26,31.4
D1017,1,51.3
D1017,2,64.0
D1017,3,58.9
D1017,4,64.5
D1017,5,64.3
D1017,6,60.4
D1017,7,70.3
D1017,8,64.2
D1017,9,75.3
D1017,10,66.0
D1017,11,59.8
D1017,12,71.5
D1017,13,57.4
D1017,14,61.9
D1017,15,66.8
D1017,16,63.3
D1017,17,64.6
D1017,18,79.9
D1017,19,67.0
D1017,20,54.1
D1017,21,64.9
D1017,22,70.2
D1017,23,62.9
D1017,24,65.6
D1017,25,77.4
D1017,26,63.5
D1018,1,88.5
D1018,2,74.8
D1018,3,87.1
D1018,4,76.7
D1018,5,73.5
D1018,6,77.4
D1018,7,94.5
D1018,8,89.4
D1018,9,76.5
D1018,10,69.0
D1018,11,91.0
D1019,1,69.3
D1019,2,63.7
D1019,3,44.5
D1019,4,56.3
D1019,5,80.9
D1019,6,52.7
D1019,7,69.7
D1019,8,57.4
D1019,9,66.2
D1019,10,60.7
D1019,11,61.5
D1019,12,60.6
D1019,13,63.6
D1019,14,69.7
D1019,15,78.0
D1019,16,64.6
D1019,17,61.4
D1019,18,60.0
D1019,19,57.5
D1019,20,57.8
D1019,21,62.7
D1019,22,65.5
D1019,23,57.7
D1019,24,61.1
D1019,25,53.7
D1019,26,73.0
D1020,1,22.0
D1020,2,25.2
D1020,3,21.3
D1020,4,22.5
D1020,5,12.0
D1020,6,24.9
D1020,7,7.3
D1020,8,10.9
D1020,9,4.3
D1020,10,31.7
D1020,11,15.8
D1020,12,21.2
D1020,13,21.8
D1020,14,12.5
D1020,15,17.4
D1020,16,15.6
D1020,17,28.1
D1020,18,4.5
D1020,19,13.2
D1020,20,3.6
D1020,21,9.4
D1020,22,0.0
D1020,23,5.5
D1020,24,0.0
D1020,25,0.0
D1021,1,90.0
D1021,2,80.5
D1021,3,96.0
D1021,4,95.2
D1021,5,82.8
D1021,6,85.8
D1021,7,88.5
D1021,8,85.3
D1021,9,90.7
D1021,10,74.8
D1021,11,79.3
D1021,12,92.6
D1021,13,97.5
D1021,14,91.4
D1021,15,93.1
D1021,16,91.2
D1021,17,94.7
D1021,18,93.5
D1021,19,89.4
D1021,20,89.9
D1021,21,73.0
D1021,22,85.1
D1021,23,95.2
D1021,24,84.9
D1021,25,76.5
D1021,26,85.8
D1022,1,29.2
D1022,2,20.7
D1022,3,17.9
D1022,4,34.2
D1022,5,32.4
D1022,6,28.4
D1022,7,32.5
D1022,8,26.7
D1022,9,29.1
D1022,10,30.6
D1022,11,9.7
D1022,12,34.8
D1022,13,34.1
D1022,14,18.2
D1022,15,28.6
D1022,16,23.0
D1022,17,31.4
D1022,18,15.6
D1022,19,18.4
D1022,20,10.9
D1022,21,0.3
D1022,22,8.7
D1022,23,16.0
D1023,1,62.1
D1023,2,64.4
D1023,3,59.5
D1023,4,56.4
D1023,5,65.3
D1023,6,71.9
D1023,7,67.2
D1023,8,75.2
D1023,9,70.3
D1023,10,52.4
D1023,11,75.4
D1023,12,77.0
D1023,13,54.0
D1023,14,79.7
D1023,15,62.1
D1023,16,62.5
D1023,17,58.8
D1023,18,85.2
D1023,19,64.1
D1023,20,67.7
D1023,21,70.9
D1023,22,61.3
D1023,23,80.0
D1023,24,77.0
D1023,25,63.6
D1023,26,53.6
D1024,1,22.7
D1024,2,23.1
D1024,3,21.1
D1024,4,8.6
D1024,5,27.2
D1024,6,19.6
D1024,7,9.1
D1024,8,16.4
D1024,9,14.4
D1024,10,8.7
D1024,11,5.0
D1024,12,0.0
D1024,13,0.0
D1024,14,0.0
D1024,15,6.2
D1025,1,74.5
D1025,2,72.5
D1025,3,77.1
D1025,4,68.4
D1025,5,65.5
D1025,6,61.7
D1025,7,65.9
D1025,8,68.4
D1025,9,72.5
D1025,10,66.7
D1025,11,65.9
D1025,12,75.9
D1025,13,66.1
D1025,14,68.3
D1025,15,69.8
D1025,16,59.4
D1025,17,55.9
D1025,18,65.7
D1025,19,73.7
D1025,20,65.2
D1025,21,70.5
D1025,22,61.8
D1025,23,73.0
D1025,24,51.4
D1025,25,83.0
D1025,26,84.1
D1026,1,50.0
D1026,2,54.3
D1026,3,49.9
D1026,4,41.9
D1026,5,31.8
D1026,6,44.8
D1026,7,47.8
D1026,8,39.2
D1026,9,43.3
D1026,10,53.9
D1026,11,36.1
D1026,12,40.7
D1026,13,44.8
D1026,14,34.6
D1026,15,43.6
D1026,16,40.5
D1026,17,33.0
D1026,18,37.0
D1026,19,35.7
D1026,20,45.3
D1026,21,31.1
D1026,22,35.0
D1026,23,25.1
D1026,24,34.1
D1026,25,41.3
D1026,26,31.6
D1027,1,58.4
D1027,2,63.8
D1027,3,50.6
D1027,4,45.4
D1027,5,63.4
D1027,6,53.0
D1027,7,49.7
D1027,8,44.3
D1027,9,55.8
D1027,10,50.9
D1027,11,56.6
D1027,12,37.6
D1027,13,51.0
D1027,14,40.5
D1027,15,45.1
D1027,16,60.3
D1027,17,40.5
D1027,18,49.0
D1027,19,42.6
D1027,20,39.9
D1027,21,46.9
D1027,22,43.8
D1027,23,37.2
D1027,24,39.3
D1027,25,42.0
D1027,26,43.0
D1028,1,92.5
D1028,2,94.2
D1028,3,75.8
D1028,4,89.5
D1028,5,82.6
D1028,6,91.2
D1028,7,82.0
D1028,8,79.5
D1028,9,92.6
D1028,10,88.1
D1028,11,86.5
D1028,12,77.0
D1028,13,91.1
D1028,14,75.3
D1028,15,85.8
D1028,16,88.1
D1028,17,86.8
D1028,18,75.5
D1028,19,89.2
D1028,20,73.1
D1028,21,89.5
D1028,22,85.4
D1028,23,86.4
D1028,24,82.1
D1028,25,78.2
D1028,26,88.5
D1029,1,58.8
D1029,2,56.0
D1029,3,60.4
D1029,4,52.4
D1029,5,57.8
D1029,6,51.7
D1029,7,47.4
D1029,8,55.2
D1029,9,49.8
D1029,10,51.6
D1029,11,40.4
D1029,12,51.9
D1029,13,41.2
D1029,14,45.5
D1029,15,57.3
D1029,16,35.5
D1029,17,50.0
D1029,18,45.9
D1029,19,43.7
D1029,20,51.2
D1029,21,43.7
D1029,22,46.8
D1029,23,34.2
D1029,24,43.1
D1029,25,34.7
D1029,26,47.5
D1030,1,55.6
D1030,2,55.3
D1030,3,55.3
D1030,4,48.8
D1030,5,37.1
D1030,6,41.2
D1030,7,44.6
D1030,8,24.6
D1030,9,40.4
D1030,10,40.1
D1031,1,58.6
D1031,2,61.9
D1031,3,64.8
D1031,4,62.2
D1031,5,59.3
D1031,6,68.3
D1031,7,61.3
D1031,8,58.2
D1031,9,67.4
D1031,10,65.3
D1031,11,57.1
D1031,12,59.4
D1031,13,45.8
D1031,14,48.1
D1031,15,48.4
D1031,16,44.4
D1031,17,39.7
D1032,1,14.2
D1032,2,18.2
D1032,3,17.6
D1032,4,22.2
D1032,5,18.3
D1032,6,19.0
D1032,7,19.7
D1032,8,16.2
D1032,9,8.5
D1032,10,24.8
D1032,11,23.1
D1032,12,15.4
D1032,13,11.5
D1032,14,27.3
D1032,15,25.1
D1032,16,9.7
D1032,17,11.4
D1032,18,13.7
D1032,19,20.0
D1032,20,16.4
D1032,21,14.8
D1032,22,40.0
D1032,23,16.9
D1032,24,9.5
D1032,25,14.9
D1032,26,33.1
D1033,1,60.4
D1033,2,64.3
D1033,3,56.1
D1033,4,57.2
D1033,5,46.0
D1033,6,62.1
D1033,7,36.1
D1033,8,52.1
D1033,9,43.9
D1033,10,48.3
D1033,11,64.5
D1033,12,59.7
D1033,13,50.1
D1033,14,38.0
D1033,15,44.5
D1033,16,29.8
D1033,17,41.1
D1033,18,45.9
D1033,19,30.7
D1033,20,44.5
D1033,21,48.9
D1033,22,47.9
D1033,23,47.7
D1033,24,44.7
D1033,25,56.7
D1033,26,39.9
D1034,1,90.6
D1034,2,61.4
D1034,3,56.9
D1034,4,61.0
D1034,5,75.9
D1034,6,60.4
D1034,7,80.1
D1034,8,54.2
D1034,9,52.2
D1034,10,62.4
D1034,11,44.9
D1034,12,60.7
D1034,13,42.0
D1034,14,59.6
D1035,1,83.4
D1035,2,91.8
D1035,3,83.6
D1035,4,89.3
D1035,5,79.3
D1035,6,86.1
D1035,7,86.9
D1035,8,88.0
D1035,9,95.0
D1035,10,88.2
D1035,11,82.3
D1035,12,79.3
D1035,13,93.6
D1035,14,82.6
D1035,15,85.6
D1035,16,89.8
D1035,17,72.8
D1035,18,83.2
D1035,19,81.4
D1035,20,95.9
D1035,21,96.2
D1035,22,75.9
D1035,23,86.2
D1035,24,85.0
D1035,25,84.6
D1035,26,93.7
D1036,1,48.4
D1036,2,42.5
D1036,3,35.2
D1036,4,48.7
D1036,5,46.4
D1036,6,48.5
D1036,7,35.0
D1036,8,42.3
D1036,9,47.6
D1036,10,45.7
D1036,11,46.5
D1036,12,44.8
D1036,13,41.1
D1036,14,38.9
D1036,15,34.6
D1036,16,35.3
D1036,17,38.4
D1036,18,40.9
D1036,19,45.0
D1036,20,36.6
D1036,21,27.8
D1036,22,38.0
D1036,23,28.6
D1036,24,32.0
D1036,25,32.4
D1036,26,32.9
D1037,1,44.9
D1037,2,42.0
D1037,3,45.5
D1037,4,66.8
D1037,5,61.9
D1037,6,49.6
D1037,7,45.7
D1037,8,31.9
D1037,9,40.6
D1037,10,44.7
D1037,11,70.6
D1037,12,38.5
D1037,13,27.6
D1037,14,35.3
D1037,15,25.7
D1037,16,17.6
D1037,17,18.8
D1037,18,18.3
D1037,19,19.0
D1038,1,51.7
D1038,2,52.4
D1038,3,56.1
D1038,4,63.2
D1038,5,49.0
D1038,6,55.9
D1038,7,66.6
D1038,8,66.4
D1038,9,41.4
D1038,10,61.5
D1038,11,47.7
D1038,12,45.9
D1038,13,40.7
D1038,14,53.4
D1038,15,41.4
D1038,16,51.1
D1038,17,43.4
D1038,18,55.1
D1038,19,48.1
D1038,20,51.3
D1038,21,63.4
D1038,22,39.3
D1038,23,50.2
D1038,24,43.5
D1038,25,41.0
D1038,26,45.0
D1039,1,65.7
D1039,2,69.5
D1039,3,65.6
D1039,4,67.4
D1039,5,63.8
D1039,6,57.7
D1039,7,64.6
D1039,8,65.0
D1039,9,64.2
D1039,10,63.1
D1039,11,62.2
D1039,12,66.3
D1039,13,67.4
D1039,14,71.4
D1039,15,68.2
D1039,16,54.8
D1039,17,58.5
D1039,18,56.1
D1039,19,58.7
D1039,20,56.6
D1039,21,54.3
D1039,22,53.8
D1040,1,82.7
D1040,2,92.6
D1040,3,81.8
D1040,4,81.5
D1040,5,90.5
D1040,6,88.8
D1040,7,84.8
D1040,8,90.5
D1040,9,80.1
D1040,10,93.4
D1040,11,98.6
D1040,12,86.5
D1040,13,71.6
D1040,14,93.5
D1040,15,80.5
D1040,16,82.7
D1040,17,66.3
D1040,18,76.8
D1040,19,91.7
D1041,1,64.5
D1041,2,70.2
D1041,3,71.7
D1041,4,59.8
D1041,5,55.0
D1041,6,71.9
D1041,7,60.5
D1041,8,58.2
D1041,9,67.0
D1041,10,71.7
D1041,11,78.2
D1041,12,72.2
D1041,13,72.4
D1041,14,59.8
D1041,15,69.0
D1041,16,58.0
D1041,17,63.8
D1041,18,59.5
D1041,19,49.5
D1041,20,55.8
D1041,21,66.7
D1041,22,59.2
D1041,23,59.7
D1041,24,72.1
D1042,1,87.9
D1042,2,86.8
D1042,3,83.9
D1042,4,90.9
D1042,5,93.0
D1042,6,83.3
D1042,7,93.6
D1042,8,81.5
D1042,9,83.9
D1042,10,92.7
D1042,11,92.1
D1042,12,92.9
D1042,13,84.7
D1042,14,91.4
D1042,15,78.7
D1042,16,89.6
D1042,17,88.6
D1042,18,89.5
D1042,19,97.4
D1042,20,77.0
D1042,21,74.4
D1042,22,87.5
D1042,23,90.3
D1042,24,95.1
D1042,25,89.7
D1042,26,90.1
D1043,1,32.1
D1043,2,38.1
D1043,3,59.4
D1043,4,48.3
D1043,5,37.0
D1043,6,37.5
D1043,7,33.4
D1043,8,22.9
D1043,9,27.8
D1043,10,26.4
D1043,11,26.0
D1044,1,64.0
D1044,2,70.6
D1044,3,66.0
D1044,4,65.3
D1044,5,65.1
D1044,6,66.6
D1044,7,67.4
D1044,8,53.3
D1044,9,76.5
D1044,10,55.9
D1044,11,59.6
D1044,12,63.3
D1044,13,64.7
D1044,14,70.9
D1044,15,65.2
D1044,16,80.0
D1044,17,72.9
D1044,18,60.9
D1044,19,78.2
D1044,20,78.6
D1044,21,47.0
D1044,22,71.4
D1044,23,61.7
D1044,24,58.3
D1044,25,63.9
D1044,26,76.7
D1045,1,11.1
D1045,2,35.0
D1045,3,19.0
D1045,4,19.3
D1045,5,24.9
D1045,6,20.1
D1045,7,19.3
D1045,8,18.3
D1045,9,14.4
D1045,10,17.9
D1045,11,17.0
D1045,12,17.4
D1045,13,15.8
D1045,14,14.7
D1045,15,24.2
D1045,16,18.5
D1045,17,13.3
D1045,18,19.9
D1045,19,17.2
D1045,20,22.3
D1045,21,25.4
D1045,22,27.2
D1045,23,14.6
D1045,24,8.8
D1045,25,15.4
D1045,26,18.7
D1046,1,68.6
D1046,2,69.3
D1046,3,71.5
D1046,4,69.3
D1046,5,67.5
D1046,6,66.5
D1046,7,78.9
D1046,8,70.0
D1046,9,67.9
D1046,10,68.2
D1046,11,69.2
D1046,12,65.3
D1046,13,65.4
D1046,14,67.5
D1046,15,72.7
D1046,16,60.5
D1046,17,61.3
D1046,18,66.0
D1046,19,77.4
D1046,20,69.7
D1046,21,68.0
D1046,22,67.1
D1046,23,51.1
D1046,24,80.4
D1046,25,60.8
D1046,26,59.4
D1047,1,22.8
D1047,2,9.2
D1047,3,20.2
D1047,4,26.5
D1047,5,21.0
D1047,6,26.9
D1047,7,9.3
D1047,8,24.6
D1047,9,2.3
D1047,10,30.5
D1047,11,14.1
D1047,12,28.7
D1047,13,15.6
D1047,14,25.0
D1047,15,13.1
D1047,16,37.3
D1047,17,8.5
D1047,18,36.9
D1047,19,15.4
D1047,20,22.0
D1047,21,15.6
D1047,22,5.0
D1047,23,28.2
D1047,24,14.0
D1047,25,7.9
D1047,26,16.7
D1048,1,82.5
D1048,2,85.8
D1048,3,91.2
D1048,4,93.8
D1048,5,82.9
D1048,6,94.6
D1048,7,97.0
D1048,8,87.8
D1048,9,93.6
D1048,10,93.4
D1048,11,87.2
D1048,12,89.4
D1048,13,88.8
D1048,14,92.8
D1048,15,91.1
D1048,16,87.7
D1048,17,75.4
D1048,18,98.3
D1048,19,86.9
D1048,20,91.2
D1048,21,82.7
D1048,22,89.3
D1048,23,90.8
D1048,24,91.4
D1048,25,98.0
D1048,26,82.9
D1049,1,56.6
D1049,2,62.7
D1049,3,59.7
D1049,4,68.3
D1049,5,58.4
D1049,6,60.1
D1049,7,79.6
D1049,8,65.0
D1049,9,64.6
D1049,10,78.6
D1049,11,58.5
D1049,12,70.3
D1049,13,66.5
D1049,14,75.9
D1049,15,59.9
D1049,16,61.7
D1049,17,75.1
D1049,18,56.2
D1049,19,73.5
D1049,20,67.0
D1049,21,60.9
D1049,22,54.3
D1049,23,64.1
D1049,24,63.8
D1049,25,68.3
D1049,26,52.4
D1050,1,68.1
D1050,2,64.9
D1050,3,64.2
D1050,4,59.4
D1050,5,57.6
D1050,6,52.8
D1050,7,54.3
D1050,8,69.7
D1050,9,70.4
D1050,10,63.4
D1050,11,69.4
D1050,12,60.0
D1050,13,79.5
D1050,14,69.6
D1050,15,71.0
D1050,16,63.6
D1050,17,55.6
D1050,18,62.0
D1050,19,61.5
D1050,20,58.9
D1050,21,68.8
D1050,22,56.7
D1050,23,73.1
D1050,24,60.7
D1050,25,57.3
D1050,26,69.6
D1051,1,65.0
D1051,2,71.0
D1051,3,59.6
D1051,4,74.1
D1051,5,73.4
D1051,6,72.1
D1051,7,61.1
D1051,8,70.5
D1051,9,59.4
D1051,10,67.6
D1051,11,71.5
D1051,12,71.4
D1051,13,62.3
D1051,14,59.6
D1051,15,62.0
D1051,16,56.1
D1051,17,74.4
D1051,18,77.8
D1051,19,69.1
D1051,20,69.6
D1051,21,69.8
D1051,22,60.2
D1051,23,63.7
D1051,24,66.3
D1051,25,62.1
D1051,26,66.3
D1052,1,66.2
D1052,2,66.8
D1052,3,62.2
D1052,4,69.4
D1052,5,62.9
D1052,6,67.6
D1052,7,65.2
D1052,8,85.9
D1052,9,68.5
D1052,10,89.1
D1052,11,65.3
D1052,12,65.2
D1052,13,68.9
D1052,14,70.8
D1052,15,61.9
D1052,16,69.0
D1052,17,66.1
D1052,18,73.7
D1052,19,73.0
D1052,20,65.2
D1052,21,67.7
D1052,22,60.7
D1052,23,64.5
D1052,24,77.9
D1052,25,63.8
D1052,26,65.5
D1053,1,86.1
D1053,2,80.2
D1053,3,89.8
D1053,4,80.3
D1053,5,88.4
D1053,6,98.0
D1053,7,93.0
D1053,8,94.0
D1053,9,90.2
D1053,10,67.1
D1053,11,89.4
D1053,12,80.6
D1053,13,95.2
D1053,14,95.3
D1053,15,79.1
D1053,16,83.6
D1053,17,90.9
D1053,18,79.5
D1053,19,91.7
D1053,20,100.0
D1053,21,86.1
D1053,22,87.1
D1053,23,76.8
D1053,24,89.3
D1053,25,84.2
D1053,26,91.5
D1054,1,57.1
D1054,2,46.0
D1054,3,49.9
D1054,4,48.5
D1054,5,36.6
D1054,6,43.5
D1054,7,32.4
D1054,8,52.3
D1054,9,49.8
D1054,10,48.4
D1054,11,43.9
D1054,12,42.2
D1054,13,33.6
D1054,14,38.2
D1054,15,31.3
D1054,16,43.8
D1054,17,26.7
D1054,18,37.0
D1054,19,35.8
D1054,20,25.4
D1054,21,32.4
D1054,22,35.2
D1054,23,36.5
D1054,24,42.5
D1054,25,40.5
D1054,26,20.1
D1055,1,11.2
D1055,2,11.5
D1055,3,22.8
D1055,4,8.8
D1055,5,10.7
D1055,6,19.5
D1055,7,3.3
D1055,8,9.6
D1055,9,15.4
D1055,10,9.6
D1055,11,12.4
D1055,12,5.7
D1055,13,22.8
D1055,14,14.2
D1055,15,20.2
D1055,16,15.2
D1055,17,11.8
D1055,18,12.9
D1055,19,14.8
D1055,20,7.1
D1055,21,16.5
D1055,22,20.0
D1055,23,16.7
D1055,24,7.4
D1055,25,7.9
D1055,26,16.8
D1056,1,87.4
D1056,2,88.7
D1056,3,88.8
D1056,4,95.0
D1056,5,79.7
D1056,6,77.5
D1056,7,82.6
D1056,8,94.9
D1056,9,91.7
D1056,10,86.7
D1056,11,95.8
D1056,12,98.9
D1056,13,78.6
D1056,14,75.4
D1056,15,89.6
D1056,16,74.8
D1056,17,81.4
D1056,18,80.7
D1056,19,82.6
D1056,20,90.2
D1056,21,77.3
D1056,22,95.6
D1056,23,96.6
D1056,24,78.6
D1056,25,97.1
D1056,26,96.9
D1057,1,84.8
D1057,2,75.9
D1057,3,79.0
D1057,4,79.5
D1057,5,80.9
D1057,6,85.0
D1057,7,88.9
D1057,8,88.5
D1057,9,94.7
D1057,10,78.7
D1057,11,93.0
D1057,12,78.6
D1057,13,86.7
D1057,14,84.9
D1057,15,94.1
D1057,16,77.8
D1057,17,87.2
D1057,18,86.7
D1057,19,90.7
D1057,20,79.5
D1057,21,79.5
D1057,22,76.8
D1057,23,77.2
D1057,24,74.5
D1057,25,77.4
D1058,1,26.6
D1058,2,15.2
D1058,3,5.0
D1058,4,15.1
D1058,5,5.3
D1058,6,14.1
D1058,7,12.8
D1058,8,8.3
D1058,9,10.3
D1058,10,15.0
D1058,11,9.4
D1058,12,17.9
D1058,13,13.2
D1058,14,6.5
D1058,15,15.7
D1058,16,22.9
D1058,17,11.1
D1058,18,12.9
D1058,19,7.4
D1058,20,14.4
D1058,21,27.9
D1058,22,14.2
D1058,23,15.1
D1058,24,11.9
D1058,25,17.4
D1058,26,21.7
D1059,1,90.7
D1059,2,81.9
D1059,3,78.9
D1059,4,91.6
D1059,5,88.7
D1059,6,70.4
D1059,7,88.6
D1059,8,87.6
D1059,9,85.4
D1059,10,73.8
D1059,11,89.0
D1059,12,90.8
D1059,13,77.4
D1059,14,89.1
D1059,15,76.6
D1059,16,86.8
D1059,17,82.0
D1059,18,97.1
D1059,19,87.1
D1059,20,91.9
D1059,21,93.2
D1059,22,77.3
D1059,23,79.3
D1059,24,82.8
D1059,25,76.7
D1059,26,80.2
D1060,1,38.5
D1060,2,58.2
D1060,3,63.7
D1060,4,53.5
D1060,5,45.8
D1060,6,45.7
D1060,7,47.6
D1060,8,57.2
D1060,9,54.9
D1060,10,53.6
D1060,11,47.8
D1060,12,49.6
D1060,13,53.5
D1060,14,51.0
D1060,15,55.1
D1060,16,42.8
D1060,17,57.8
D1060,18,57.7
D1060,19,57.5
D1060,20,46.3
D1060,21,40.6
D1060,22,45.6
D1060,23,44.0
D1060,24,43.0
D1060,25,38.3
D1060,26,38.2
D1061,1,68.7
D1061,2,58.8
D1061,3,67.2
D1061,4,53.4
D1061,5,59.0
D1061,6,55.8
D1061,7,56.3
D1061,8,63.8
D1061,9,53.6
D1061,10,61.8
D1061,11,59.8
D1061,12,72.4
D1061,13,65.2
D1061,14,61.2
D1061,15,55.4
D1061,16,74.9
D1061,17,67.6
D1061,18,65.1
D1061,19,67.2
D1061,20,64.7
D1061,21,66.2
D1061,22,59.9
D1061,23,63.0
D1061,24,63.7
D1061,25,68.2
D1061,26,63.4
D1062,1,51.4
D1062,2,57.7
D1062,3,58.2
D1062,4,46.7
D1062,5,53.6
D1062,6,48.1
D1062,7,45.5
D1062,8,43.8
D1062,9,50.4
D1062,10,47.7
D1062,11,46.5
D1062,12,37.6
D1062,13,47.9
D1062,14,38.1
D1062,15,44.5
D1062,16,30.7
D1062,17,43.9
D1062,18,36.2
D1062,19,31.1
D1062,20,34.3
D1062,21,34.3
D1062,22,19.0
D1062,23,45.2
D1062,24,20.3
D1062,25,27.4
D1062,26,23.4
D1063,1,54.7
D1063,2,58.1
D1063,3,65.5
D1063,4,53.9
D1063,5,82.3
D1063,6,62.4
D1063,7,62.3
D1063,8,58.7
D1063,9,54.1
D1063,10,54.9
D1063,11,69.1
D1063,12,89.2
D1063,13,60.8
D1063,14,70.0
D1063,15,60.6
D1063,16,64.4
D1063,17,67.8
D1063,18,60.7
D1063,19,55.7
D1063,20,67.5
D1063,21,51.9
D1063,22,65.2
D1063,23,64.7
D1063,24,61.8
D1063,25,65.6
D1063,26,64.2
D1064,1,74.7
D1064,2,68.6
D1064,3,87.2
D1064,4,62.1
D1064,5,77.9
D1064,6,67.6
D1064,7,62.2
D1064,8,66.1
D1064,9,70.4
D1064,10,76.8
D1064,11,66.0
D1064,12,63.6
D1064,13,69.7
D1064,14,76.0
D1064,15,64.6
D1064,16,68.2
D1064,17,68.0
D1064,18,69.6
D1064,19,57.6
D1064,20,60.8
D1064,21,68.8
D1064,22,70.8
D1064,23,70.7
D1064,24,71.1
D1064,25,64.3
D1064,26,73.3
D1065,1,23.1
D1065,2,19.2
D1065,3,31.6
D1065,4,18.0
D1065,5,16.3
D1065,6,16.6
D1065,7,9.8
D1065,8,21.0
D1065,9,14.8
D1065,10,13.0
D1065,11,12.1
D1065,12,14.6
D1065,13,10.1
D1065,14,5.1
D1065,15,26.9
D1065,16,9.0
D1065,17,16.2
D1065,18,21.3
D1065,19,9.9
D1065,20,8.4
D1065,21,4.6
D1065,22,13.2
D1065,23,20.9
D1065,24,6.2
D1065,25,8.8
D1065,26,17.2
D1066,1,13.2
D1066,2,23.3
D1066,3,22.8
D1066,4,4.1
D1066,5,17.8
D1066,6,20.0
D1066,7,16.5
D1066,8,20.9
D1066,9,12.8
D1066,10,18.2
D1066,11,24.9
D1066,12,28.4
D1066,13,10.6
D1066,14,15.3
D1066,15,15.8
D1066,16,7.9
D1066,17,20.9
D1066,18,8.0
D1066,19,19.9
D1066,20,26.1
D1066,21,25.6
D1066,22,30.7
D1066,23,16.9
D1066,24,17.1
D1066,25,20.5
D1066,26,7.4
D1067,1,78.6
D1067,2,94.4
D1067,3,78.3
D1067,4,84.4
D1067,5,76.9
D1067,6,78.3
D1067,7,90.3
D1067,8,91.1
D1067,9,97.1
D1067,10,85.7
D1067,11,84.2
D1067,12,80.9
D1067,13,86.4
D1067,14,86.3
D1067,15,87.1
D1067,16,84.9
D1067,17,77.0
D1067,18,78.3
D1067,19,77.5
D1067,20,79.1
D1067,21,81.4
D1067,22,86.5
D1067,23,74.1
D1067,24,91.3
D1067,25,96.7
D1067,26,75.6
D1068,1,26.7
D1068,2,14.7
D1068,3,42.1
D1068,4,15.1
D1068,5,20.6
D1068,6,29.6
D1068,7,19.2
D1068,8,18.2
D1068,9,19.5
D1068,10,10.3
D1068,11,29.9
D1068,12,22.2
D1068,13,29.4
D1068,14,14.0
D1068,15,35.3
D1068,16,21.7
D1068,17,30.8
D1068,18,30.4
D1068,19,33.2
D1068,20,25.5
D1068,21,26.9
D1068,22,27.4
D1068,23,17.5
D1068,24,27.5
D1068,25,16.7
D1068,26,19.8
D1069,1,19.2
D1069,2,19.4
D1069,3,19.1
D1069,4,14.9
D1069,5,10.3
D1069,6,21.1
D1069,7,7.4
D1069,8,24.5
D1069,9,18.1
D1069,10,9.2
D1069,11,15.6
D1069,12,12.9
D1069,13,14.1
D1069,14,7.5
D1069,15,14.6
D1069,16,12.9
D1069,17,19.6
D1069,18,27.2
D1069,19,19.6
D1069,20,16.9
D1069,21,17.6
D1069,22,18.4
D1069,23,14.8
D1069,24,14.6
D1069,25,25.4
D1069,26,40.6
D1070,1,69.2
D1070,2,57.2
D1070,3,56.2
D1070,4,62.9
D1070,5,78.2
D1070,6,62.0
D1070,7,67.4
D1070,8,79.3
D1070,9,71.9
D1070,10,77.8
D1070,11,64.7
D1070,12,63.5
D1070,13,70.2
D1070,14,59.3
D1070,15,59.1
D1070,16,73.4
D1070,17,73.3
D1070,18,78.2
D1070,19,76.3
D1070,20,66.3
D1070,21,63.2
D1070,22,74.8
D1070,23,49.5
D1070,24,77.3
D1070,25,64.9
D1070,26,71.1
D1071,1,64.5
D1071,2,61.7
D1071,3,62.2
D1071,4,48.1
D1071,5,50.3
D1071,6,57.2
D1071,7,55.8
D1071,8,54.0
D1071,9,43.6
D1071,10,49.3
D1071,11,73.2
D1071,12,41.5
D1071,13,59.1
D1071,14,45.4
D1071,15,44.7
D1071,16,38.2
D1071,17,48.7
D1071,18,24.2
D1071,19,43.8
D1071,20,35.7
D1071,21,50.1
D1071,22,50.5
D1071,23,44.8
D1071,24,39.0
D1071,25,41.4
D1071,26,34.2
D1072,1,93.2
D1072,2,75.2
D1072,3,80.0
D1072,4,95.2
D1072,5,83.5
D1072,6,71.5
D1072,7,87.1
D1072,8,76.4
D1072,9,76.0
D1072,10,89.0
D1072,11,96.3
D1072,12,88.6
D1072,13,81.7
D1072,14,79.2
D1072,15,75.9
D1072,16,88.0
D1072,17,93.4
D1072,18,75.9
D1072,19,89.7
D1072,20,77.4
D1072,21,82.4
D1072,22,72.1
D1072,23,82.2
D1072,24,82.7
D1072,25,83.6
D1072,26,77.7
D1073,1,62.5
D1073,2,78.0
D1073,3,67.6
D1073,4,51.1
D1073,5,64.6
D1073,6,65.7
D1073,7,65.4
D1073,8,60.1
D1073,9,61.0
D1073,10,76.0
D1073,11,78.7
D1073,12,50.3
D1073,13,71.6
D1073,14,61.8
D1073,15,88.7
D1073,16,63.1
D1073,17,43.5
D1073,18,53.0
D1073,19,68.7
D1074,1,17.2
D1074,2,22.9
D1074,3,27.1
D1074,4,16.0
D1074,5,25.7
D1074,6,28.5
D1074,7,24.8
D1074,8,14.5
D1074,9,32.2
D1074,10,34.8
D1074,11,22.5
D1074,12,15.0
D1074,13,6.4
D1074,14,7.4
D1074,15,6.6
D1074,16,3.0
D1074,17,4.3
D1074,18,0.5
D1075,1,11.8
D1075,2,7.4
D1075,3,26.4
D1075,4,26.3
D1075,5,35.6
D1075,6,20.9
D1075,7,14.7
D1075,8,20.4
D1075,9,22.8
D1075,10,22.5
D1075,11,12.6
D1075,12,16.1
D1075,13,35.5
D1075,14,7.7
D1075,15,5.0
D1075,16,4.5
D1075,17,4.6
D1075,18,6.2
D1075,19,14.5
D1075,20,0.8
D1075,21,0.3
D1075,22,0.0
D1076,1,32.0
D1076,2,57.2
D1076,3,46.4
D1076,4,45.5
D1076,5,44.0
D1076,6,49.9
D1076,7,41.8
D1076,8,46.5
D1076,9,47.6
D1076,10,50.5
D1076,11,61.2
D1076,12,44.0
D1076,13,43.0
D1076,14,66.8
D1076,15,54.7
D1076,16,49.6
D1076,17,44.1
D1076,18,31.5
D1076,19,61.6
D1076,20,44.6
D1076,21,40.5
D1076,22,49.0
D1076,23,34.2
D1076,24,37.8
D1076,25,45.4
D1076,26,40.8
D1077,1,66.6
D1077,2,63.4
D1077,3,55.7
D1077,4,54.4
D1077,5,58.8
D1077,6,55.0
D1077,7,50.7
D1077,8,37.3
D1077,9,57.5
D1077,10,53.4
D1077,11,52.7
D1077,12,55.2
D1077,13,46.7
D1077,14,37.2
D1077,15,58.2
D1077,16,50.9
D1077,17,44.7
D1077,18,46.5
D1077,19,44.5
D1077,20,36.4
D1077,21,49.0
D1077,22,27.3
D1077,23,43.2
D1077,24,35.2
D1077,25,49.4
D1077,26,39.6
D1078,1,80.3
D1078,2,77.3
D1078,3,75.7
D1078,4,74.4
D1078,5,82.6
D1078,6,86.2
D1078,7,90.5
D1078,8,88.1
D1078,9,83.6
D1078,10,90.6
D1078,11,89.6
D1078,12,90.0
D1078,13,82.6
D1078,14,90.5
D1078,15,81.8
D1078,16,90.5
D1078,17,96.0
D1078,18,90.7
D1078,19,98.4
D1078,20,83.0
D1078,21,87.7
D1078,22,82.5
D1078,23,88.2
D1078,24,97.5
D1078,25,97.1
D1078,26,96.4
D1079,1,94.3
D1079,2,75.0
D1079,3,82.2
D1079,4,92.1
D1079,5,81.6
D1079,6,74.4
D1079,7,91.3
D1079,8,91.4
D1079,9,84.7
D1079,10,78.9
D1079,11,91.2
D1079,12,86.8
D1079,13,97.8
D1079,14,77.9
D1079,15,89.4
D1079,16,93.0
D1079,17,85.8
D1079,18,96.6
D1079,19,87.8
D1079,20,90.7
D1079,21,83.1
D1079,22,90.1
D1079,23,81.1
D1079,24,81.1
D1079,25,96.6
D1079,26,87.0
D1080,1,40.3
D1080,2,46.7
D1080,3,40.3
D1080,4,53.3
D1080,5,60.3
D1080,6,46.0
D1080,7,45.2
D1080,8,47.8
D1080,9,53.2
D1080,10,48.4
D1080,11,39.3
D1080,12,43.8
D1080,13,50.8
D1080,14,49.1
D1080,15,55.7
D1080,16,31.9
D1080,17,37.8
D1080,18,32.1
D1080,19,39.4
D1080,20,48.1
D1080,21,39.1
D1080,22,43.7
D1080,23,11.6
D1080,24,31.1
D1080,25,25.9
D1080,26,26.2
D1081,1,54.0
D1081,2,68.7
D1081,3,76.8
D1081,4,54.7
D1081,5,58.6
D1081,6,70.1
D1081,7,64.6
D1081,8,62.6
D1081,9,66.6
D1081,10,59.1
D1081,11,73.9
D1081,12,57.9
D1081,13,62.3
D1081,14,56.9
D1081,15,80.4
D1081,16,63.3
D1081,17,55.5
D1081,18,47.9
D1081,19,61.6
D1081,20,63.4
D1081,21,66.0
D1081,22,59.1
D1081,23,60.7
D1081,24,74.1
D1081,25,70.2
D1081,26,64.9
D1082,1,12.8
D1082,2,20.4
D1082,3,10.6
D1082,4,22.2
D1082,5,18.7
D1082,6,8.5
D1082,7,16.0
D1082,8,18.3
D1082,9,7.9
D1082,10,8.7
D1082,11,32.5
D1082,12,32.8
D1082,13,23.8
D1082,14,19.2
D1082,15,13.9
D1082,16,11.7
D1082,17,18.4
D1082,18,15.2
D1082,19,9.9
D1082,20,15.8
D1082,21,29.3
D1082,22,15.6
D1082,23,12.6
D1082,24,8.7
D1082,25,13.6
D1082,26,11.7
D1083,1,23.1
D1083,2,21.5
D1083,3,21.8
D1083,4,20.8
D1083,5,24.1
D1083,6,35.5
D1083,7,23.0
D1083,8,17.2
D1083,9,21.1
D1083,10,26.2
D1083,11,30.5
D1083,12,13.7
D1083,13,27.4
D1083,14,14.1
D1083,15,17.4
D1083,16,36.3
D1083,17,22.9
D1083,18,23.6
D1083,19,18.0
D1083,20,26.9
D1083,21,37.8
D1083,22,27.7
D1083,23,22.2
D1083,24,22.2
D1083,25,19.3
D1083,26,12.1
D1084,1,67.5
D1084,2,64.1
D1084,3,64.4
D1084,4,80.0
D1084,5,64.1
D1084,6,74.0
D1084,7,81.8
D1084,8,72.5
D1084,9,83.0
D1084,10,64.5
D1084,11,78.3
D1084,12,63.0
D1084,13,56.2
D1084,14,64.8
D1084,15,69.9
D1084,16,60.6
D1084,17,64.8
D1084,18,66.4
D1084,19,66.7
D1084,20,68.7
D1084,21,61.2
D1084,22,68.2
D1084,23,78.2
D1084,24,59.1
D1084,25,58.0
D1084,26,60.9
D1085,1,20.7
D1085,2,29.9
D1085,3,36.4
D1085,4,45.4
D1085,5,29.6
D1085,6,24.2
D1085,7,19.3
D1085,8,39.6
D1085,9,29.8
D1085,10,19.1
D1085,11,9.1
D1085,12,18.6
D1085,13,23.6
D1085,14,34.5
D1085,15,19.1
D1085,16,27.9
D1085,17,13.7
D1085,18,33.2
D1085,19,20.6
D1085,20,33.5
D1085,21,29.6
D1085,22,17.7
D1085,23,34.9
D1085,24,17.4
D1085,25,35.4
D1085,26,22.4
D1086,1,55.3
D1086,2,23.6
D1086,3,16.7
D1086,4,34.5
D1086,5,23.3
D1086,6,27.8
D1086,7,33.7
D1086,8,36.4
D1086,9,19.3
D1086,10,14.3
D1086,11,23.1
D1086,12,29.3
D1086,13,14.0
D1086,14,24.0
D1086,15,28.9
D1086,16,30.5
D1086,17,28.1
D1086,18,36.5
D1086,19,12.6
D1086,20,33.8
D1086,21,23.4
D1086,22,31.5
D1086,23,40.7
D1086,24,16.4
D1086,25,31.5
D1086,26,21.5
D1087,1,57.4
D1087,2,62.0
D1087,3,37.6
D1087,4,49.6
D1087,5,47.4
D1087,6,48.9
D1087,7,53.7
D1087,8,40.1
D1087,9,50.0
D1087,10,44.3
D1087,11,51.0
D1087,12,69.1
D1087,13,68.5
D1087,14,49.9
D1087,15,49.7
D1087,16,44.4
D1087,17,43.0
D1087,18,42.6
D1087,19,49.5
D1087,20,43.1
D1087,21,50.6
D1087,22,29.8
D1087,23,39.9
D1087,24,35.2
D1087,25,41.0
D1087,26,26.9
D1088,1,21.2
D1088,2,27.8
D1088,3,29.0
D1088,4,14.1
D1088,5,40.6
D1088,6,23.6
D1088,7,23.0
D1088,8,28.5
D1088,9,15.5
D1088,10,22.3
D1088,11,29.6
D1088,12,30.0
D1088,13,34.9
D1088,14,26.7
D1088,15,27.1
D1088,16,26.6
D1088,17,26.7
D1088,18,24.3
D1088,19,30.7
D1088,20,35.3
D1088,21,32.9
D1088,22,32.3
D1088,23,26.0
D1088,24,26.8
D1088,25,15.7
D1088,26,20.7
D1089,1,14.2
D1089,2,32.8
D1089,3,21.7
D1089,4,32.7
D1089,5,36.6
D1089,6,35.3
D1089,7,26.8
D1089,8,26.1
D1089,9,45.8
D1089,10,33.4
D1089,11,18.3
D1089,12,31.9
D1089,13,26.0
D1089,14,31.2
D1089,15,25.1
D1089,16,26.1
D1089,17,20.6
D1089,18,30.3
D1089,19,40.6
D1089,20,28.6
D1089,21,21.9
D1089,22,22.3
D1089,23,40.1
D1089,24,25.1
D1089,25,27.7
D1089,26,32.8
D1090,1,69.9
D1090,2,53.7
D1090,3,55.7
D1090,4,56.1
D1090,5,66.3
D1090,6,63.7
D1090,7,53.0
D1090,8,62.6
D1090,9,72.4
D1090,10,49.5
D1090,11,61.9
D1090,12,60.0
D1090,13,65.1
D1090,14,63.9
D1090,15,65.2
D1090,16,59.7
D1090,17,71.6
D1090,18,58.0
D1090,19,69.5
D1090,20,68.2
D1090,21,54.9
D1090,22,55.8
D1090,23,76.0
D1090,24,62.3
D1090,25,66.4
D1090,26,61.9
D1091,1,10.4
D1091,2,9.3
D1091,3,17.6
D1091,4,14.1
D1091,5,14.2
D1091,6,25.1
D1091,7,17.4
D1091,8,13.5
D1091,9,21.3
D1091,10,8.3
D1091,11,16.6
D1091,12,10.1
D1091,13,5.0
D1091,14,9.3
D1091,15,2.7
D1091,16,0.0
D1091,17,0.0
D1091,18,0.0
D1092,1,12.3
D1092,2,21.0
D1092,3,22.0
D1092,4,16.9
D1092,5,33.2
D1092,6,17.9
D1092,7,10.4
D1092,8,10.7
D1092,9,8.3
D1092,10,20.8
D1092,11,51.0
D1092,12,31.0
D1092,13,4.3
D1092,14,17.7
D1092,15,17.9
D1092,16,20.8
D1092,17,19.0
D1092,18,17.9
D1092,19,15.1
D1092,20,15.1
D1092,21,19.4
D1092,22,14.7
D1092,23,14.4
D1092,24,7.9
D1092,25,24.8
D1092,26,10.1
D1093,1,41.4
D1093,2,22.6
D1093,3,18.8
D1093,4,33.4
D1093,5,26.6
D1093,6,15.2
D1093,7,11.3
D1093,8,18.2
D1093,9,24.1
D1093,10,26.6
D1093,11,32.9
D1093,12,26.9
D1093,13,11.8
D1093,14,33.4
D1093,15,25.3
D1093,16,30.9
D1093,17,34.8
D1093,18,23.7
D1093,19,24.8
D1093,20,28.5
D1093,21,30.8
D1093,22,18.6
D1093,23,18.1
D1093,24,24.5
D1093,25,14.7
D1093,26,22.6
D1094,1,74.6
D1094,2,76.6
D1094,3,78.5
D1094,4,77.6
D1094,5,85.8
D1094,6,76.5
D1094,7,78.9
D1094,8,78.0
D1094,9,81.1
D1094,10,72.7
D1094,11,81.5
D1094,12,94.5
D1094,13,86.6
D1094,14,73.9
D1094,15,74.8
D1094,16,80.9
D1094,17,75.8
D1094,18,91.6
D1095,1,63.3
D1095,2,62.4
D1095,3,57.9
D1095,4,70.3
D1095,5,64.9
D1095,6,57.3
D1095,7,63.7
D1095,8,61.6
D1095,9,63.7
D1095,10,75.4
D1095,11,64.3
D1095,12,63.2
D1095,13,69.3
D1095,14,60.6
D1095,15,59.1
D1095,16,62.0
D1095,17,65.5
D1095,18,74.6
D1095,19,61.2
D1095,20,62.4
D1095,21,67.3
D1095,22,66.9
D1095,23,68.5
D1095,24,65.0
D1095,25,63.0
D1095,26,62.9
D1096,1,57.2
D1096,2,66.1
D1096,3,55.9
D1096,4,63.6
D1096,5,58.2
D1096,6,57.6
D1096,7,58.1
D1096,8,60.2
D1096,9,62.0
D1096,10,60.3
D1096,11,61.3
D1096,12,58.9
D1096,13,63.1
D1096,14,63.9
D1096,15,59.6
D1096,16,60.3
D1096,17,71.6
D1096,18,57.1
D1096,19,60.5
D1096,20,63.5
D1096,21,54.2
D1096,22,56.4
D1096,23,63.0
D1096,24,58.0
D1096,25,62.9
D1096,26,55.7
D1097,1,81.1
D1097,2,66.9
D1097,3,63.5
D1097,4,68.4
D1097,5,53.3
D1097,6,60.8
D1097,7,60.0
D1097,8,57.9
D1097,9,74.4
D1097,10,61.6
D1097,11,58.9
D1097,12,69.5
D1097,13,67.2
D1097,14,67.4
D1097,15,54.9
D1097,16,64.9
D1097,17,66.7
D1097,18,56.2
D1097,19,69.1
D1097,20,58.9
D1097,21,58.4
D1097,22,64.3
D1097,23,74.8
D1097,24,73.2
D1097,25,70.5
D1097,26,61.6
D1098,1,95.0
D1098,2,85.4
D1098,3,97.3
D1098,4,78.6
D1098,5,83.4
D1098,6,84.2
D1098,7,86.8
D1098,8,76.9
D1098,9,77.5
D1098,10,89.1
D1098,11,88.9
D1098,12,88.5
D1098,13,85.9
D1098,14,86.4
D1098,15,88.2
D1098,16,85.5
D1098,17,78.5
D1098,18,79.4
D1098,19,85.7
D1098,20,93.8
D1098,21,84.7
D1098,22,96.8
D1098,23,94.9
D1098,24,89.9
D1098,25,74.7
D1098,26,84.3
D1099,1,96.1
D1099,2,88.6
D1099,3,94.0
D1099,4,85.4
D1099,5,82.1
D1099,6,93.8
D1099,7,86.7
D1099,8,87.0
D1099,9,98.1
D1099,10,86.2
D1099,11,76.8
D1099,12,87.7
D1099,13,98.1
D1099,14,91.9
D1099,15,84.0
D1099,16,92.4
D1099,17,82.4
D1099,18,89.0
D1099,19,97.7
D1099,20,89.7
D1099,21,84.2
D1099,22,91.7
D1099,23,89.8
D1099,24,92.2
D1099,25,83.4
D1099,26,91.8
D1100,1,85.3
D1100,2,84.6
D1100,3,77.7
D1100,4,75.0
D1100,5,89.2
D1100,6,79.7
D1100,7,75.4
D1100,8,79.9
D1100,9,87.0
D1100,10,81.6
D1100,11,76.0
D1100,12,78.2
D1100,13,84.5
D1100,14,95.6
D1100,15,88.8
D1100,16,86.5
D1100,17,89.4
D1100,18,87.9
D1100,19,81.6
D1100,20,76.4
D1100,21,78.4
D1100,22,88.0
D1100,23,90.6
D1100,24,78.0
D1100,25,86.0
D1100,26,83.5
D1101,1,38.4
D1101,2,19.1
D1101,3,30.6
D1101,4,16.1
D1101,5,18.2
D1101,6,15.3
D1101,7,33.5
D1101,8,16.9
D1101,9,35.5
D1101,10,11.4
D1101,11,28.8
D1101,12,29.9
D1101,13,31.0
D1101,14,29.7
D1101,15,35.6
D1101,16,24.3
D1101,17,11.6
D1101,18,27.2
D1101,19,14.3
D1101,20,36.6
D1101,21,16.4
D1101,22,27.1
D1101,23,32.1
D1101,24,27.6
D1101,25,27.4
D1101,26,27.2
D1102,1,45.5
D1102,2,36.2
D1102,3,60.6
D1102,4,49.8
D1102,5,39.1
D1102,6,51.2
D1102,7,41.1
D1102,8,37.8
D1102,9,49.1
D1102,10,49.8
D1102,11,42.8
D1102,12,37.9
D1102,13,41.3
D1102,14,41.0
D1102,15,48.7
D1102,16,38.7
D1102,17,35.7
D1102,18,44.4
D1102,19,32.2
D1102,20,36.3
D1102,21,27.4
D1102,22,32.8
D1102,23,38.4
D1102,24,21.0
D1102,25,30.0
D1102,26,22.6
D1103,1,57.2
D1103,2,70.2
D1103,3,61.5
D1103,4,59.4
D1103,5,62.0
D1103,6,65.3
D1103,7,78.2
D1103,8,60.9
D1103,9,66.3
D1103,10,68.6
D1103,11,81.2
D1103,12,72.8
D1103,13,60.1
D1103,14,63.8
D1103,15,62.0
D1103,16,55.3
D1103,17,53.9
D1103,18,66.4
D1103,19,58.7
D1103,20,38.5
D1103,21,61.6
D1103,22,65.0
D1103,23,75.1
D1103,24,72.0
D1103,25,62.8
D1103,26,59.3
D1104,1,63.6
D1104,2,64.8
D1104,3,58.6
D1104,4,64.9
D1104,5,58.7
D1104,6,70.6
D1104,7,56.8
D1104,8,72.1
D1104,9,83.7
D1104,10,77.7
D1104,11,75.8
D1104,12,67.9
D1104,13,67.5
D1104,14,78.3
D1104,15,53.5
D1104,16,69.0
D1104,17,70.8
D1104,18,54.9
D1104,19,61.5
D1104,20,63.8
D1104,21,61.6
D1104,22,72.4
D1104,23,59.6
D1104,24,64.0
D1104,25,72.2
D1104,26,64.2
D1105,1,19.4
D1105,2,24.7
D1105,3,38.7
D1105,4,20.5
D1105,5,23.5
D1105,6,27.1
D1105,7,34.5
D1105,8,29.0
D1105,9,27.6
D1105,10,30.3
D1105,11,38.0
D1105,12,12.5
D1105,13,14.0
D1105,14,42.2
D1105,15,30.2
D1105,16,32.8
D1105,17,18.1
D1105,18,31.6
D1105,19,28.3
D1105,20,23.0
D1105,21,30.2
D1105,22,26.7
D1105,23,19.6
D1105,24,27.6
D1105,25,29.4
D1105,26,20.7
D1106,1,28.7
D1106,2,32.4
D1106,3,22.9
D1106,4,39.3
D1106,5,31.6
D1106,6,30.5
D1106,7,27.6
D1106,8,22.4
D1106,9,36.4
D1106,10,24.2
D1106,11,16.6
D1106,12,23.3
D1106,13,28.0
D1106,14,28.4
D1106,15,38.2
D1106,16,36.7
D1106,17,29.2
D1106,18,35.7
D1106,19,54.6
D1106,20,25.0
D1106,21,27.3
D1106,22,34.8
D1106,23,30.2
D1106,24,26.8
D1106,25,38.1
D1106,26,26.8
D1107,1,58.7
D1107,2,67.1
D1107,3,74.3
D1107,4,75.9
D1107,5,73.0
D1107,6,66.1
D1107,7,72.2
D1107,8,68.5
D1107,9,75.2
D1107,10,67.6
D1107,11,79.9
D1107,12,63.1
D1107,13,66.9
D1107,14,71.4
D1107,15,60.2
D1107,16,62.7
D1107,17,72.4
D1107,18,77.7
D1107,19,61.6
D1107,20,74.6
D1107,21,60.3
D1107,22,68.3
D1107,23,59.3
D1107,24,65.5
D1107,25,74.5
D1107,26,71.5
D1108,1,35.4
D1108,2,31.4
D1108,3,16.6
D1108,4,8.5
D1108,5,17.4
D1108,6,23.1
D1108,7,17.2
D1108,8,35.4
D1108,9,18.8
D1108,10,17.8
D1108,11,22.1
D1108,12,5.6
D1108,13,11.6
D1108,14,1.1
D1108,15,12.8
D1108,16,11.0
D1108,17,13.3
D1108,18,14.3
D1108,19,7.5
D1108,20,13.5
D1108,21,10.4
D1108,22,18.1
D1108,23,16.3
D1108,24,18.8
D1108,25,23.4
D1108,26,20.1
D1109,1,67.2
D1109,2,68.1
D1109,3,84.2
D1109,4,88.3
D1109,5,79.4
D1109,6,63.0
D1109,7,62.3
D1109,8,70.6
D1109,9,69.5
D1109,10,77.8
D1109,11,69.8
D1109,12,75.1
D1109,13,77.1
D1109,14,66.7
D1109,15,69.1
D1109,16,86.2
D1109,17,67.0
D1109,18,71.3
D1109,19,46.0
D1109,20,77.4
D1109,21,51.2
D1109,22,62.2
D1109,23,68.9
D1109,24,69.8
D1109,25,67.8
D1109,26,58.4
D1110,1,56.5
D1110,2,38.8
D1110,3,51.3
D1110,4,47.7
D1110,5,44.7
D1110,6,57.0
D1110,7,55.3
D1110,8,47.4
D1110,9,56.4
D1110,10,49.9
D1110,11,52.1
D1110,12,30.8
D1110,13,40.5
D1110,14,32.8
D1110,15,33.3
D1110,16,19.1
D1110,17,17.1
D1110,18,11.0
D1110,19,7.4
D1111,1,16.4
D1111,2,19.6
D1111,3,11.0
D1111,4,16.4
D1111,5,17.2
D1111,6,15.8
D1111,7,30.6
D1111,8,18.9
D1111,9,15.9
D1111,10,24.4
D1111,11,7.5
D1111,12,21.6
D1111,13,22.0
D1111,14,20.2
D1111,15,20.8
D1111,16,25.3
D1111,17,23.5
D1111,18,15.7
D1111,19,17.0
D1111,20,35.7
D1111,21,28.7
D1111,22,29.6
D1111,23,26.0
D1111,24,26.8
D1111,25,12.5
D1111,26,16.1
D1112,1,78.1
D1112,2,76.9
D1112,3,91.9
D1112,4,88.1
D1112,5,88.9
D1112,6,79.9
D1112,7,71.3
D1112,8,90.0
D1112,9,78.8
D1112,10,74.7
D1112,11,87.5
D1113,1,22.5
D1113,2,32.7
D1113,3,44.3
D1113,4,9.9
D1113,5,6.7
D1113,6,1.3
D1113,7,5.3
D1113,8,1.8
D1113,9,0.0
D1113,10,7.1
D1114,1,61.8
D1114,2,65.7
D1114,3,68.3
D1114,4,59.8
D1114,5,67.2
D1114,6,61.4
D1114,7,78.3
D1114,8,76.7
D1114,9,60.3
D1114,10,52.4
D1114,11,60.1
D1114,12,61.7
D1114,13,58.8
D1114,14,60.9
D1114,15,59.7
D1114,16,59.0
D1114,17,57.7
D1114,18,55.7
D1114,19,61.3
D1114,20,60.1
D1114,21,62.9
D1114,22,53.6
D1114,23,67.4
D1114,24,64.1
D1114,25,50.7
D1114,26,60.2
D1115,1,36.7
D1115,2,17.0
D1115,3,27.9
D1115,4,32.3
D1115,5,27.3
D1115,6,28.1
D1115,7,23.0
D1115,8,22.8
D1115,9,14.2
D1115,10,8.7
D1115,11,4.5
D1115,12,5.1
D1115,13,0.0
D1115,14,3.4
D1116,1,67.0
D1116,2,63.4
D1116,3,68.9
D1116,4,59.8
D1116,5,70.8
D1116,6,76.4
D1116,7,60.2
D1116,8,52.3
D1116,9,55.6
D1116,10,78.3
D1116,11,57.3
D1116,12,73.0
D1116,13,56.6
D1116,14,56.1
D1116,15,58.1
D1116,16,62.1
D1116,17,60.0
D1116,18,64.3
D1116,19,78.5
D1116,20,72.6
D1116,21,68.6
D1116,22,51.9
D1116,23,62.8
D1116,24,62.8
D1116,25,58.7
D1116,26,67.9
D1117,1,62.1
D1117,2,63.3
D1117,3,68.2
D1117,4,75.7
D1117,5,72.8
D1117,6,56.1
D1117,7,71.6
D1117,8,65.3
D1117,9,60.9
D1117,10,57.3
D1117,11,70.6
D1117,12,68.3
D1117,13,65.8
D1117,14,65.4
D1117,15,61.0
D1117,16,65.3
D1117,17,64.3
D1117,18,67.7
D1117,19,64.3
D1117,20,64.6
D1117,21,63.6
D1117,22,64.1
D1117,23,64.3
D1117,24,63.3
D1117,25,71.8
D1117,26,62.3
D1118,1,41.6
D1118,2,42.6
D1118,3,44.0
D1118,4,41.4
D1118,5,39.6
D1118,6,49.1
D1118,7,39.6
D1118,8,36.2
D1118,9,64.2
D1118,10,32.0
D1118,11,33.4
D1118,12,20.2
D1118,13,14.7
D1118,14,11.0
D1118,15,4.6
D1118,16,19.8
D1119,1,71.7
D1119,2,63.4
D1119,3,58.4
D1119,4,50.3
D1119,5,57.7
D1119,6,63.1
D1119,7,57.8
D1119,8,54.5
D1119,9,64.4
D1119,10,60.0
D1119,11,59.5
D1119,12,59.6
D1119,13,56.5
D1119,14,65.2
D1119,15,61.7
D1119,16,60.7
D1119,17,69.9
D1119,18,58.9
D1119,19,61.8
D1119,20,74.9
D1119,21,57.3
D1119,22,69.4
D1119,23,65.1
D1119,24,67.7
D1119,25,60.7
D1119,26,65.1
D1120,1,64.6
D1120,2,65.6
D1120,3,71.6
D1120,4,68.5
D1120,5,66.1
D1120,6,68.4
D1120,7,60.3
D1120,8,64.9
D1120,9,88.0
D1120,10,61.9
D1120,11,60.9
D1120,12,65.3
D1120,13,94.1
D1120,14,68.3
D1120,15,63.2
D1120,16,74.7
D1120,17,70.9
D1120,18,81.6
D1120,19,66.9
D1120,20,62.1
D1120,21,63.1
D1120,22,87.1
D1120,23,80.8
D1120,24,62.7
D1120,25,58.3
D1120,26,65.3
D1121,1,23.8
D1121,2,22.7
D1121,3,30.4
D1121,4,37.6
D1121,5,11.5
D1121,6,22.4
D1121,7,40.4
D1121,8,25.3
D1121,9,29.8
D1121,10,34.2
D1121,11,35.9
D1121,12,19.0
D1121,13,18.3
D1121,14,23.6
D1121,15,15.2
D1121,16,20.8
D1121,17,5.5
D1121,18,12.7
D1121,19,1.2
D1121,20,5.8
D1121,21,5.2
D1121,22,0.0
D1122,1,92.8
D1122,2,93.9
D1122,3,92.8
D1122,4,95.1
D1122,5,89.5
D1122,6,82.5
D1122,7,88.1
D1122,8,90.7
D1122,9,95.2
D1122,10,92.5
D1122,11,79.3
D1122,12,80.4
D1122,13,91.5
D1122,14,85.1
D1122,15,87.6
D1122,16,97.8
D1122,17,91.5
D1122,18,89.3
D1122,19,89.6
D1122,20,89.8
D1122,21,83.6
D1122,22,74.1
D1122,23,78.3
D1122,24,77.1
D1122,25,90.1
D1122,26,81.4
D1123,1,87.1
D1123,2,91.5
D1123,3,91.7
D1123,4,91.1
D1123,5,80.7
D1123,6,91.5
D1123,7,80.9
D1123,8,80.5
D1123,9,75.8
D1123,10,73.8
D1123,11,87.9
D1123,12,82.5
D1123,13,94.7
D1123,14,82.5
D1123,15,86.3
D1123,16,86.8
D1123,17,93.2
D1123,18,83.1
D1123,19,77.6
D1123,20,85.1
D1123,21,85.9
D1123,22,96.6
D1123,23,90.7
D1123,24,82.4
D1123,25,84.6
D1123,26,96.6
D1124,1,10.7
D1124,2,31.8
D1124,3,18.0
D1124,4,29.2
D1124,5,37.9
D1124,6,38.1
D1124,7,13.1
D1124,8,17.5
D1124,9,26.1
D1124,10,27.9
D1124,11,30.9
D1124,12,15.3
D1124,13,17.4
D1124,14,35.7
D1124,15,23.2
D1124,16,20.8
D1124,17,30.2
D1124,18,15.2
D1124,19,22.3
D1124,20,35.6
D1124,21,31.5
D1124,22,24.3
D1124,23,27.1
D1124,24,22.9
D1124,25,48.7
D1124,26,33.0
D1125,1,91.7
D1125,2,90.6
D1125,3,93.8
D1125,4,82.1
D1125,5,85.4
D1125,6,87.3
D1125,7,80.3
D1125,8,82.0
D1125,9,90.0
D1125,10,81.6
D1125,11,79.3
D1125,12,92.5
D1125,13,85.2
D1125,14,87.5
D1125,15,74.5
D1125,16,91.2
D1125,17,78.2
D1125,18,90.7
D1125,19,83.8
D1125,20,83.7
D1125,21,81.1
D1125,22,76.8
D1125,23,75.0
D1125,24,88.4
D1125,25,78.9
D1125,26,85.7
D1126,1,67.8
D1126,2,63.4
D1126,3,67.2
D1126,4,64.3
D1126,5,54.5
D1126,6,64.1
D1126,7,58.2
D1126,8,67.4
D1126,9,62.0
D1126,10,48.3
D1126,11,59.5
D1126,12,61.5
D1126,13,57.8
D1126,14,49.8
D1126,15,42.6
D1126,16,37.4
D1126,17,43.9
D1127,1,21.1
D1127,2,23.0
D1127,3,34.6
D1127,4,34.6
D1127,5,28.3
D1127,6,21.2
D1127,7,31.6
D1127,8,26.3
D1127,9,48.1
D1127,10,25.6
D1127,11,23.8
D1127,12,18.4
D1127,13,20.0
D1127,14,37.2
D1127,15,24.8
D1127,16,29.0
D1127,17,29.5
D1127,18,30.9
D1127,19,20.3
D1127,20,33.7
D1127,21,7.8
D1127,22,23.2
D1127,23,33.2
D1127,24,20.9
D1127,25,42.6
D1127,26,37.0
D1128,1,49.3
D1128,2,61.7
D1128,3,61.6
D1128,4,80.3
D1128,5,55.3
D1128,6,66.2
D1128,7,59.0
D1128,8,86.2
D1128,9,61.6
D1128,10,54.9
D1128,11,55.3
D1128,12,74.5
D1128,13,68.4
D1128,14,79.1
D1128,15,58.5
D1128,16,55.6
D1128,17,53.9
D1128,18,59.7
D1128,19,59.7
D1128,20,73.5
D1128,21,56.1
D1128,22,61.9
D1128,23,69.6
D1128,24,46.0
D1128,25,67.5
D1128,26,80.3
D1129,1,54.4
D1129,2,67.8
D1129,3,63.5
D1129,4,61.1
D1129,5,60.2
D1129,6,65.5
D1129,7,65.6
D1129,8,71.9
D1129,9,66.6
D1129,10,56.7
D1129,11,67.7
D1129,12,63.0
D1129,13,61.0
D1129,14,69.3
D1129,15,57.9
D1129,16,63.5
D1129,17,59.9
D1129,18,58.7
D1129,19,77.7
D1129,20,62.5
D1129,21,59.1
D1129,22,51.2
D1129,23,61.1
D1129,24,58.0
D1129,25,69.9
D1129,26,52.6
D1130,1,62.8
D1130,2,60.5
D1130,3,66.0
D1130,4,76.7
D1130,5,47.2
D1130,6,58.5
D1130,7,79.8
D1130,8,83.0
D1130,9,80.8
D1130,10,62.1
D1130,11,64.9
D1130,12,77.8
D1130,13,70.3
D1130,14,65.6
D1130,15,67.2
D1130,16,55.6
D1130,17,67.6
D1130,18,70.0
D1130,19,55.0
D1130,20,60.5
D1130,21,67.2
D1130,22,60.6
D1130,23,59.3
D1130,24,53.8
D1130,25,85.0
D1130,26,72.2
D1131,1,83.2
D1131,2,93.5
D1131,3,87.0
D1131,4,86.8
D1131,5,95.9
D1131,6,90.1
D1131,7,75.5
D1131,8,90.7
D1131,9,88.4
D1131,10,88.6
D1131,11,86.8
D1131,12,94.9
D1131,13,82.6
D1131,14,86.1
D1131,15,76.0
D1131,16,78.3
D1131,17,95.0
D1131,18,86.4
D1131,19,95.1
D1131,20,94.0
D1131,21,83.1
D1131,22,75.0
D1131,23,85.4
D1131,24,87.9
D1131,25,97.1
D1131,26,91.6
D1132,1,71.4
D1132,2,62.1
D1132,3,65.3
D1132,4,62.6
D1132,5,58.9
D1132,6,65.8
D1132,7,72.6
D1132,8,61.1
D1132,9,80.3
D1132,10,53.4
D1132,11,55.7
D1132,12,78.1
D1132,13,82.1
D1132,14,65.6
D1132,15,73.5
D1132,16,50.6
D1132,17,55.9
D1132,18,75.1
D1132,19,66.1
D1132,20,54.3
D1132,21,80.0
D1132,22,45.8
D1132,23,49.1
D1132,24,56.1
D1132,25,51.0
D1132,26,58.2
D1133,1,37.2
D1133,2,60.0
D1133,3,51.5
D1133,4,48.9
D1133,5,45.4
D1133,6,43.7
D1133,7,45.2
D1133,8,40.2
D1133,9,33.1
D1133,10,45.5
D1133,11,37.3
D1133,12,36.4
D1133,13,34.8
D1133,14,38.0
D1133,15,35.9
D1133,16,40.2
D1133,17,35.1
D1133,18,38.1
D1133,19,33.0
D1133,20,37.6
D1133,21,26.5
D1133,22,39.5
D1133,23,35.3
D1133,24,30.1
D1133,25,38.1
D1133,26,33.2
D1134,1,77.7
D1134,2,90.4
D1134,3,84.1
D1134,4,88.5
D1134,5,78.2
D1134,6,80.9
D1134,7,78.6
D1134,8,79.9
D1134,9,94.1
D1134,10,77.3
D1134,11,89.6
D1134,12,87.0
D1134,13,74.8
D1134,14,76.3
D1134,15,77.9
D1134,16,78.0
D1134,17,86.3
D1134,18,83.2
D1134,19,86.8
D1134,20,77.9
D1134,21,76.6
D1134,22,76.7
D1134,23,78.1
D1134,24,92.5
D1134,25,84.0
D1134,26,85.4
D1135,1,88.2
D1135,2,78.8
D1135,3,86.0
D1135,4,93.4
D1135,5,85.8
D1135,6,91.5
D1135,7,89.6
D1135,8,84.1
D1135,9,79.1
D1135,10,100.0
D1135,11,89.7
D1135,12,95.9
D1135,13,94.3
D1135,14,85.4
D1135,15,88.4
D1135,16,78.8
D1135,17,80.7
D1135,18,92.4
D1135,19,88.1
D1135,20,91.3
D1135,21,85.4
D1135,22,88.3
D1135,23,85.5
D1135,24,80.0
D1135,25,90.0
D1135,26,89.1
D1136,1,65.2
D1136,2,60.1
D1136,3,57.1
D1136,4,60.4
D1136,5,63.7
D1136,6,59.1
D1136,7,62.5
D1136,8,57.2
D1136,9,65.1
D1136,10,69.7
D1136,11,59.3
D1136,12,61.6
D1136,13,63.3
D1136,14,60.3
D1136,15,54.1
D1136,16,56.2
D1136,17,56.5
D1136,18,63.4
D1136,19,64.1
D1136,20,65.7
D1136,21,68.0
D1136,22,56.5
D1136,23,63.7
D1136,24,65.7
D1136,25,65.9
D1136,26,58.3
D1137,1,83.9
D1137,2,91.4
D1137,3,88.5
D1137,4,76.2
D1137,5,85.0
D1137,6,91.1
D1137,7,74.0
D1137,8,97.6
D1137,9,88.8
D1137,10,73.9
D1137,11,79.1
D1137,12,96.7
D1137,13,83.1
D1137,14,97.0
D1137,15,85.2
D1137,16,89.3
D1137,17,84.9
D1137,18,81.9
D1137,19,88.3
D1137,20,67.4
D1137,21,76.9
D1137,22,77.8
D1137,23,77.2
D1137,24,67.1
D1137,25,75.5
D1138,1,52.5
D1138,2,70.5
D1138,3,69.5
D1138,4,53.8
D1138,5,60.6
D1138,6,60.7
D1138,7,66.4
D1138,8,70.7
D1138,9,58.9
D1138,10,80.6
D1138,11,65.6
D1138,12,64.8
D1138,13,61.6
D1138,14,77.1
D1138,15,59.2
D1138,16,53.1
D1138,17,56.9
D1138,18,74.9
D1138,19,66.4
D1138,20,66.1
D1138,21,48.0
D1138,22,60.3
D1138,23,63.5
D1138,24,75.8
D1138,25,56.6
D1138,26,61.9
D1139,1,24.9
D1139,2,12.6
D1139,3,8.7
D1139,4,8.3
D1139,5,20.0
D1139,6,21.3
D1139,7,22.0
D1139,8,14.9
D1139,9,21.5
D1139,10,14.9
D1139,11,20.7
D1139,12,17.6
D1139,13,8.0
D1139,14,6.8
D1139,15,21.9
D1139,16,8.9
D1139,17,19.9
D1139,18,13.9
D1139,19,19.7
D1139,20,25.2
D1139,21,24.9
D1139,22,24.3
D1139,23,18.9
D1139,24,12.1
D1139,25,11.5
D1139,26,10.7
D1140,1,26.2
D1140,2,31.8
D1140,3,47.6
D1140,4,24.1
D1140,5,25.5
D1140,6,9.3
D1140,7,26.6
D1140,8,34.4
D1140,9,21.9
D1140,10,28.9
D1140,11,20.7
D1140,12,18.7
D1140,13,15.7
D1140,14,21.5
D1140,15,17.5
D1140,16,42.8
D1140,17,20.2
D1140,18,21.0
D1140,19,33.0
D1140,20,42.0
D1140,21,44.9
D1140,22,29.8
D1140,23,25.5
D1140,24,38.1
D1140,25,21.2
D1140,26,35.3
D1141,1,71.4
D1141,2,66.1
D1141,3,71.8
D1141,4,68.4
D1141,5,67.6
D1141,6,73.9
D1141,7,66.0
D1141,8,85.4
D1141,9,71.7
D1141,10,63.6
D1141,11,63.0
D1141,12,68.0
D1141,13,68.9
D1141,14,73.1
D1141,15,66.4
D1141,16,64.6
D1141,17,66.9
D1141,18,63.6
D1141,19,63.3
D1141,20,67.1
D1141,21,65.2
D1141,22,67.0
D1141,23,66.2
D1141,24,66.5
D1141,25,68.3
D1141,26,60.9
D1142,1,51.0
D1142,2,49.0
D1142,3,62.7
D1142,4,45.9
D1142,5,52.7
D1142,6,51.8
D1142,7,43.6
D1142,8,45.1
D1142,9,49.4
D1142,10,52.7
D1142,11,51.5
D1142,12,63.7
D1142,13,48.3
D1142,14,53.1
D1142,15,47.6
D1142,16,66.1
D1142,17,42.4
D1142,18,42.9
D1142,19,45.4
D1142,20,39.6
D1142,21,49.5
D1142,22,46.4
D1142,23,37.7
D1142,24,25.1
D1142,25,45.2
D1142,26,51.4
D1143,1,68.6
D1143,2,65.5
D1143,3,63.9
D1143,4,65.1
D1143,5,71.2
D1143,6,69.7
D1143,7,77.6
D1143,8,63.5
D1143,9,65.8
D1143,10,76.9
D1143,11,80.8
D1143,12,78.4
D1143,13,63.8
D1143,14,72.7
D1143,15,63.7
D1143,16,85.2
D1143,17,71.1
D1143,18,47.1
D1143,19,73.1
D1143,20,78.2
D1143,21,61.7
D1143,22,43.1
D1143,23,49.0
D1143,24,67.4
D1143,25,48.2
D1143,26,41.9
D1144,1,76.0
D1144,2,69.2
D1144,3,72.4
D1144,4,84.9
D1144,5,68.8
D1144,6,60.9
D1144,7,74.5
D1144,8,60.2
D1144,9,76.3
D1144,10,67.8
D1144,11,63.8
D1144,12,75.2
D1144,13,61.7
D1144,14,86.8
D1144,15,58.1
D1144,16,76.6
D1144,17,85.2
D1144,18,64.1
D1144,19,65.6
D1144,20,70.2
D1144,21,63.6
D1144,22,84.7
D1144,23,63.6
D1144,24,67.5
D1144,25,60.0
D1144,26,68.3
D1145,1,87.6
D1145,2,81.1
D1145,3,81.6
D1145,4,91.1
D1145,5,83.6
D1145,6,71.9
D1145,7,74.9
D1145,8,80.5
D1145,9,83.4
D1145,10,80.0
D1145,11,66.5
D1145,12,85.6
D1145,13,87.4
D1145,14,71.5
D1146,1,92.3
D1146,2,96.1
D1146,3,91.2
D1146,4,78.6
D1146,5,89.9
D1146,6,84.9
D1146,7,95.3
D1146,8,92.0
D1146,9,95.2
D1146,10,91.9
D1146,11,91.1
D1146,12,98.0
D1146,13,86.1
D1146,14,78.8
D1146,15,86.6
D1146,16,80.4
D1146,17,89.3
D1146,18,86.9
D1146,19,88.8
D1146,20,84.4
D1146,21,81.4
D1146,22,94.2
D1146,23,85.5
D1146,24,98.2
D1146,25,83.1
D1146,26,93.8
D1147,1,27.8
D1147,2,4.7
D1147,3,12.0
D1147,4,22.2
D1147,5,22.9
D1147,6,16.5
D1147,7,20.9
D1147,8,15.5
D1147,9,10.8
D1147,10,21.7
D1147,11,23.3
D1147,12,23.1
D1147,13,15.3
D1147,14,8.6
D1147,15,19.4
D1147,16,6.4
D1147,17,4.7
D1147,18,13.9
D1147,19,8.6
D1147,20,21.2
D1147,21,20.1
D1147,22,21.2
D1147,23,20.1
D1147,24,8.2
D1147,25,9.3
D1147,26,14.5
D1148,1,61.7
D1148,2,80.8
D1148,3,60.2
D1148,4,65.2
D1148,5,70.0
D1148,6,79.3
D1148,7,72.0
D1148,8,65.1
D1148,9,67.1
D1148,10,73.3
D1148,11,71.3
D1148,12,68.0
D1148,13,94.7
D1148,14,71.4
D1148,15,66.9
D1148,16,72.9
D1148,17,62.3
D1148,18,64.0
D1148,19,72.9
D1148,20,63.6
D1148,21,51.4
D1148,22,67.7
D1148,23,65.5
D1148,24,61.9
D1148,25,58.3
D1148,26,64.0
D1149,1,76.5
D1149,2,94.2
D1149,3,90.6
D1149,4,89.4
D1149,5,80.4
D1149,6,89.9
D1149,7,94.7
D1149,8,78.3
D1149,9,88.4
D1149,10,72.7
D1149,11,85.4
D1149,12,92.3
D1149,13,91.5
D1149,14,82.4
D1149,15,77.6
D1149,16,85.8
D1149,17,94.9
D1149,18,90.1
D1149,19,88.0
D1149,20,87.7
D1149,21,85.1
D1149,22,84.2
D1149,23,90.1
D1149,24,88.6
D1149,25,83.3
D1149,26,92.6
D1150,1,83.1
D1150,2,90.5
D1150,3,76.8
D1150,4,98.2
D1150,5,98.5
D1150,6,76.5
D1150,7,91.6
D1150,8,93.1
D1150,9,91.5
D1150,10,81.0
D1150,11,96.9
D1150,12,91.7
D1150,13,97.0
D1150,14,100.0
D1150,15,93.1
D1150,16,81.6
D1150,17,87.8
D1150,18,85.9
D1150,19,89.9
D1150,20,93.9
D1150,21,90.7
D1150,22,74.8
D1150,23,96.5
D1150,24,79.9
D1150,25,78.7
D1150,26,90.4
D1151,1,74.4
D1151,2,94.6
D1151,3,77.7
D1151,4,93.7
D1151,5,83.5
D1151,6,78.5
D1151,7,76.3
D1151,8,78.2
D1151,9,93.5
D1151,10,74.7
D1151,11,77.0
D1151,12,79.8
D1151,13,88.4
D1151,14,78.4
D1151,15,84.2
D1151,16,79.9
D1151,17,85.1
D1151,18,89.0
D1151,19,83.8
D1151,20,88.8
D1151,21,88.7
D1151,22,82.8
D1151,23,93.3
D1151,24,83.7
D1151,25,97.3
D1151,26,74.4
D1152,1,22.6
D1152,2,21.9
D1152,3,29.1
D1152,4,31.7
D1152,5,30.0
D1152,6,31.4
D1152,7,28.1
D1152,8,39.5
D1152,9,22.2
D1152,10,37.2
D1152,11,24.1
D1152,12,17.2
D1152,13,30.8
D1152,14,19.5
D1152,15,34.8
D1152,16,32.0
D1152,17,26.0
D1152,18,26.3
D1152,19,18.0
D1152,20,21.9
D1152,21,8.7
D1152,22,23.3
D1152,23,11.2
D1152,24,20.5
D1152,25,26.6
D1152,26,40.7
D1153,1,63.9
D1153,2,83.3
D1153,3,87.6
D1153,4,72.7
D1153,5,67.7
D1153,6,68.7
D1153,7,63.5
D1153,8,60.5
D1153,9,60.5
D1153,10,73.0
D1153,11,65.6
D1153,12,57.5
D1153,13,69.2
D1153,14,64.6
D1153,15,49.9
D1153,16,52.9
D1153,17,45.1
D1153,18,44.9
D1153,19,71.7
D1154,1,89.2
D1154,2,65.0
D1154,3,64.2
D1154,4,61.5
D1154,5,63.2
D1154,6,60.9
D1154,7,67.8
D1154,8,63.7
D1154,9,60.7
D1154,10,67.0
D1154,11,70.9
D1154,12,65.6
D1154,13,70.2
D1154,14,68.6
D1154,15,67.7
D1154,16,64.7
D1154,17,67.0
D1154,18,64.6
D1154,19,64.5
D1154,20,65.4
D1154,21,66.0
D1154,22,62.8
D1154,23,63.7
D1154,24,65.4
D1154,25,68.7
D1154,26,61.4
D1155,1,74.9
D1155,2,62.5
D1155,3,61.1
D1155,4,71.5
D1155,5,83.2
D1155,6,82.3
D1155,7,64.3
D1155,8,66.2
D1155,9,64.1
D1155,10,66.4
D1155,11,62.2
D1155,12,65.8
D1155,13,61.5
D1155,14,68.5
D1155,15,64.7
D1155,16,71.5
D1155,17,66.3
D1155,18,66.6
D1155,19,68.9
D1155,20,68.8
D1155,21,63.7
D1155,22,73.9
D1155,23,61.8
D1155,24,60.2
D1155,25,62.1
D1155,26,69.0
D1156,1,74.6
D1156,2,85.0
D1156,3,62.4
D1156,4,61.8
D1156,5,60.1
D1156,6,66.3
D1156,7,64.9
D1156,8,61.1
D1156,9,53.4
D1156,10,66.0
D1156,11,65.3
D1156,12,57.3
D1156,13,52.4
D1156,14,61.2
D1156,15,66.0
D1156,16,60.1
D1156,17,59.1
D1156,18,66.2
D1156,19,58.6
D1156,20,59.9
D1156,21,75.2
D1156,22,67.2
D1156,23,79.0
D1156,24,63.4
D1156,25,63.7
D1156,26,61.4
D1157,1,18.9
D1157,2,15.0
D1157,3,18.4
D1157,4,2.9
D1157,5,13.5
D1157,6,5.3
D1157,7,0.0
D1157,8,0.0
D1157,9,2.6
D1157,10,5.5
D1157,11,4.7
D1158,1,29.1
D1158,2,22.4
D1158,3,30.5
D1158,4,23.1
D1158,5,33.2
D1158,6,16.2
D1158,7,17.9
D1158,8,25.7
D1158,9,17.1
D1158,10,20.6
D1158,11,28.6
D1158,12,33.7
D1158,13,27.5
D1158,14,15.9
D1158,15,23.2
D1158,16,31.7
D1158,17,14.4
D1158,18,31.9
D1158,19,49.7
D1158,20,11.1
D1158,21,27.6
D1158,22,29.8
D1158,23,25.7
D1158,24,41.6
D1158,25,24.3
D1158,26,30.1
D1159,1,87.9
D1159,2,85.1
D1159,3,88.5
D1159,4,85.0
D1159,5,93.8
D1159,6,78.5
D1159,7,95.7
D1159,8,90.1
D1159,9,93.5
D1159,10,91.6
D1159,11,99.4
D1159,12,89.3
D1159,13,80.4
D1159,14,82.5
D1159,15,94.0
D1159,16,83.1
D1159,17,92.8
D1159,18,96.5
D1159,19,84.6
D1159,20,88.2
D1159,21,86.0
D1159,22,90.1
D1159,23,85.2
D1159,24,91.2
D1159,25,95.6
D1159,26,95.5
D1160,1,65.5
D1160,2,61.4
D1160,3,65.0
D1160,4,69.5
D1160,5,68.2
D1160,6,73.4
D1160,7,65.2
D1160,8,71.0
D1160,9,73.7
D1160,10,65.1
D1160,11,68.5
D1160,12,73.8
D1160,13,66.6
D1160,14,91.2
D1160,15,60.9
D1160,16,67.8
D1160,17,56.8
D1160,18,74.8
D1160,19,66.7
D1160,20,51.6
D1160,21,69.6
D1160,22,68.2
D1160,23,65.4
D1160,24,82.1
D1160,25,63.2
D1160,26,79.2
D1161,1,65.7
D1161,2,50.5
D1161,3,68.2
D1161,4,71.5
D1161,5,59.3
D1161,6,57.8
D1161,7,62.8
D1161,8,63.1
D1161,9,67.4
D1161,10,68.4
D1161,11,66.5
D1161,12,70.4
D1161,13,62.3
D1161,14,67.7
D1161,15,67.4
D1161,16,62.0
D1161,17,66.6
D1161,18,73.2
D1161,19,69.0
D1161,20,63.4
D1161,21,71.3
D1161,22,70.6
D1161,23,67.7
D1161,24,62.0
D1161,25,70.4
D1161,26,64.8
D1162,1,65.9
D1162,2,73.0
D1162,3,62.1
D1162,4,56.9
D1162,5,58.7
D1162,6,63.8
D1162,7,67.7
D1162,8,59.9
D1162,9,68.7
D1162,10,53.2
D1162,11,74.9
D1162,12,78.5
D1162,13,59.3
D1162,14,73.7
D1162,15,77.1
D1162,16,52.8
D1162,17,60.3
D1162,18,62.0
D1162,19,67.1
D1162,20,66.8
D1162,21,61.4
D1162,22,65.4
D1162,23,55.8
D1162,24,79.8
D1162,25,67.1
D1162,26,69.2
D1163,1,49.9
D1163,2,59.4
D1163,3,75.3
D1163,4,66.3
D1163,5,55.0
D1163,6,61.8
D1163,7,43.0
D1163,8,47.5
D1163,9,48.0
D1163,10,47.2
D1163,11,53.6
D1163,12,49.9
D1163,13,53.2
D1163,14,48.5
D1163,15,46.3
D1163,16,35.6
D1163,17,45.8
D1163,18,58.5
D1163,19,35.8
D1163,20,43.9
D1163,21,31.0
D1163,22,46.9
D1163,23,49.8
D1163,24,52.7
D1163,25,43.7
D1163,26,37.3
D1164,1,33.2
D1164,2,28.0
D1164,3,8.6
D1164,4,12.0
D1164,5,15.6
D1164,6,12.8
D1164,7,25.3
D1164,8,25.6
D1164,9,0.0
D1164,10,16.2
D1164,11,10.0
D1164,12,3.0
D1164,13,16.8
D1164,14,7.5
D1164,15,24.5
D1164,16,11.9
D1164,17,16.1
D1164,18,6.2
D1164,19,0.0
D1164,20,3.1
D1164,21,5.8
D1164,22,5.9
D1164,23,0.0
D1164,24,0.0
D1165,1,71.3
D1165,2,67.2
D1165,3,68.3
D1165,4,65.5
D1165,5,68.3
D1165,6,59.2
D1165,7,68.2
D1165,8,63.9
D1165,9,56.4
D1165,10,66.1
D1165,11,65.5
D1165,12,69.2
D1165,13,65.2
D1165,14,67.8
D1165,15,61.3
D1165,16,62.7
D1165,17,69.3
D1165,18,68.9
D1165,19,56.6
D1165,20,57.0
D1165,21,69.5
D1165,22,69.7
D1165,23,72.2
D1165,24,62.4
D1165,25,68.3
D1165,26,64.0
D1166,1,56.7
D1166,2,61.1
D1166,3,61.2
D1166,4,43.6
D1166,5,37.4
D1166,6,59.5
D1166,7,52.2
D1166,8,47.0
D1166,9,66.2
D1166,10,48.0
D1166,11,53.4
D1166,12,35.6
D1166,13,53.3
D1166,14,45.9
D1166,15,49.3
D1166,16,44.4
D1166,17,56.6
D1166,18,50.8
D1166,19,51.7
D1166,20,52.3
D1166,21,19.4
D1166,22,45.2
D1166,23,23.6
D1166,24,27.1
D1166,25,39.4
D1166,26,36.4
D1167,1,11.3
D1167,2,37.5
D1167,3,22.2
D1167,4,29.1
D1167,5,50.7
D1167,6,22.0
D1167,7,19.4
D1167,8,20.5
D1167,9,18.1
D1167,10,44.3
D1167,11,30.4
D1167,12,30.8
D1167,13,17.9
D1167,14,21.0
D1167,15,35.6
D1167,16,30.7
D1167,17,9.1
D1167,18,25.9
D1167,19,16.8
D1167,20,20.8
D1167,21,17.5
D1167,22,14.5
D1167,23,32.5
D1167,24,30.2
D1167,25,14.3
D1167,26,24.2
D1168,1,9.6
D1168,2,19.0
D1168,3,21.6
D1168,4,13.2
D1168,5,14.9
D1168,6,14.8
D1168,7,16.2
D1168,8,15.3
D1168,9,32.1
D1168,10,20.4
D1168,11,8.6
D1168,12,13.7
D1168,13,16.7
D1168,14,13.9
D1168,15,20.3
D1168,16,19.1
D1168,17,22.2
D1168,18,11.6
D1168,19,17.0
D1168,20,14.7
D1168,21,13.5
D1168,22,19.0
D1168,23,18.8
D1168,24,20.6
D1168,25,27.4
D1168,26,19.0
D1169,1,44.2
D1169,2,51.5
D1169,3,40.7
D1169,4,50.3
D1169,5,52.9
D1169,6,48.9
D1169,7,45.6
D1169,8,35.4
D1169,9,32.7
D1169,10,26.6
D1169,11,22.3
D1169,12,11.7
D1169,13,15.9
D1169,14,16.1
D1170,1,4.6
D1170,2,45.5
D1170,3,13.9
D1170,4,21.5
D1170,5,45.9
D1170,6,33.7
D1170,7,24.5
D1170,8,20.5
D1170,9,20.1
D1170,10,20.5
D1170,11,16.4
D1170,12,25.1
D1170,13,10.2
D1170,14,13.8
D1170,15,19.3
D1170,16,28.1
D1170,17,36.1
D1170,18,27.3
D1170,19,8.4
D1170,20,29.7
D1170,21,39.5
D1170,22,17.3
D1170,23,21.5
D1170,24,31.2
D1170,25,27.0
D1170,26,50.6
D1171,1,58.2
D1171,2,57.2
D1171,3,59.4
D1171,4,69.1
D1171,5,76.4
D1171,6,59.3
D1171,7,70.3
D1171,8,55.8
D1171,9,56.6
D1171,10,51.4
D1171,11,63.9
D1171,12,66.6
D1171,13,64.3
D1171,14,60.9
D1171,15,63.7
D1171,16,49.8
D1171,17,53.1
D1171,18,58.5
D1171,19,61.3
D1171,20,61.6
D1171,21,54.1
D1171,22,72.2
D1171,23,60.3
D1171,24,61.4
D1171,25,64.4
D1171,26,61.9
D1172,1,90.8
D1172,2,87.0
D1172,3,93.9
D1172,4,81.4
D1172,5,92.3
D1172,6,76.3
D1172,7,79.6
D1172,8,76.5
D1172,9,88.8
D1172,10,80.2
D1172,11,77.0
D1172,12,78.2
D1172,13,78.4
D1172,14,75.1
D1172,15,78.7
D1172,16,70.3
D1173,1,79.6
D1173,2,84.3
D1173,3,83.8
D1173,4,91.7
D1173,5,79.4
D1173,6,95.5
D1173,7,84.8
D1173,8,77.1
D1173,9,87.8
D1173,10,73.5
D1173,11,94.9
D1173,12,89.4
D1173,13,83.8
D1173,14,88.1
D1173,15,83.2
D1173,16,79.3
D1173,17,88.9
D1173,18,84.8
D1173,19,74.0
D1173,20,73.9
D1173,21,74.5
D1173,22,74.3
D1173,23,73.8
D1174,1,71.7
D1174,2,60.1
D1174,3,55.6
D1174,4,59.6
D1174,5,59.2
D1174,6,49.4
D1174,7,59.1
D1174,8,50.8
D1174,9,49.3
D1174,10,47.8
D1174,11,57.0
D1174,12,65.1
D1174,13,52.5
D1174,14,41.8
D1174,15,47.5
D1174,16,45.6
D1174,17,28.6
D1174,18,35.0
D1174,19,22.5
D1174,20,39.0
D1174,21,14.8
D1174,22,15.0
D1174,23,16.9
D1175,1,77.5
D1175,2,63.2
D1175,3,75.9
D1175,4,58.7
D1175,5,72.9
D1175,6,84.1
D1175,7,65.3
D1175,8,58.4
D1175,9,62.7
D1175,10,80.9
D1175,11,67.6
D1175,12,67.5
D1175,13,69.1
D1175,14,64.1
D1175,15,68.1
D1175,16,62.3
D1175,17,75.9
D1175,18,51.2
D1175,19,78.8
D1175,20,66.7
D1175,21,71.2
D1175,22,84.8
D1175,23,69.4
D1175,24,75.6
D1175,25,67.8
D1175,26,74.8
D1176,1,46.1
D1176,2,48.1
D1176,3,53.1
D1176,4,53.6
D1176,5,50.6
D1176,6,51.6
D1176,7,41.5
D1176,8,46.1
D1176,9,44.1
D1176,10,51.8
D1176,11,42.4
D1176,12,45.7
D1176,13,36.4
D1176,14,35.5
D1176,15,39.4
D1176,16,41.1
D1176,17,46.3
D1176,18,27.5
D1176,19,36.7
D1176,20,53.5
D1176,21,31.2
D1176,22,31.7
D1176,23,31.1
D1176,24,35.4
D1176,25,40.5
D1176,26,38.8
D1177,1,20.7
D1177,2,27.2
D1177,3,31.4
D1177,4,21.2
D1177,5,13.1
D1177,6,24.7
D1177,7,32.6
D1177,8,19.5
D1177,9,17.0
D1177,10,15.3
D1177,11,33.9
D1177,12,15.0
D1177,13,13.4
D1177,14,28.6
D1177,15,23.8
D1177,16,25.3
D1177,17,20.7
D1177,18,24.1
D1177,19,23.2
D1177,20,4.1
D1177,21,6.0
D1177,22,10.0
D1177,23,0.1
D1177,24,3.4
D1177,25,2.6
D1178,1,86.2
D1178,2,89.8
D1178,3,96.6
D1178,4,96.7
D1178,5,92.4
D1178,6,95.3
D1178,7,76.4
D1178,8,90.3
D1178,9,95.0
D1178,10,77.3
D1178,11,97.3
D1178,12,83.6
D1178,13,91.8
D1178,14,86.8
D1178,15,90.6
D1178,16,91.1
D1178,17,91.5
D1178,18,84.7
D1178,19,77.8
D1178,20,98.9
D1178,21,91.5
D1178,22,90.1
D1178,23,81.5
D1178,24,97.5
D1178,25,100.0
D1178,26,98.5
D1179,1,66.6
D1179,2,73.8
D1179,3,61.8
D1179,4,68.0
D1179,5,59.8
D1179,6,74.0
D1179,7,64.5
D1179,8,68.7
D1179,9,65.1
D1179,10,59.7
D1179,11,60.6
D1179,12,61.4
D1179,13,79.0
D1179,14,67.7
D1179,15,70.2
D1179,16,77.8
D1179,17,55.6
D1179,18,65.2
D1179,19,54.7
D1179,20,66.6
D1179,21,60.3
D1179,22,45.7
D1179,23,48.7
D1179,24,72.6
D1180,1,56.3
D1180,2,56.9
D1180,3,53.0
D1180,4,50.8
D1180,5,52.1
D1180,6,45.2
D1180,7,51.5
D1180,8,61.7
D1180,9,48.9
D1180,10,64.6
D1180,11,44.7
D1180,12,41.8
D1180,13,45.8
D1180,14,42.3
D1180,15,49.3
D1180,16,47.9
D1180,17,42.5
D1180,18,42.6
D1180,19,41.6
D1180,20,53.0
D1180,21,34.7
D1180,22,48.4
D1180,23,37.6
D1180,24,55.9
D1180,25,40.8
D1180,26,49.0
D1181,1,58.4
D1181,2,69.9
D1181,3,58.8
D1181,4,67.9
D1181,5,64.2
D1181,6,58.8
D1181,7,63.5
D1181,8,77.9
D1181,9,58.0
D1181,10,56.6
D1181,11,64.4
D1181,12,67.3
D1181,13,62.9
D1181,14,62.2
D1181,15,67.1
D1181,16,57.5
D1181,17,64.3
D1181,18,56.7
D1181,19,57.0
D1181,20,50.3
D1181,21,60.4
D1181,22,74.3
D1181,23,68.2
D1181,24,67.7
D1181,25,52.2
D1181,26,70.2
D1182,1,98.0
D1182,2,84.6
D1182,3,85.0
D1182,4,77.7
D1182,5,74.7
D1182,6,85.2
D1182,7,91.2
D1182,8,94.8
D1182,9,78.4
D1182,10,89.3
D1182,11,90.4
D1182,12,93.2
D1182,13,81.5
D1182,14,81.4
D1182,15,91.7
D1182,16,94.7
D1182,17,77.4
D1182,18,89.6
D1182,19,87.6
D1182,20,89.0
D1182,21,93.0
D1182,22,81.6
D1182,23,92.7
D1182,24,95.4
D1182,25,91.2
D1182,26,85.9
D1183,1,14.6
D1183,2,4.5
D1183,3,15.6
D1183,4,16.3
D1183,5,11.9
D1183,6,9.6
D1183,7,2.6
D1183,8,18.1
D1183,9,4.1
D1183,10,6.1
D1183,11,30.3
D1183,12,12.0
D1183,13,12.1
D1183,14,14.9
D1183,15,37.0
D1183,16,19.0
D1183,17,35.4
D1183,18,29.6
D1183,19,5.9
D1183,20,18.0
D1183,21,19.2
D1183,22,19.5
D1183,23,22.8
D1183,24,30.7
D1183,25,10.5
D1183,26,15.9
D1184,1,36.1
D1184,2,13.8
D1184,3,17.2
D1184,4,20.7
D1184,5,20.6
D1184,6,18.5
D1184,7,24.9
D1184,8,21.6
D1184,9,25.8
D1184,10,13.4
D1184,11,23.4
D1184,12,25.6
D1184,13,25.6
D1184,14,7.9
D1184,15,7.3
D1184,16,0.7
D1184,17,0.1
D1184,18,0.3
D1185,1,80.6
D1185,2,69.2
D1185,3,57.1
D1185,4,68.4
D1185,5,55.1
D1185,6,63.1
D1185,7,59.7
D1185,8,59.2
D1185,9,62.8
D1185,10,60.3
D1185,11,68.0
D1185,12,78.9
D1185,13,69.1
D1185,14,61.9
D1185,15,71.1
D1185,16,55.4
D1185,17,76.7
D1185,18,58.1
D1185,19,52.3
D1185,20,69.2
D1185,21,47.2
D1185,22,44.6
D1185,23,44.2
D1185,24,67.0
D1186,1,77.7
D1186,2,77.3
D1186,3,91.6
D1186,4,79.0
D1186,5,80.4
D1186,6,76.0
D1186,7,74.4
D1186,8,94.7
D1186,9,82.1
D1186,10,79.8
D1186,11,75.0
D1186,12,75.0
D1186,13,83.2
D1186,14,73.7
D1186,15,77.6
D1186,16,81.5
D1186,17,79.8
D1186,18,81.3
D1186,19,81.1
D1186,20,86.3
D1186,21,88.8
D1186,22,84.9
D1186,23,87.4
D1186,24,86.4
D1186,25,77.0
D1186,26,92.6
D1187,1,96.3
D1187,2,94.8
D1187,3,78.9
D1187,4,95.6
D1187,5,75.7
D1187,6,98.1
D1187,7,86.6
D1187,8,95.7
D1187,9,85.7
D1187,10,79.8
D1187,11,95.0
D1187,12,84.8
D1187,13,96.4
D1187,14,77.1
D1187,15,94.6
D1187,16,77.0
D1187,17,94.5
D1187,18,82.1
D1187,19,86.5
D1187,20,82.3
D1187,21,89.1
D1187,22,81.7
D1187,23,91.6
D1187,24,93.6
D1187,25,88.8
D1187,26,78.5
D1188,1,89.1
D1188,2,80.7
D1188,3,85.4
D1188,4,94.2
D1188,5,84.1
D1188,6,76.4
D1188,7,94.5
D1188,8,80.7
D1188,9,84.6
D1188,10,93.1
D1188,11,94.8
D1188,12,73.3
D1188,13,87.8
D1188,14,91.9
D1188,15,96.9
D1188,16,93.6
D1188,17,79.8
D1188,18,87.3
D1188,19,77.6
D1188,20,88.1
D1188,21,81.1
D1188,22,87.8
D1188,23,80.6
D1188,24,81.3
D1188,25,91.8
D1188,26,89.3
D1189,1,54.9
D1189,2,62.9
D1189,3,63.2
D1189,4,58.7
D1189,5,66.1
D1189,6,65.0
D1189,7,60.9
D1189,8,54.2
D1189,9,66.5
D1189,10,68.4
D1189,11,65.7
D1189,12,68.4
D1189,13,65.8
D1189,14,69.4
D1189,15,66.7
D1189,16,67.9
D1189,17,62.5
D1189,18,67.4
D1189,19,61.2
D1189,20,64.7
D1189,21,66.1
D1189,22,60.1
D1189,23,66.2
D1189,24,74.5
D1189,25,65.4
D1189,26,55.8
D1190,1,62.4
D1190,2,57.7
D1190,3,52.2
D1190,4,73.9
D1190,5,50.4
D1190,6,56.0
D1190,7,57.9
D1190,8,54.9
D1190,9,42.5
D1190,10,58.0
D1190,11,54.3
D1190,12,44.7
D1190,13,36.2
D1190,14,53.0
D1190,15,43.4
D1190,16,34.0
D1190,17,18.5
D1190,18,17.5
D1191,1,16.1
D1191,2,18.2
D1191,3,16.4
D1191,4,16.5
D1191,5,19.8
D1191,6,11.5
D1191,7,8.8
D1191,8,17.2
D1191,9,12.6
D1191,10,15.7
D1191,11,8.9
D1191,12,17.1
D1191,13,11.0
D1191,14,22.4
D1191,15,22.0
D1191,16,17.4
D1191,17,18.8
D1191,18,11.3
D1191,19,7.6
D1191,20,13.7
D1191,21,12.4
D1191,22,28.0
D1191,23,11.0
D1191,24,20.4
D1191,25,10.5
D1191,26,19.9
D1192,1,68.6
D1192,2,68.1
D1192,3,61.6
D1192,4,65.7
D1192,5,57.9
D1192,6,64.4
D1192,7,66.6
D1192,8,59.2
D1192,9,55.7
D1192,10,60.9
D1192,11,69.4
D1192,12,63.0
D1192,13,61.9
D1192,14,68.2
D1192,15,86.7
D1192,16,63.5
D1192,17,61.1
D1192,18,70.6
D1192,19,60.8
D1192,20,59.8
D1192,21,62.3
D1192,22,59.7
D1192,23,68.4
D1192,24,64.4
D1192,25,57.1
D1192,26,66.5
D1193,1,71.2
D1193,2,66.8
D1193,3,68.7
D1193,4,61.8
D1193,5,65.6
D1193,6,54.1
D1193,7,81.9
D1193,8,63.4
D1193,9,68.1
D1193,10,76.0
D1193,11,62.2
D1193,12,67.8
D1193,13,66.5
D1193,14,67.1
D1193,15,65.7
D1193,16,65.1
D1193,17,65.8
D1193,18,77.1
D1193,19,70.1
D1193,20,68.5
D1193,21,71.1
D1193,22,64.1
D1193,23,68.9
D1193,24,77.6
D1193,25,75.0
D1193,26,71.7
D1194,1,72.9
D1194,2,64.8
D1194,3,69.0
D1194,4,62.5
D1194,5,70.0
D1194,6,65.1
D1194,7,64.5
D1194,8,72.1
D1194,9,63.5
D1194,10,62.2
D1194,11,71.3
D1194,12,61.3
D1194,13,65.6
D1194,14,68.9
D1194,15,61.6
D1194,16,60.9
D1194,17,62.1
D1194,18,57.7
D1194,19,50.9
D1194,20,41.0
D1194,21,47.0
D1195,1,67.9
D1195,2,58.1
D1195,3,65.9
D1195,4,81.0
D1195,5,68.0
D1195,6,71.1
D1195,7,57.5
D1195,8,55.5
D1195,9,72.3
D1195,10,63.3
D1195,11,62.0
D1195,12,59.4
D1195,13,57.8
D1195,14,65.7
D1195,15,68.9
D1195,16,70.6
D1195,17,54.3
D1195,18,75.4
D1195,19,69.0
D1195,20,68.0
D1195,21,67.6
D1195,22,73.9
D1195,23,70.3
D1195,24,64.0
D1195,25,69.8
D1195,26,60.1
D1196,1,64.9
D1196,2,61.6
D1196,3,66.2
D1196,4,54.2
D1196,5,65.3
D1196,6,53.9
D1196,7,63.8
D1196,8,56.4
D1196,9,60.6
D1196,10,82.1
D1196,11,67.7
D1196,12,67.5
D1196,13,61.6
D1196,14,69.1
D1196,15,65.8
D1196,16,67.2
D1196,17,55.7
D1196,18,73.1
D1196,19,66.3
D1196,20,62.3
D1196,21,68.0
D1196,22,64.7
D1196,23,62.4
D1196,24,61.2
D1196,25,57.0
D1196,26,62.4
D1197,1,57.7
D1197,2,51.5
D1197,3,60.7
D1197,4,60.3
D1197,5,64.7
D1197,6,68.4
D1197,7,69.5
D1197,8,56.2
D1197,9,65.3
D1197,10,55.3
D1197,11,71.7
D1197,12,64.4
D1197,13,73.4
D1197,14,69.0
D1197,15,72.1
D1197,16,60.6
D1197,17,63.6
D1197,18,48.6
D1197,19,69.2
D1197,20,64.9
D1197,21,62.3
D1197,22,70.1
D1197,23,78.0
D1197,24,71.8
D1197,25,59.6
D1197,26,68.0
D1198,1,42.9
D1198,2,56.6
D1198,3,53.9
D1198,4,69.0
D1198,5,40.4
D1198,6,64.1
D1198,7,50.7
D1198,8,45.9
D1198,9,49.4
D1198,10,58.2
D1198,11,43.0
D1198,12,49.3
D1198,13,42.4
D1198,14,38.6
D1198,15,59.8
D1198,16,40.9
D1198,17,45.1
D1198,18,45.7
D1198,19,40.9
D1198,20,54.8
D1198,21,52.8
D1198,22,46.6
D1198,23,39.1
D1198,24,45.7
D1198,25,31.6
D1198,26,35.9
D1199,1,61.0
D1199,2,78.8
D1199,3,58.6
D1199,4,55.1
D1199,5,68.7
D1199,6,73.3
D1199,7,64.8
D1199,8,65.9
D1199,9,65.3
D1199,10,76.3
D1199,11,59.4
D1199,12,69.0
D1199,13,83.8
D1199,14,67.0
D1199,15,65.8
D1199,16,58.9
D1199,17,70.5
D1199,18,58.4
D1199,19,56.2
D1199,20,52.4
D1199,21,60.1
D1199,22,60.6
D1199,23,63.8
D1199,24,56.6
D1199,25,60.6
D1199,26,64.2
D1200,1,87.8
D1200,2,80.3
D1200,3,86.8
D1200,4,86.7
D1200,5,85.5
D1200,6,84.0
D1200,7,80.5
D1200,8,85.7
D1200,9,83.1
D1200,10,94.5
D1200,11,93.8
D1200,12,86.4
D1200,13,85.6
D1200,14,86.1
D1200,15,92.3
D1200,16,79.0
D1200,17,85.6
D1200,18,96.9
D1200,19,77.0
D1200,20,76.8
D1200,21,82.8
D1200,22,79.9
D1200,23,73.6
D1200,24,80.6
D1200,25,80.2
D1200,26,87.9
D1201,1,12.4
D1201,2,13.4
D1201,3,9.2
D1201,4,19.7
D1201,5,9.5
D1201,6,2.8
D1201,7,24.5
D1201,8,11.2
D1201,9,12.4
D1201,10,48.6
D1201,11,12.7
D1201,12,9.8
D1201,13,16.3
D1201,14,17.1
D1201,15,12.9
D1201,16,31.9
D1201,17,39.5
D1201,18,21.2
D1201,19,7.0
D1201,20,0.0
D1201,21,5.5
D1201,22,11.2
D1201,23,0.8
D1201,24,1.6
D1201,25,0.0
D1202,1,95.9
D1202,2,87.3
D1202,3,82.7
D1202,4,87.9
D1202,5,98.4
D1202,6,92.8
D1202,7,87.2
D1202,8,78.1
D1202,9,93.0
D1202,10,86.2
D1202,11,87.1
D1202,12,96.2
D1202,13,76.8
D1202,14,86.1
D1202,15,88.7
D1202,16,100.0
D1202,17,90.5
D1202,18,95.7
D1202,19,83.9
D1202,20,98.2
D1202,21,87.7
D1202,22,93.5
D1202,23,88.4
D1202,24,87.0
D1202,25,95.1
D1202,26,81.7
D1203,1,96.2
D1203,2,85.5
D1203,3,76.8
D1203,4,84.6
D1203,5,73.9
D1203,6,95.8
D1203,7,74.5
D1203,8,93.3
D1203,9,91.3
D1203,10,78.8
D1203,11,85.5
D1203,12,86.9
D1203,13,76.3
D1203,14,92.0
D1203,15,95.8
D1203,16,86.3
D1203,17,83.0
D1203,18,84.3
D1203,19,91.5
D1203,20,85.0
D1203,21,96.9
D1203,22,87.5
D1203,23,81.9
D1203,24,74.1
D1203,25,89.1
D1203,26,95.4
D1204,1,9.1
D1204,2,23.9
D1204,3,17.1
D1204,4,21.0
D1204,5,43.4
D1204,6,21.5
D1204,7,32.2
D1204,8,6.7
D1204,9,31.2
D1204,10,24.6
D1204,11,27.6
D1204,12,19.4
D1204,13,26.7
D1204,14,27.3
D1204,15,26.5
D1204,16,17.6
D1204,17,19.8
D1204,18,29.6
D1204,19,26.1
D1204,20,13.1
D1204,21,34.0
D1204,22,24.2
D1204,23,31.7
D1204,24,17.4
D1204,25,8.0
D1204,26,30.8
D1205,1,77.9
D1205,2,96.1
D1205,3,95.9
D1205,4,95.2
D1205,5,95.5
D1205,6,88.9
D1205,7,90.1
D1205,8,89.0
D1205,9,81.3
D1205,10,87.7
D1205,11,86.6
D1205,12,97.5
D1205,13,84.7
D1205,14,87.5
D1205,15,98.0
D1205,16,89.6
D1205,17,73.5
D1205,18,95.7
D1205,19,76.8
D1205,20,82.8
D1205,21,97.4
D1205,22,94.9
D1205,23,97.0
D1205,24,84.5
D1205,25,92.5
D1205,26,89.5
D1206,1,12.7
D1206,2,24.9
D1206,3,17.3
D1206,4,16.3
D1206,5,19.0
D1206,6,5.6
D1206,7,13.8
D1206,8,24.6
D1206,9,22.9
D1206,10,9.9
D1206,11,25.9
D1206,12,28.7
D1206,13,17.3
D1206,14,11.5
D1206,15,13.7
D1206,16,25.6
D1206,17,14.9
D1206,18,19.3
D1206,19,24.5
D1206,20,12.3
D1206,21,20.2
D1206,22,16.8
D1206,23,25.5
D1206,24,26.2
D1206,25,15.8
D1206,26,8.7
D1207,1,90.0
D1207,2,100.0
D1207,3,96.5
D1207,4,92.7
D1207,5,84.2
D1207,6,87.4
D1207,7,84.0
D1207,8,90.3
D1207,9,93.2
D1207,10,89.6
D1207,11,81.5
D1207,12,82.2
D1207,13,92.4
D1207,14,91.7
D1207,15,95.8
D1207,16,91.4
D1207,17,91.0
D1207,18,78.3
D1207,19,88.4
D1207,20,91.9
D1207,21,90.9
D1207,22,90.3
D1207,23,94.1
D1207,24,88.0
D1207,25,85.9
D1207,26,82.3
D1208,1,87.5
D1208,2,78.0
D1208,3,79.2
D1208,4,78.7
D1208,5,81.8
D1208,6,79.2
D1208,7,88.8
D1208,8,76.4
D1208,9,80.8
D1208,10,80.1
D1208,11,88.5
D1208,12,89.7
D1208,13,95.3
D1208,14,80.1
D1208,15,76.7
D1208,16,92.9
D1208,17,80.5
D1208,18,84.8
D1208,19,86.3
D1208,20,96.0
D1208,21,86.2
D1208,22,89.7
D1208,23,79.3
D1208,24,79.0
D1208,25,78.7
D1208,26,82.0
D1209,1,87.6
D1209,2,59.6
D1209,3,65.7
D1209,4,64.9
D1209,5,70.7
D1209,6,69.6
D1209,7,77.2
D1209,8,54.5
D1209,9,67.6
D1209,10,62.8
D1209,11,66.5
D1209,12,77.4
D1209,13,76.3
D1209,14,53.5
D1209,15,66.8
D1209,16,66.5
D1209,17,67.0
D1209,18,58.0
D1209,19,55.9
D1209,20,53.9
D1209,21,65.0
D1209,22,57.6
D1209,23,45.1
D1209,24,71.5
D1209,25,53.1
D1209,26,69.6
D1210,1,76.1
D1210,2,81.6
D1210,3,73.9
D1210,4,79.1
D1210,5,97.1
D1210,6,78.5
D1210,7,97.3
D1210,8,86.0
D1210,9,78.0
D1210,10,85.0
D1210,11,83.9
D1210,12,83.6
D1210,13,83.4
D1210,14,91.3
D1210,15,80.4
D1210,16,77.1
D1210,17,75.8
D1210,18,88.8
D1210,19,77.1
D1210,20,88.4
D1210,21,79.5
D1210,22,73.8
D1210,23,79.1
D1210,24,76.2
D1210,25,82.4
D1210,26,90.0
D1211,1,61.6
D1211,2,55.1
D1211,3,64.3
D1211,4,59.4
D1211,5,61.7
D1211,6,59.8
D1211,7,73.3
D1211,8,58.6
D1211,9,65.7
D1211,10,59.0
D1211,11,62.2
D1211,12,53.2
D1211,13,68.4
D1211,14,63.3
D1211,15,73.4
D1211,16,58.5
D1211,17,57.3
D1211,18,59.8
D1211,19,60.0
D1211,20,61.5
D1211,21,58.1
D1211,22,55.1
D1211,23,60.2
D1211,24,62.4
D1211,25,60.1
D1211,26,66.5
D1212,1,68.1
D1212,2,78.5
D1212,3,69.2
D1212,4,68.3
D1212,5,60.2
D1212,6,64.1
D1212,7,68.3
D1212,8,70.8
D1212,9,62.0
D1212,10,61.1
D1212,11,67.2
D1212,12,66.9
D1212,13,54.5
D1212,14,77.5
D1212,15,73.3
D1212,16,61.2
D1212,17,70.6
D1212,18,67.2
D1212,19,58.9
D1212,20,64.9
D1212,21,64.1
D1212,22,62.5
D1212,23,67.6
D1212,24,61.4
D1212,25,64.1
D1212,26,67.8
D1213,1,53.1
D1213,2,66.5
D1213,3,58.8
D1213,4,69.5
D1213,5,66.6
D1213,6,60.8
D1213,7,66.3
D1213,8,54.2
D1213,9,64.9
D1213,10,75.4
D1213,11,66.6
D1213,12,64.3
D1213,13,62.2
D1213,14,73.3
D1213,15,68.9
D1213,16,62.2
D1213,17,86.2
D1213,18,56.3
D1213,19,56.4
D1213,20,55.1
D1213,21,62.5
D1213,22,66.8
D1213,23,70.0
D1213,24,65.0
D1213,25,79.0
D1213,26,59.6
D1214,1,64.0
D1214,2,62.6
D1214,3,73.4
D1214,4,62.9
D1214,5,69.0
D1214,6,67.8
D1214,7,57.8
D1214,8,81.5
D1214,9,53.1
D1214,10,57.7
D1214,11,62.1
D1214,12,75.6
D1214,13,56.6
D1214,14,81.3
D1214,15,81.5
D1214,16,74.8
D1214,17,69.4
D1214,18,77.8
D1214,19,63.7
D1214,20,67.9
D1214,21,66.1
D1214,22,71.8
D1214,23,59.1
D1214,24,58.9
D1214,25,53.0
D1214,26,66.9
D1215,1,61.9
D1215,2,65.7
D1215,3,53.6
D1215,4,55.4
D1215,5,64.9
D1215,6,74.9
D1215,7,62.3
D1215,8,82.9
D1215,9,55.6
D1215,10,54.6
D1215,11,59.9
D1215,12,55.2
D1215,13,49.0
D1215,14,60.6
D1215,15,84.0
D1215,16,55.9
D1215,17,74.4
D1215,18,55.1
D1215,19,49.2
D1215,20,14.6
D1216,1,80.5
D1216,2,95.0
D1216,3,80.6
D1216,4,88.6
D1216,5,86.6
D1216,6,84.6
D1216,7,92.9
D1216,8,98.0
D1216,9,78.9
D1216,10,90.3
D1216,11,92.3
D1216,12,99.3
D1216,13,96.2
D1216,14,84.4
D1216,15,97.5
D1216,16,97.4
D1216,17,99.2
D1216,18,86.9
D1216,19,95.1
D1216,20,93.6
D1216,21,87.1
D1216,22,92.2
D1216,23,81.8
D1216,24,97.9
D1216,25,80.2
D1216,26,97.1
D1217,1,77.5
D1217,2,91.3
D1217,3,93.3
D1217,4,85.2
D1217,5,84.4
D1217,6,96.3
D1217,7,89.2
D1217,8,88.5
D1217,9,81.0
D1217,10,87.4
D1217,11,77.0
D1217,12,90.0
D1217,13,92.9
D1217,14,93.1
D1217,15,93.2
D1217,16,93.9
D1217,17,84.8
D1217,18,79.9
D1217,19,85.3
D1217,20,89.9
D1217,21,78.5
D1217,22,76.6
D1217,23,89.1
D1217,24,93.8
D1217,25,84.0
D1217,26,88.9
D1218,1,86.5
D1218,2,82.2
D1218,3,85.3
D1218,4,86.2
D1218,5,77.7
D1218,6,87.5
D1218,7,96.3
D1218,8,75.7
D1218,9,83.6
D1218,10,94.2
D1218,11,81.3
D1218,12,81.8
D1218,13,97.1
D1218,14,92.1
D1218,15,82.5
D1218,16,84.5
D1218,17,82.7
D1218,18,87.1
D1218,19,79.0
D1218,20,90.3
D1218,21,77.9
D1218,22,96.4
D1218,23,82.3
D1218,24,91.9
D1218,25,88.1
D1218,26,94.3
D1219,1,41.3
D1219,2,43.8
D1219,3,30.4
D1219,4,44.4
D1219,5,46.6
D1219,6,60.1
D1219,7,44.0
D1219,8,44.9
D1219,9,44.4
D1219,10,37.9
D1219,11,51.2
D1219,12,47.1
D1219,13,48.3
D1219,14,24.1
D1219,15,32.3
D1219,16,42.9
D1219,17,40.0
D1219,18,28.7
D1219,19,33.4
D1219,20,40.5
D1219,21,31.0
D1219,22,32.4
D1219,23,38.8
D1219,24,29.9
D1219,25,30.8
D1219,26,24.7
D1220,1,10.0
D1220,2,25.6
D1220,3,18.3
D1220,4,6.9
D1220,5,27.9
D1220,6,17.1
D1220,7,14.8
D1220,8,22.7
D1220,9,23.1
D1220,10,17.5
D1220,11,16.4
D1220,12,11.5
D1220,13,10.6
D1220,14,12.5
D1220,15,21.5
D1220,16,11.1
D1220,17,20.9
D1220,18,9.0
D1220,19,18.9
D1220,20,18.4
D1220,21,16.7
D1220,22,6.4
D1220,23,17.7
D1220,24,16.8
D1220,25,27.9
D1220,26,18.7
D1221,1,54.0
D1221,2,61.1
D1221,3,60.8
D1221,4,56.0
D1221,5,58.8
D1221,6,71.4
D1221,7,56.3
D1221,8,73.0
D1221,9,48.5
D1221,10,58.2
D1221,11,73.4
D1221,12,65.0
D1221,13,67.9
D1221,14,63.2
D1221,15,64.0
D1221,16,66.3
D1221,17,75.0
D1221,18,59.4
D1221,19,57.7
D1221,20,62.7
D1221,21,58.2
D1221,22,64.1
D1221,23,56.3
D1221,24,61.2
D1221,25,64.7
D1221,26,50.1
D1222,1,14.3
D1222,2,13.2
D1222,3,21.3
D1222,4,19.2
D1222,5,20.3
D1222,6,13.2
D1222,7,21.9
D1222,8,5.1
D1222,9,13.2
D1222,10,6.1
D1222,11,15.3
D1222,12,9.3
D1222,13,13.7
D1222,14,27.5
D1222,15,24.0
D1222,16,29.2
D1222,17,21.1
D1222,18,11.8
D1222,19,24.5
D1222,20,13.2
D1222,21,6.6
D1222,22,23.5
D1222,23,16.0
D1222,24,8.5
D1222,25,17.5
D1222,26,13.3
D1223,1,9.7
D1223,2,18.3
D1223,3,16.9
D1223,4,19.7
D1223,5,11.3
D1223,6,34.8
D1223,7,21.2
D1223,8,20.6
D1223,9,5.3
D1223,10,24.5
D1223,11,20.3
D1223,12,10.9
D1223,13,23.7
D1223,14,10.6
D1223,15,8.2
D1223,16,12.6
D1223,17,4.6
D1223,18,16.4
D1223,19,16.9
D1223,20,8.0
D1223,21,10.6
D1223,22,15.6
D1223,23,14.3
D1223,24,21.8
D1223,25,30.2
D1223,26,12.1
D1224,1,92.9
D1224,2,96.3
D1224,3,78.3
D1224,4,94.9
D1224,5,76.4
D1224,6,82.8
D1224,7,76.6
D1224,8,78.6
D1224,9,94.5
D1224,10,83.5
D1224,11,98.8
D1224,12,89.3
D1224,13,93.4
D1224,14,93.4
D1224,15,79.9
D1224,16,94.6
D1224,17,90.4
D1224,18,95.1
D1224,19,78.7
D1224,20,88.8
D1224,21,90.2
D1224,22,91.8
D1224,23,85.3
D1224,24,99.4
D1224,25,87.6
D1224,26,90.6
D1225,1,62.4
D1225,2,71.3
D1225,3,71.6
D1225,4,70.3
D1225,5,64.3
D1225,6,65.5
D1225,7,55.3
D1225,8,70.0
D1225,9,70.3
D1225,10,71.3
D1225,11,77.2
D1225,12,74.5
D1225,13,75.3
D1225,14,66.8
D1225,15,68.4
D1225,16,67.9
D1225,17,76.2
D1225,18,63.9
D1225,19,82.2
D1225,20,65.8
D1225,21,62.2
D1225,22,68.7
D1225,23,63.9
D1225,24,67.1
D1225,25,77.6
D1225,26,72.1
D1226,1,27.9
D1226,2,31.0
D1226,3,40.6
D1226,4,28.1
D1226,5,25.6
D1226,6,26.8
D1226,7,19.3
D1226,8,17.3
D1226,9,32.0
D1226,10,27.7
D1226,11,21.6
D1226,12,29.4
D1226,13,34.6
D1226,14,21.5
D1226,15,25.3
D1226,16,33.2
D1226,17,36.2
D1226,18,23.3
D1226,19,18.1
D1226,20,35.2
D1226,21,47.5
D1226,22,23.4
D1226,23,17.4
D1226,24,22.1
D1226,25,30.1
D1226,26,21.5
D1227,1,55.3
D1227,2,59.7
D1227,3,70.3
D1227,4,55.7
D1227,5,59.0
D1227,6,66.0
D1227,7,68.7
D1227,8,83.1
D1227,9,79.8
D1227,10,66.9
D1227,11,64.7
D1227,12,79.5
D1227,13,67.9
D1227,14,64.6
D1227,15,78.5
D1227,16,72.1
D1227,17,81.1
D1227,18,67.4
D1227,19,68.6
D1227,20,57.8
D1227,21,66.6
D1227,22,59.8
D1227,23,83.2
D1227,24,60.0
D1227,25,79.5
D1227,26,73.1
D1228,1,62.0
D1228,2,55.5
D1228,3,51.3
D1228,4,76.6
D1228,5,71.5
D1228,6,67.7
D1228,7,79.7
D1228,8,64.9
D1228,9,62.1
D1228,10,60.8
D1228,11,64.6
D1228,12,63.2
D1228,13,52.4
D1228,14,66.5
D1229,1,64.1
D1229,2,57.7
D1229,3,53.6
D1229,4,55.3
D1229,5,41.4
D1229,6,56.5
D1229,7,48.4
D1229,8,57.3
D1229,9,60.0
D1229,10,43.5
D1229,11,47.7
D1229,12,55.5
D1229,13,60.1
D1229,14,48.5
D1229,15,55.8
D1229,16,39.3
D1229,17,38.6
D1229,18,48.5
D1229,19,50.6
D1229,20,54.3
D1229,21,48.7
D1229,22,50.1
D1229,23,34.6
D1229,24,47.4
D1229,25,28.8
D1229,26,45.6
D1230,1,84.8
D1230,2,91.3
D1230,3,98.0
D1230,4,90.5
D1230,5,80.6
D1230,6,90.7
D1230,7,80.4
D1230,8,74.0
D1230,9,74.0
D1230,10,81.8
D1230,11,90.5
D1230,12,92.1
D1230,13,93.9
D1230,14,79.9
D1230,15,69.6
D1230,16,91.2
D1230,17,93.1
D1230,18,89.4
D1230,19,78.9
D1230,20,75.5
D1230,21,84.6
D1230,22,81.5
D1230,23,98.0
D1230,24,95.8
D1230,25,88.7
D1230,26,89.9
D1231,1,90.1
D1231,2,72.9
D1231,3,92.7
D1231,4,88.1
D1231,5,82.8
D1231,6,75.7
D1231,7,94.1
D1231,8,85.3
D1231,9,85.3
D1231,10,79.7
D1231,11,90.9
D1231,12,81.9
D1231,13,75.9
D1231,14,84.4
D1231,15,93.6
D1231,16,87.5
D1231,17,79.5
D1231,18,83.5
D1231,19,89.7
D1231,20,88.4
D1231,21,80.8
D1231,22,75.2
D1231,23,79.7
D1231,24,87.8
D1231,25,95.3
D1231,26,85.1
D1232,1,60.0
D1232,2,77.8
D1232,3,52.7
D1232,4,54.2
D1232,5,66.8
D1232,6,54.6
D1232,7,67.7
D1232,8,68.4
D1232,9,69.0
D1232,10,61.6
D1232,11,64.0
D1232,12,53.4
D1232,13,67.4
D1232,14,67.3
D1232,15,67.4
D1232,16,68.2
D1232,17,68.2
D1232,18,64.9
D1232,19,63.4
D1232,20,69.7
D1232,21,62.1
D1232,22,65.3
D1232,23,52.0
D1232,24,92.1
D1232,25,55.5
D1232,26,65.3
D1233,1,35.8
D1233,2,37.4
D1233,3,58.2
D1233,4,31.5
D1233,5,60.2
D1233,6,49.8
D1233,7,45.5
D1233,8,52.8
D1233,9,55.0
D1233,10,55.4
D1233,11,47.1
D1233,12,43.9
D1233,13,49.2
D1233,14,47.2
D1233,15,46.8
D1233,16,44.0
D1233,17,35.9
D1233,18,45.6
D1233,19,53.0
D1233,20,48.6
D1233,21,45.6
D1233,22,41.1
D1233,23,42.1
D1233,24,26.0
D1233,25,46.8
D1233,26,49.7
D1234,1,17.7
D1234,2,17.9
D1234,3,19.9
D1234,4,6.9
D1234,5,19.1
D1234,6,35.2
D1234,7,34.8
D1234,8,25.9
D1234,9,14.7
D1234,10,15.0
D1234,11,4.1
D1234,12,18.0
D1234,13,50.1
D1234,14,17.2
D1234,15,14.2
D1234,16,18.3
D1234,17,8.9
D1234,18,16.8
D1234,19,32.3
D1234,20,17.1
D1234,21,11.3
D1234,22,17.9
D1234,23,3.4
D1234,24,18.8
D1234,25,15.4
D1234,26,24.8
D1235,1,68.5
D1235,2,62.5
D1235,3,71.4
D1235,4,63.5
D1235,5,77.1
D1235,6,69.6
D1235,7,72.0
D1235,8,66.9
D1235,9,67.9
D1235,10,69.6
D1235,11,69.6
D1235,12,62.7
D1235,13,76.0
D1235,14,71.8
D1235,15,64.1
D1235,16,71.1
D1235,17,66.8
D1235,18,52.7
D1235,19,64.5
D1235,20,64.6
D1235,21,61.9
D1235,22,69.0
D1235,23,65.1
D1235,24,67.0
D1235,25,64.7
D1235,26,64.5
D1236,1,68.0
D1236,2,71.3
D1236,3,59.1
D1236,4,72.6
D1236,5,77.0
D1236,6,68.6
D1236,7,79.0
D1236,8,58.4
D1236,9,68.8
D1236,10,60.9
D1236,11,56.8
D1236,12,65.3
D1236,13,70.2
D1236,14,66.7
D1236,15,78.0
D1236,16,56.1
D1236,17,63.7
D1236,18,66.2
D1236,19,82.2
D1236,20,67.8
D1236,21,76.9
D1236,22,63.1
D1236,23,65.1
D1236,24,66.8
D1236,25,59.9
D1236,26,73.7
D1237,1,52.8
D1237,2,58.2
D1237,3,58.6
D1237,4,58.3
D1237,5,67.4
D1237,6,60.4
D1237,7,64.6
D1237,8,67.7
D1237,9,67.2
D1237,10,59.2
D1237,11,52.3
D1237,12,54.7
D1237,13,68.8
D1237,14,64.7
D1237,15,58.0
D1237,16,61.7
D1237,17,58.3
D1237,18,76.8
D1237,19,60.9
D1237,20,55.9
D1237,21,55.2
D1237,22,56.2
D1237,23,41.5
D1237,24,48.1
D1238,1,56.7
D1238,2,41.7
D1238,3,59.2
D1238,4,51.6
D1238,5,60.8
D1238,6,46.9
D1238,7,47.4
D1238,8,58.1
D1238,9,52.4
D1238,10,51.3
D1238,11,45.7
D1238,12,51.9
D1238,13,54.9
D1238,14,60.6
D1238,15,40.5
D1238,16,50.4
D1238,17,34.4
D1238,18,43.6
D1238,19,45.8
D1238,20,38.5
D1238,21,49.7
D1238,22,34.6
D1238,23,32.7
D1238,24,43.3
D1238,25,47.3
D1238,26,31.6
D1239,1,33.6
D1239,2,41.9
D1239,3,23.0
D1239,4,34.6
D1239,5,21.2
D1239,6,27.1
D1239,7,26.3
D1239,8,24.9
D1239,9,36.4
D1239,10,30.8
D1239,11,22.3
D1239,12,13.0
D1239,13,29.4
D1239,14,16.7
D1239,15,25.4
D1239,16,17.4
D1239,17,27.1
D1239,18,36.2
D1239,19,11.8
D1239,20,24.7
D1239,21,29.1
D1239,22,26.4
D1239,23,32.5
D1239,24,20.5
D1239,25,33.3
D1239,26,38.3
D1240,1,56.3
D1240,2,64.1
D1240,3,56.2
D1240,4,42.5
D1240,5,56.4
D1240,6,52.0
D1240,7,54.0
D1240,8,56.1
D1240,9,35.7
D1240,10,45.9
D1240,11,37.4
D1240,12,44.4
D1240,13,47.7
D1240,14,45.2
D1240,15,52.1
D1240,16,49.2
D1240,17,48.4
D1240,18,38.9
D1240,19,37.8
D1240,20,64.1
D1240,21,39.7
D1240,22,49.6
D1240,23,30.9
D1240,24,47.8
D1240,25,37.2
D1240,26,38.8
D1241,1,12.8
D1241,2,19.9
D1241,3,13.2
D1241,4,22.4
D1241,5,15.9
D1241,6,16.8
D1241,7,20.4
D1241,8,12.2
D1241,9,15.5
D1241,10,24.5
D1241,11,24.9
D1241,12,21.3
D1241,13,9.6
D1241,14,17.4
D1241,15,15.9
D1241,16,11.0
D1241,17,5.3
D1241,18,17.1
D1241,19,19.7
D1241,20,28.3
D1241,21,26.3
D1241,22,15.7
D1241,23,22.2
D1241,24,15.2
D1241,26,18.4
D1242,1,51.8
D1242,2,46.3
D1242,3,45.6
D1242,4,45.0
D1242,5,49.6
D1242,6,50.4
D1242,7,45.5
D1242,8,42.9
D1242,9,43.4
D1242,10,34.6
D1242,11,55.4
D1242,12,37.7
D1242,13,37.9
D1242,14,38.5
D1242,15,48.6
D1242,16,29.5
D1242,17,46.9
D1242,18,28.4
D1242,19,54.7
D1242,20,46.2
D1242,21,35.9
D1242,22,37.0
D1242,23,30.2
D1242,24,30.4
D1242,25,39.9
D1242,26,39.6
D1243,1,54.0
D1243,2,62.4
D1243,3,53.4
D1243,4,55.6
D1243,5,44.5
D1243,6,52.2
D1243,7,49.7
D1243,8,44.1
D1243,9,50.5
D1243,10,52.0
D1243,11,43.0
D1243,12,47.8
D1243,13,54.1
D1243,14,52.3
D1243,15,52.7
D1243,16,38.9
D1243,17,56.7
D1243,18,46.0
D1243,19,40.8
D1243,20,42.3
D1243,21,39.7
D1243,22,56.4
D1243,23,43.9
D1243,24,40.5
D1243,25,44.6
D1243,26,32.9
D1244,1,18.5
D1244,2,23.8
D1244,3,19.2
D1244,4,23.6
D1244,5,25.7
D1244,6,26.6
D1244,7,18.2
D1244,8,26.4
D1244,9,14.4
D1244,10,19.8
D1244,11,23.4
D1244,12,20.9
D1244,13,29.0
D1244,14,29.3
D1244,15,25.8
D1244,16,31.8
D1244,17,30.6
D1244,18,26.4
D1244,19,19.1
D1244,20,22.4
D1244,21,18.7
D1244,22,31.7
D1244,23,30.7
D1244,24,22.6
D1244,25,41.1
D1244,26,17.7
D1245,1,8.6
D1245,2,23.6
D1245,3,19.2
D1245,4,17.8
D1245,5,37.3
D1245,6,23.3
D1245,7,18.2
D1245,8,10.6
D1245,9,31.1
D1245,10,44.2
D1245,11,18.5
D1245,12,13.4
D1245,13,24.2
D1245,14,38.6
D1245,15,14.8
D1245,16,19.2
D1245,17,28.4
D1245,18,29.5
D1245,19,23.1
D1245,20,30.6
D1245,21,21.8
D1245,22,22.5
D1245,23,37.6
D1245,24,25.0
D1245,25,17.0
D1245,26,30.8
D1246,1,55.0
D1246,2,61.9
D1246,3,59.5
D1246,4,67.9
D1246,5,58.4
D1246,6,68.8
D1246,7,59.7
D1246,8,60.1
D1246,9,60.5
D1246,10,69.2
D1246,11,60.6
D1246,12,56.3
D1246,13,61.2
D1246,14,68.5
D1246,15,61.4
D1246,16,68.7
D1246,17,61.2
D1246,18,62.9
D1246,19,59.2
D1246,20,59.2
D1246,21,61.3
D1246,22,64.6
D1246,23,59.4
D1246,24,65.8
D1246,25,62.7
D1246,26,58.9
D1247,1,76.7
D1247,2,62.7
D1247,3,67.3
D1247,4,56.3
D1247,5,61.6
D1247,6,57.8
D1247,7,66.8
D1247,8,84.3
D1247,9,67.1
D1247,10,85.4
D1247,11,67.6
D1247,12,70.6
D1247,13,58.6
D1247,14,75.6
D1247,15,61.1
D1247,16,80.3
D1247,17,74.5
D1247,18,84.4
D1247,19,70.9
D1247,20,78.6
D1247,21,73.2
D1247,22,80.7
D1247,23,73.7
D1247,24,80.8
D1247,25,68.0
D1247,26,77.4
D1248,1,56.7
D1248,2,58.5
D1248,3,47.3
D1248,4,54.9
D1248,5,59.9
D1248,6,77.0
D1248,7,62.7
D1248,8,64.8
D1248,9,64.8
D1248,10,62.9
D1248,11,70.5
D1248,12,63.5
D1248,13,53.4
D1248,14,53.4
D1248,15,54.1
D1248,16,57.7
D1248,17,72.1
D1248,18,63.0
D1248,19,49.0
D1248,20,54.5
D1248,21,65.1
D1248,22,60.4
D1248,23,64.0
D1248,24,60.7
D1248,25,71.9
D1248,26,45.3
D1249,1,21.3
D1249,2,18.0
D1249,3,2.2
D1249,4,14.4
D1249,5,10.0
D1249,6,20.9
D1249,7,22.3
D1249,8,26.5
D1249,9,19.6
D1249,10,2.3
D1249,11,10.3
D1249,12,13.6
D1249,13,9.6
D1249,14,30.5
D1249,15,11.2
D1249,16,13.4
D1249,17,9.3
D1249,18,5.0
D1249,19,5.6
D1249,20,0.0
D1249,21,1.0
D1249,22,5.9
D1249,23,1.0
D1249,24,4.0
D1249,25,0.0
D1250,1,56.1
D1250,2,62.5
D1250,3,43.8
D1250,4,51.3
D1250,5,50.8
D1250,6,52.4
D1250,7,29.9
D1250,8,50.1
D1250,9,60.1
D1250,10,50.0
D1250,11,51.7
D1250,12,45.7
D1250,13,48.0
D1250,14,49.9
D1250,15,50.8
D1250,16,48.8
D1250,17,37.6
D1250,18,40.8
D1250,19,45.8
D1250,20,43.5
D1250,21,46.6
D1250,22,44.5
D1250,23,41.9
D1250,24,37.9
D1250,25,36.5
D1250,26,36.5
D1251,1,49.4
D1251,2,57.8
D1251,3,47.0
D1251,4,53.9
D1251,5,31.5
D1251,6,84.4
D1251,7,66.9
D1251,8,44.5
D1251,9,37.4
D1251,10,41.9
D1251,11,43.5
D1251,12,35.8
D1251,13,42.4
D1251,14,47.1
D1251,15,46.9
D1251,16,38.8
D1251,17,35.4
D1251,18,39.3
D1251,19,31.8
D1251,20,42.6
D1251,21,27.8
D1251,22,33.3
D1251,23,35.6
D1251,24,31.3
D1251,25,37.5
D1251,26,37.6
D1252,1,91.6
D1252,2,82.2
D1252,3,84.8
D1252,4,89.8
D1252,5,81.6
D1252,6,88.3
D1252,7,75.9
D1252,8,93.6
D1252,9,79.0
D1252,10,93.4
D1252,11,91.8
D1252,12,78.2
D1252,13,79.5
D1252,14,75.1
D1252,15,72.0
D1252,16,89.5
D1252,17,88.1
D1252,18,89.5
D1252,19,73.2
D1252,20,75.0
D1252,21,86.6
D1252,22,79.5
D1252,23,79.0
D1252,24,88.1
D1252,25,82.9
D1252,26,93.4
D1253,1,84.9
D1253,2,77.9
D1253,3,81.9
D1253,4,79.8
D1253,5,94.1
D1253,6,70.6
D1253,7,78.7
D1253,8,79.7
D1253,9,75.3
D1253,10,85.9
D1253,11,77.7
D1253,12,90.0
D1253,13,79.1
D1253,14,77.2
D1253,15,79.6
D1253,16,87.3
D1253,17,80.4
D1253,18,89.4
D1253,19,87.9
D1253,20,83.5
D1253,21,86.1
D1253,22,85.6
D1253,23,81.1
D1253,24,79.5
D1253,25,83.2
D1253,26,84.5
D1254,1,83.7
D1254,2,84.5
D1254,3,95.6
D1254,4,86.2
D1254,5,77.5
D1254,6,79.6
D1254,7,78.9
D1254,8,82.5
D1254,9,77.8
D1254,10,83.8
D1254,11,90.2
D1254,12,79.6
D1254,13,84.0
D1254,14,100.0
D1254,15,90.4
D1254,16,80.3
D1254,17,85.5
D1254,18,73.3
D1254,19,80.9
D1254,20,92.6
D1254,21,85.2
D1254,22,92.9
D1254,23,78.1
D1254,24,74.8
D1254,25,84.1
D1254,26,84.1
D1255,1,55.2
D1255,2,55.2
D1255,3,40.0
D1255,4,47.9
D1255,5,41.5
D1255,6,55.7
D1255,7,48.1
D1255,8,42.3
D1255,9,37.7
D1255,10,43.6
D1255,11,46.7
D1255,12,48.5
D1255,13,53.7
D1255,14,49.4
D1255,15,52.3
D1255,16,22.0
D1255,17,51.1
D1255,18,40.9
D1255,19,31.2
D1255,20,40.7
D1255,21,33.9
D1255,22,28.6
D1255,23,37.6
D1255,24,32.4
D1255,25,37.0
D1255,26,25.7
D1256,1,90.1
D1256,2,83.4
D1256,3,81.5
D1256,4,78.6
D1256,5,86.7
D1256,6,77.2
D1256,7,91.6
D1256,8,73.2
D1256,9,91.0
D1256,10,76.8
D1256,11,76.0
D1256,12,85.0
D1256,13,97.2
D1256,14,80.5
D1256,15,81.8
D1256,16,94.0
D1256,17,78.7
D1256,18,82.1
D1256,19,85.3
D1256,20,79.5
D1256,21,79.1
D1256,22,77.0
D1256,23,82.4
D1256,24,93.9
D1256,25,97.3
D1256,26,78.2
D1257,1,84.4
D1257,2,76.4
D1257,3,89.9
D1257,4,76.6
D1257,5,84.1
D1257,6,80.8
D1257,7,75.2
D1257,8,79.6
D1257,9,89.7
D1257,10,91.3
D1257,11,77.6
D1257,12,90.0
D1257,13,85.2
D1257,14,89.0
D1257,15,89.3
D1257,16,89.4
D1257,17,79.0
D1257,18,84.4
D1257,19,84.5
D1257,20,79.9
D1257,21,97.8
D1257,22,78.4
D1257,23,87.5
D1257,24,83.6
D1257,25,97.6
D1257,26,92.4
D1258,1,71.6
D1258,2,65.5
D1258,3,66.9
D1258,4,73.6
D1258,5,65.3
D1258,6,69.8
D1258,7,60.3
D1258,8,69.0
D1258,9,76.8
D1258,10,59.9
D1258,11,66.1
D1258,12,71.1
D1258,13,75.0
D1258,14,68.8
D1258,15,59.1
D1258,16,57.2
D1258,17,62.2
D1258,18,59.0
D1258,19,69.5
D1258,20,52.1
D1258,21,49.0
D1259,1,58.4
D1259,2,56.1
D1259,3,67.3
D1259,4,51.5
D1259,5,46.1
D1259,6,51.6
D1259,7,51.2
D1259,8,32.0
D1259,9,46.9
D1259,10,39.5
D1259,11,42.6
D1259,12,57.1
D1259,13,53.9
D1259,14,43.0
D1259,15,46.8
D1259,16,58.5
D1259,17,38.8
D1259,18,34.6
D1259,19,58.5
D1259,20,39.4
D1259,21,39.4
D1259,22,41.9
D1259,23,35.6
D1259,24,35.0
D1259,25,32.4
D1259,26,38.7
D1260,1,70.3
D1260,2,64.9
D1260,3,52.9
D1260,4,57.2
D1260,5,55.6
D1260,6,78.6
D1260,7,65.9
D1260,8,59.3
D1260,9,59.8
D1260,10,58.8
D1260,11,64.6
D1260,12,67.7
D1260,13,74.0
D1260,14,70.2
D1260,15,52.7
D1260,16,70.5
D1260,17,69.9
D1260,18,62.4
D1260,19,57.4
D1260,20,58.4
D1260,21,57.7
D1260,22,56.3
D1260,23,66.6
D1260,24,69.7
D1260,25,60.1
D1260,26,62.5
D1261,1,80.1
D1261,2,76.1
D1261,3,80.6
D1261,4,82.4
D1261,5,96.9
D1261,6,87.5
D1261,7,82.6
D1261,8,76.1
D1261,9,87.6
D1261,10,84.1
D1261,11,93.4
D1261,12,82.5
D1261,13,76.0
D1261,14,73.6
D1261,15,81.6
D1261,16,88.6
D1261,17,86.6
D1261,18,88.8
D1261,19,84.2
D1261,20,89.7
D1261,21,93.6
D1261,22,78.0
D1261,23,78.2
D1261,24,81.6
D1261,25,82.7
D1261,26,93.9
D1262,1,60.7
D1262,2,60.8
D1262,3,66.8
D1262,4,68.8
D1262,5,63.3
D1262,6,63.6
D1262,7,54.4
D1262,8,62.2
D1262,9,66.6
D1262,10,73.3
D1262,11,58.2
D1262,12,58.2
D1262,13,66.7
D1262,14,60.7
D1262,15,54.8
D1262,16,75.0
D1262,17,70.0
D1262,18,54.3
D1262,19,77.1
D1262,20,63.8
D1262,21,62.0
D1262,22,63.9
D1262,23,62.5
D1262,24,52.6
D1262,25,64.4
D1262,26,59.9
D1263,1,28.7
D1263,2,18.0
D1263,3,29.7
D1263,4,39.0
D1263,5,17.1
D1263,6,37.2
D1263,7,18.9
D1263,8,21.8
D1263,9,34.9
D1263,10,18.2
D1263,11,33.7
D1263,12,27.4
D1263,13,26.3
D1263,14,32.6
D1263,15,32.2
D1263,16,26.7
D1263,17,34.4
D1263,18,34.0
D1263,19,30.4
D1263,20,26.4
D1263,21,35.4
D1263,22,54.2
D1263,23,20.5
D1263,24,27.2
D1263,25,15.7
D1263,26,37.8
D1264,1,50.0
D1264,2,74.3
D1264,3,48.9
D1264,4,49.6
D1264,5,49.5
D1264,6,63.9
D1264,7,37.7
D1264,8,50.6
D1264,9,56.2
D1264,10,51.1
D1264,11,47.2
D1264,12,44.4
D1264,13,45.8
D1264,14,44.1
D1264,15,46.2
D1264,16,51.4
D1264,17,28.6
D1264,18,35.3
D1264,19,33.2
D1264,20,57.5
D1264,21,38.2
D1264,22,46.9
D1264,23,40.6
D1264,24,34.4
D1264,25,53.8
D1264,26,44.9
D1265,1,13.2
D1265,2,23.9
D1265,3,13.4
D1265,4,13.5
D1265,5,14.0
D1265,6,9.4
D1265,7,11.4
D1265,8,8.8
D1265,9,8.7
D1265,10,12.3
D1265,11,15.5
D1265,12,25.4
D1265,13,14.2
D1265,14,21.0
D1265,15,5.4
D1265,16,20.4
D1265,17,12.9
D1265,18,22.6
D1265,19,12.3
D1265,20,12.8
D1265,21,22.9
D1265,22,7.7
D1265,23,28.1
D1265,24,10.6
D1265,25,15.7
D1265,26,13.6
D1266,1,16.8
D1266,2,31.2
D1266,3,21.3
D1266,4,17.5
D1266,5,13.5
D1266,6,11.0
D1266,7,16.9
D1266,8,25.5
D1266,9,32.1
D1266,10,12.2
D1266,11,13.3
D1266,12,14.7
D1266,13,10.7
D1266,14,34.2
D1266,15,21.1
D1266,16,16.2
D1266,17,25.9
D1266,18,1.5
D1266,19,18.5
D1266,20,10.6
D1266,21,10.0
D1266,22,13.3
D1266,23,5.4
D1266,24,23.7
D1266,25,19.6
D1266,26,32.6
D1267,1,36.8
D1267,2,19.5
D1267,3,18.9
D1267,4,30.9
D1267,5,22.3
D1267,6,25.2
D1267,7,25.6
D1267,8,12.7
D1267,9,16.9
D1267,10,6.2
D1267,11,16.3
D1267,12,0.0
D1268,1,13.3
D1268,2,20.0
D1268,3,17.5
D1268,4,33.4
D1268,5,17.4
D1268,6,14.0
D1268,7,13.6
D1268,8,7.2
D1268,9,29.7
D1268,10,3.8
D1268,11,26.6
D1268,12,31.9
D1268,13,29.1
D1268,14,20.3
D1268,15,23.1
D1268,16,25.7
D1268,17,19.3
D1268,18,19.4
D1268,19,13.1
D1268,20,9.0
D1268,21,19.1
D1268,22,9.2
D1268,23,7.3
D1268,24,22.8
D1268,25,28.9
D1268,26,13.7
D1269,1,54.1
D1269,2,84.3
D1269,3,57.9
D1269,4,50.5
D1269,5,53.0
D1269,6,45.2
D1269,7,44.9
D1269,8,39.1
D1269,9,57.6
D1269,10,42.8
D1269,11,50.8
D1269,12,56.7
D1269,13,46.9
D1269,14,45.2
D1269,15,51.4
D1269,16,50.6
D1269,17,46.1
D1269,18,43.9
D1269,19,45.0
D1269,20,36.3
D1269,21,48.1
D1269,22,41.3
D1269,23,36.0
D1269,24,46.3
D1269,25,45.9
D1269,26,42.5
D1270,1,27.6
D1270,2,30.0
D1270,3,10.6
D1270,4,17.3
D1270,5,6.9
D1270,6,13.4
D1270,7,0.0
D1270,8,5.6
D1270,9,0.0
D1271,1,31.1
D1271,2,44.4
D1271,3,29.9
D1271,4,32.2
D1271,5,18.4
D1271,6,26.5
D1271,7,32.1
D1271,8,26.4
D1271,9,16.4
D1271,10,22.0
D1271,11,16.7
D1271,12,26.6
D1271,13,21.0
D1271,14,42.7
D1271,15,30.3
D1271,16,24.9
D1271,17,26.2
D1271,18,42.6
D1271,19,19.0
D1271,20,22.5
D1271,21,36.7
D1271,22,24.9
D1271,23,28.0
D1271,24,27.3
D1271,25,22.3
D1271,26,37.3
D1272,1,24.4
D1272,2,15.3
D1272,3,15.2
D1272,4,4.8
D1272,5,13.8
D1272,6,18.1
D1272,7,3.4
D1272,8,17.1
D1272,9,9.1
D1272,10,10.7
D1272,11,8.0
D1272,12,18.2
D1272,13,24.5
D1272,14,13.4
D1272,15,12.1
D1272,16,12.6
D1272,17,19.2
D1272,18,22.1
D1272,19,16.2
D1272,20,7.5
D1272,21,9.5
D1272,22,18.6
D1272,23,8.7
D1272,24,14.3
D1272,25,7.6
D1272,26,15.8
D1273,1,90.5
D1273,2,86.0
D1273,3,79.4
D1273,4,95.0
D1273,5,81.1
D1273,6,91.4
D1273,7,90.2
D1273,8,78.1
D1273,9,89.3
D1273,10,95.4
D1273,11,95.2
D1273,12,89.4
D1273,13,93.0
D1273,14,90.2
D1273,15,94.9
D1273,16,95.1
D1273,17,90.1
D1273,18,83.0
D1273,19,87.4
D1273,20,84.3
D1273,21,77.8
D1273,22,83.5
D1273,23,65.2
D1273,24,96.3
D1274,1,78.1
D1274,2,74.3
D1274,3,83.5
D1274,4,84.5
D1274,5,74.6
D1274,6,93.9
D1274,7,78.4
D1274,8,83.3
D1274,9,78.6
D1274,10,76.3
D1274,11,74.5
D1274,12,75.7
D1274,13,69.9
D1274,14,76.4
D1275,1,73.6
D1275,2,69.3
D1275,3,79.8
D1275,4,54.4
D1275,5,79.2
D1275,6,75.2
D1275,7,74.6
D1275,8,56.3
D1275,9,62.5
D1275,10,63.1
D1275,11,75.8
D1275,12,77.8
D1275,13,78.9
D1275,14,65.9
D1275,15,83.3
D1275,16,72.2
D1275,17,86.6
D1275,18,52.6
D1275,19,61.5
D1275,20,63.8
D1275,21,66.5
D1275,22,63.4
D1275,23,49.0
D1275,24,62.2
D1275,25,66.2
D1275,26,69.5
D1276,1,4.5
D1276,2,21.2
D1276,3,3.6
D1276,5,7.9
D1276,6,12.0
D1276,7,10.3
D1276,8,6.9
D1276,9,14.3
D1276,10,15.5
D1276,11,15.4
D1276,12,7.5
D1276,13,22.8
D1276,14,0.5
D1276,15,10.5
D1276,16,2.3
D1276,17,0.0
D1276,18,0.0
D1276,19,0.0
D1277,1,71.2
D1277,2,76.2
D1277,3,66.6
D1277,4,77.2
D1277,5,63.6
D1277,6,63.1
D1277,7,65.3
D1277,8,57.7
D1277,9,57.7
D1277,10,71.9
D1277,11,69.2
D1277,12,56.6
D1277,13,64.4
D1277,14,58.0
D1277,15,90.0
D1277,16,70.6
D1277,17,50.2
D1277,18,58.8
D1277,19,81.0
D1277,20,68.0
D1277,21,73.0
D1277,22,79.6
D1277,23,61.7
D1277,24,62.2
D1277,25,62.7
D1277,26,50.3
D1278,1,58.6
D1278,2,56.7
D1278,3,60.3
D1278,4,55.2
D1278,5,54.7
D1278,6,53.8
D1278,7,56.3
D1278,8,49.6
D1278,9,53.4
D1278,10,43.6
D1278,11,33.1
D1278,12,41.8
D1278,13,56.5
D1278,14,56.5
D1278,15,40.8
D1278,16,51.2
D1278,17,56.1
D1278,18,45.9
D1278,19,37.1
D1278,20,48.4
D1278,21,39.6
D1278,22,35.7
D1278,23,37.3
D1278,24,38.5
D1278,25,50.0
D1278,26,31.3
D1279,1,77.5
D1279,2,91.4
D1279,3,87.6
D1279,4,91.0
D1279,5,87.8
D1279,6,92.4
D1279,7,92.4
D1279,8,96.2
D1279,9,80.5
D1279,10,85.3
D1279,11,78.8
D1279,12,84.2
D1279,13,80.7
D1279,14,93.8
D1279,15,97.0
D1279,16,80.1
D1279,17,81.9
D1279,18,88.8
D1279,19,73.8
D1279,20,90.3
D1279,21,81.1
D1279,22,81.1
D1279,23,88.2
D1279,24,79.0
D1279,25,84.3
D1279,26,80.1
D1280,1,50.6
D1280,2,55.9
D1280,3,58.2
D1280,4,58.2
D1280,5,39.1
D1280,6,52.2
D1280,7,47.7
D1280,8,54.4
D1280,9,49.2
D1280,10,45.6
D1280,11,54.4
D1280,12,45.9
D1280,13,53.8
D1280,14,48.5
D1280,15,54.3
D1280,16,50.6
D1280,17,52.2
D1280,18,55.2
D1280,19,47.3
D1280,20,50.6
D1280,21,47.7
D1280,22,55.9
D1280,23,46.2
D1280,24,43.7
D1280,25,47.3
D1280,26,45.0
D1281,1,55.0
D1281,2,62.5
D1281,3,62.8
D1281,4,74.5
D1281,5,65.1
D1281,6,51.4
D1281,7,85.7
D1281,8,66.1
D1281,9,56.3
D1281,10,69.6
D1281,11,72.3
D1281,12,77.1
D1281,13,68.4
D1281,14,80.6
D1281,15,73.7
D1281,16,70.9
D1281,17,67.2
D1281,18,64.8
D1281,19,60.5
D1281,20,76.6
D1281,21,71.9
D1281,22,73.9
D1281,23,61.3
D1281,24,78.7
D1281,25,76.9
D1281,26,64.5
D1282,1,21.4
D1282,2,2.9
D1282,3,13.5
D1282,4,14.9
D1282,5,17.3
D1282,6,11.0
D1282,7,13.4
D1282,8,18.0
D1282,9,8.3
D1282,10,4.8
D1282,11,8.4
D1282,12,9.5
D1282,13,17.4
D1282,14,17.8
D1282,15,52.8
D1282,16,6.2
D1282,17,10.8
D1282,18,10.4
D1282,19,22.5
D1282,20,11.8
D1282,21,15.8
D1282,22,9.8
D1282,23,13.7
D1282,24,25.7
D1282,25,22.6
D1282,26,16.9
D1283,1,21.1
D1283,2,25.2
D1283,3,13.6
D1283,4,24.6
D1283,5,30.0
D1283,6,24.5
D1283,7,19.0
D1283,8,25.3
D1283,9,16.3
D1283,10,32.5
D1283,11,25.3
D1283,12,14.7
D1283,13,16.6
D1283,14,30.6
D1283,15,25.8
D1283,16,28.9
D1283,17,37.1
D1283,18,30.5
D1283,19,21.5
D1283,20,22.1
D1283,21,34.0
D1283,22,26.7
D1283,23,45.4
D1283,24,23.6
D1283,25,15.0
D1283,26,19.6
D1284,1,65.2
D1284,2,71.3
D1284,3,56.8
D1284,4,63.6
D1284,5,72.0
D1284,6,65.7
D1284,7,62.5
D1284,8,65.1
D1284,9,64.4
D1284,10,59.8
D1284,11,56.4
D1284,12,55.5
D1284,13,74.6
D1284,14,57.7
D1284,15,61.6
D1284,16,67.6
D1284,17,64.0
D1284,18,68.5
D1284,19,56.4
D1284,20,61.2
D1284,21,64.0
D1284,22,62.8
D1284,23,59.5
D1284,24,69.9
D1284,25,60.3
D1284,26,57.0
D1285,1,51.2
D1285,2,23.9
D1285,3,0.0
D1285,4,10.8
D1285,5,17.4
D1285,6,19.7
D1285,7,9.9
D1285,8,16.3
D1285,9,25.1
D1285,10,16.0
D1285,11,18.8
D1285,12,24.1
D1285,13,52.1
D1285,14,25.6
D1285,15,22.6
D1285,16,7.7
D1285,17,36.4
D1285,18,7.0
D1285,19,15.3
D1285,20,18.2
D1285,21,5.9
D1285,22,11.0
D1285,23,17.3
D1285,24,24.8
D1285,25,21.8
D1285,26,5.2
D1286,1,95.7
D1286,2,90.3
D1286,3,86.4
D1286,4,86.3
D1286,5,78.9
D1286,6,93.6
D1286,7,97.4
D1286,8,82.7
D1286,9,89.8
D1286,10,73.5
D1286,11,79.1
D1286,12,82.8
D1287,1,61.0
D1287,2,75.9
D1287,3,65.1
D1287,4,66.6
D1287,5,73.3
D1287,6,69.2
D1287,7,67.5
D1287,8,74.1
D1287,9,78.1
D1287,10,77.7
D1287,11,64.9
D1287,12,64.4
D1287,13,70.6
D1287,14,70.4
D1287,15,72.8
D1287,16,59.8
D1287,17,68.6
D1287,18,69.3
D1287,19,62.5
D1287,20,63.9
D1287,21,86.4
D1287,22,67.1
D1287,23,58.9
D1287,24,55.7
D1287,25,62.3
D1287,26,64.3
D1288,1,5.0
D1288,2,29.0
D1288,3,16.6
D1288,4,14.8
D1288,5,14.5
D1288,6,23.5
D1288,7,9.3
D1288,8,17.1
D1288,9,28.7
D1288,10,10.1
D1288,11,11.3
D1288,12,13.0
D1288,13,5.5
D1288,14,10.0
D1288,15,0.0
D1288,16,5.9
D1288,17,0.0
D1289,1,55.1
D1289,2,71.0
D1289,3,81.7
D1289,4,63.9
D1289,5,55.3
D1289,6,51.7
D1289,7,55.1
D1289,8,47.7
D1289,9,45.4
D1290,1,21.0
D1290,2,20.9
D1290,3,41.5
D1290,4,20.5
D1290,5,12.2
D1290,6,10.4
D1290,7,19.0
D1290,8,10.7
D1290,9,7.8
D1290,10,22.1
D1290,11,5.5
D1290,12,26.8
D1290,13,18.4
D1290,14,16.4
D1290,15,5.2
D1290,16,0.0
D1290,17,8.1
D1290,18,10.7
D1290,19,11.6
D1290,20,0.0
D1290,21,4.3
D1291,1,61.7
D1291,2,67.4
D1291,3,63.0
D1291,4,64.9
D1291,5,62.8
D1291,6,58.4
D1291,7,62.5
D1291,8,61.3
D1291,9,65.8
D1291,10,63.9
D1291,11,56.3
D1291,12,60.2
D1291,13,60.9
D1291,14,59.7
D1291,15,61.5
D1291,16,54.7
D1291,17,65.1
D1291,18,58.3
D1291,19,59.6
D1291,20,57.1
D1291,21,66.1
D1291,22,61.8
D1291,23,68.9
D1291,24,71.5
D1291,25,62.9
D1291,26,61.4
D1292,1,23.5
D1292,2,19.1
D1292,3,27.0
D1292,4,13.9
D1292,5,10.8
D1292,6,22.9
D1292,7,8.8
D1292,8,20.3
D1292,9,14.8
D1292,10,31.4
D1292,11,12.0
D1292,12,16.5
D1292,13,11.6
D1292,14,11.8
D1292,15,10.6
D1292,16,13.0
D1292,17,12.5
D1292,18,25.5
D1292,19,10.5
D1292,20,34.3
D1292,21,25.1
D1292,22,23.2
D1292,23,24.1
D1292,24,24.0
D1292,25,13.8
D1292,26,12.8
D1293,1,82.3
D1293,2,90.6
D1293,3,76.0
D1293,4,79.7
D1293,5,92.2
D1293,6,82.9
D1293,7,79.3
D1293,8,81.8
D1293,9,92.6
D1293,10,76.0
D1293,11,95.4
D1293,12,97.0
D1293,13,93.8
D1293,14,93.2
D1293,15,89.6
D1293,16,79.5
D1293,17,73.9
D1293,18,74.0
D1293,19,84.4
D1293,20,98.1
D1293,21,82.7
D1293,22,82.2
D1293,23,79.1
D1293,24,92.4
D1293,25,77.0
D1293,26,87.2
D1294,1,64.4
D1294,2,58.1
D1294,3,68.5
D1294,4,44.1
D1294,5,51.8
D1294,6,40.9
D1294,7,43.6
D1294,8,49.3
D1294,9,31.8
D1294,10,37.5
D1294,11,38.8
D1294,12,36.0
D1294,13,25.2
D1294,14,20.5
D1294,15,15.7
D1295,1,68.1
D1295,2,66.3
D1295,3,73.8
D1295,4,64.9
D1295,5,66.9
D1295,6,64.8
D1295,7,69.8
D1295,8,62.4
D1295,9,71.7
D1295,10,67.0
D1295,11,63.1
D1295,12,68.8
D1295,13,66.5
D1295,14,68.3
D1295,15,67.8
D1295,16,66.3
D1295,17,65.0
D1295,18,78.6
D1295,19,64.7
D1295,20,69.4
D1295,21,62.3
D1295,22,70.4
D1295,23,74.4
D1295,24,57.3
D1295,25,79.3
D1295,26,73.0
D1296,1,66.4
D1296,2,65.6
D1296,3,76.6
D1296,4,80.2
D1296,5,72.1
D1296,6,60.8
D1296,7,58.0
D1296,8,69.2
D1296,9,60.7
D1296,10,67.7
D1296,11,67.2
D1296,12,68.0
D1296,13,65.5
D1296,14,65.2
D1296,15,61.0
D1296,16,67.2
D1296,17,53.8
D1296,18,66.4
D1296,19,56.5
D1296,20,64.8
D1296,21,32.3
D1296,22,56.2
D1296,23,50.0
D1297,1,85.8
D1297,2,94.8
D1297,3,89.9
D1297,4,89.6
D1297,5,78.4
D1297,6,96.1
D1297,7,81.6
D1297,8,92.1
D1297,9,92.4
D1297,10,76.9
D1297,11,84.7
D1297,12,76.5
D1297,13,85.8
D1298,1,21.5
D1298,2,11.5
D1298,3,10.5
D1298,4,8.9
D1298,5,11.3
D1298,6,22.1
D1298,7,16.7
D1298,8,11.1
D1298,9,14.5
D1298,10,19.8
D1298,11,5.2
D1298,12,2.6
D1298,13,22.1
D1298,14,15.6
D1298,15,16.6
D1298,16,21.4
D1298,17,8.8
D1298,18,19.0
D1298,19,6.8
D1298,20,14.2
D1298,21,12.0
D1298,22,16.9
D1298,23,1.1
D1298,24,25.3
D1298,25,14.5
D1298,26,14.5
D1299,1,83.1
D1299,2,89.6
D1299,3,79.2
D1299,4,76.3
D1299,5,80.7
D1299,6,94.9
D1299,7,79.3
D1299,8,80.6
D1299,9,88.3
D1299,10,79.0
D1299,11,78.3
D1299,12,93.5
D1299,13,93.5
D1299,14,94.7
D1299,15,86.7
D1299,16,76.8
D1299,17,74.4
D1299,18,80.9
D1299,19,95.5
D1299,20,76.6
D1299,21,96.3
D1299,22,88.6
D1299,23,72.1
D1299,24,75.2
D1299,25,86.7
D1299,26,89.2
D1300,1,93.1
D1300,2,92.4
D1300,3,75.5
D1300,4,93.3
D1300,5,97.6
D1300,6,87.8
D1300,7,93.1
D1300,8,97.3
D1300,9,92.0
D1300,10,81.5
D1300,11,81.6
D1300,12,86.2
D1300,13,83.0
D1300,14,78.7
D1300,15,89.0
D1300,16,93.8
D1300,17,80.4
D1300,18,97.8
D1300,19,90.7
D1300,20,87.2
D1300,21,87.0
D1300,22,93.5
D1300,23,91.0
D1300,24,88.9
D1300,25,91.0
D1300,26,90.5
D1301,1,58.6
D1301,2,58.5
D1301,3,66.9
D1301,4,51.2
D1301,5,82.2
D1301,6,46.4
D1301,7,52.3
D1301,8,67.3
D1301,9,63.4
D1301,10,49.3
D1301,11,48.6
D1301,12,39.5
D1301,13,37.1
D1301,14,45.0
D1301,15,52.7
D1301,16,54.0
D1301,17,27.9
D1301,18,44.8
D1301,19,41.3
D1301,20,47.4
D1301,21,40.1
D1301,22,47.8
D1301,23,35.3
D1301,24,66.3
D1301,25,37.3
D1301,26,41.5
D1302,1,36.0
D1302,2,19.6
D1302,3,27.2
D1302,4,17.6
D1302,5,45.5
D1302,6,19.3
D1302,7,22.0
D1302,8,32.6
D1302,9,34.0
D1302,10,32.1
D1302,11,12.9
D1302,12,26.5
D1302,13,20.8
D1302,14,41.1
D1302,15,26.1
D1302,16,29.5
D1302,17,19.2
D1302,18,17.8
D1302,19,26.8
D1302,20,27.6
D1302,21,27.4
D1302,22,33.3
D1302,23,30.7
D1302,24,28.4
D1302,25,27.1
D1302,26,40.3
D1303,1,58.6
D1303,2,69.7
D1303,3,54.8
D1303,4,61.0
D1303,5,57.3
D1303,6,63.4
D1303,7,64.2
D1303,8,72.1
D1303,9,73.9
D1303,10,66.9
D1303,11,67.4
D1303,12,84.5
D1303,13,57.5
D1303,14,70.0
D1303,15,63.7
D1303,16,69.2
D1303,17,66.5
D1303,18,72.7
D1303,19,64.9
D1303,20,78.4
D1303,21,63.6
D1303,22,80.6
D1303,23,71.3
D1303,24,66.6
D1303,25,65.5
D1303,26,66.6
D1304,1,69.5
D1304,2,67.2
D1304,3,58.1
D1304,4,64.3
D1304,5,60.6
D1304,6,64.8
D1304,7,61.5
D1304,8,66.4
D1304,9,73.8
D1304,10,68.6
D1304,11,66.5
D1304,12,65.3
D1304,13,71.0
D1304,14,69.7
D1304,15,59.9
D1304,16,66.1
D1304,17,71.0
D1304,18,48.1
D1304,19,70.6
D1304,20,71.4
D1304,21,72.6
D1304,22,64.6
D1304,23,62.2
D1304,24,60.3
D1304,25,66.6
D1304,26,64.8
D1305,1,68.4
D1305,2,68.1
D1305,3,65.3
D1305,4,70.3
D1305,5,76.3
D1305,6,76.9
D1305,7,66.9
D1305,8,69.2
D1305,9,67.7
D1305,10,68.0
D1305,11,68.8
D1305,12,62.1
D1305,13,65.4
D1305,14,70.5
D1305,15,65.6
D1305,16,59.1
D1305,17,68.2
D1305,18,61.0
D1305,19,83.4
D1305,20,70.6
D1305,21,67.8
D1305,22,67.7
D1305,23,63.9
D1305,24,82.9
D1305,25,74.5
D1305,26,69.8
D1306,1,12.3
D1306,2,7.5
D1306,3,13.7
D1306,4,15.8
D1306,5,10.7
D1306,6,9.9
D1306,7,12.8
D1306,8,9.5
D1306,9,14.0
D1306,10,22.6
D1306,11,22.3
D1306,12,22.8
D1306,13,16.8
D1306,14,12.4
D1306,15,16.6
D1306,16,23.2
D1306,17,9.0
D1306,18,15.3
D1306,19,1.3
D1306,20,23.1
D1306,21,11.6
D1306,22,17.8
D1306,23,9.4
D1306,24,14.3
D1306,25,10.0
D1306,26,22.9
D1307,1,63.8
D1307,2,65.1
D1307,3,54.5
D1307,4,70.5
D1307,5,67.7
D1307,6,69.6
D1307,7,65.4
D1307,8,76.5
D1307,9,70.0
D1307,10,56.9
D1307,11,78.0
D1307,12,67.4
D1307,13,69.9
D1307,14,57.7
D1307,15,66.3
D1307,16,68.0
D1307,17,66.9
D1307,18,58.7
D1307,19,68.8
D1307,20,58.4
D1307,21,56.3
D1307,22,83.3
D1307,23,66.0
D1307,24,64.3
D1307,25,60.4
D1307,26,65.3
D1308,1,64.3
D1308,2,79.5
D1308,3,67.9
D1308,4,61.3
D1308,5,69.1
D1308,6,50.1
D1308,7,73.3
D1308,8,66.3
D1308,9,59.0
D1308,10,80.7
D1308,11,74.3
D1308,12,60.7
D1308,13,64.1
D1308,14,67.7
D1308,15,62.8
D1308,16,57.4
D1308,17,63.5
D1308,18,64.2
D1308,19,65.3
D1308,20,68.8
D1308,21,53.3
D1308,22,65.3
D1308,23,57.8
D1308,24,78.4
D1308,25,83.1
D1308,26,70.0
D1309,1,22.0
D1309,2,13.1
D1309,3,19.4
D1309,4,31.8
D1309,5,24.2
D1309,6,28.2
D1309,7,16.8
D1309,8,25.9
D1309,9,11.7
D1309,10,16.1
D1309,11,24.2
D1309,12,21.2
D1309,13,25.1
D1309,14,24.9
D1309,15,24.2
D1309,16,23.8
D1309,17,39.2
D1309,18,28.9
D1309,19,6.2
D1309,20,12.3
D1309,21,32.7
D1309,22,26.0
D1309,23,17.3
D1309,24,21.5
D1309,25,22.6
D1309,26,28.4
D1310,1,6.7
D1310,2,30.3
D1310,3,10.6
D1310,4,4.8
D1310,5,20.4
D1310,6,17.9
D1310,7,18.7
D1310,8,29.9
D1310,9,17.8
D1310,10,13.3
D1310,11,22.8
D1310,12,18.9
D1310,13,36.9
D1310,14,8.3
D1310,15,5.5
D1310,16,16.2
D1310,17,20.3
D1310,18,22.4
D1310,19,22.4
D1310,20,9.7
D1310,21,16.7
D1310,22,10.3
D1310,23,8.5
D1310,24,23.1
D1310,25,9.5
D1310,26,1.1
D1311,1,65.7
D1311,2,71.4
D1311,3,61.4
D1311,4,65.1
D1311,5,57.1
D1311,6,59.1
D1311,7,58.3
D1311,8,60.9
D1311,9,67.1
D1311,10,60.8
D1311,11,56.2
D1311,12,66.8
D1311,13,52.2
D1311,14,66.3
D1311,15,61.8
D1311,16,51.8
D1311,17,62.3
D1311,18,62.3
D1311,19,48.2
D1311,20,67.0
D1311,21,66.0
D1311,22,62.9
D1311,23,57.2
D1311,24,61.3
D1311,25,66.7
D1311,26,64.5
D1312,1,89.4
D1312,2,94.6
D1312,3,77.3
D1312,4,76.9
D1312,5,78.3
D1312,6,75.4
D1312,7,90.4
D1312,8,75.7
D1312,9,89.3
D1312,10,77.3
D1312,11,76.7
D1312,12,80.0
D1312,13,87.8
D1312,14,77.9
D1312,15,76.0
D1312,16,82.3
D1312,17,83.9
D1312,18,72.9
D1312,19,81.7
D1312,20,80.7
D1312,21,91.0
D1312,22,80.8
D1312,23,79.3
D1312,24,78.5
D1312,25,71.5
D1312,26,77.4
D1313,1,54.5
D1313,2,54.8
D1313,3,72.1
D1313,4,59.4
D1313,5,50.5
D1313,6,62.4
D1313,7,51.7
D1313,8,64.3
D1313,9,58.4
D1313,10,56.9
D1313,11,87.4
D1313,12,61.6
D1313,13,61.6
D1313,14,63.8
D1313,15,64.0
D1313,16,53.4
D1313,17,56.0
D1313,18,64.6
D1313,19,69.8
D1313,20,70.0
D1313,21,68.0
D1313,22,79.1
D1313,23,60.3
D1313,24,73.3
D1313,25,53.2
D1313,26,56.5
D1314,1,61.4
D1314,2,61.5
D1314,3,70.7
D1314,4,63.0
D1314,5,56.2
D1314,6,68.7
D1314,7,61.5
D1314,8,63.0
D1314,9,64.4
D1314,10,63.6
D1314,11,57.2
D1314,12,48.4
D1314,13,56.9
D1314,14,45.5
D1314,15,62.1
D1314,16,72.3
D1314,17,75.1
D1314,18,63.8
D1314,19,58.5
D1314,20,54.0
D1314,21,66.4
D1314,22,60.5
D1314,23,63.3
D1314,24,60.9
D1314,25,59.9
D1314,26,65.5
D1315,1,44.0
D1315,2,49.5
D1315,3,71.4
D1315,4,46.9
D1315,5,53.5
D1315,6,38.9
D1315,7,36.8
D1315,8,44.9
D1315,9,45.6
D1315,10,51.0
D1315,11,34.7
D1315,12,52.2
D1315,13,52.1
D1315,14,50.1
D1315,15,45.4
D1315,16,45.5
D1315,17,69.4
D1315,18,41.6
D1315,19,46.4
D1315,20,51.4
D1315,21,32.6
D1315,22,41.8
D1315,23,37.7
D1315,24,49.3
D1315,25,41.7
D1315,26,38.2
D1316,1,10.0
D1316,2,13.2
D1316,3,28.5
D1316,4,16.7
D1316,5,12.5
D1316,6,3.0
D1316,7,14.5
D1316,8,4.7
D1316,9,11.9
D1316,10,24.1
D1316,11,6.4
D1316,12,5.0
D1316,13,12.5
D1316,14,19.2
D1316,15,32.2
D1316,16,17.1
D1316,17,13.9
D1316,18,17.0
D1316,19,3.9
D1316,20,13.6
D1316,21,3.2
D1316,22,16.5
D1316,23,15.8
D1316,24,15.2
D1316,25,17.1
D1316,26,5.5
D1317,1,45.4
D1317,2,52.8
D1317,3,46.5
D1317,4,43.8
D1317,5,52.7
D1317,6,51.9
D1317,7,56.5
D1317,8,41.6
D1317,9,50.1
D1317,10,42.4
D1317,11,33.5
D1317,12,35.2
D1317,13,27.3
D1317,14,32.4
D1317,15,30.2
D1317,16,13.6
D1317,17,20.4
D1318,1,91.7
D1318,2,84.4
D1318,3,91.3
D1318,4,95.5
D1318,5,95.4
D1318,6,94.0
D1318,7,89.1
D1318,8,85.6
D1318,9,84.1
D1318,10,87.7
D1318,11,94.4
D1318,12,87.9
D1318,13,92.9
D1318,14,80.7
D1318,15,84.5
D1318,16,88.7
D1318,17,94.7
D1318,18,97.3
D1318,19,92.0
D1318,20,85.9
D1318,21,81.7
D1318,22,95.4
D1318,23,93.1
D1318,24,92.8
D1318,25,92.3
D1318,26,86.7
D1319,1,18.5
D1319,2,18.9
D1319,3,17.1
D1319,4,23.4
D1319,5,17.5
D1319,6,13.1
D1319,7,10.9
D1319,8,9.2
D1319,9,10.1
D1319,10,26.2
D1319,11,27.1
D1319,12,15.7
D1319,13,22.8
D1319,14,3.1
D1319,15,10.5
D1319,16,21.3
D1319,17,18.8
D1319,18,28.9
D1319,19,9.9
D1319,20,12.1
D1319,21,17.6
D1319,22,27.7
D1319,23,18.4
D1319,24,13.1
D1319,25,9.6
D1319,26,6.4
D1320,1,7.7
D1320,2,16.3
D1320,3,28.0
D1320,4,34.8
D1320,5,45.4
D1320,6,19.3
D1320,7,23.4
D1320,8,18.9
D1320,9,9.7
D1320,10,14.9
D1320,11,18.9
D1320,12,19.9
D1320,13,12.7
D1320,14,20.7
D1320,15,7.3
D1320,16,34.2
D1320,17,3.8
D1320,18,8.1
D1320,19,4.6
D1320,20,21.6
D1320,21,15.6
D1320,22,8.8
D1320,23,8.7
D1320,24,11.8
D1320,25,19.9
D1320,26,24.6
D1321,1,84.0
D1321,2,87.0
D1321,3,83.9
D1321,4,89.3
D1321,5,91.1
D1321,6,75.6
D1321,7,87.8
D1321,8,79.9
D1321,9,82.2
D1321,10,90.6
D1321,11,89.5
D1321,12,99.0
D1321,13,85.8
D1321,14,86.0
D1321,15,92.7
D1321,16,95.5
D1321,17,86.2
D1321,18,87.4
D1321,19,72.2
D1321,20,83.3
D1321,21,89.8
D1321,22,79.2
D1321,23,95.1
D1321,24,91.7
D1321,25,88.6
D1321,26,83.1
D1322,1,54.9
D1322,2,42.1
D1322,3,59.7
D1322,4,58.8
D1322,5,60.6
D1322,6,57.5
D1322,7,68.4
D1322,8,61.5
D1322,9,53.5
D1322,10,67.2
D1322,11,57.2
D1322,12,66.7
D1322,13,69.5
D1322,14,59.1
D1322,15,58.3
D1322,16,74.9
D1322,17,70.7
D1322,18,68.1
D1322,19,63.4
D1322,20,75.0
D1322,21,65.3
D1322,22,68.4
D1322,23,64.0
D1322,24,64.7
D1322,25,56.3
D1322,26,63.9
D1323,1,16.2
D1323,2,33.3
D1323,3,15.7
D1323,4,19.6
D1323,5,23.9
D1323,6,6.8
D1323,7,16.6
D1323,8,21.2
D1323,9,13.8
D1323,10,15.7
D1323,11,15.9
D1323,12,5.6
D1323,13,8.2
D1323,14,17.6
D1323,15,8.9
D1323,16,7.7
D1323,17,16.4
D1323,18,8.0
D1323,19,14.9
D1323,20,25.7
D1323,21,16.8
D1323,22,21.4
D1323,23,14.3
D1323,24,15.4
D1323,25,14.7
D1323,26,19.7
D1324,1,16.2
D1324,2,9.6
D1324,3,20.6
D1324,4,16.3
D1324,5,12.5
D1324,6,22.0
D1324,7,16.9
D1324,8,5.2
D1324,9,21.2
D1324,10,10.1
D1324,11,33.4
D1324,12,11.2
D1324,13,21.1
D1324,14,18.5
D1324,15,15.0
D1324,16,14.4
D1324,17,9.2
D1324,18,13.7
D1324,19,16.7
D1324,20,12.2
D1324,21,9.1
D1324,22,5.6
D1324,23,8.8
D1324,24,25.2
D1324,25,13.9
D1324,26,9.9
D1325,1,73.6
D1325,2,87.9
D1325,3,84.8
D1325,4,94.9
D1325,5,90.4
D1325,6,89.0
D1325,7,90.3
D1325,8,85.9
D1325,9,88.8
D1325,10,91.2
D1325,11,84.6
D1325,12,90.7
D1325,13,87.7
D1325,14,83.4
D1325,15,77.7
D1325,16,85.5
D1325,17,86.4
D1325,18,78.9
D1325,19,98.7
D1325,20,95.1
D1325,21,89.1
D1325,22,83.7
D1325,23,87.9
D1325,24,78.7
D1325,25,90.7
D1325,26,89.9
D1326,1,32.4
D1326,2,30.7
D1326,3,30.5
D1326,4,22.9
D1326,5,32.3
D1326,6,15.7
D1326,7,31.5
D1326,8,22.1
D1326,9,32.1
D1326,10,18.2
D1326,11,28.6
D1326,12,50.8
D1326,13,19.5
D1326,14,25.6
D1326,15,18.0
D1326,16,25.8
D1326,17,15.7
D1326,18,36.5
D1326,19,21.2
D1326,20,33.1
D1326,21,38.0
D1326,22,22.5
D1326,23,28.5
D1326,24,26.7
D1326,25,35.6
D1326,26,13.1
D1327,1,65.4
D1327,2,65.7
D1327,3,60.2
D1327,4,63.9
D1327,5,66.2
D1327,6,70.7
D1327,7,55.7
D1327,8,63.4
D1327,9,74.3
D1327,10,51.3
D1327,11,67.0
D1327,12,68.1
D1327,13,63.0
D1327,14,61.9
D1327,15,64.9
D1327,16,60.8
D1327,17,77.5
D1327,18,64.2
D1327,19,64.5
D1327,20,61.7
D1327,21,52.2
D1327,22,57.9
D1327,23,65.3
D1327,24,55.4
D1327,25,61.9
D1327,26,65.5
D1328,1,58.1
D1328,2,62.4
D1328,3,67.5
D1328,4,64.2
D1328,5,60.0
D1328,6,65.2
D1328,7,61.4
D1328,8,60.3
D1328,9,61.2
D1328,10,59.7
D1328,11,66.1
D1328,12,74.6
D1328,13,61.5
D1328,14,65.9
D1328,15,65.2
D1328,16,72.3
D1328,17,58.5
D1328,18,61.2
D1328,19,75.5
D1328,20,65.0
D1328,21,62.2
D1328,22,66.5
D1328,23,61.3
D1328,24,60.8
D1328,25,57.2
D1328,26,66.2
D1329,1,96.1
D1329,2,93.2
D1329,3,97.3
D1329,4,93.1
D1329,5,81.3
D1329,6,75.6
D1329,7,90.7
D1329,8,84.5
D1329,9,69.2
D1329,10,81.6
D1329,11,92.4
D1329,12,77.8
D1329,13,92.5
D1329,14,74.9
D1329,15,83.2
D1329,16,95.7
D1329,17,75.2
D1329,18,96.2
D1329,19,77.3
D1329,20,78.1
D1329,21,72.7
D1329,22,77.3
D1329,23,79.7
D1329,24,86.5
D1329,25,85.9
D1329,26,92.3
D1330,1,50.9
D1330,2,56.4
D1330,3,51.0
D1330,4,57.7
D1330,5,59.8
D1330,6,53.6
D1330,7,41.5
D1330,8,52.5
D1330,9,35.6
D1330,10,49.2
D1330,11,56.3
D1330,12,48.3
D1330,13,62.9
D1330,14,50.8
D1330,15,43.4
D1330,16,38.9
D1330,17,46.7
D1330,18,57.6
D1330,19,56.2
D1330,20,48.3
D1330,21,42.2
D1330,22,52.8
D1330,23,54.2
D1330,24,51.8
D1330,25,25.6
D1330,26,33.6
D1331,1,68.9
D1331,2,53.5
D1331,3,68.0
D1331,4,77.8
D1331,5,87.7
D1331,6,72.5
D1331,7,67.5
D1331,8,67.1
D1331,9,71.1
D1331,10,67.2
D1331,11,68.9
D1331,12,66.6
D1331,13,55.4
D1331,14,76.1
D1331,15,64.0
D1331,16,63.6
D1331,17,71.3
D1331,18,64.1
D1331,19,59.3
D1331,20,55.9
D1331,21,54.1
D1331,22,60.4
D1331,23,46.9
D1332,1,10.7
D1332,2,20.4
D1332,3,23.5
D1332,4,15.3
D1332,5,18.6
D1332,6,25.0
D1332,7,13.4
D1332,8,17.2
D1332,9,15.6
D1332,10,16.0
D1332,11,14.6
D1332,12,23.9
D1332,13,11.0
D1332,14,20.9
D1332,15,5.3
D1332,16,23.8
D1332,17,3.4
D1332,18,27.0
D1332,19,22.2
D1332,20,22.2
D1332,21,21.5
D1332,22,10.5
D1332,23,13.2
D1332,24,29.6
D1332,25,5.7
D1332,26,9.2
D1333,1,12.5
D1333,2,32.2
D1333,3,28.5
D1333,4,14.3
D1333,5,15.8
D1333,6,10.9
D1333,7,26.0
D1333,8,19.1
D1333,9,18.2
D1333,10,10.4
D1333,11,11.5
D1333,12,17.9
D1333,13,18.2
D1333,14,16.3
D1333,15,18.6
D1333,16,17.4
D1333,17,18.1
D1333,18,20.7
D1333,19,21.8
D1333,20,18.8
D1333,21,12.1
D1333,22,18.7
D1333,23,13.8
D1333,24,15.3
D1333,25,16.7
D1333,26,12.8
D1334,1,85.4
D1334,2,85.7
D1334,3,72.9
D1334,4,77.1
D1334,5,77.4
D1334,6,84.2
D1334,7,89.6
D1334,8,82.3
D1334,9,82.6
D1334,10,95.2
D1334,11,81.0
D1334,12,95.7
D1334,13,86.6
D1334,14,68.1
D1335,1,72.9
D1335,2,62.8
D1335,3,56.7
D1335,4,57.7
D1335,5,71.1
D1335,6,62.1
D1335,7,60.1
D1335,8,69.9
D1335,9,74.8
D1335,10,62.5
D1335,11,48.5
D1335,12,66.6
D1335,13,52.8
D1335,14,61.3
D1335,15,65.7
D1335,16,42.2
D1335,17,59.3
D1335,18,62.6
D1335,19,67.9
D1335,20,58.9
D1335,21,62.2
D1335,22,55.5
D1335,23,61.6
D1335,24,65.4
D1335,25,61.6
D1335,26,60.7
D1336,1,76.5
D1336,2,80.6
D1336,3,84.5
D1336,4,93.3
D1336,5,90.9
D1336,6,80.5
D1336,7,91.9
D1336,8,82.2
D1336,9,73.8
D1336,10,98.1
D1336,11,84.4
D1336,12,85.2
D1336,13,80.7
D1336,14,91.5
D1336,15,83.6
D1336,16,86.3
D1336,17,91.4
D1336,18,94.4
D1336,19,85.9
D1336,20,89.5
D1336,21,83.7
D1336,22,82.9
D1336,23,80.0
D1336,24,80.6
D1336,25,93.0
D1336,26,79.0
D1337,1,53.4
D1337,2,56.5
D1337,3,65.9
D1337,4,57.1
D1337,5,64.5
D1337,6,69.7
D1337,7,60.2
D1337,8,58.4
D1337,9,66.7
D1337,10,61.7
D1337,11,62.3
D1337,12,60.7
D1337,13,61.4
D1337,14,53.9
D1337,15,65.8
D1337,16,55.1
D1337,17,61.1
D1337,18,56.3
D1337,19,71.8
D1337,20,69.4
D1337,21,96.6
D1337,22,56.7
D1337,23,60.5
D1337,24,61.5
D1337,25,59.4
D1337,26,66.9
D1338,1,40.7
D1338,2,42.1
D1338,3,50.0
D1338,4,55.6
D1338,5,46.1
D1338,6,46.0
D1338,7,45.2
D1338,8,55.5
D1338,9,38.5
D1338,10,39.1
D1338,11,46.8
D1338,12,40.5
D1338,13,33.0
D1338,14,26.7
D1338,15,55.8
D1338,16,39.2
D1338,17,37.6
D1338,18,26.7
D1338,19,49.4
D1338,20,32.2
D1338,21,36.8
D1338,22,47.6
D1338,23,26.1
D1338,24,25.9
D1338,25,32.5
D1338,26,31.7
D1339,1,61.8
D1339,2,55.6
D1339,3,75.6
D1339,4,64.6
D1339,5,63.3
D1339,6,62.9
D1339,7,68.9
D1339,8,64.5
D1339,9,65.7
D1339,10,59.0
D1339,11,59.8
D1339,12,81.9
D1339,13,51.9
D1339,14,65.0
D1339,15,65.0
D1339,16,56.5
D1339,17,76.5
D1339,18,68.4
D1339,19,62.5
D1339,20,49.1
D1339,21,68.6
D1339,22,68.8
D1339,23,60.5
D1339,24,59.3
D1339,25,62.8
D1339,26,70.3
D1340,1,49.4
D1340,2,55.2
D1340,3,76.4
D1340,4,59.0
D1340,5,45.8
D1340,6,54.7
D1340,7,48.3
D1340,8,47.4
D1340,9,51.2
D1340,10,56.0
D1340,11,55.2
D1340,12,49.9
D1340,13,55.5
D1340,14,46.8
D1340,15,49.8
D1340,16,43.9
D1340,17,40.8
D1340,18,32.9
D1340,19,48.7
D1340,20,33.6
D1340,21,41.7
D1340,22,38.2
D1340,23,39.4
D1340,24,37.7
D1340,25,44.3
D1340,26,51.3
D1341,1,69.2
D1341,2,62.7
D1341,3,67.0
D1341,4,71.4
D1341,5,56.7
D1341,6,58.8
D1341,7,61.2
D1341,8,46.6
D1341,9,53.1
D1341,10,56.6
D1342,1,57.8
D1342,2,58.5
D1342,3,56.2
D1342,4,51.3
D1342,5,55.9
D1342,6,57.8
D1342,7,56.1
D1342,8,59.5
D1342,9,52.1
D1342,10,44.3
D1342,11,35.0
D1342,12,46.7
D1342,13,48.2
D1342,14,39.7
D1342,15,49.7
D1342,16,50.5
D1342,17,50.5
D1342,18,47.0
D1342,19,37.7
D1342,20,56.9
D1342,21,50.7
D1342,22,39.3
D1342,23,48.3
D1342,24,41.9
D1342,25,43.9
D1342,26,52.8
D1343,1,39.9
D1343,2,51.7
D1343,3,53.0
D1343,4,63.1
D1343,5,46.8
D1343,6,43.6
D1343,7,35.5
D1343,8,21.7
D1343,9,28.9
D1343,10,15.9
D1343,11,21.0
D1344,1,23.2
D1344,2,20.1
D1344,3,18.0
D1344,4,30.8
D1344,5,20.1
D1344,6,16.9
D1344,7,16.7
D1344,8,28.7
D1344,9,20.8
D1344,10,13.0
D1344,11,29.5
D1344,12,30.8
D1344,13,25.0
D1344,14,13.2
D1344,15,30.4
D1344,16,30.0
D1344,17,31.0
D1344,18,26.4
D1344,19,22.4
D1344,20,29.9
D1344,21,25.8
D1344,22,27.3
D1344,23,26.6
D1344,24,29.6
D1344,25,41.7
D1344,26,40.7
D1345,1,61.8
D1345,2,63.5
D1345,3,63.8
D1345,4,68.3
D1345,5,71.2
D1345,6,77.8
D1345,7,50.2
D1345,8,63.1
D1345,9,63.2
D1345,10,80.5
D1345,11,80.4
D1345,12,70.8
D1345,13,54.9
D1345,14,67.3
D1345,15,61.6
D1345,16,73.5
D1345,17,65.8
D1345,18,61.3
D1345,19,61.7
D1345,20,80.2
D1345,21,64.1
D1345,22,59.9
D1345,23,73.1
D1345,24,68.5
D1345,25,42.8
D1345,26,64.9
D1346,1,45.1
D1346,2,46.7
D1346,3,49.4
D1346,4,49.8
D1346,5,63.9
D1346,6,51.1
D1346,7,53.0
D1346,8,62.6
D1346,9,58.2
D1346,10,60.1
D1346,11,33.8
D1346,12,41.7
D1346,13,40.1
D1346,14,40.4
D1346,15,50.0
D1346,16,49.4
D1346,17,42.4
D1346,18,46.5
D1346,19,45.7
D1346,20,40.1
D1346,21,51.2
D1346,22,11.6
D1346,23,19.0
D1346,24,32.5
D1346,25,38.3
D1346,26,27.3
D1347,1,11.9
D1347,2,8.3
D1347,3,34.1
D1347,4,15.2
D1347,5,4.4
D1347,6,15.1
D1347,7,23.0
D1347,8,8.8
D1347,9,8.4
D1347,10,13.6
D1347,11,30.9
D1347,12,22.6
D1347,13,20.8
D1347,14,20.5
D1347,15,24.4
D1347,16,19.3
D1347,17,22.0
D1347,18,9.6
D1347,19,10.3
D1347,20,10.9
D1347,21,22.1
D1347,22,21.8
D1347,23,15.5
D1347,24,15.6
D1347,25,24.4
D1347,26,9.7
D1348,1,29.2
D1348,2,13.7
D1348,3,32.7
D1348,4,14.5
D1348,5,27.5
D1348,6,27.5
D1348,7,24.4
D1348,8,21.8
D1348,9,25.6
D1348,10,33.4
D1348,11,22.9
D1348,12,28.6
D1348,13,37.8
D1348,14,23.7
D1348,15,18.2
D1348,16,25.3
D1348,17,39.8
D1348,18,28.3
D1348,19,33.7
D1348,20,27.5
D1348,21,27.8
D1348,22,32.2
D1348,23,26.6
D1348,24,12.4
D1348,25,11.1
D1348,26,17.3
D1349,1,14.9
D1349,2,6.7
D1349,3,15.4
D1349,4,15.7
D1349,5,21.0
D1349,6,14.9
D1349,7,7.8
D1349,8,30.4
D1349,9,7.4
D1349,10,14.2
D1349,11,33.1
D1349,12,26.8
D1349,13,17.7
D1349,14,4.7
D1349,15,15.5
D1349,16,0.0
D1349,17,19.2
D1349,18,21.0
D1349,19,18.3
D1349,20,10.2
D1349,21,5.6
D1349,22,24.0
D1349,23,9.2
D1349,24,11.7
D1349,25,21.4
D1349,26,26.5
D1350,1,92.0
D1350,2,89.4
D1350,3,78.3
D1350,4,89.3
D1350,5,95.8
D1350,6,94.8
D1350,7,84.7
D1350,8,86.3
D1350,9,85.8
D1350,10,72.2
D1350,11,90.3
D1350,12,100.0
D1350,13,97.2
D1350,14,89.7
D1350,15,85.6
D1350,16,97.7
D1350,17,87.6
D1350,18,82.7
D1350,19,93.0
D1350,20,94.0
D1350,21,89.7
D1350,22,80.5
D1350,23,86.7
D1350,24,80.2
D1350,25,80.5
D1350,26,89.9
D1351,1,86.0
D1351,2,89.9
D1351,3,91.1
D1351,4,81.1
D1351,5,80.7
D1351,6,92.3
D1351,7,78.2
D1351,8,86.6
D1351,9,81.1
D1351,10,90.6
D1351,11,82.8
D1351,12,86.8
D1351,13,77.7
D1351,14,77.4
D1351,15,78.1
D1351,16,87.1
D1351,17,76.2
D1351,18,84.2
D1352,1,70.0
D1352,2,65.8
D1352,3,68.9
D1352,4,78.2
D1352,5,65.6
D1352,6,65.6
D1352,7,74.9
D1352,8,79.6
D1352,9,72.4
D1352,10,59.1
D1352,11,64.7
D1352,12,78.9
D1352,13,72.9
D1352,14,67.3
D1352,15,80.9
D1352,16,73.9
D1352,17,65.4
D1352,18,54.5
D1352,19,67.3
D1352,20,55.6
D1352,21,78.8
D1352,22,56.5
D1352,23,76.3
D1353,1,86.5
D1353,2,91.9
D1353,3,77.6
D1353,4,90.6
D1353,5,75.8
D1353,6,84.1
D1353,7,89.8
D1353,8,91.1
D1353,9,81.8
D1353,10,95.7
D1353,11,84.3
D1353,12,83.4
D1353,13,96.1
D1353,14,75.7
D1353,15,88.7
D1353,16,89.0
D1353,17,91.6
D1353,18,87.8
D1353,19,77.5
D1353,20,62.7
D1353,21,88.3
D1353,22,73.8
D1353,23,94.7
D1353,24,77.1
D1353,25,95.9
D1353,26,81.2
D1354,1,73.0
D1354,2,65.5
D1354,3,78.2
D1354,4,62.9
D1354,5,81.5
D1354,6,66.2
D1354,7,70.1
D1354,8,67.9
D1354,9,67.9
D1354,10,71.5
D1354,11,57.0
D1354,12,68.7
D1354,13,67.3
D1354,14,71.1
D1354,15,63.6
D1354,16,68.8
D1354,17,67.9
D1354,18,61.7
D1354,19,62.0
D1354,20,83.3
D1354,21,66.7
D1354,22,63.3
D1354,23,89.0
D1354,24,71.2
D1354,25,68.9
D1354,26,64.3
D1355,1,67.9
D1355,2,60.9
D1355,3,59.8
D1355,4,70.2
D1355,5,64.6
D1355,6,70.9
D1355,7,62.4
D1355,8,62.0
D1355,9,68.2
D1355,10,68.1
D1355,11,64.4
D1355,12,89.8
D1355,13,57.0
D1355,14,69.1
D1355,15,64.8
D1355,16,66.0
D1355,17,65.5
D1355,18,58.3
D1355,19,61.1
D1355,20,59.9
D1355,21,55.4
D1355,22,50.8
D1355,23,50.7
D1355,24,53.6
D1355,25,52.5
D1356,1,67.3
D1356,2,60.5
D1356,3,66.6
D1356,4,63.6
D1356,5,64.3
D1356,6,65.3
D1356,7,62.1
D1356,8,62.1
D1356,9,57.7
D1356,10,55.7
D1356,11,63.8
D1356,12,65.5
D1356,13,66.4
D1356,14,65.4
D1356,15,62.7
D1356,16,58.7
D1356,17,62.9
D1356,18,78.4
D1356,19,65.5
D1356,20,65.3
D1356,21,68.4
D1356,22,63.7
D1356,23,72.2
D1356,24,63.3
D1356,25,58.3
D1356,26,66.5
D1357,1,77.2
D1357,2,94.3
D1357,3,79.3
D1357,4,80.1
D1357,5,74.7
D1357,6,88.7
D1357,7,76.0
D1357,8,87.6
D1357,9,79.8
D1357,10,85.5
D1357,11,75.3
D1357,12,87.3
D1357,13,81.0
D1357,14,90.9
D1357,15,75.6
D1357,16,86.2
D1357,17,78.9
D1357,18,88.7
D1357,19,91.9
D1357,20,78.2
D1357,21,75.8
D1357,22,96.3
D1357,23,81.3
D1357,24,76.4
D1357,25,90.2
D1357,26,95.8
D1358,1,52.3
D1358,2,46.3
D1358,3,47.8
D1358,4,49.4
D1358,5,37.5
D1358,6,45.6
D1358,7,44.0
D1358,8,52.6
D1358,9,35.5
D1358,10,53.9
D1358,11,35.9
D1358,12,45.1
D1358,13,39.0
D1358,14,34.9
D1358,15,34.7
D1358,16,42.5
D1358,17,42.0
D1358,18,44.5
D1358,19,43.5
D1358,20,29.2
D1358,21,38.1
D1358,22,24.0
D1358,23,31.9
D1358,24,38.9
D1358,25,31.6
D1358,26,39.0
D1359,1,76.7
D1359,2,76.7
D1359,3,64.6
D1359,4,89.2
D1359,5,68.9
D1359,6,64.1
D1359,7,67.8
D1359,8,81.8
D1359,9,62.7
D1359,10,82.7
D1359,11,64.7
D1359,12,72.4
D1359,13,65.3
D1359,14,65.1
D1359,15,76.4
D1359,16,68.0
D1359,17,70.1
D1359,18,91.1
D1359,19,78.1
D1359,20,85.1
D1359,21,53.6
D1359,22,56.2
D1359,23,72.4
D1359,24,65.2
D1359,25,61.5
D1359,26,59.6
D1360,1,25.0
D1360,2,36.7
D1360,3,21.5
D1360,4,39.4
D1360,5,18.2
D1360,6,22.9
D1360,7,32.7
D1360,8,21.4
D1360,9,44.8
D1360,10,30.9
D1360,11,32.5
D1360,12,30.6
D1360,13,35.9
D1360,14,21.6
D1360,15,37.6
D1360,16,20.6
D1360,17,22.0
D1360,18,10.5
D1360,19,13.2
D1360,20,0.0
D1360,21,0.0
D1360,22,30.0
D1361,1,72.2
D1361,2,61.3
D1361,3,71.9
D1361,4,67.7
D1361,5,80.6
D1361,6,68.2
D1361,7,69.1
D1361,8,56.6
D1361,9,69.6
D1361,10,73.3
D1361,11,57.8
D1361,12,67.2
D1361,13,63.8
D1361,14,75.7
D1361,15,73.0
D1361,16,85.6
D1361,17,75.4
D1361,18,61.1
D1361,19,84.7
D1361,20,57.0
D1361,21,65.1
D1361,22,70.0
D1361,23,67.2
D1361,24,67.7
D1361,25,65.3
D1361,26,75.9
D1362,1,83.9
D1362,2,63.8
D1362,3,69.3
D1362,4,69.7
D1362,5,65.1
D1362,6,67.8
D1362,7,67.7
D1362,8,64.3
D1362,9,58.5
D1362,10,62.6
D1362,11,70.4
D1362,12,62.6
D1362,13,66.9
D1362,14,71.4
D1362,15,73.6
D1362,16,84.0
D1362,17,69.6
D1362,18,64.2
D1362,19,72.5
D1362,20,82.4
D1362,21,62.2
D1362,22,69.7
D1362,23,89.0
D1362,24,75.0
D1362,25,71.5
D1362,26,68.1
D1363,1,20.6
D1363,2,21.3
D1363,3,25.8
D1363,4,28.9
D1363,5,32.0
D1363,6,15.8
D1363,7,29.8
D1363,8,31.8
D1363,9,25.0
D1363,10,32.8
D1363,11,26.8
D1363,12,26.1
D1363,13,32.0
D1363,14,13.9
D1363,15,24.2
D1363,16,23.4
D1363,17,30.3
D1363,18,27.2
D1363,19,11.4
D1363,20,31.3
D1363,21,29.4
D1363,22,34.1
D1363,23,35.6
D1363,24,18.8
D1363,25,32.6
D1363,26,20.7
D1364,1,66.5
D1364,2,60.9
D1364,3,91.2
D1364,4,67.8
D1364,5,63.7
D1364,6,65.1
D1364,7,70.5
D1364,8,59.2
D1364,9,63.3
D1364,10,67.6
D1364,11,61.6
D1364,12,64.9
D1364,13,62.2
D1364,14,64.4
D1364,15,63.4
D1364,16,62.6
D1364,17,62.6
D1364,18,74.2
D1364,19,65.8
D1364,20,65.8
D1364,21,70.0
D1364,22,67.4
D1364,23,61.5
D1364,24,49.1
D1364,25,67.6
D1364,26,65.8
D1365,1,76.2
D1365,2,65.9
D1365,3,78.2
D1365,4,56.8
D1365,5,56.1
D1365,6,60.6
D1365,7,60.9
D1365,8,80.2
D1365,9,64.3
D1365,10,55.8
D1365,11,69.3
D1365,12,58.8
D1365,13,57.8
D1365,14,56.7
D1365,15,68.2
D1365,16,67.5
D1365,17,66.6
D1365,18,64.3
D1365,19,65.0
D1365,20,68.8
D1365,21,63.5
D1365,22,66.9
D1365,23,65.1
D1365,24,54.9
D1365,25,76.2
D1365,26,78.9
D1366,1,59.5
D1366,2,64.9
D1366,3,57.1
D1366,4,66.2
D1366,5,70.7
D1366,6,74.9
D1366,7,62.4
D1366,8,81.2
D1366,9,74.7
D1366,10,59.9
D1366,11,64.7
D1366,12,55.5
D1366,13,56.4
D1366,14,69.3
D1366,15,40.9
D1366,16,43.2
D1366,17,44.6
D1367,1,14.1
D1367,2,15.4
D1367,3,15.0
D1367,4,10.4
D1367,5,19.5
D1367,6,20.5
D1367,7,10.1
D1367,8,13.8
D1367,9,21.9
D1367,10,5.6
D1367,11,18.6
D1367,12,10.9
D1367,13,15.5
D1367,14,6.8
D1367,15,16.1
D1367,16,10.3
D1367,17,8.6
D1367,18,12.4
D1367,19,2.0
D1367,20,23.6
D1367,21,21.5
D1367,22,13.1
D1367,23,10.1
D1367,24,4.5
D1367,25,24.0
D1367,26,20.5
D1368,1,64.3
D1368,2,78.0
D1368,3,63.8
D1368,4,70.7
D1368,5,60.1
D1368,6,88.4
D1368,7,66.6
D1368,8,75.5
D1368,9,70.2
D1368,10,65.8
D1368,11,68.1
D1368,12,77.7
D1368,13,68.2
D1368,14,77.1
D1368,15,58.4
D1368,16,76.3
D1368,17,65.5
D1368,18,74.7
D1368,19,64.6
D1368,20,63.3
D1368,21,70.9
D1368,22,67.7
D1368,23,54.5
D1368,24,74.0
D1368,25,66.7
D1368,26,59.2
D1369,1,63.1
D1369,2,67.1
D1369,3,66.2
D1369,4,71.0
D1369,5,65.2
D1369,6,66.7
D1369,7,64.4
D1369,8,67.9
D1369,9,74.4
D1369,10,58.1
D1369,11,55.1
D1369,12,66.6
D1369,13,66.5
D1369,14,71.7
D1369,15,68.3
D1369,16,67.2
D1369,17,56.2
D1369,18,65.5
D1369,19,74.6
D1369,20,64.9
D1369,21,64.5
D1369,22,59.7
D1369,23,67.9
D1369,24,66.6
D1369,25,66.2
D1369,26,65.3
D1370,1,67.6
D1370,2,67.6
D1370,3,63.8
D1370,4,63.6
D1370,5,57.8
D1370,6,63.9
D1370,7,57.4
D1370,8,55.9
D1370,9,50.3
D1370,10,45.1
D1371,1,58.9
D1371,2,69.8
D1371,3,74.2
D1371,4,56.2
D1371,5,70.8
D1371,6,67.0
D1371,7,58.0
D1371,8,56.0
D1371,9,67.3
D1371,10,66.3
D1371,11,63.9
D1371,12,53.6
D1371,13,65.1
D1371,14,65.1
D1371,15,66.0
D1371,16,82.0
D1371,17,67.5
D1371,18,70.7
D1371,19,77.9
D1371,20,71.6
D1371,21,56.9
D1371,22,66.0
D1371,23,66.1
D1371,24,72.4
D1371,25,69.0
D1371,26,66.0
D1372,1,61.1
D1372,2,59.2
D1372,3,65.5
D1372,4,68.6
D1372,5,62.8
D1372,6,60.4
D1372,7,65.5
D1372,8,72.5
D1372,9,61.6
D1372,10,72.1
D1372,11,64.5
D1372,12,62.8
D1372,13,63.5
D1372,14,67.6
D1372,15,66.2
D1372,16,67.8
D1372,17,66.9
D1372,18,67.7
D1372,19,67.1
D1372,20,62.8
D1372,21,71.7
D1372,22,73.4
D1372,23,58.9
D1372,24,63.8
D1372,25,66.3
D1372,26,64.3
D1373,1,75.7
D1373,2,83.5
D1373,3,83.6
D1373,4,81.8
D1373,5,87.9
D1373,6,92.6
D1373,7,83.2
D1373,8,89.5
D1373,9,84.7
D1373,10,97.4
D1373,11,88.4
D1373,12,95.2
D1373,13,81.5
D1373,14,91.3
D1373,15,74.4
D1373,16,92.0
D1373,17,90.9
D1373,18,86.5
D1373,19,91.1
D1373,20,90.2
D1373,21,88.6
D1373,22,90.4
D1373,23,85.6
D1373,24,91.7
D1373,25,84.0
D1373,26,96.3
D1374,1,93.6
D1374,2,84.3
D1374,3,95.1
D1374,4,92.0
D1374,5,84.6
D1374,6,94.2
D1374,7,95.7
D1374,8,81.0
D1374,9,87.4
D1374,10,90.1
D1374,11,76.5
D1374,12,84.5
D1374,13,73.3
D1374,14,76.7
D1374,15,71.4
D1375,1,75.3
D1375,2,73.4
D1375,3,67.2
D1375,4,61.1
D1375,5,64.6
D1375,6,62.7
D1375,7,69.9
D1375,8,78.4
D1375,9,70.0
D1375,10,62.5
D1375,11,72.5
D1375,12,64.1
D1375,13,71.4
D1375,14,63.7
D1375,15,62.2
D1375,16,66.9
D1375,17,53.7
D1375,18,63.8
D1375,19,66.0
D1375,20,75.4
D1375,21,70.2
D1375,22,60.0
D1375,23,65.1
D1375,24,66.9
D1375,25,64.3
D1375,26,63.5
D1376,1,94.2
D1376,2,97.2
D1376,3,85.6
D1376,4,82.0
D1376,5,93.6
D1376,6,100.0
D1376,7,82.0
D1376,8,74.9
D1376,9,96.8
D1376,10,95.8
D1376,11,88.9
D1376,12,88.2
D1376,13,86.3
D1376,14,91.8
D1376,15,75.1
D1376,16,81.9
D1376,17,99.2
D1376,18,75.6
D1376,19,91.8
D1376,20,91.1
D1376,21,96.9
D1376,22,79.5
D1376,23,93.3
D1376,24,81.3
D1376,25,94.6
D1376,26,89.9
D1377,1,55.5
D1377,2,54.7
D1377,3,44.8
D1377,4,50.1
D1377,5,46.6
D1377,6,43.5
D1377,7,45.3
D1377,8,45.8
D1377,9,56.6
D1377,10,41.3
D1377,11,46.8
D1377,12,50.4
D1377,13,38.8
D1377,14,40.3
D1377,15,53.1
D1377,16,7.1
D1377,17,46.5
D1377,18,42.2
D1377,19,43.1
D1377,20,29.1
D1377,21,39.0
D1377,22,30.6
D1377,23,33.5
D1377,24,29.1
D1377,25,36.3
D1377,26,36.5
D1378,1,84.2
D1378,2,83.7
D1378,3,87.4
D1378,4,91.5
D1378,5,90.7
D1378,6,73.4
D1378,7,80.0
D1378,8,84.0
D1378,9,81.3
D1378,10,86.0
D1378,11,97.1
D1378,12,92.9
D1378,13,80.2
D1378,14,93.2
D1378,15,88.9
D1378,16,92.1
D1378,17,83.2
D1378,18,98.2
D1378,19,90.3
D1378,20,85.2
D1378,21,79.5
D1378,22,77.1
D1378,23,94.2
D1378,24,80.1
D1378,25,98.4
D1378,26,92.6
D1379,1,63.4
D1379,2,67.1
D1379,3,66.5
D1379,4,68.3
D1379,5,58.4
D1379,6,66.3
D1379,7,66.6
D1379,8,63.9
D1379,9,63.8
D1379,10,63.5
D1379,11,56.1
D1379,12,51.0
D1379,13,49.1
D1379,14,53.0
D1379,15,46.3
D1379,16,51.9
D1379,17,57.2
D1379,18,51.0
D1380,1,70.0
D1380,2,75.9
D1380,3,71.6
D1380,4,69.3
D1380,5,78.7
D1380,6,67.8
D1380,7,70.5
D1380,8,72.0
D1380,9,60.5
D1380,10,66.4
D1380,11,65.6
D1380,12,71.5
D1380,13,75.2
D1380,14,69.5
D1380,15,65.9
D1380,16,71.9
D1380,17,62.8
D1380,18,62.1
D1380,19,59.6
D1380,20,67.9
D1380,21,66.4
D1380,22,64.8
D1380,23,67.4
D1380,24,71.0
D1380,25,68.5
D1380,26,65.9
D1381,1,30.6
D1381,2,41.5
D1381,3,14.4
D1381,4,22.4
D1381,5,21.9
D1381,6,38.7
D1381,7,42.3
D1381,8,40.3
D1381,9,28.1
D1381,10,48.5
D1381,11,27.3
D1381,12,15.6
D1381,13,18.6
D1381,14,36.3
D1381,15,41.5
D1381,16,14.6
D1381,17,21.2
D1381,18,32.9
D1381,19,23.3
D1381,20,50.7
D1381,21,26.7
D1381,22,28.9
D1381,23,18.3
D1381,24,25.8
D1381,25,28.9
D1381,26,31.2
D1382,1,5.8
D1382,2,13.6
D1382,3,26.7
D1382,4,19.1
D1382,5,34.3
D1382,6,18.7
D1382,7,17.4
D1382,8,5.7
D1382,9,20.3
D1382,10,17.3
D1382,11,12.0
D1382,12,9.8
D1382,13,36.0
D1382,14,5.0
D1382,15,23.4
D1382,16,22.0
D1382,17,7.7
D1382,18,32.8
D1382,19,20.1
D1382,20,25.2
D1382,21,14.7
D1382,22,18.4
D1382,23,22.6
D1382,24,25.1
D1382,25,33.8
D1382,26,23.3
D1383,1,15.2
D1383,2,21.7
D1383,3,22.5
D1383,4,13.2
D1383,5,11.9
D1383,6,14.7
D1383,7,14.8
D1383,8,6.3
D1383,9,11.9
D1383,10,31.0
D1383,11,17.3
D1383,12,27.1
D1383,13,23.6
D1383,14,5.0
D1383,15,25.1
D1383,16,31.6
D1383,17,9.1
D1383,18,18.1
D1383,19,20.6
D1383,20,10.9
D1383,21,12.6
D1383,22,13.7
D1383,23,14.3
D1383,24,11.8
D1383,25,11.8
D1383,26,25.9
D1384,1,82.6
D1384,2,90.5
D1384,3,85.1
D1384,4,75.1
D1384,5,91.5
D1384,6,89.6
D1384,7,89.6
D1384,8,84.2
D1384,9,89.7
D1384,10,77.2
D1384,11,94.9
D1384,12,73.2
D1384,13,77.1
D1384,14,89.5
D1384,15,75.9
D1384,16,84.1
D1385,1,60.9
D1385,2,57.8
D1385,3,60.4
D1385,4,64.1
D1385,5,53.1
D1385,6,58.2
D1385,7,60.0
D1385,8,64.1
D1385,9,60.7
D1385,10,62.1
D1385,11,57.4
D1385,12,60.9
D1385,13,55.9
D1385,14,58.0
D1385,15,62.9
D1385,16,64.7
D1385,17,64.1
D1385,18,64.1
D1385,19,63.6
D1385,20,73.1
D1385,21,66.3
D1385,22,63.3
D1385,23,62.3
D1385,24,61.2
D1385,25,58.5
D1385,26,62.2
D1386,1,35.2
D1386,2,39.7
D1386,3,23.7
D1386,4,28.4
D1386,5,24.1
D1386,6,21.8
D1386,7,30.3
D1386,8,20.1
D1386,9,28.6
D1386,10,12.3
D1386,11,19.9
D1386,12,25.5
D1386,13,32.0
D1386,14,24.4
D1386,15,26.8
D1386,16,40.4
D1386,17,27.7
D1386,18,33.0
D1386,19,26.0
D1386,20,21.8
D1386,21,31.4
D1386,22,34.4
D1386,23,15.8
D1386,24,34.4
D1386,25,33.3
D1386,26,35.3
D1387,1,72.8
D1387,2,65.5
D1387,3,73.4
D1387,4,69.0
D1387,5,64.3
D1387,6,65.0
D1387,7,61.7
D1387,8,69.3
D1387,9,62.2
D1387,10,62.8
D1387,11,67.4
D1387,12,62.7
D1387,13,64.7
D1387,14,62.1
D1387,15,78.0
D1387,16,70.5
D1387,17,71.2
D1387,18,69.5
D1387,19,68.0
D1387,20,68.9
D1387,21,66.1
D1387,22,63.5
D1387,23,81.7
D1387,24,64.9
D1387,25,65.0
D1387,26,69.1
D1388,1,77.8
D1388,2,76.4
D1388,3,95.8
D1388,4,90.7
D1388,5,74.6
D1388,6,78.9
D1388,7,91.1
D1388,8,100.0
D1388,9,75.3
D1388,10,99.0
D1388,11,96.1
D1388,12,91.1
D1388,13,91.0
D1388,14,87.2
D1388,15,89.4
D1388,16,93.7
D1388,17,78.0
D1388,18,87.5
D1388,19,82.2
D1388,20,94.0
D1388,21,71.1
D1388,22,79.8
D1388,23,75.9
D1388,24,72.5
D1389,1,88.8
D1389,2,96.8
D1389,3,91.9
D1389,4,78.0
D1389,5,88.0
D1389,6,92.9
D1389,7,78.7
D1389,8,82.3
D1389,9,77.2
D1389,10,72.4
D1389,11,95.2
D1389,12,88.9
D1389,13,81.2
D1389,14,84.6
D1389,15,83.5
D1389,16,75.4
D1389,17,77.2
D1389,18,90.0
D1389,19,91.8
D1389,20,79.2
D1389,21,77.2
D1389,22,80.2
D1389,23,76.1
D1389,24,79.5
D1389,25,80.4
D1389,26,76.7
D1390,1,23.3
D1390,2,29.1
D1390,3,27.2
D1390,4,19.7
D1390,5,26.6
D1390,6,17.3
D1390,7,12.3
D1390,8,23.7
D1390,9,34.5
D1390,10,20.7
D1390,11,21.4
D1390,12,27.3
D1390,13,21.9
D1390,14,16.8
D1390,15,2.2
D1390,16,1.6
D1390,17,4.6
D1390,18,3.1
D1391,1,28.8
D1391,2,32.7
D1391,3,23.9
D1391,4,26.8
D1391,5,12.4
D1391,6,30.5
D1391,7,40.1
D1391,8,45.4
D1391,9,20.4
D1391,10,13.6
D1391,11,32.1
D1391,12,33.0
D1391,13,24.1
D1391,14,25.6
D1391,15,17.5
D1391,16,29.8
D1391,17,14.8
D1391,18,46.6
D1391,19,21.9
D1391,20,18.8
D1391,21,24.0
D1391,22,39.1
D1391,23,22.6
D1391,24,18.8
D1391,25,25.1
D1391,26,26.2
D1392,1,79.8
D1392,2,85.3
D1392,3,95.2
D1392,4,91.5
D1392,5,87.5
D1392,6,78.0
D1392,7,79.0
D1392,8,72.4
D1392,9,88.8
D1392,10,78.3
D1392,11,90.4
D1392,12,94.3
D1392,13,79.6
D1392,14,81.1
D1392,15,79.4
D1392,16,80.6
D1392,17,76.3
D1392,18,96.9
D1392,19,89.5
D1392,20,92.4
D1392,21,83.2
D1392,22,78.4
D1392,23,85.4
D1392,24,86.9
D1392,25,84.4
D1392,26,88.4
D1393,1,68.1
D1393,2,42.9
D1393,3,56.2
D1393,4,54.6
D1393,5,55.7
D1393,6,55.9
D1393,7,52.2
D1393,8,54.4
D1393,9,54.3
D1393,10,61.8
D1393,11,42.8
D1393,12,39.5
D1393,13,44.3
D1393,14,57.4
D1393,15,50.5
D1393,16,54.7
D1393,17,38.3
D1393,18,53.7
D1393,19,45.3
D1393,20,35.7
D1393,21,50.0
D1393,22,34.7
D1393,23,56.1
D1393,24,45.0
D1393,25,47.8
D1393,26,37.4
D1394,1,11.7
D1394,2,13.0
D1394,3,17.3
D1394,4,7.5
D1394,5,38.0
D1394,6,18.6
D1394,7,16.7
D1394,8,8.2
D1394,9,26.7
D1394,10,14.5
D1394,11,18.5
D1394,12,26.0
D1394,13,20.1
D1394,14,17.5
D1394,15,12.0
D1394,16,10.6
D1394,17,10.4
D1394,18,7.0
D1394,19,6.3
D1394,20,19.3
D1394,21,7.1
D1394,22,22.2
D1394,23,4.5
D1394,24,9.2
D1394,25,20.1
D1394,26,15.5
D1395,1,30.7
D1395,2,19.6
D1395,3,39.2
D1395,4,30.3
D1395,5,31.2
D1395,6,17.6
D1395,7,31.2
D1395,8,25.7
D1395,9,26.2
D1395,10,38.7
D1395,11,11.7
D1395,12,24.1
D1395,13,41.2
D1395,14,27.2
D1395,15,38.2
D1395,16,43.5
D1395,17,24.7
D1395,18,14.4
D1395,19,23.3
D1395,20,33.4
D1395,21,29.4
D1395,22,28.7
D1395,23,27.5
D1395,24,40.2
D1395,25,21.0
D1395,26,30.6
D1396,1,59.6
D1396,2,63.3
D1396,3,68.2
D1396,4,62.7
D1396,5,81.6
D1396,6,66.9
D1396,7,63.6
D1396,8,70.7
D1396,9,61.6
D1396,10,63.7
D1396,11,60.4
D1396,12,57.7
D1396,13,63.5
D1396,14,63.5
D1396,15,60.5
D1396,16,57.0
D1396,17,61.2
D1396,18,59.7
D1396,19,71.2
D1396,20,66.0
D1396,21,62.1
D1396,22,51.2
D1396,23,59.6
D1396,24,71.0
D1396,25,61.7
D1396,26,65.5
D1397,1,88.0
D1397,2,81.1
D1397,3,87.5
D1397,4,79.9
D1397,5,76.5
D1397,6,94.5
D1397,7,92.6
D1397,8,78.5
D1397,9,79.0
D1397,10,85.6
D1397,11,84.7
D1397,12,85.5
D1397,13,84.1
D1397,14,85.9
D1397,15,89.6
D1397,16,94.1
D1397,17,88.0
D1397,18,85.6
D1397,19,89.1
D1397,20,92.1
D1397,21,82.9
D1397,22,90.7
D1397,23,86.1
D1397,24,90.5
D1397,25,85.4
D1397,26,91.7
D1398,1,54.4
D1398,2,51.6
D1398,3,73.2
D1398,4,50.0
D1398,5,67.8
D1398,6,69.0
D1398,7,59.4
D1398,8,79.3
D1398,9,55.2
D1398,10,74.4
D1398,11,62.7
D1398,12,69.0
D1398,13,61.4
D1398,14,84.9
D1398,15,76.7
D1398,16,79.9
D1398,17,68.2
D1398,18,63.6
D1398,19,56.8
D1398,20,67.3
D1398,21,61.7
D1398,22,78.9
D1398,23,63.6
D1398,24,54.5
D1398,25,72.2
D1398,26,64.9
D1399,1,9.8
D1399,2,19.3
D1399,3,34.3
D1399,4,12.1
D1399,5,17.8
D1399,6,9.4
D1399,7,16.8
D1399,8,19.7
D1399,9,10.8
D1399,10,9.9
D1399,11,12.3
D1399,12,11.0
D1399,13,26.0
D1399,14,22.2
D1399,15,22.0
D1399,16,22.4
D1399,17,16.0
D1399,18,23.3
D1399,19,3.3
D1399,20,6.4
D1399,21,2.6
D1399,22,7.4
D1399,23,0.0
D1399,24,5.9
D1399,25,5.3
D1400,1,61.2
D1400,2,57.1
D1400,3,49.9
D1400,4,54.1
D1400,5,48.2
D1400,6,62.2
D1400,7,61.6
D1400,8,32.6
D1400,9,51.7
D1400,10,54.2
D1400,11,52.1
D1400,12,55.3
D1400,13,57.4
D1400,14,37.8
D1400,15,46.5
D1400,16,34.1
D1400,17,28.5
D1400,18,46.8
D1400,19,43.2
D1400,20,43.0
D1400,21,47.8
D1400,22,37.8
D1400,23,38.6
D1400,24,45.4
D1400,25,51.9
D1400,26,34.1
D1401,1,63.0
D1401,2,88.0
D1401,3,73.0
D1401,4,74.1
D1401,5,62.5
D1401,6,58.8
D1401,7,59.8
D1401,8,67.4
D1401,9,73.6
D1401,10,68.7
D1401,11,69.5
D1401,12,69.6
D1401,13,66.5
D1401,14,85.8
D1401,15,54.0
D1401,16,70.5
D1401,17,70.7
D1401,18,63.4
D1401,19,75.7
D1401,20,66.8
D1401,21,64.2
D1401,22,75.8
D1401,23,84.3
D1401,24,61.6
D1401,25,61.0
D1401,26,65.8
D1402,1,79.9
D1402,2,87.9
D1402,3,84.0
D1402,4,75.2
D1402,5,78.9
D1402,6,87.2
D1402,7,85.8
D1402,8,88.6
D1402,9,91.4
D1402,10,82.9
D1402,11,85.9
D1402,12,88.3
D1402,13,85.4
D1402,14,90.7
D1402,15,68.8
D1402,16,80.8
D1402,17,84.9
D1403,1,93.4
D1403,2,87.6
D1403,3,78.4
D1403,4,91.8
D1403,5,84.9
D1403,6,83.6
D1403,7,87.3
D1403,8,82.1
D1403,9,90.1
D1403,10,90.3
D1403,11,93.8
D1403,12,91.1
D1403,13,85.7
D1403,14,91.6
D1403,15,88.5
D1403,16,84.6
D1403,17,78.4
D1403,18,83.8
D1403,19,87.2
D1403,20,96.1
D1403,21,92.0
D1403,22,92.4
D1403,23,87.0
D1403,24,97.9
D1403,25,88.8
D1403,26,96.7
D1404,1,76.9
D1404,2,88.2
D1404,3,82.4
D1404,4,91.6
D1404,5,79.8
D1404,6,74.2
D1404,7,83.6
D1404,8,90.8
D1404,9,79.0
D1404,10,98.0
D1404,11,87.5
D1404,12,75.4
D1404,13,76.0
D1404,14,87.1
D1404,15,83.9
D1404,16,86.8
D1404,17,85.9
D1404,18,87.7
D1404,19,75.9
D1404,20,77.8
D1404,21,79.2
D1404,22,83.0
D1404,23,77.5
D1404,24,81.6
D1404,25,89.6
D1404,26,79.0
D1405,1,24.3
D1405,2,23.1
D1405,3,30.0
D1405,4,10.8
D1405,5,24.2
D1405,6,28.6
D1405,7,23.3
D1405,8,38.9
D1405,9,21.8
D1405,10,16.4
D1405,11,20.7
D1405,12,6.2
D1405,13,6.8
D1405,14,2.7
D1405,15,2.1
D1405,16,1.6
D1406,1,91.7
D1406,2,76.7
D1406,3,79.7
D1406,4,77.5
D1406,5,90.7
D1406,6,82.7
D1406,7,80.1
D1406,8,78.6
D1406,9,85.9
D1406,10,84.9
D1406,11,78.7
D1406,12,77.9
D1406,13,92.2
D1406,14,79.1
D1406,15,90.6
D1406,16,91.9
D1406,17,79.3
D1406,18,79.3
D1406,19,91.3
D1406,20,91.4
D1406,21,78.2
D1406,22,89.2
D1406,23,89.5
D1406,24,79.7
D1406,25,83.8
D1406,26,92.9
D1407,1,55.0
D1407,2,30.9
D1407,3,59.3
D1407,4,51.1
D1407,5,39.4
D1407,6,54.4
D1407,7,51.8
D1407,8,46.8
D1407,9,38.5
D1407,10,47.9
D1407,11,34.4
D1407,12,28.9
D1407,13,49.1
D1407,14,44.9
D1407,15,54.6
D1407,16,47.6
D1407,17,48.2
D1407,18,41.8
D1407,19,44.1
D1407,20,37.2
D1407,21,42.9
D1407,22,40.9
D1407,23,32.1
D1407,24,37.1
D1407,25,40.7
D1407,26,37.1
D1408,1,45.9
D1408,2,37.4
D1408,3,38.7
D1408,4,53.0
D1408,5,55.2
D1408,6,42.5
D1408,7,42.9
D1408,8,47.0
D1408,9,44.3
D1408,10,43.6
D1408,11,40.1
D1408,12,45.6
D1408,13,50.5
D1408,14,36.9
D1408,15,37.1
D1408,16,36.4
D1408,17,21.2
D1408,18,22.0
D1408,19,16.3
D1408,20,15.8
D1408,21,9.1
D1408,22,1.9
D1408,23,5.6
D1409,1,23.1
D1409,2,25.5
D1409,3,18.2
D1409,4,21.6
D1409,5,31.8
D1409,6,21.8
D1409,7,21.6
D1409,8,22.6
D1409,9,24.4
D1409,10,27.8
D1409,11,31.3
D1409,12,25.5
D1409,13,17.2
D1409,14,35.5
D1409,15,29.4
D1409,16,23.6
D1409,17,23.8
D1409,18,29.3
D1409,19,29.3
D1409,20,28.4
D1409,21,18.3
D1409,22,31.5
D1409,23,34.2
D1409,24,20.2
D1409,25,25.2
D1409,26,27.6
D1410,1,52.6
D1410,2,53.7
D1410,3,59.8
D1410,4,53.4
D1410,5,73.5
D1410,6,56.4
D1410,7,49.4
D1410,8,68.9
D1410,9,64.4
D1410,10,76.0
D1410,11,62.8
D1410,12,62.0
D1410,13,58.9
D1410,14,73.1
D1410,15,60.4
D1410,16,66.0
D1410,17,78.5
D1410,18,66.6
D1410,19,64.7
D1410,20,64.1
D1410,21,52.8
D1410,22,69.0
D1410,23,62.2
D1410,24,72.7
D1410,25,61.5
D1410,26,59.2
D1411,1,86.3
D1411,2,79.5
D1411,3,89.2
D1411,4,74.3
D1411,5,88.3
D1411,6,99.0
D1411,7,75.4
D1411,8,75.3
D1411,9,84.5
D1411,10,88.0
D1411,11,84.4
D1411,12,88.5
D1411,13,93.6
D1411,14,78.0
D1411,15,88.8
D1411,16,97.7
D1411,17,87.7
D1411,18,95.1
D1411,19,81.9
D1411,20,91.0
D1411,21,80.6
D1411,22,89.3
D1411,23,87.3
D1411,24,83.6
D1411,25,84.9
D1411,26,81.3
D1412,1,3.2
D1412,2,15.3
D1412,3,3.6
D1412,4,27.6
D1412,5,23.8
D1412,6,8.4
D1412,7,10.4
D1412,8,33.0
D1412,9,18.6
D1412,10,16.3
D1412,11,6.4
D1412,12,6.0
D1412,13,19.5
D1412,14,15.1
D1412,15,21.0
D1412,16,26.4
D1412,17,21.8
D1412,18,27.7
D1412,19,20.9
D1412,20,7.4
D1412,21,23.4
D1412,22,18.3
D1412,23,21.4
D1412,24,19.6
D1412,25,23.3
D1412,26,16.8
D1413,1,66.1
D1413,2,67.2
D1413,4,70.1
D1413,5,61.0
D1413,6,65.6
D1413,7,65.3
D1413,8,59.3
D1413,9,40.3
D1413,10,52.5
D1413,11,47.8
D1413,12,50.9
D1414,1,14.2
D1414,2,23.7
D1414,3,16.9
D1414,4,15.2
D1414,5,13.9
D1414,6,4.7
D1414,7,26.1
D1414,8,9.1
D1414,9,24.3
D1414,10,18.3
D1414,11,11.0
D1414,12,17.3
D1414,13,28.4
D1414,14,16.7
D1414,15,20.9
D1414,16,9.6
D1414,17,0.0
D1414,18,12.7
D1414,19,13.7
D1414,20,2.7
D1414,21,16.8
D1414,22,7.4
D1414,23,16.8
D1414,24,12.3
D1414,25,25.6
D1414,26,12.6
D1415,1,84.8
D1415,2,76.3
D1415,3,97.6
D1415,4,85.3
D1415,5,91.8
D1415,6,84.9
D1415,7,96.5
D1415,8,96.6
D1415,9,86.7
D1415,10,82.8
D1415,11,81.1
D1415,12,100.0
D1415,13,91.0
D1415,14,98.4
D1415,15,90.8
D1415,16,79.6
D1415,17,79.3
D1415,18,93.1
D1415,19,80.8
D1415,20,90.5
D1415,21,91.0
D1415,22,100.0
D1415,23,89.4
D1415,24,86.8
D1415,25,94.3
D1415,26,78.6
D1416,1,14.8
D1416,2,6.5
D1416,3,25.9
D1416,4,14.8
D1416,5,19.2
D1416,6,17.5
D1416,7,29.8
D1416,8,17.8
D1416,9,16.3
D1416,10,5.7
D1416,11,16.0
D1416,12,10.9
D1416,13,17.5
D1416,14,22.8
D1416,15,25.7
D1416,16,12.2
D1416,17,15.2
D1416,18,17.4
D1416,19,13.3
D1416,20,16.4
D1416,21,26.4
D1416,22,15.6
D1416,23,19.7
D1416,24,21.0
D1416,25,28.3
D1416,26,19.1
D1417,1,62.4
D1417,2,59.3
D1417,3,61.8
D1417,4,60.2
D1417,5,62.0
D1417,6,61.9
D1417,7,62.1
D1417,8,57.1
D1417,9,58.8
D1417,10,51.5
D1417,11,70.9
D1417,12,69.7
D1417,13,65.4
D1417,14,57.6
D1417,15,66.0
D1417,16,72.7
D1417,17,67.7
D1417,18,62.7
D1417,19,71.0
D1417,20,66.1
D1417,21,65.9
D1417,22,63.0
D1417,23,67.3
D1417,24,65.8
D1417,25,63.0
D1417,26,66.8
D1418,1,48.2
D1418,2,63.7
D1418,3,49.2
D1418,4,34.7
D1418,5,58.2
D1418,6,29.0
D1418,7,29.1
D1418,8,42.6
D1418,9,37.9
D1418,10,48.4
D1418,11,41.7
D1418,12,27.5
D1418,13,41.7
D1418,14,32.5
D1418,15,53.5
D1418,16,42.2
D1418,17,42.4
D1418,18,42.6
D1418,19,48.6
D1418,20,22.4
D1418,21,31.1
D1418,22,31.1
D1418,23,27.3
D1418,24,32.6
D1418,25,30.4
D1418,26,35.9
D1419,1,96.0
D1419,2,93.7
D1419,3,75.0
D1419,4,93.6
D1419,5,92.8
D1419,6,95.7
D1419,7,81.3
D1419,8,95.8
D1419,9,84.5
D1419,10,90.1
D1419,11,79.1
D1419,12,96.6
D1419,13,87.6
D1419,14,85.9
D1419,15,80.8
D1419,16,90.3
D1419,17,83.9
D1419,18,91.3
D1419,19,88.1
D1419,20,90.3
D1419,21,90.6
D1419,22,96.8
D1419,23,81.2
D1419,24,85.8
D1419,25,79.8
D1419,26,89.7
D1420,1,94.3
D1420,2,78.5
D1420,3,67.8
D1420,4,89.8
D1420,5,91.7
D1420,6,89.2
D1420,7,83.5
D1420,8,84.5
D1420,9,81.9
D1420,10,85.8
D1420,11,94.2
D1420,12,82.3
D1420,13,75.4
D1420,14,81.7
D1420,15,98.1
D1420,16,74.3
D1420,17,86.7
D1420,18,76.7
D1420,19,78.7
D1420,20,94.2
D1420,21,72.2
D1420,22,85.1
D1420,23,90.9
D1420,24,84.9
D1420,25,78.2
D1420,26,92.5
D1421,1,57.0
D1421,2,50.0
D1421,3,61.9
D1421,4,44.5
D1421,5,56.0
D1421,6,55.9
D1421,7,48.5
D1421,8,52.8
D1421,9,66.4
D1421,10,51.0
D1421,11,55.7
D1421,12,49.7
D1421,13,47.2
D1421,14,51.0
D1421,15,44.5
D1421,16,55.6
D1421,17,35.9
D1421,18,43.5
D1421,19,62.7
D1421,20,35.8
D1421,21,44.1
D1421,22,38.0
D1421,23,42.9
D1421,24,32.2
D1421,25,37.3
D1421,26,23.3
D1422,1,83.6
D1422,2,86.2
D1422,3,90.6
D1422,4,92.4
D1422,5,85.7
D1422,6,78.5
D1422,7,80.2
D1422,8,84.5
D1422,9,84.0
D1422,10,84.3
D1422,11,83.9
D1422,12,89.5
D1422,13,77.1
D1422,14,76.7
D1422,15,85.9
D1422,16,74.1
D1422,17,92.9
D1422,18,91.9
D1422,19,79.9
D1422,20,73.9
D1422,21,92.4
D1422,22,79.1
D1422,23,94.5
D1422,24,81.8
D1422,25,90.7
D1422,26,90.8
D1423,1,15.8
D1423,2,34.2
D1423,3,23.7
D1423,4,26.2
D1423,5,21.8
D1423,6,9.0
D1423,7,19.6
D1423,8,8.5
D1423,9,33.8
D1423,10,19.8
D1423,11,31.6
D1423,12,17.8
D1423,13,22.1
D1423,14,12.3
D1423,15,22.1
D1423,16,20.2
D1423,17,27.0
D1423,18,16.6
D1423,19,34.7
D1423,20,22.0
D1423,21,30.5
D1423,22,17.1
D1423,23,32.1
D1423,24,25.5
D1423,25,24.0
D1423,26,19.0
D1424,1,76.6
D1424,2,78.3
D1424,3,81.8
D1424,4,77.8
D1424,5,81.6
D1424,6,81.6
D1424,7,78.9
D1424,8,87.3
D1424,9,85.5
D1424,10,89.4
D1424,11,96.8
D1424,12,83.6
D1424,13,77.4
D1424,14,76.9
D1424,15,81.7
D1424,16,77.3
D1424,17,88.2
D1424,18,96.8
D1424,19,77.1
D1424,20,87.9
D1424,21,92.9
D1424,22,88.0
D1424,23,92.5
D1424,24,79.2
D1424,25,97.1
D1424,26,84.8
D1425,1,7.4
D1425,2,25.7
D1425,3,30.2
D1425,4,35.4
D1425,5,30.0
D1425,6,17.6
D1425,7,37.7
D1425,8,21.9
D1425,9,17.0
D1425,10,17.9
D1425,11,34.7
D1425,12,42.8
D1425,13,25.9
D1425,14,17.4
D1425,15,25.0
D1425,16,18.5
D1425,17,41.2
D1425,18,29.1
D1425,19,28.2
D1425,20,15.7
D1425,21,20.1
D1425,22,16.8
D1425,23,4.1
D1425,24,32.9
D1425,25,26.6
D1425,26,24.8
D1426,1,11.9
D1426,2,24.1
D1426,3,18.3
D1426,4,15.4
D1426,5,27.0
D1426,6,22.4
D1426,7,13.1
D1426,8,22.1
D1426,9,21.7
D1426,10,13.7
D1426,11,23.2
D1426,12,12.8
D1426,13,11.2
D1426,14,20.0
D1426,15,17.4
D1426,16,9.3
D1426,17,10.3
D1426,18,19.7
D1426,19,21.7
D1426,20,25.1
D1426,21,21.2
D1426,22,22.8
D1426,23,12.8
D1426,24,15.0
D1426,25,9.2
D1426,26,14.8
D1427,1,15.5
D1427,2,18.2
D1427,3,11.5
D1427,4,20.8
D1427,5,19.0
D1427,6,35.8
D1427,7,11.6
D1427,8,11.4
D1427,9,3.1
D1427,10,1.8
D1427,11,0.0
D1427,12,0.7
D1427,13,0.0
D1427,14,0.5
D1428,1,83.9
D1428,2,79.2
D1428,3,80.9
D1428,4,80.3
D1428,5,73.8
D1428,6,69.7
D1428,7,75.4
D1428,8,76.1
D1428,9,79.5
D1429,1,23.1
D1429,2,14.6
D1429,3,23.1
D1429,4,34.7
D1429,5,14.5
D1429,6,10.8
D1429,7,23.5
D1429,8,17.2
D1429,9,20.1
D1429,10,11.0
D1429,11,18.8
D1429,12,0.0
D1429,13,3.8
D1429,14,0.5
D1429,15,0.0
D1429,16,0.0
D1429,17,16.1
D1430,1,64.1
D1430,2,51.2
D1430,3,49.7
D1430,4,54.1
D1430,5,33.2
D1430,6,34.5
D1430,7,51.8
D1430,8,58.0
D1430,9,49.7
D1430,10,39.7
D1430,11,53.2
D1430,12,50.7
D1430,13,22.7
D1430,14,28.9
D1430,15,39.0
D1430,16,39.7
D1430,17,35.5
D1430,18,44.0
D1430,19,34.8
D1430,20,33.6
D1430,21,30.4
D1430,22,43.5
D1430,23,38.3
D1430,24,38.5
D1430,25,42.8
D1430,26,51.3
D1431,1,91.1
D1431,2,97.5
D1431,3,90.5
D1431,4,89.3
D1431,5,90.1
D1431,6,87.8
D1431,7,86.7
D1431,8,77.0
D1431,9,81.7
D1431,10,95.7
D1431,11,86.6
D1431,12,93.3
D1431,13,83.8
D1431,14,96.8
D1431,15,86.6
D1431,16,91.1
D1431,17,93.9
D1431,18,86.4
D1431,19,90.2
D1431,20,79.8
D1431,21,81.5
D1431,22,97.3
D1431,23,75.4
D1431,24,70.4
D1431,25,90.8
D1431,26,86.8
D1432,1,47.1
D1432,2,39.0
D1432,3,49.8
D1432,4,49.7
D1432,5,52.9
D1432,6,52.9
D1432,7,48.0
D1432,8,46.9
D1432,9,48.7
D1432,10,50.1
D1432,11,31.6
D1432,12,40.4
D1432,13,39.6
D1432,14,33.8
D1432,15,35.4
D1432,16,36.3
D1432,17,37.5
D1432,18,40.6
D1432,19,27.2
D1432,20,38.3
D1432,21,46.8
D1432,22,40.7
D1432,23,30.2
D1432,24,41.4
D1432,25,35.2
D1432,26,34.2
D1433,1,55.6
D1433,2,84.5
D1433,3,86.4
D1433,4,60.1
D1433,5,59.0
D1433,6,65.6
D1433,7,71.2
D1433,8,74.9
D1433,9,67.1
D1433,10,69.9
D1433,11,73.9
D1433,12,68.2
D1433,13,62.5
D1433,14,69.3
D1433,15,65.7
D1433,16,76.6
D1433,17,69.9
D1433,18,80.8
D1433,19,64.0
D1433,20,67.2
D1433,21,71.5
D1433,22,65.2
D1433,23,66.0
D1433,24,63.9
D1433,25,61.3
D1433,26,64.9
D1434,1,38.8
D1434,2,51.4
D1434,3,46.4
D1434,4,33.9
D1434,5,48.8
D1434,6,46.6
D1434,7,38.7
D1434,8,43.7
D1434,9,47.9
D1434,10,33.8
D1434,11,41.1
D1434,12,26.0
D1434,13,42.1
D1434,14,34.4
D1434,15,43.5
D1434,16,37.5
D1434,17,51.6
D1434,18,36.4
D1434,19,41.1
D1434,20,36.1
D1434,21,47.8
D1434,22,35.8
D1434,23,32.6
D1434,24,42.6
D1434,25,33.9
D1434,26,29.9
D1435,1,22.2
D1435,2,31.3
D1435,3,26.0
D1435,4,25.3
D1435,5,30.9
D1435,6,35.3
D1435,7,35.4
D1435,8,25.8
D1435,9,32.8
D1435,10,16.5
D1435,11,26.8
D1435,12,44.1
D1435,13,19.5
D1435,14,30.8
D1435,15,44.0
D1435,16,13.2
D1435,17,20.6
D1435,18,48.3
D1435,19,27.9
D1435,20,24.7
D1435,21,39.9
D1435,22,16.6
D1435,23,19.2
D1435,24,16.9
D1435,25,24.8
D1435,26,24.9
D1436,1,78.5
D1436,2,85.5
D1436,3,85.0
D1436,4,84.8
D1436,5,79.5
D1436,6,93.4
D1436,7,80.5
D1436,8,85.9
D1436,9,90.5
D1436,10,95.7
D1436,11,88.2
D1436,12,78.1
D1436,13,82.5
D1436,14,96.5
D1436,15,87.7
D1436,16,76.9
D1436,17,94.0
D1436,18,94.1
D1436,19,94.1
D1436,20,86.8
D1436,21,92.6
D1436,22,77.5
D1436,23,83.4
D1436,24,86.1
D1436,25,90.4
D1436,26,81.1
D1437,1,4.9
D1437,2,19.9
D1437,3,6.2
D1437,4,9.4
D1437,5,19.2
D1437,6,15.8
D1437,7,11.3
D1437,8,21.0
D1437,9,9.6
D1437,10,19.9
D1437,11,8.5
D1437,12,9.1
D1437,13,14.7
D1437,14,22.7
D1437,15,36.5
D1437,16,0.3
D1437,17,12.6
D1437,18,17.5
D1437,19,26.1
D1437,20,11.9
D1437,21,23.9
D1437,22,21.6
D1437,23,22.6
D1437,24,5.1
D1437,25,20.5
D1437,26,21.3
D1438,1,74.2
D1438,2,59.4
D1438,3,75.9
D1438,4,63.1
D1438,5,74.6
D1438,6,43.8
D1438,7,64.4
D1438,8,61.2
D1438,9,60.7
D1438,10,61.1
D1438,11,62.9
D1438,12,55.3
D1438,13,54.9
D1438,14,75.5
D1438,15,67.6
D1438,16,68.8
D1438,17,61.2
D1438,18,72.2
D1438,19,51.1
D1438,20,67.2
D1438,21,61.3
D1438,22,57.2
D1438,23,76.1
D1438,24,72.3
D1438,25,52.1
D1438,26,43.8
D1439,1,89.6
D1439,2,82.7
D1439,3,91.4
D1439,4,87.4
D1439,5,80.5
D1439,6,100.0
D1439,7,88.6
D1439,8,92.3
D1439,9,93.5
D1439,10,99.2
D1439,11,84.6
D1439,12,78.5
D1439,13,78.1
D1439,14,74.2
D1439,15,79.9
D1439,16,97.1
D1439,17,87.4
D1439,18,83.2
D1439,19,78.7
D1439,20,80.5
D1439,21,77.6
D1439,22,91.2
D1439,23,90.6
D1439,24,90.5
D1439,25,92.2
D1439,26,80.4
D1440,1,62.4
D1440,2,70.8
D1440,3,69.9
D1440,4,57.0
D1440,5,67.4
D1440,6,70.1
D1440,7,64.5
D1440,8,68.3
D1440,9,70.9
D1440,10,63.5
D1440,11,67.3
D1440,12,66.5
D1440,13,64.8
D1440,14,62.8
D1440,15,69.1
D1440,16,64.5
D1440,17,65.8
D1440,18,63.6
D1440,19,64.0
D1440,20,73.3
D1440,21,65.6
D1440,22,59.5
D1440,23,70.7
D1440,24,74.9
D1440,25,100.0
D1440,26,65.3
D1441,1,81.6
D1441,2,65.8
D1441,3,63.7
D1441,4,72.5
D1441,5,66.1
D1441,6,61.2
D1441,7,59.7
D1441,8,68.4
D1441,9,79.1
D1441,10,69.1
D1441,11,69.4
D1441,12,61.2
D1441,13,59.0
D1441,14,80.9
D1441,15,67.5
D1441,16,62.3
D1441,17,75.7
D1441,18,71.8
D1441,19,72.4
D1441,20,71.2
D1441,21,58.4
D1441,22,62.1
D1441,23,65.6
D1441,24,71.9
D1441,25,69.9
D1441,26,65.6
D1442,1,90.2
D1442,2,89.7
D1442,3,91.8
D1442,4,93.3
D1442,5,88.8
D1442,6,87.6
D1442,7,83.1
D1442,8,78.1
D1442,9,88.8
D1442,10,81.2
D1442,11,96.6
D1442,12,89.5
D1442,13,98.1
D1442,14,96.1
D1442,15,92.0
D1442,16,83.9
D1442,17,97.3
D1442,18,87.6
D1442,19,94.0
D1442,20,87.1
D1442,21,84.9
D1442,22,90.8
D1442,23,90.5
D1442,24,81.2
D1442,25,79.3
D1442,26,77.6
D1443,1,81.3
D1443,2,95.5
D1443,3,85.6
D1443,4,82.9
D1443,5,77.8
D1443,6,91.0
D1443,7,81.2
D1443,8,79.9
D1443,9,78.9
D1443,10,81.8
D1443,11,78.9
D1443,12,92.5
D1443,13,95.2
D1443,14,78.4
D1443,15,79.9
D1443,16,75.5
D1443,17,84.1
D1443,18,91.4
D1443,19,89.5
D1443,20,75.1
D1443,21,82.1
D1443,22,84.5
D1443,23,81.5
D1443,24,79.7
D1443,25,80.3
D1443,26,82.0
D1444,1,59.9
D1444,2,51.8
D1444,3,41.0
D1444,4,81.5
D1444,5,59.6
D1444,6,55.0
D1444,7,47.3
D1444,8,58.6
D1444,9,32.4
D1444,10,55.8
D1444,11,45.4
D1444,12,36.8
D1444,13,71.4
D1444,14,46.4
D1444,15,54.1
D1444,16,34.3
D1444,17,47.4
D1444,18,43.0
D1444,19,41.0
D1444,20,47.5
D1444,21,40.5
D1444,22,47.0
D1444,23,42.4
D1444,24,41.9
D1444,25,39.2
D1444,26,42.7
D1445,1,79.4
D1445,2,89.2
D1445,3,81.2
D1445,4,88.4
D1445,5,82.5
D1445,6,81.1
D1445,7,89.1
D1445,8,88.4
D1445,9,83.6
D1445,10,92.4
D1445,11,83.5
D1445,12,99.2
D1445,13,91.4
D1445,14,79.7
D1445,15,87.1
D1445,16,80.7
D1445,17,89.1
D1445,18,96.3
D1445,19,96.5
D1445,20,81.0
D1445,21,94.4
D1445,22,88.9
D1445,23,85.1
D1445,24,92.7
D1445,25,86.5
D1445,26,92.8
D1446,1,92.4
D1446,2,85.1
D1446,3,77.1
D1446,4,83.1
D1446,5,92.0
D1446,6,85.4
D1446,7,78.5
D1446,8,81.1
D1446,9,96.5
D1446,10,85.1
D1446,11,94.8
D1446,12,86.1
D1446,13,83.6
D1446,14,88.7
D1446,15,73.9
D1446,16,78.5
D1446,17,89.9
D1446,18,89.8
D1446,19,77.4
D1446,20,83.8
D1446,21,82.6
D1446,22,88.8
D1446,23,77.3
D1446,24,94.3
D1446,25,78.3
D1446,26,73.3
D1447,1,71.8
D1447,2,57.5
D1447,3,70.7
D1447,4,65.5
D1447,5,75.7
D1447,6,65.3
D1447,7,57.4
D1447,8,68.3
D1447,9,57.0
D1447,10,60.7
D1447,11,68.8
D1447,12,82.3
D1447,13,67.0
D1447,14,53.3
D1447,15,65.0
D1447,16,66.1
D1447,17,67.7
D1447,18,57.9
D1447,19,67.6
D1447,20,70.4
D1447,21,69.0
D1447,22,65.0
D1447,23,68.6
D1447,24,72.7
D1447,25,77.6
D1447,26,61.0
D1448,1,67.0
D1448,2,62.7
D1448,3,66.5
D1448,4,68.0
D1448,5,65.4
D1448,6,69.3
D1448,7,55.7
D1448,8,64.0
D1448,9,70.4
D1448,10,60.2
D1448,11,62.0
D1448,12,65.9
D1448,13,68.2
D1448,14,60.4
D1448,15,61.1
D1448,16,63.7
D1448,17,64.0
D1448,18,67.1
D1448,19,58.7
D1448,20,66.4
D1448,21,61.8
D1448,22,59.9
D1448,23,59.5
D1448,24,64.6
D1448,25,63.8
D1448,26,56.5
D1449,1,64.9
D1449,2,66.5
D1449,3,59.9
D1449,4,61.7
D1449,5,59.6
D1449,6,59.6
D1449,7,57.6
D1449,8,78.0
D1449,9,69.5
D1449,10,71.4
D1449,11,62.7
D1449,12,63.8
D1449,13,53.7
D1449,14,62.0
D1449,15,67.2
D1449,16,67.5
D1449,17,51.8
D1449,18,79.1
D1449,19,56.3
D1449,20,40.4
D1449,21,56.4
D1449,22,60.2
D1449,23,69.8
D1449,24,64.9
D1449,25,57.9
D1449,26,51.6
D1450,1,70.7
D1450,2,68.1
D1450,3,66.1
D1450,4,76.7
D1450,5,69.2
D1450,6,76.6
D1450,7,66.9
D1450,8,57.6
D1450,9,61.5
D1450,10,65.9
D1450,11,66.5
D1450,12,61.4
D1450,13,66.8
D1450,14,63.5
D1450,15,72.4
D1450,16,65.5
D1450,17,64.6
D1450,18,59.3
D1450,19,63.3
D1450,20,61.2
D1450,21,66.2
D1450,22,64.7
D1450,23,77.5
D1450,24,53.6
D1450,25,68.4
D1450,26,63.7
D1451,1,78.3
D1451,2,76.2
D1451,3,79.1
D1451,4,78.0
D1451,5,82.4
D1451,6,90.4
D1451,7,77.1
D1451,8,93.3
D1451,9,78.8
D1451,10,84.1
D1451,11,88.1
D1451,12,91.2
D1451,13,78.7
D1451,14,78.8
D1451,15,85.7
D1451,16,88.4
D1451,17,94.5
D1451,18,99.0
D1451,19,84.1
D1451,20,76.6
D1451,21,77.9
D1451,22,93.6
D1451,23,84.0
D1451,24,80.7
D1451,25,85.4
D1451,26,85.6
D1452,1,38.2
D1452,2,22.9
D1452,3,24.6
D1452,4,26.6
D1452,5,34.6
D1452,6,9.2
D1452,7,25.5
D1452,8,22.2
D1452,9,24.4
D1452,10,25.1
D1452,11,37.9
D1452,12,24.9
D1452,13,30.6
D1452,14,26.3
D1452,15,34.5
D1452,16,22.0
D1452,17,24.0
D1452,18,33.6
D1452,19,21.0
D1452,20,30.6
D1452,21,20.1
D1452,22,25.8
D1452,23,26.0
D1452,24,31.1
D1452,25,25.7
D1452,26,27.3
D1453,1,62.3
D1453,2,73.4
D1453,3,68.5
D1453,4,63.4
D1453,5,76.6
D1453,6,54.9
D1453,7,67.0
D1453,8,60.4
D1453,9,58.7
D1453,10,80.2
D1453,11,62.8
D1453,12,83.5
D1453,13,69.0
D1453,14,68.3
D1453,15,69.6
D1453,16,64.9
D1453,17,70.7
D1453,18,59.7
D1453,19,62.9
D1453,20,58.4
D1453,21,85.9
D1453,22,73.2
D1453,23,62.2
D1453,24,59.5
D1453,25,70.1
D1453,26,77.7
D1454,1,83.0
D1454,2,95.3
D1454,3,84.4
D1454,4,98.8
D1454,5,87.7
D1454,6,80.9
D1454,7,96.0
D1454,8,91.6
D1454,9,80.9
D1454,10,84.1
D1454,11,87.5
D1454,12,87.5
D1454,13,83.3
D1454,14,98.5
D1454,15,77.9
D1454,16,72.5
D1454,17,75.7
D1454,18,95.4
D1454,19,78.0
D1454,20,82.8
D1454,21,88.8
D1454,22,84.2
D1454,23,78.3
D1454,24,92.3
D1454,25,93.7
D1454,26,86.9
D1455,1,57.6
D1455,2,64.4
D1455,3,62.9
D1455,4,62.9
D1455,5,62.9
D1455,6,65.9
D1455,7,60.7
D1455,8,62.8
D1455,9,78.5
D1455,10,62.4
D1455,11,52.8
D1455,12,58.8
D1455,13,56.3
D1455,14,62.0
D1455,15,58.5
D1455,16,63.3
D1455,17,67.1
D1455,18,51.3
D1455,19,57.4
D1455,20,60.4
D1455,21,63.0
D1455,22,66.2
D1455,23,81.6
D1455,24,60.5
D1455,25,75.4
D1455,26,60.1
D1456,1,24.8
D1456,2,29.0
D1456,3,21.9
D1456,4,18.5
D1456,5,30.8
D1456,6,12.4
D1456,7,23.0
D1456,8,20.3
D1456,9,21.8
D1456,10,12.4
D1456,11,20.9
D1456,12,6.6
D1456,13,14.8
D1456,14,11.5
D1456,15,1.4
D1456,16,0.0
D1456,17,0.0
D1457,1,50.5
D1457,2,61.6
D1457,3,52.1
D1457,4,48.7
D1457,5,57.4
D1457,6,48.1
D1457,7,48.6
D1457,8,43.0
D1457,9,40.8
D1457,10,30.4
D1457,11,18.7
D1457,12,19.7
D1457,13,13.3
D1457,14,23.9
D1457,15,13.1
D1458,1,87.1
D1458,2,86.7
D1458,3,94.8
D1458,4,85.6
D1458,5,91.7
D1458,6,94.9
D1458,7,92.1
D1458,8,95.8
D1458,9,81.5
D1458,10,86.3
D1458,11,82.9
D1458,12,92.3
D1458,13,86.7
D1458,14,88.1
D1458,15,92.2
D1458,16,86.2
D1458,17,94.1
D1458,18,84.0
D1458,19,87.4
D1458,20,91.2
D1458,21,85.0
D1458,22,91.3
D1458,23,76.9
D1458,24,92.2
D1458,25,95.3
D1458,26,92.8
D1459,1,78.5
D1459,2,91.7
D1459,3,90.3
D1459,4,73.4
D1459,5,79.6
D1459,6,86.2
D1459,7,95.9
D1459,8,75.2
D1459,9,95.8
D1459,10,76.7
D1459,11,92.7
D1459,12,89.4
D1459,13,95.7
D1459,14,91.9
D1459,15,87.6
D1459,16,94.5
D1459,17,74.5
D1459,18,87.3
D1459,19,89.9
D1459,20,84.4
D1459,21,93.8
D1459,22,76.6
D1459,23,76.7
D1459,24,80.5
D1459,25,88.2
D1459,26,79.5
D1460,1,67.2
D1460,2,58.2
D1460,3,71.3
D1460,4,64.6
D1460,5,71.8
D1460,6,69.6
D1460,7,75.3
D1460,8,73.0
D1460,9,65.1
D1460,10,76.0
D1460,11,70.1
D1460,12,83.9
D1460,13,76.1
D1460,14,66.5
D1460,15,76.5
D1460,16,49.1
D1460,17,62.5
D1460,18,56.8
D1460,19,63.1
D1460,20,65.7
D1460,21,68.9
D1460,22,66.2
D1460,23,71.9
D1460,24,72.2
D1460,25,68.0
D1460,26,78.7
D1461,1,67.6
D1461,2,72.6
D1461,3,74.3
D1461,4,64.1
D1461,5,86.1
D1461,6,67.3
D1461,7,61.8
D1461,8,78.4
D1461,9,67.8
D1461,10,59.9
D1461,11,66.9
D1461,12,64.6
D1461,13,69.1
D1461,14,61.3
D1461,15,71.2
D1461,16,62.6
D1461,17,67.7
D1461,18,68.6
D1461,19,60.8
D1461,20,70.6
D1461,21,61.4
D1461,22,69.1
D1461,23,68.7
D1461,24,70.9
D1461,25,81.5
D1461,26,76.2
D1462,1,18.2
D1462,2,25.0
D1462,3,15.2
D1462,4,23.1
D1462,5,22.3
D1462,6,6.7
D1462,7,20.7
D1462,8,8.7
D1462,9,10.8
D1462,10,10.3
D1462,11,14.1
D1462,12,7.3
D1462,13,13.8
D1462,14,14.7
D1462,15,22.8
D1462,16,25.3
D1462,17,14.4
D1462,18,13.7
D1462,19,20.5
D1462,20,11.8
D1462,21,11.1
D1462,22,15.8
D1462,23,15.4
D1462,24,12.7
D1462,25,14.5
D1462,26,3.1
D1463,1,60.4
D1463,2,59.0
D1463,3,74.2
D1463,4,67.3
D1463,5,62.0
D1463,6,68.2
D1463,7,56.0
D1463,8,54.7
D1463,9,56.7
D1463,10,44.2
D1463,11,33.0
D1463,12,73.5
D1463,13,45.1
D1463,14,48.6
D1463,15,47.8
D1463,16,37.0
D1463,17,54.0
D1464,1,53.8
D1464,2,50.3
D1464,3,60.7
D1464,4,55.1
D1464,5,38.6
D1464,6,41.6
D1464,7,53.0
D1464,8,57.8
D1464,9,40.2
D1464,10,51.3
D1464,11,43.3
D1464,12,52.2
D1464,13,48.3
D1464,14,24.8
D1464,15,45.9
D1464,16,52.2
D1464,17,38.0
D1464,18,33.6
D1464,19,33.6
D1464,20,16.3
D1464,21,18.5
D1464,22,17.8
D1464,23,22.4
D1464,24,14.7
D1464,25,6.8
D1465,1,47.6
D1465,2,46.9
D1465,3,38.0
D1465,4,51.3
D1465,5,29.3
D1465,6,33.5
D1465,7,38.6
D1465,8,50.6
D1465,9,44.4
D1465,10,38.2
D1465,11,56.7
D1465,12,51.3
D1465,13,43.8
D1465,14,31.6
D1465,15,29.9
D1465,16,49.7
D1465,17,38.5
D1465,18,37.6
D1465,19,48.7
D1465,20,42.0
D1465,21,28.2
D1465,22,29.5
D1465,23,40.3
D1465,24,42.2
D1465,25,39.2
D1465,26,41.2
D1466,1,94.3
D1466,2,97.0
D1466,3,92.3
D1466,4,91.7
D1466,5,77.6
D1466,6,80.1
D1466,7,79.3
D1466,8,86.7
D1466,9,78.3
D1466,10,87.3
D1466,11,83.4
D1466,12,91.3
D1466,13,98.8
D1466,14,98.4
D1466,15,85.3
D1466,16,97.8
D1466,17,96.1
D1466,18,90.4
D1466,19,95.8
D1466,20,84.6
D1466,21,91.9
D1466,22,97.4
D1466,23,95.6
D1466,24,93.8
D1466,25,79.1
D1466,26,80.4
D1467,1,62.4
D1467,2,62.1
D1467,3,74.0
D1467,4,63.3
D1467,5,62.3
D1467,6,50.6
D1467,7,69.8
D1467,8,62.7
D1467,9,60.0
D1467,10,54.7
D1467,11,63.4
D1467,12,60.5
D1467,13,77.5
D1467,14,62.4
D1467,15,57.4
D1467,16,69.9
D1467,17,51.5
D1467,18,65.1
D1467,19,67.7
D1467,20,87.6
D1467,21,60.0
D1467,22,75.1
D1467,23,59.2
D1467,24,58.5
D1467,25,61.8
D1467,26,62.1
D1468,1,65.6
D1468,2,60.5
D1468,3,63.2
D1468,4,57.6
D1468,5,63.2
D1468,6,67.6
D1468,7,62.2
D1468,8,56.8
D1468,9,63.9
D1468,10,66.3
D1468,11,58.8
D1468,12,56.6
D1468,13,62.6
D1468,14,68.9
D1468,15,65.1
D1468,16,58.2
D1468,17,64.3
D1468,18,60.8
D1468,19,79.2
D1468,20,69.2
D1468,21,60.5
D1468,22,67.8
D1468,23,62.8
D1468,24,49.0
D1468,25,52.0
D1468,26,65.8
D1469,1,30.2
D1469,2,12.7
D1469,3,21.8
D1469,4,31.0
D1469,5,24.2
D1469,6,21.9
D1469,7,13.6
D1469,8,12.5
D1469,9,26.1
D1469,10,36.0
D1469,11,26.5
D1469,12,20.2
D1469,13,18.3
D1469,14,15.7
D1469,15,29.7
D1469,16,13.9
D1469,17,15.2
D1469,18,3.9
D1469,19,3.5
D1469,20,5.4
D1469,21,14.9
D1469,22,13.5
D1469,23,9.2
D1470,1,42.7
D1470,2,54.9
D1470,3,49.7
D1470,4,69.8
D1470,5,58.8
D1470,6,54.6
D1470,7,37.5
D1470,8,47.7
D1470,9,62.7
D1470,10,47.7
D1470,11,63.6
D1470,12,38.4
D1470,13,51.6
D1470,14,61.4
D1470,15,46.0
D1470,16,59.7
D1470,17,45.8
D1470,18,32.1
D1470,19,47.0
D1470,20,42.1
D1470,21,53.9
D1470,22,33.0
D1470,23,56.6
D1470,24,44.0
D1470,25,54.5
D1470,26,33.7
D1471,1,21.0
D1471,2,33.4
D1471,3,12.3
D1471,4,18.7
D1471,5,19.9
D1471,6,27.0
D1471,7,22.6
D1471,8,23.3
D1471,9,21.5
D1471,10,14.7
D1471,11,14.0
D1471,12,5.3
D1471,13,7.7
D1471,14,2.9
D1471,15,7.4
D1471,16,4.6
D1471,17,4.2
D1472,1,59.8
D1472,2,52.4
D1472,3,52.9
D1472,4,50.3
D1472,5,60.0
D1472,6,53.4
D1472,7,53.9
D1472,8,56.0
D1472,9,55.1
D1472,10,43.3
D1472,11,55.0
D1472,12,46.1
D1472,13,54.1
D1472,14,44.5
D1472,15,60.9
D1472,16,42.6
D1472,17,51.4
D1472,18,40.2
D1472,19,55.8
D1472,20,38.0
D1472,21,53.2
D1472,22,38.1
D1472,23,38.6
D1472,24,46.9
D1472,25,47.0
D1472,26,35.9
D1473,1,78.5
D1473,2,92.3
D1473,3,94.0
D1473,4,92.7
D1473,5,77.3
D1473,6,81.2
D1473,7,90.7
D1473,8,88.0
D1473,9,91.3
D1473,10,80.4
D1473,11,93.6
D1473,12,79.0
D1473,13,76.9
D1473,14,90.0
D1473,15,91.3
D1473,16,80.1
D1473,17,79.3
D1473,18,73.5
D1473,19,81.2
D1473,20,82.6
D1473,21,78.3
D1473,22,83.3
D1473,23,94.1
D1473,24,79.6
D1473,25,90.8
D1473,26,80.7
D1474,1,60.2
D1474,2,71.3
D1474,3,68.3
D1474,4,55.5
D1474,5,73.7
D1474,6,78.3
D1474,7,70.0
D1474,8,59.3
D1474,9,67.6
D1474,10,68.2
D1474,11,71.0
D1474,12,83.9
D1474,13,73.3
D1474,14,63.3
D1474,15,76.6
D1474,16,61.8
D1474,17,61.3
D1474,18,59.6
D1474,19,69.5
D1474,20,65.4
D1474,21,62.3
D1474,22,65.9
D1474,23,65.0
D1474,24,61.6
D1474,25,65.5
D1474,26,60.1
D1475,1,75.5
D1475,2,62.8
D1475,3,67.9
D1475,4,62.2
D1475,5,68.4
D1475,6,60.3
D1475,7,61.1
D1475,8,59.4
D1475,9,60.1
D1475,10,52.1
D1475,11,51.3
D1475,12,60.2
D1475,13,44.4
D1475,14,57.0
D1476,1,51.1
D1476,2,57.7
D1476,3,60.4
D1476,4,37.8
D1476,5,34.9
D1476,6,71.3
D1476,7,51.6
D1476,8,37.3
D1476,9,39.4
D1476,10,58.8
D1476,11,39.2
D1476,12,46.4
D1476,13,38.6
D1476,14,30.5
D1476,15,26.1
D1476,16,14.4
D1476,17,24.9
D1476,18,20.7
D1476,19,10.5
D1477,1,90.4
D1477,2,89.8
D1477,3,84.0
D1477,4,81.5
D1477,5,84.3
D1477,6,86.6
D1477,7,79.3
D1477,8,78.5
D1477,9,96.6
D1477,10,90.6
D1477,11,85.1
D1477,12,83.9
D1477,13,79.7
D1477,14,87.9
D1477,15,94.3
D1477,16,92.1
D1477,17,86.3
D1477,18,91.3
D1477,19,94.4
D1477,20,80.5
D1477,21,84.8
D1477,22,80.0
D1477,23,91.9
D1477,24,84.5
D1477,25,72.3
D1477,26,85.5
D1478,1,26.8
D1478,2,23.5
D1478,3,15.3
D1478,4,24.7
D1478,5,36.0
D1478,6,27.3
D1478,7,31.3
D1478,8,35.0
D1478,9,25.8
D1478,10,25.0
D1478,11,26.6
D1478,12,25.7
D1478,13,30.5
D1478,14,28.3
D1478,15,25.1
D1478,16,21.3
D1478,17,20.7
D1478,18,40.8
D1478,19,20.2
D1478,20,30.2
D1478,21,28.7
D1478,22,19.9
D1478,23,21.0
D1478,24,38.2
D1478,25,30.1
D1478,26,32.2
D1479,1,65.0
D1479,2,75.0
D1479,3,61.0
D1479,4,65.4
D1479,5,69.2
D1479,6,57.5
D1479,7,63.5
D1479,8,57.2
D1479,9,56.7
D1479,10,63.5
D1479,11,55.8
D1480,1,68.8
D1480,2,63.7
D1480,3,54.2
D1480,4,64.1
D1480,5,67.3
D1480,6,65.2
D1480,7,56.1
D1480,8,53.2
D1480,9,47.6
D1480,10,50.8
D1480,11,68.9
D1480,12,42.9
D1480,13,47.7
D1481,1,76.9
D1481,2,63.2
D1481,3,78.0
D1481,4,64.9
D1481,5,68.9
D1481,6,79.6
D1481,7,72.4
D1481,8,64.6
D1481,9,75.6
D1481,10,67.2
D1481,11,79.9
D1481,12,68.0
D1481,13,77.6
D1481,14,72.9
D1481,15,67.4
D1481,16,72.3
D1481,17,74.2
D1481,18,69.7
D1481,19,67.1
D1481,20,69.6
D1481,21,80.6
D1481,22,71.8
D1481,23,56.5
D1481,24,68.0
D1481,25,100.0
D1481,26,63.7
D1482,1,68.9
D1482,2,74.4
D1482,3,72.4
D1482,4,72.2
D1482,5,86.7
D1482,6,64.7
D1482,7,54.2
D1482,8,66.3
D1482,9,55.3
D1482,10,52.8
D1482,11,54.6
D1482,12,53.5
D1483,1,87.5
D1483,2,95.4
D1483,3,89.5
D1483,4,89.6
D1483,5,80.0
D1483,6,82.3
D1483,7,85.6
D1483,8,79.3
D1483,9,87.9
D1483,10,95.0
D1483,11,88.2
D1483,12,90.2
D1483,13,82.4
D1483,14,89.4
D1483,15,77.7
D1483,16,80.7
D1483,17,92.3
D1483,18,85.8
D1483,19,91.0
D1483,20,88.5
D1483,21,92.3
D1483,22,78.2
D1483,23,80.1
D1483,24,94.6
D1483,25,85.4
D1483,26,92.2
D1484,1,87.6
D1484,2,97.0
D1484,3,85.5
D1484,4,89.3
D1484,5,94.5
D1484,6,91.0
D1484,7,88.8
D1484,8,94.1
D1484,9,95.0
D1484,10,87.4
D1484,11,96.9
D1484,12,76.3
D1484,13,95.5
D1484,14,95.5
D1484,15,96.5
D1484,16,95.8
D1484,17,98.4
D1484,18,78.7
D1484,19,89.3
D1484,20,94.7
D1484,21,97.9
D1484,22,93.7
D1484,23,94.2
D1484,24,88.1
D1484,25,81.3
D1484,26,75.4
D1485,1,94.2
D1485,2,72.1
D1485,3,90.1
D1485,4,92.1
D1485,5,85.1
D1485,6,80.4
D1485,7,93.6
D1485,8,97.0
D1485,9,91.2
D1485,10,78.0
D1485,11,93.9
D1485,12,84.3
D1485,13,85.3
D1485,14,79.3
D1485,15,94.3
D1485,16,86.8
D1485,17,77.7
D1485,18,84.9
D1485,19,85.4
D1485,20,84.4
D1485,21,96.5
D1485,22,90.4
D1485,23,85.9
D1485,24,97.6
D1485,25,92.7
D1485,26,84.1
D1486,1,59.4
D1486,2,43.8
D1486,3,42.4
D1486,4,39.8
D1486,5,47.9
D1486,6,42.8
D1486,7,67.7
D1486,8,48.9
D1486,9,32.2
D1486,10,39.9
D1486,11,46.8
D1486,12,34.1
D1486,13,36.2
D1486,14,38.8
D1486,15,42.6
D1486,16,37.1
D1486,17,32.6
D1486,18,22.8
D1486,19,32.3
D1486,20,43.4
D1486,21,36.6
D1486,22,45.9
D1486,23,49.0
D1486,24,29.4
D1486,25,36.3
D1486,26,25.2
D1487,1,0.0
D1487,2,16.6
D1487,3,16.7
D1487,4,29.5
D1487,5,21.0
D1487,6,35.5
D1487,7,26.2
D1487,8,36.5
D1487,9,30.4
D1487,10,36.0
D1487,11,24.3
D1487,12,12.1
D1487,13,17.1
D1487,14,30.1
D1487,15,26.8
D1487,16,12.0
D1487,17,35.1
D1487,18,17.9
D1487,19,29.9
D1487,20,26.1
D1487,21,23.3
D1487,22,29.4
D1487,23,33.3
D1487,24,35.9
D1487,25,5.9
D1487,26,12.7
D1488,1,12.5
D1488,2,17.4
D1488,3,12.4
D1488,4,11.3
D1488,5,26.6
D1488,6,0.0
D1488,7,28.2
D1488,8,14.6
D1488,9,14.0
D1488,10,6.8
D1488,11,17.5
D1488,12,5.4
D1488,13,28.9
D1488,14,7.3
D1488,15,9.2
D1488,16,18.8
D1488,17,3.4
D1488,18,1.3
D1488,19,18.5
D1488,20,1.4
D1488,21,0.0
D1488,22,4.8
D1488,23,5.0
D1489,1,62.0
D1489,2,56.4
D1489,3,60.8
D1489,4,77.2
D1489,5,65.2
D1489,6,59.4
D1489,7,53.0
D1489,8,53.7
D1489,9,63.9
D1489,10,61.4
D1489,11,54.3
D1489,12,58.5
D1489,13,66.5
D1489,14,64.1
D1489,15,56.8
D1489,16,65.8
D1489,17,73.0
D1489,18,63.6
D1489,19,67.4
D1489,20,66.7
D1489,21,63.6
D1489,22,58.7
D1489,23,74.7
D1489,24,64.5
D1489,25,65.2
D1489,26,55.6
D1490,1,64.1
D1490,2,73.3
D1490,3,66.4
D1490,4,68.1
D1490,5,61.8
D1490,6,70.7
D1490,7,67.7
D1490,8,62.7
D1490,9,65.6
D1490,10,61.7
D1490,11,69.0
D1490,12,76.7
D1490,13,70.6
D1490,14,65.9
D1490,15,66.2
D1490,16,72.5
D1490,17,69.7
D1490,18,59.3
D1490,19,63.5
D1490,20,54.9
D1490,21,60.0
D1490,22,57.9
D1490,23,64.3
D1490,24,55.1
D1491,1,61.5
D1491,2,59.5
D1491,3,65.6
D1491,4,60.7
D1491,5,51.4
D1491,6,49.6
D1491,7,52.4
D1491,8,54.5
D1491,9,46.0
D1491,10,62.7
D1491,11,52.9
D1491,12,43.4
D1491,13,57.6
D1491,14,53.6
D1491,15,61.3
D1491,16,34.9
D1491,17,33.2
D1491,18,43.4
D1491,19,49.8
D1491,20,47.1
D1491,21,49.8
D1491,22,38.0
D1491,23,42.3
D1491,24,34.6
D1491,25,38.6
D1491,26,47.2
D1492,1,64.9
D1492,2,63.9
D1492,3,57.4
D1492,4,56.3
D1492,5,69.5
D1492,6,65.4
D1492,7,54.3
D1492,8,55.0
D1492,9,51.0
D1492,10,65.6
D1492,11,62.8
D1492,12,60.2
D1492,13,53.6
D1492,14,51.0
D1492,15,71.3
D1492,16,62.3
D1492,17,57.9
D1492,18,58.2
D1492,19,62.5
D1492,20,69.5
D1492,21,52.3
D1492,22,56.4
D1492,23,63.0
D1492,24,69.2
D1492,25,64.0
D1492,26,56.7
D1493,1,58.8
D1493,2,64.4
D1493,3,62.1
D1493,4,66.9
D1493,5,60.4
D1493,6,59.9
D1493,7,56.7
D1493,8,55.6
D1493,9,56.1
D1493,10,53.4
D1493,11,56.8
D1493,12,54.5
D1493,13,59.0
D1493,14,46.0
D1493,15,58.9
D1493,16,62.1
D1493,17,68.7
D1493,18,66.7
D1493,19,60.3
D1493,20,65.8
D1493,21,63.4
D1493,22,63.2
D1493,23,84.9
D1493,24,46.7
D1493,25,64.1
D1493,26,55.2
D1494,1,48.4
D1494,2,44.0
D1494,3,56.4
D1494,4,34.9
D1494,5,49.6
D1494,6,73.7
D1494,7,49.7
D1494,8,32.4
D1494,9,49.8
D1494,10,37.1
D1494,11,41.4
D1494,12,41.7
D1494,13,33.2
D1494,14,38.9
D1494,15,22.5
D1494,16,32.9
D1494,17,32.0
D1494,18,36.2
D1494,19,36.4
D1494,20,41.2
D1494,21,41.4
D1494,22,39.1
D1494,23,39.3
D1494,24,37.1
D1494,25,30.5
D1494,26,29.5
D1495,1,22.9
D1495,2,24.9
D1495,3,3.9
D1495,4,36.7
D1495,5,42.4
D1495,6,9.3
D1495,7,18.5
D1495,8,11.0
D1495,9,18.0
D1495,10,1.4
D1495,11,19.4
D1495,12,12.6
D1495,13,40.0
D1495,14,29.2
D1495,15,9.7
D1495,16,27.9
D1495,17,7.7
D1495,18,15.4
D1495,19,11.0
D1495,20,18.0
D1495,21,25.2
D1495,22,20.6
D1495,23,7.0
D1495,24,19.9
D1495,25,17.8
D1495,26,13.9
D1496,1,73.4
D1496,2,62.3
D1496,3,61.9
D1496,4,51.8
D1496,5,56.6
D1496,6,52.6
D1496,7,49.8
D1496,8,45.9
D1496,9,26.6
D1497,1,22.7
D1497,2,28.1
D1497,3,5.7
D1497,4,10.7
D1497,5,13.4
D1497,6,22.5
D1497,7,5.2
D1497,8,4.2
D1497,9,0.0
D1497,10,3.3
D1498,1,82.9
D1498,2,82.7
D1498,3,91.6
D1498,4,84.3
D1498,5,93.9
D1498,6,77.4
D1498,7,76.6
D1498,8,85.0
D1498,9,78.6
D1498,10,90.0
D1498,11,85.5
D1498,12,83.9
D1498,13,79.9
D1498,14,88.7
D1498,15,78.5
D1498,16,95.7
D1498,17,78.3
D1498,18,86.8
D1498,19,84.9
D1498,20,82.1
D1498,21,81.2
D1498,22,84.1
D1498,23,86.3
D1498,24,86.1
D1498,25,80.9
D1498,26,85.4
D1499,1,78.3
D1499,2,62.2
D1499,3,61.4
D1499,4,61.6
D1499,5,65.7
D1499,6,66.1
D1499,7,65.8
D1499,8,60.1
D1499,9,65.5
D1499,10,89.3
D1499,11,76.8
D1499,12,64.2
D1499,13,72.4
D1499,14,64.7
D1499,15,55.3
D1499,16,59.5
D1499,17,62.8
D1499,18,59.1
D1499,19,56.2
D1499,20,65.5
D1499,21,61.3
D1499,22,68.3
D1499,23,66.2
D1499,24,71.8
D1499,25,76.4
D1499,26,89.6
D1500,1,13.3
D1500,2,18.6
D1500,3,25.3
D1500,4,19.8
D1500,5,16.4
D1500,6,25.5
D1500,7,22.3
D1500,8,15.0
D1500,9,19.6
D1500,10,3.5
D1500,11,13.7
D1500,12,5.9
D1500,13,18.8
D1500,14,0.0
D1500,15,18.8
D1500,16,22.9
D1500,17,21.7
D1500,18,28.7
D1500,19,28.1
D1500,20,14.3
D1500,21,23.9
D1500,22,15.8
D1500,23,18.1
D1500,24,16.5
D1500,25,6.0
D1500,26,13.1
D1501,1,78.6
D1501,2,82.5
D1501,3,81.4
D1501,4,95.2
D1501,5,83.9
D1501,6,94.2
D1501,7,74.8
D1501,8,84.6
D1501,9,84.0
D1501,10,79.0
D1501,11,74.6
D1501,12,77.5
D1501,13,79.8
D1501,14,79.4
D1501,15,87.5
D1501,16,78.1
D1501,17,78.9
D1501,18,81.5
D1501,19,81.0
D1501,20,85.1
D1501,21,78.0
D1501,22,80.8
D1501,23,96.0
D1501,24,96.0
D1501,25,78.9
D1501,26,75.8
D1502,1,63.2
D1502,2,55.8
D1502,3,63.2
D1502,4,72.8
D1502,5,59.0
D1502,6,63.3
D1502,7,67.5
D1502,8,56.6
D1502,9,66.0
D1502,10,67.0
D1502,11,59.2
D1502,12,72.0
D1502,13,66.1
D1502,14,71.9
D1502,15,69.0
D1502,16,49.6
D1502,17,39.4
D1502,18,49.7
D1502,19,51.0
D1502,20,48.8
D1503,1,64.7
D1503,2,72.0
D1503,3,68.2
D1503,4,67.5
D1503,5,65.1
D1503,6,75.8
D1503,7,66.8
D1503,8,62.8
D1503,9,60.0
D1503,10,68.7
D1503,11,66.5
D1503,12,64.9
D1503,13,67.5
D1503,14,71.6
D1503,15,60.2
D1503,16,69.0
D1503,17,63.6
D1503,18,50.3
D1503,19,68.8
D1503,20,66.5
D1503,21,70.8
D1503,22,69.0
D1503,23,78.8
D1503,24,73.1
D1503,25,63.5
D1503,26,66.2
D1504,1,65.8
D1504,2,62.7
D1504,3,65.7
D1504,4,63.8
D1504,5,67.2
D1504,6,61.9
D1504,7,60.9
D1504,8,72.4
D1504,9,52.7
D1504,10,63.7
D1504,11,61.4
D1504,12,64.2
D1504,13,67.5
D1504,14,56.3
D1504,15,63.4
D1504,16,65.7
D1504,17,70.7
D1504,18,61.7
D1504,19,59.9
D1504,20,59.7
D1504,21,51.2
D1504,22,58.0
D1504,23,74.7
D1504,24,56.6
D1504,25,58.9
D1504,26,64.2
D1505,1,65.0
D1505,2,61.3
D1505,3,61.0
D1505,4,68.2
D1505,5,52.4
D1505,6,60.9
D1505,7,69.8
D1505,8,65.9
D1505,9,58.5
D1505,10,61.4
D1505,11,60.0
D1505,12,54.3
D1505,13,58.5
D1505,14,65.3
D1505,15,62.8
D1505,16,64.3
D1505,17,64.3
D1505,18,70.0
D1505,19,62.9
D1505,20,61.1
D1505,21,60.6
D1505,22,67.9
D1505,23,48.6
D1505,24,74.1
D1505,25,71.6
D1505,26,68.2
D1506,1,77.7
D1506,2,91.0
D1506,3,74.5
D1506,4,75.3
D1506,5,90.7
D1506,6,79.1
D1506,7,82.4
D1506,8,78.6
D1506,9,93.2
D1506,10,92.7
D1506,11,84.6
D1506,12,91.6
D1506,13,98.1
D1506,14,88.1
D1506,15,90.9
D1506,16,90.3
D1506,17,80.7
D1506,18,85.0
D1506,19,90.0
D1506,20,93.1
D1506,21,80.6
D1506,22,88.9
D1506,23,87.5
D1506,24,84.5
D1506,25,87.3
D1506,26,71.7
D1507,1,19.5
D1507,2,22.9
D1507,3,27.1
D1507,4,13.7
D1507,5,19.6
D1507,6,20.4
D1507,7,38.2
D1507,8,42.1
D1507,9,34.3
D1507,10,24.6
D1507,11,28.1
D1507,12,40.0
D1507,13,34.6
D1507,14,16.4
D1507,15,15.8
D1507,16,21.3
D1507,17,25.7
D1507,18,24.8
D1507,19,28.3
D1507,20,20.1
D1507,21,14.8
D1507,22,26.3
D1507,23,20.3
D1507,24,28.8
D1507,25,41.4
D1507,26,22.8
D1508,1,17.4
D1508,2,23.7
D1508,3,28.5
D1508,4,25.8
D1508,5,30.5
D1508,6,30.2
D1508,7,29.5
D1508,8,14.6
D1508,9,35.8
D1508,10,23.9
D1508,11,39.5
D1508,12,23.3
D1508,13,23.4
D1508,14,11.7
D1508,15,25.6
D1508,16,16.5
D1508,17,35.6
D1508,18,22.8
D1508,19,13.0
D1508,20,23.4
D1508,21,25.7
D1508,22,24.9
D1508,23,36.7
D1508,24,7.0
D1508,25,22.7
D1508,26,38.1
D1509,1,22.3
D1509,2,17.1
D1509,3,35.6
D1509,4,34.5
D1509,5,23.5
D1509,6,24.9
D1509,7,26.0
D1509,8,23.0
D1509,9,24.5
D1509,10,5.5
D1509,11,17.9
D1509,12,33.9
D1509,13,25.3
D1509,14,30.3
D1509,15,32.8
D1509,16,19.9
D1509,17,17.0
D1509,18,23.2
D1509,19,22.4
D1509,20,17.6
D1509,21,12.8
D1509,22,31.2
D1509,23,25.4
D1509,24,21.6
D1509,25,22.4
D1509,26,27.6
D1510,1,89.8
D1510,2,80.7
D1510,3,98.5
D1510,4,95.1
D1510,5,84.0
D1510,6,79.8
D1510,7,80.4
D1510,8,84.2
D1510,9,92.0
D1510,10,95.3
D1510,11,82.8
D1510,12,88.9
D1510,13,79.3
D1510,14,94.8
D1510,15,84.8
D1510,16,71.1
D1510,17,88.6
D1510,18,77.2
D1510,19,94.8
D1510,20,95.6
D1510,21,83.5
D1510,22,88.8
D1510,23,96.5
D1510,24,88.4
D1510,25,74.9
D1510,26,77.8
D1511,1,79.6
D1511,2,85.5
D1511,3,75.2
D1511,4,83.0
D1511,5,84.8
D1511,6,78.1
D1511,7,77.6
D1511,8,85.9
D1511,9,90.9
D1511,10,79.8
D1511,11,79.9
D1511,12,80.8
D1511,13,95.7
D1511,14,86.9
D1511,15,79.7
D1511,16,88.0
D1511,17,84.5
D1511,18,79.4
D1511,19,89.7
D1511,20,94.0
D1511,21,77.8
D1511,22,86.6
D1511,23,77.2
D1511,24,74.2
D1511,25,83.6
D1511,26,92.8
D1512,1,3.6
D1512,2,23.8
D1512,3,17.8
D1512,4,11.4
D1512,5,19.4
D1512,6,13.4
D1512,7,8.4
D1512,8,24.5
D1512,9,22.3
D1512,10,23.2
D1512,11,12.8
D1512,12,20.9
D1512,13,18.5
D1512,14,14.6
D1512,15,14.3
D1512,16,14.9
D1512,17,25.7
D1512,18,16.9
D1512,19,14.6
D1512,20,15.2
D1512,21,19.5
D1512,22,15.0
D1512,23,6.1
D1512,24,15.0
D1512,25,26.3
D1512,26,11.0
D1513,1,66.9
D1513,2,60.2
D1513,3,58.1
D1513,4,70.4
D1513,5,62.7
D1513,6,53.4
D1513,7,70.0
D1513,8,80.2
D1513,9,58.8
D1513,10,54.5
D1513,11,75.0
D1513,12,64.6
D1513,13,65.0
D1513,14,77.5
D1513,15,85.4
D1513,16,75.4
D1513,17,65.8
D1513,18,71.8
D1513,19,50.5
D1513,20,61.9
D1513,21,59.4
D1513,22,59.7
D1513,23,81.9
D1513,24,60.1
D1513,25,58.8
D1513,26,65.5
D1514,1,18.5
D1514,2,28.0
D1514,3,28.0
D1514,4,22.2
D1514,5,22.2
D1514,6,14.6
D1514,7,28.5
D1514,8,29.1
D1514,9,41.9
D1514,10,29.7
D1514,11,22.4
D1514,12,29.8
D1514,13,24.0
D1514,14,35.6
D1514,15,26.9
D1514,16,46.0
D1514,17,36.6
D1514,18,24.2
D1514,19,34.6
D1514,20,18.4
D1514,21,27.2
D1514,22,41.7
D1514,23,25.9
D1514,24,27.7
D1514,25,11.4
D1514,26,30.4
D1515,1,24.3
D1515,2,24.1
D1515,3,35.4
D1515,4,36.5
D1515,5,33.0
D1515,6,30.5
D1515,7,32.8
D1515,8,26.7
D1515,9,24.1
D1515,10,34.7
D1515,11,19.3
D1515,12,36.2
D1515,13,25.4
D1515,14,21.9
D1515,15,19.4
D1515,16,30.7
D1515,17,21.3
D1515,18,28.8
D1515,19,34.3
D1515,20,34.6
D1515,21,35.8
D1515,22,36.8
D1515,23,14.1
D1515,24,10.8
D1515,25,31.8
D1515,26,34.7
D1516,1,24.6
D1516,2,14.2
D1516,3,20.6
D1516,4,2.3
D1516,5,22.2
D1516,6,6.8
D1516,7,13.5
D1516,8,24.1
D1516,9,21.6
D1516,10,8.4
D1516,11,19.1
D1516,12,7.4
D1516,13,15.0
D1516,14,15.3
D1516,15,19.7
D1516,16,16.3
D1516,17,13.1
D1516,18,14.2
D1516,19,16.3
D1516,20,13.8
D1516,21,20.2
D1516,22,15.2
D1516,23,22.9
D1516,24,19.3
D1516,25,23.6
D1516,26,28.4
D1517,1,13.5
D1517,2,29.8
D1517,3,22.1
D1517,4,16.2
D1517,5,39.0
D1517,6,44.3
D1517,7,23.6
D1517,8,19.3
D1517,9,25.0
D1517,10,33.7
D1517,11,35.2
D1517,12,17.6
D1517,13,15.5
D1517,14,28.1
D1517,15,18.3
D1517,16,12.6
D1517,17,22.4
D1517,18,20.8
D1517,19,33.8
D1517,20,26.8
D1517,21,19.8
D1517,22,34.9
D1517,23,38.1
D1517,24,36.9
D1517,25,26.9
D1517,26,33.2
D1518,1,65.1
D1518,2,55.0
D1518,3,65.6
D1518,4,70.5
D1518,5,60.1
D1518,6,63.1
D1518,7,76.6
D1518,8,67.2
D1518,9,60.8
D1518,10,60.6
D1518,11,75.5
D1518,12,57.4
D1518,13,56.5
D1518,14,63.2
D1518,15,55.3
D1518,16,68.9
D1518,17,65.5
D1518,18,65.9
D1518,19,59.5
D1518,20,70.7
D1518,21,60.8
D1518,22,70.8
D1518,23,58.7
D1518,24,58.2
D1518,25,56.3
D1518,26,56.2
D1519,1,95.2
D1519,2,76.6
D1519,3,73.3
D1519,4,77.5
D1519,5,79.5
D1519,6,81.4
D1519,7,88.4
D1519,8,81.0
D1519,9,83.4
D1519,10,81.7
D1519,11,75.9
D1519,12,77.4
D1519,13,79.1
D1519,14,77.6
D1519,15,75.3
D1519,16,78.0
D1519,17,77.9
D1519,18,78.6
D1519,19,85.2
D1519,20,85.5
D1519,21,76.6
D1519,22,77.4
D1519,23,76.8
D1519,24,78.2
D1519,25,77.4
D1519,26,76.8
D1520,1,69.9
D1520,2,64.5
D1520,3,79.7
D1520,4,75.0
D1520,5,66.7
D1520,6,67.7
D1520,7,61.1
D1520,8,64.1
D1520,9,70.2
D1520,10,63.2
D1520,11,52.5
D1520,12,62.8
D1520,13,50.5
D1520,14,41.4
D1520,15,49.7
D1520,16,49.0
D1520,17,41.5
D1520,18,43.8
D1521,1,62.9
D1521,2,56.4
D1521,3,75.4
D1521,4,60.8
D1521,5,60.3
D1521,6,65.8
D1521,7,61.0
D1521,8,59.0
D1521,9,57.4
D1521,10,59.1
D1521,11,63.2
D1521,12,67.9
D1521,13,62.8
D1521,14,76.3
D1521,15,51.2
D1521,16,59.1
D1521,17,60.7
D1521,18,69.5
D1521,19,66.1
D1521,20,58.5
D1521,21,56.1
D1521,22,72.0
D1521,23,67.6
D1521,24,58.0
D1521,25,56.0
D1521,26,62.9
D1522,1,12.1
D1522,2,26.4
D1522,3,2.9
D1522,4,13.2
D1522,5,14.9
D1522,6,6.8
D1522,7,18.3
D1522,8,20.2
D1522,9,10.9
D1522,10,20.7
D1522,11,11.9
D1522,12,0.2
D1522,13,0.0
D1522,14,0.0
D1522,15,0.7
D1522,16,0.0
D1523,1,25.9
D1523,2,16.1
D1523,3,29.0
D1523,4,23.1
D1523,5,29.4
D1523,6,36.8
D1523,7,28.4
D1523,8,25.9
D1523,9,33.6
D1523,10,22.7
D1523,11,40.1
D1523,12,23.1
D1523,13,26.3
D1523,14,34.9
D1523,15,29.8
D1523,16,19.5
D1523,17,29.9
D1523,18,37.9
D1523,19,28.8
D1523,20,16.6
D1523,21,24.9
D1523,22,22.5
D1523,23,30.8
D1523,24,14.0
D1523,25,22.2
D1523,26,30.7
D1524,1,81.6
D1524,2,76.6
D1524,3,84.0
D1524,4,85.8
D1524,5,85.4
D1524,6,80.4
D1524,7,82.1
D1524,8,91.7
D1524,9,84.2
D1524,10,88.9
D1524,11,78.1
D1524,12,76.7
D1524,13,75.0
D1524,14,86.0
D1524,15,81.4
D1524,16,88.6
D1524,17,82.4
D1524,18,74.0
D1524,19,82.1
D1524,20,88.9
D1524,21,92.4
D1524,22,94.1
D1524,23,85.9
D1524,24,77.6
D1524,25,78.0
D1524,26,94.2
D1525,1,92.7
D1525,2,85.6
D1525,3,89.3
D1525,4,92.8
D1525,5,80.2
D1525,6,96.4
D1525,7,87.6
D1525,8,96.6
D1525,9,85.8
D1525,10,72.1
D1525,11,95.0
D1525,12,83.8
D1525,13,88.8
D1525,14,87.1
D1525,15,83.4
D1525,16,97.6
D1525,17,90.5
D1525,18,85.8
D1525,19,90.2
D1525,20,96.0
D1525,21,91.1
D1525,22,89.9
D1525,23,83.0
D1525,24,97.6
D1525,25,91.7
D1525,26,87.7
D1526,1,93.4
D1526,2,93.0
D1526,3,93.8
D1526,4,86.1
D1526,5,90.8
D1526,6,81.2
D1526,7,77.1
D1526,8,83.8
D1526,9,92.1
D1526,10,85.4
D1526,11,85.5
D1526,12,83.9
D1526,13,97.7
D1526,14,91.3
D1526,15,93.5
D1526,16,83.7
D1526,17,85.5
D1526,18,93.6
D1526,19,86.9
D1526,20,90.2
D1526,21,79.7
D1526,22,83.9
D1526,23,79.5
D1526,24,77.3
D1526,25,82.8
D1526,26,93.8
D1527,1,94.5
D1527,2,92.4
D1527,3,75.7
D1527,4,82.2
D1527,5,79.2
D1527,6,81.1
D1527,7,90.1
D1527,8,87.4
D1527,9,95.2
D1527,10,91.9
D1527,11,88.1
D1527,12,84.4
D1527,13,90.7
D1527,14,91.7
D1527,15,75.9
D1527,16,86.8
D1527,17,88.7
D1527,18,95.1
D1527,19,95.8
D1527,20,83.0
D1527,21,82.0
D1527,22,90.5
D1527,23,95.7
D1527,24,95.9
D1527,25,85.7
D1527,26,81.7
D1528,1,43.2
D1528,2,53.7
D1528,3,46.8
D1528,4,51.1
D1528,5,41.8
D1528,6,63.0
D1528,7,44.9
D1528,8,50.2
D1528,9,44.5
D1528,10,58.0
D1528,11,51.6
D1528,12,51.5
D1528,13,47.6
D1528,14,41.6
D1528,15,29.0
D1528,16,32.1
D1528,17,51.4
D1528,18,40.5
D1528,19,35.0
D1528,20,40.4
D1528,21,30.1
D1528,22,44.4
D1528,23,29.4
D1528,24,41.4
D1528,25,40.0
D1528,26,45.3
D1529,1,17.1
D1529,2,16.8
D1529,3,10.9
D1529,4,17.8
D1529,5,13.6
D1529,6,22.4
D1529,7,10.5
D1529,8,25.1
D1529,9,0.8
D1529,10,23.9
D1529,11,9.8
D1529,12,8.6
D1529,13,27.6
D1529,14,17.0
D1529,15,1.9
D1529,16,23.3
D1529,17,6.1
D1529,18,31.6
D1529,19,17.7
D1529,20,14.2
D1529,21,19.1
D1529,22,23.4
D1529,23,14.3
D1529,24,8.5
D1529,25,30.4
D1529,26,4.7
D1530,1,59.5
D1530,2,73.6
D1530,3,56.5
D1530,4,56.7
D1530,5,86.8
D1530,6,62.2
D1530,7,59.5
D1530,8,79.4
D1530,9,57.6
D1530,10,57.3
D1530,11,63.3
D1530,12,63.9
D1530,13,63.5
D1530,14,64.2
D1530,15,72.4
D1530,16,66.5
D1530,17,74.0
D1530,18,67.7
D1530,19,50.1
D1530,20,54.6
D1530,21,65.1
D1530,22,57.4
D1530,23,61.7
D1530,24,57.9
D1530,25,61.6
D1530,26,62.2
D1531,1,26.3
D1531,2,21.3
D1531,3,35.3
D1531,4,36.6
D1531,5,19.7
D1531,6,25.4
D1531,7,35.8
D1531,8,29.1
D1531,9,18.2
D1531,10,30.6
D1531,11,24.0
D1531,12,17.9
D1531,13,17.8
D1531,14,4.6
D1531,15,20.3
D1531,16,9.1
D1531,17,10.2
D1531,18,8.0
D1531,19,4.7
D1531,20,14.0
D1532,1,23.5
D1532,2,20.2
D1532,3,7.6
D1532,4,17.3
D1532,5,24.5
D1532,6,12.5
D1532,7,8.2
D1532,8,8.7
D1532,9,0.0
D1532,10,3.6
D1532,11,0.0
D1533,1,89.3
D1533,2,76.7
D1533,3,90.8
D1533,4,95.1
D1533,5,86.5
D1533,6,74.5
D1533,7,78.4
D1533,8,85.2
D1533,9,82.2
D1533,10,86.6
D1533,11,90.6
D1533,12,92.3
D1533,13,90.4
D1533,14,88.7
D1533,15,73.5
D1533,16,96.9
D1533,17,93.9
D1533,18,85.9
D1533,19,80.1
D1533,20,86.3
D1533,21,83.1
D1533,22,75.1
D1533,23,71.5
D1534,1,83.2
D1534,2,86.6
D1534,3,82.9
D1534,4,85.1
D1534,5,85.4
D1534,6,79.6
D1534,7,88.9
D1534,8,83.1
D1534,9,87.4
D1534,10,75.6
D1534,11,94.5
D1534,12,88.2
D1534,13,79.4
D1534,14,84.3
D1534,15,85.8
D1534,16,82.0
D1534,17,83.9
D1534,18,83.2
D1534,19,85.6
D1534,20,77.5
D1534,21,85.7
D1534,22,77.9
D1534,23,87.3
D1534,24,79.4
D1534,25,89.5
D1534,26,92.0
D1535,1,78.6
D1535,2,93.2
D1535,3,78.7
D1535,4,81.1
D1535,5,79.8
D1535,6,75.6
D1535,7,90.8
D1535,8,86.0
D1535,9,86.7
D1535,10,86.7
D1535,11,78.2
D1535,12,80.7
D1535,13,89.7
D1535,14,85.1
D1535,15,78.1
D1535,16,74.6
D1535,17,76.5
D1535,18,90.9
D1535,19,76.2
D1535,20,90.3
D1535,21,93.0
D1535,22,78.3
D1535,23,76.2
D1535,24,79.7
D1535,25,80.0
D1535,26,84.8
D1536,1,67.3
D1536,2,64.8
D1536,3,63.7
D1536,4,61.7
D1536,5,58.3
D1536,6,74.1
D1536,7,62.9
D1536,8,57.1
D1536,9,67.0
D1536,10,55.5
D1536,11,62.8
D1536,12,62.9
D1536,13,55.1
D1536,14,65.8
D1536,15,65.9
D1536,16,62.3
D1536,17,60.9
D1536,18,58.1
D1536,19,64.3
D1536,20,49.7
D1536,21,56.5
D1536,22,57.3
D1536,23,68.2
D1536,24,62.1
D1536,25,71.0
D1536,26,58.4
D1537,1,9.6
D1537,2,13.0
D1537,3,20.4
D1537,4,11.0
D1537,5,16.0
D1537,6,11.7
D1537,7,10.4
D1537,8,12.1
D1537,9,9.5
D1537,10,36.0
D1537,11,17.0
D1537,12,9.1
D1537,13,13.7
D1537,14,15.6
D1537,15,10.8
D1537,16,9.7
D1537,17,7.7
D1537,18,9.4
D1537,19,10.7
D1537,20,23.5
D1537,21,17.7
D1537,22,5.2
D1537,23,20.4
D1537,24,20.3
D1537,25,19.5
D1537,26,16.9
D1538,1,60.2
D1538,2,49.4
D1538,3,60.3
D1538,4,69.9
D1538,5,53.1
D1538,6,75.0
D1538,7,63.7
D1538,8,71.9
D1538,9,62.3
D1538,10,79.8
D1538,11,63.7
D1538,12,63.6
D1538,13,65.8
D1538,14,61.8
D1538,15,69.9
D1538,16,70.5
D1538,17,69.8
D1538,18,63.4
D1538,19,54.4
D1538,20,56.4
D1538,21,52.1
D1538,22,60.9
D1538,23,71.7
D1538,24,59.1
D1538,25,52.0
D1538,26,55.8
D1539,1,74.2
D1539,2,76.0
D1539,3,84.7
D1539,4,79.8
D1539,5,84.8
D1539,6,84.8
D1539,7,79.7
D1539,8,78.0
D1539,9,78.4
D1539,10,82.6
D1539,11,92.5
D1539,12,79.3
D1539,13,85.8
D1539,14,84.6
D1539,15,87.6
D1539,16,83.1
D1539,17,83.1
D1539,18,83.6
D1539,19,81.9
D1539,20,89.3
D1539,21,84.7
D1539,22,80.0
D1539,23,73.4
D1539,24,76.1
D1540,1,83.0
D1540,2,56.3
D1540,3,72.4
D1540,4,66.9
D1540,5,61.5
D1540,6,69.4
D1540,7,66.4
D1540,8,70.6
D1540,9,85.9
D1540,10,71.6
D1540,11,66.6
D1540,12,71.9
D1540,13,83.0
D1540,14,71.9
D1540,15,61.8
D1540,16,55.0
D1540,17,61.5
D1540,18,59.9
D1540,19,62.6
D1540,20,46.4
D1541,1,65.7
D1541,2,62.8
D1541,3,63.8
D1541,4,59.2
D1541,5,67.3
D1541,6,73.1
D1541,7,58.7
D1541,8,63.3
D1541,9,72.0
D1541,10,46.9
D1541,11,56.1
D1541,12,63.7
D1541,13,50.7
D1541,14,77.9
D1541,15,62.8
D1541,16,68.1
D1541,17,72.0
D1541,18,68.4
D1541,19,57.1
D1541,20,64.6
D1541,21,53.7
D1541,22,58.0
D1541,23,63.6
D1541,24,62.0
D1541,25,67.0
D1541,26,61.7
D1542,1,91.4
D1542,2,83.9
D1542,3,79.4
D1542,4,97.3
D1542,5,77.8
D1542,6,81.1
D1542,7,83.5
D1542,8,75.7
D1542,9,91.1
D1542,10,92.7
D1542,11,86.8
D1542,12,77.2
D1542,13,86.2
D1542,14,79.6
D1542,15,78.3
D1542,16,100.0
D1542,17,78.4
D1542,18,86.8
D1542,19,82.6
D1542,20,76.4
D1542,21,80.1
D1542,22,97.4
D1542,23,78.2
D1542,24,83.4
D1542,25,78.5
D1542,26,78.4
D1543,1,50.7
D1543,2,38.0
D1543,3,48.2
D1543,4,51.1
D1543,5,46.4
D1543,6,41.7
D1543,7,54.3
D1543,8,47.3
D1543,9,53.4
D1543,10,44.5
D1543,11,32.2
D1543,12,28.1
D1543,13,25.3
D1543,14,44.3
D1543,15,42.0
D1543,16,25.0
D1543,17,31.6
D1543,18,34.2
D1543,19,27.9
D1543,20,18.9
D1543,21,16.4
D1543,22,21.0
D1543,23,3.3
D1543,24,4.9
D1544,1,90.6
D1544,2,89.2
D1544,3,85.5
D1544,4,81.0
D1544,5,78.9
D1544,6,77.7
D1544,7,92.7
D1544,8,93.6
D1544,9,92.2
D1544,10,88.6
D1544,11,91.4
D1544,12,90.0
D1544,13,92.9
D1544,14,90.3
D1544,15,84.4
D1544,16,89.0
D1544,17,97.5
D1544,18,89.5
D1544,19,82.2
D1544,20,84.6
D1544,21,98.1
D1544,22,83.0
D1544,23,86.9
D1544,24,75.1
D1544,25,86.9
D1544,26,92.3
D1545,1,36.2
D1545,2,27.3
D1545,3,26.3
D1545,4,22.5
D1545,5,30.3
D1545,6,25.0
D1545,7,23.5
D1545,8,24.7
D1545,9,36.4
D1545,10,13.8
D1545,11,21.6
D1545,12,18.6
D1545,13,21.5
D1545,14,26.0
D1545,15,20.5
D1545,16,37.9
D1545,17,21.9
D1545,18,20.4
D1545,19,36.8
D1545,20,13.2
D1545,21,24.9
D1545,22,21.5
D1545,23,18.9
D1545,24,12.0
D1545,25,28.1
D1545,26,23.7
D1546,1,14.1
D1546,2,33.1
D1546,3,10.4
D1546,4,30.1
D1546,5,27.6
D1546,6,20.9
D1546,7,25.4
D1546,8,31.8
D1546,9,25.2
D1546,10,19.4
D1546,11,29.4
D1546,12,10.4
D1546,13,24.7
D1546,14,13.8
D1546,15,30.8
D1546,16,27.9
D1546,17,20.0
D1546,18,24.3
D1546,19,27.0
D1546,20,27.2
D1546,21,21.3
D1546,22,27.9
D1546,23,16.3
D1546,24,15.7
D1546,25,23.6
D1546,26,27.4
D1547,1,59.9
D1547,2,66.7
D1547,3,69.0
D1547,4,63.7
D1547,5,69.8
D1547,6,65.5
D1547,7,68.7
D1547,8,60.4
D1547,9,63.7
D1547,10,67.6
D1547,11,65.3
D1547,12,65.9
D1547,13,75.4
D1547,14,64.0
D1547,15,62.2
D1547,16,62.1
D1547,17,63.6
D1547,18,62.9
D1547,19,85.4
D1547,20,64.1
D1547,21,70.4
D1547,22,69.6
D1547,23,61.3
D1547,24,66.0
D1547,25,72.5
D1547,26,72.1
D1548,1,82.3
D1548,2,60.8
D1548,3,60.9
D1548,4,87.8
D1548,5,61.4
D1548,6,65.9
D1548,7,80.3
D1548,8,59.5
D1548,9,63.4
D1548,10,66.8
D1548,11,67.0
D1548,12,67.8
D1548,13,72.9
D1548,14,61.4
D1548,15,70.5
D1548,16,65.8
D1548,17,64.1
D1548,18,67.2
D1548,19,80.7
D1548,20,74.2
D1548,21,62.2
D1548,22,71.2
D1548,23,56.9
D1548,24,63.3
D1548,25,65.9
D1548,26,73.6
D1549,1,66.1
D1549,2,66.8
D1549,3,74.4
D1549,4,69.5
D1549,5,59.9
D1549,6,63.2
D1549,7,57.0
D1549,8,67.6
D1549,9,63.0
D1549,10,57.0
D1549,11,67.1
D1549,12,68.2
D1549,13,67.4
D1549,14,62.7
D1549,15,61.9
D1549,16,70.3
D1549,17,75.2
D1549,18,85.4
D1549,19,64.7
D1549,20,62.6
D1549,21,71.6
D1549,22,62.8
D1549,23,63.2
D1549,24,68.7
D1549,25,59.6
D1549,26,68.2
D1550,1,18.7
D1550,2,24.7
D1550,3,4.6
D1550,4,13.3
D1550,5,19.7
D1550,6,13.6
D1550,7,12.1
D1550,8,11.8
D1550,9,9.8
D1550,10,23.5
D1550,11,20.2
D1550,12,8.4
D1550,13,7.1
D1550,14,11.3
D1550,15,15.1
D1550,16,16.5
D1550,17,26.2
D1550,18,19.3
D1550,19,30.1
D1550,20,21.6
D1550,21,28.7
D1550,22,16.1
D1550,23,18.1
D1550,24,22.5
D1550,25,18.8
D1550,26,19.3
D1551,1,18.4
D1551,2,22.5
D1551,3,27.6
D1551,4,11.5
D1551,5,19.6
D1551,6,27.0
D1551,7,26.4
D1551,8,22.0
D1551,9,29.7
D1551,10,28.3
D1551,11,22.6
D1551,12,46.4
D1551,13,28.8
D1551,14,28.6
D1551,15,27.9
D1551,16,29.2
D1551,17,19.7
D1551,18,40.3
D1551,19,21.0
D1551,20,18.3
D1551,21,17.0
D1551,22,13.9
D1551,23,16.8
D1551,24,31.0
D1551,25,26.5
D1551,26,29.8
D1552,1,64.3
D1552,2,68.8
D1552,3,64.9
D1552,4,62.5
D1552,5,67.3
D1552,6,66.2
D1552,7,49.5
D1552,8,62.7
D1552,9,54.5
D1552,10,50.0
D1552,11,62.6
D1552,12,72.0
D1552,13,64.9
D1552,14,54.8
D1552,15,61.8
D1552,16,55.7
D1552,17,53.4
D1552,18,49.9
D1552,19,60.6
D1552,20,69.2
D1552,21,33.9
D1552,22,34.4
D1553,1,84.5
D1553,2,91.9
D1553,3,86.3
D1553,4,78.7
D1553,5,88.6
D1553,6,88.5
D1553,7,89.1
D1553,8,77.9
D1553,9,84.1
D1553,10,95.2
D1553,11,88.2
D1553,12,85.8
D1553,13,71.2
D1553,14,79.3
D1553,15,72.3
D1553,16,90.8
D1553,17,83.3
D1553,18,86.9
D1553,19,81.7
D1553,20,85.9
D1553,21,78.3
D1553,22,82.9
D1553,23,90.3
D1553,24,95.7
D1553,25,92.3
D1553,26,84.9
D1554,1,62.8
D1554,2,63.9
D1554,3,56.1
D1554,4,66.7
D1554,5,59.7
D1554,6,63.6
D1554,7,62.7
D1554,8,54.3
D1554,9,66.1
D1554,10,65.9
D1554,11,65.2
D1554,12,63.8
D1554,13,70.0
D1554,14,74.1
D1554,15,62.5
D1554,16,67.2
D1554,17,59.4
D1554,18,59.3
D1554,19,38.6
D1554,20,64.5
D1554,21,68.8
D1554,22,58.0
D1554,23,63.1
D1554,24,66.6
D1554,25,66.5
D1554,26,73.9
D1555,1,24.7
D1555,2,13.2
D1555,3,19.2
D1555,4,18.3
D1555,5,16.4
D1555,6,11.3
D1555,7,7.6
D1555,8,16.7
D1555,9,9.7
D1555,10,37.0
D1555,11,14.3
D1555,12,18.2
D1555,13,32.4
D1555,14,2.1
D1555,15,7.9
D1555,16,1.8
D1555,17,8.2
D1555,18,0.0
D1555,19,0.0
D1556,1,58.9
D1556,2,65.6
D1556,3,69.6
D1556,4,55.1
D1556,5,67.0
D1556,6,68.0
D1556,7,61.7
D1556,8,69.4
D1556,9,60.4
D1556,10,64.9
D1556,11,58.4
D1556,12,58.3
D1556,13,69.5
D1556,14,57.4
D1556,15,55.4
D1556,16,76.7
D1556,17,69.0
D1556,18,69.5
D1556,19,66.5
D1556,20,65.5
D1556,21,66.4
D1556,22,62.3
D1556,23,60.7
D1556,24,62.0
D1556,25,55.8
D1556,26,76.7
D1557,1,55.3
D1557,2,68.1
D1557,3,67.3
D1557,4,64.7
D1557,5,65.4
D1557,6,72.8
D1557,7,66.2
D1557,8,59.1
D1557,9,63.3
D1557,10,63.0
D1557,11,69.5
D1557,12,77.7
D1557,13,66.0
D1557,14,64.7
D1557,15,74.6
D1557,16,62.8
D1557,17,68.0
D1557,18,66.2
D1557,19,67.0
D1557,20,73.2
D1557,21,63.8
D1557,22,57.3
D1557,23,66.1
D1557,24,64.0
D1557,25,59.1
D1557,26,63.0
D1558,1,62.7
D1558,2,52.2
D1558,3,48.1
D1558,4,41.3
D1558,5,40.3
D1558,6,64.2
D1558,7,43.7
D1558,8,28.2
D1558,9,37.7
D1558,10,21.0
D1558,11,38.8
D1558,12,45.2
D1558,13,44.1
D1558,14,30.2
D1558,15,56.1
D1558,16,43.7
D1558,17,39.9
D1558,18,34.9
D1558,19,31.1
D1558,20,45.2
D1558,21,37.7
D1558,22,23.0
D1558,23,27.3
D1558,24,50.5
D1558,25,33.9
D1558,26,47.0
D1559,1,92.2
D1559,2,77.8
D1559,3,78.4
D1559,4,89.7
D1559,5,92.1
D1559,6,88.7
D1559,7,88.9
D1559,8,77.6
D1559,9,84.0
D1559,10,88.4
D1559,11,83.4
D1559,12,89.2
D1559,13,87.8
D1559,14,78.1
D1559,15,83.8
D1559,16,82.3
D1559,17,78.2
D1559,18,87.4
D1559,19,86.1
D1559,20,80.5
D1559,21,86.6
D1559,22,93.0
D1559,23,88.8
D1559,24,96.3
D1559,25,77.5
D1559,26,94.1
D1560,1,79.3
D1560,2,87.7
D1560,3,80.6
D1560,4,93.4
D1560,5,91.6
D1560,6,91.2
D1560,7,96.1
D1560,8,84.6
D1560,9,90.1
D1560,10,87.6
D1560,11,93.0
D1560,12,87.5
D1560,13,78.4
D1560,14,82.9
D1560,15,85.3
D1560,16,83.3
D1560,17,86.3
D1560,18,88.6
D1560,19,89.4
D1560,20,81.5
D1560,21,79.1
D1560,22,67.0
D1560,23,80.3
D1561,1,27.3
D1561,2,8.8
D1561,3,32.1
D1561,4,4.2
D1561,5,28.1
D1561,6,9.7
D1561,7,10.8
D1561,8,19.8
D1561,9,15.0
D1561,10,16.2
D1561,11,10.7
D1561,12,8.7
D1561,13,22.8
D1561,14,14.8
D1561,15,19.8
D1561,16,14.9
D1561,17,12.0
D1561,18,11.2
D1561,19,14.9
D1561,20,16.4
D1561,21,1.6
D1561,22,17.1
D1561,23,17.5
D1561,24,12.8
D1561,25,7.4
D1561,26,22.5
D1562,1,78.6
D1562,2,67.3
D1562,3,64.8
D1562,4,80.9
D1562,5,63.5
D1562,6,67.9
D1562,7,57.8
D1562,8,84.0
D1562,9,62.3
D1562,10,70.7
D1562,11,76.3
D1562,12,62.9
D1562,13,70.0
D1562,14,57.9
D1562,15,59.0
D1562,16,69.0
D1562,17,60.0
D1562,18,68.0
D1562,19,79.2
D1562,20,83.1
D1562,21,76.1
D1562,22,65.2
D1562,23,71.6
D1562,24,59.8
D1562,25,65.3
D1562,26,62.5
D1563,1,18.6
D1563,2,17.0
D1563,3,23.9
D1563,4,33.8
D1563,5,16.4
D1563,6,26.7
D1563,7,5.3
D1563,8,29.2
D1563,9,23.7
D1563,10,19.6
D1563,11,22.6
D1563,12,16.5
D1563,13,7.3
D1563,14,16.0
D1563,15,20.6
D1563,16,16.6
D1563,17,19.3
D1563,18,13.4
D1563,19,25.3
D1563,20,9.4
D1563,21,14.0
D1563,22,39.7
D1563,23,13.7
D1563,24,19.9
D1563,25,12.3
D1563,26,9.1
D1564,1,62.0
D1564,2,63.4
D1564,3,59.6
D1564,4,60.3
D1564,5,61.3
D1564,6,77.0
D1564,7,61.5
D1564,8,64.9
D1564,9,81.0
D1564,10,59.3
D1564,11,55.4
D1564,12,63.9
D1564,13,56.9
D1564,14,70.9
D1564,15,63.3
D1564,16,61.3
D1564,17,61.4
D1564,18,64.7
D1564,19,67.9
D1564,20,62.8
D1564,21,69.6
D1564,22,55.5
D1564,23,58.2
D1564,24,62.9
D1564,25,58.6
D1564,26,64.2
D1565,1,61.1
D1565,2,63.5
D1565,3,47.1
D1565,4,58.3
D1565,5,62.1
D1565,6,54.6
D1565,7,65.3
D1565,8,38.2
D1565,9,54.0
D1565,10,44.4
D1565,11,48.8
D1565,12,58.2
D1565,13,54.6
D1565,14,44.0
D1565,15,59.9
D1565,16,44.1
D1565,17,52.8
D1565,18,39.5
D1565,19,40.9
D1565,20,62.7
D1565,21,53.1
D1565,22,40.5
D1565,23,33.8
D1565,24,39.6
D1565,25,48.5
D1565,26,42.7
D1566,1,66.2
D1566,2,65.9
D1566,3,59.4
D1566,4,67.8
D1566,5,64.0
D1566,6,74.7
D1566,7,53.3
D1566,8,59.9
D1566,9,65.1
D1566,10,80.8
D1566,11,72.9
D1566,12,68.9
D1566,13,71.6
D1566,14,71.6
D1566,15,59.3
D1566,16,73.5
D1566,17,65.2
D1566,18,72.1
D1566,19,64.1
D1566,20,69.9
D1566,21,61.5
D1566,22,63.1
D1566,23,76.3
D1566,24,76.4
D1566,25,72.8
D1566,26,55.9
D1567,1,55.3
D1567,2,64.0
D1567,3,58.6
D1567,4,63.9
D1567,5,59.9
D1567,6,51.7
D1567,7,59.5
D1567,8,47.6
D1567,9,51.5
D1567,10,38.6
D1567,11,35.9
D1568,1,57.5
D1568,2,39.1
D1568,3,59.1
D1568,4,45.7
D1568,5,46.9
D1568,6,42.8
D1568,7,59.2
D1568,8,54.1
D1568,9,39.6
D1568,10,47.6
D1568,11,43.2
D1568,12,48.0
D1568,13,49.9
D1568,14,33.1
D1568,15,55.4
D1568,16,45.5
D1568,17,42.9
D1568,18,33.6
D1568,19,53.8
D1568,20,57.7
D1568,21,38.1
D1568,22,19.9
D1568,23,27.0
D1568,24,33.1
D1568,25,37.3
D1568,26,32.0
D1569,1,67.5
D1569,2,66.7
D1569,3,71.7
D1569,4,54.2
D1569,5,55.8
D1569,6,66.2
D1569,7,56.9
D1569,8,64.2
D1569,9,48.9
D1569,10,48.2
D1569,11,48.0
D1569,12,44.6
D1569,13,48.9
D1570,1,83.5
D1570,2,84.8
D1570,3,80.9
D1570,4,95.0
D1570,5,76.9
D1570,6,90.0
D1570,7,90.6
D1570,8,79.3
D1570,9,90.9
D1570,10,79.1
D1570,11,91.7
D1570,12,96.1
D1570,13,81.7
D1570,14,79.9
D1570,15,86.5
D1570,16,79.5
D1570,17,81.7
D1570,18,78.1
D1570,19,91.4
D1570,20,81.5
D1570,21,92.7
D1570,22,78.1
D1570,23,96.7
D1570,24,95.7
D1570,25,75.9
D1570,26,85.9
D1571,1,59.8
D1571,2,65.8
D1571,3,64.0
D1571,4,64.0
D1571,5,60.8
D1571,6,57.9
D1571,7,64.2
D1571,8,69.2
D1571,9,60.3
D1571,10,52.0
D1571,11,63.9
D1571,12,43.1
D1571,13,53.7
D1571,14,39.8
D1571,15,37.6
D1572,1,21.9
D1572,2,17.7
D1572,3,21.4
D1572,4,10.4
D1572,5,13.7
D1572,6,13.6
D1572,7,19.3
D1572,8,11.2
D1572,9,20.6
D1572,10,19.8
D1572,11,22.3
D1572,12,10.3
D1572,13,16.2
D1572,14,10.9
D1572,15,21.6
D1572,16,19.2
D1572,17,23.1
D1572,18,10.8
D1572,19,13.9
D1572,20,15.6
D1572,21,21.2
D1572,22,12.5
D1572,23,20.1
D1572,24,14.5
D1572,25,22.5
D1572,26,26.9
D1573,1,53.8
D1573,2,61.9
D1573,3,51.2
D1573,4,54.5
D1573,5,56.2
D1573,6,65.7
D1573,7,43.8
D1573,8,61.7
D1573,9,58.9
D1573,10,48.1
D1573,11,45.9
D1573,12,59.8
D1573,13,57.7
D1573,14,52.5
D1573,15,36.4
D1573,16,46.3
D1573,17,34.5
D1573,18,48.2
D1573,19,31.1
D1573,20,42.1
D1573,21,49.9
D1573,22,37.8
D1573,23,32.9
D1573,24,45.2
D1573,25,36.9
D1573,26,38.6
D1574,1,65.1
D1574,2,72.5
D1574,3,63.5
D1574,4,72.7
D1574,5,65.4
D1574,6,78.6
D1574,7,51.9
D1574,8,67.7
D1574,9,84.2
D1574,10,58.6
D1574,11,79.3
D1574,12,70.7
D1574,13,88.5
D1574,14,76.2
D1574,15,74.5
D1574,16,81.7
D1574,17,78.9
D1574,18,61.9
D1574,19,76.2
D1574,20,70.5
D1574,21,75.2
D1574,22,67.9
D1574,23,72.7
D1574,24,73.1
D1574,25,80.9
D1574,26,72.1
D1575,1,2.2
D1575,2,11.8
D1575,3,14.3
D1575,4,9.1
D1575,5,29.1
D1575,6,18.2
D1575,7,16.6
D1575,8,23.8
D1575,9,6.6
D1575,10,12.1
D1575,11,0.0
D1575,12,8.2
D1575,13,8.4
D1575,14,0.0
D1575,15,4.5
D1575,16,2.1
D1575,17,0.0
D1576,1,64.7
D1576,2,73.9
D1576,3,71.3
D1576,4,65.0
D1576,5,60.8
D1576,6,62.8
D1576,7,70.0
D1576,8,68.0
D1576,9,64.6
D1576,10,79.5
D1576,11,52.0
D1576,12,77.0
D1576,13,71.0
D1576,14,59.2
D1576,15,56.7
D1576,16,75.1
D1576,17,64.0
D1576,18,73.1
D1576,19,69.1
D1576,20,74.2
D1576,21,65.4
D1576,22,68.1
D1576,23,63.2
D1576,24,76.3
D1576,25,80.5
D1576,26,65.5
D1577,1,3.1
D1577,2,28.5
D1577,3,10.3
D1577,4,15.1
D1577,5,16.4
D1577,6,17.7
D1577,7,12.6
D1577,8,11.5
D1577,9,25.0
D1577,10,8.4
D1577,11,7.7
D1577,12,10.0
D1577,13,18.6
D1577,14,13.0
D1577,15,6.1
D1577,16,15.9
D1577,17,0.3
D1577,18,18.8
D1577,19,7.2
D1577,20,5.6
D1577,21,14.2
D1577,22,5.8
D1577,23,8.5
D1577,24,12.5
D1577,25,22.5
D1577,26,12.1
D1578,1,50.9
D1578,2,53.2
D1578,3,54.3
D1578,4,51.0
D1578,5,51.6
D1578,6,48.7
D1578,7,58.7
D1578,8,57.9
D1578,9,46.8
D1578,10,34.4
D1578,11,49.3
D1578,12,51.2
D1578,13,49.3
D1578,14,45.7
D1578,15,50.0
D1578,16,46.2
D1578,17,40.3
D1578,18,41.5
D1578,19,44.9
D1578,20,49.2
D1578,21,36.9
D1578,22,57.4
D1578,23,55.8
D1578,24,44.3
D1578,25,38.3
D1578,26,45.7
D1579,1,77.5
D1579,2,87.1
D1579,3,75.0
D1579,4,90.4
D1579,5,77.6
D1579,6,77.7
D1579,7,78.1
D1579,8,79.7
D1579,9,78.2
D1579,10,76.4
D1579,11,77.7
D1579,12,83.0
D1579,13,76.6
D1579,14,93.7
D1579,15,81.5
D1579,16,74.8
D1579,17,84.1
D1579,18,73.2
D1579,19,78.9
D1579,20,75.9
D1579,21,76.1
D1579,22,81.6
D1579,23,69.6
D1579,24,73.3
D1580,1,22.5
D1580,2,27.0
D1580,3,17.7
D1580,4,18.4
D1580,5,23.3
D1580,6,38.7
D1580,7,18.2
D1580,8,31.7
D1580,9,29.1
D1580,10,29.6
D1580,11,31.0
D1580,12,37.0
D1580,13,25.0
D1580,14,21.4
D1580,15,30.7
D1580,16,32.2
D1580,17,21.6
D1580,18,32.5
D1580,19,28.2
D1580,20,32.2
D1580,21,25.1
D1580,22,25.3
D1580,23,22.8
D1580,24,27.5
D1580,25,22.4
D1580,26,32.8
D1581,1,61.0
D1581,2,63.1
D1581,3,56.4
D1581,4,61.8
D1581,5,75.9
D1581,6,69.9
D1581,7,73.0
D1581,8,60.5
D1581,9,67.2
D1581,10,59.9
D1581,11,70.0
D1581,12,67.8
D1581,13,62.2
D1581,14,61.9
D1581,15,51.1
D1581,16,61.6
D1581,17,72.3
D1581,18,70.7
D1581,19,52.5
D1581,20,80.3
D1581,21,56.3
D1581,22,63.7
D1581,23,59.7
D1581,24,63.2
D1581,25,67.8
D1581,26,62.6
D1582,1,81.1
D1582,2,88.4
D1582,3,84.1
D1582,4,80.8
D1582,5,79.3
D1582,6,85.8
D1582,7,87.0
D1582,8,85.8
D1582,9,81.9
D1582,10,91.0
D1582,11,74.4
D1582,12,88.5
D1582,13,75.3
D1582,14,78.2
D1582,15,87.6
D1582,16,84.8
D1582,17,91.7
D1582,18,85.2
D1582,19,82.8
D1582,20,76.3
D1582,21,76.5
D1582,22,77.7
D1582,23,83.5
D1582,24,75.6
D1582,25,92.6
D1582,26,87.5
D1583,1,25.8
D1583,2,25.6
D1583,3,15.8
D1583,4,29.5
D1583,5,35.6
D1583,6,19.4
D1583,7,35.9
D1583,8,19.9
D1583,9,21.6
D1583,10,3.7
D1583,11,15.0
D1583,12,22.4
D1583,13,31.7
D1583,14,17.6
D1583,15,28.1
D1583,16,26.7
D1583,17,19.0
D1583,18,26.0
D1583,19,25.2
D1583,20,16.0
D1583,21,25.9
D1583,22,34.8
D1583,23,25.4
D1583,24,16.3
D1583,25,32.0
D1583,26,28.5
D1584,1,68.1
D1584,2,60.7
D1584,3,72.9
D1584,4,63.3
D1584,5,59.2
D1584,6,65.2
D1584,7,67.5
D1584,8,60.8
D1584,9,66.5
D1584,10,63.0
D1584,11,77.0
D1584,12,65.3
D1584,13,62.0
D1584,14,80.3
D1584,15,76.8
D1584,16,52.9
D1584,17,69.9
D1584,18,68.9
D1584,19,77.8
D1584,20,75.3
D1584,21,56.3
D1584,22,70.2
D1584,23,63.5
D1584,24,66.0
D1584,25,64.0
D1584,26,67.1
D1585,1,85.1
D1585,2,85.5
D1585,3,92.0
D1585,4,76.5
D1585,5,75.1
D1585,6,92.5
D1585,7,78.5
D1585,8,95.7
D1585,9,77.0
D1586,1,73.4
D1586,2,67.6
D1586,3,63.5
D1586,4,55.5
D1586,5,70.8
D1586,6,68.4
D1586,7,84.9
D1586,8,73.3
D1586,9,67.6
D1586,10,70.1
D1586,11,68.7
D1586,12,53.7
D1586,13,62.6
D1586,14,71.6
D1586,15,65.1
D1586,16,60.9
D1586,17,66.8
D1586,18,68.0
D1586,19,71.5
D1586,20,69.9
D1586,21,72.6
D1586,22,69.2
D1586,23,82.7
D1586,24,68.2
D1586,25,65.6
D1586,26,64.5
D1587,1,61.6
D1587,2,63.9
D1587,3,66.1
D1587,4,72.5
D1587,5,73.8
D1587,6,71.7
D1587,7,74.5
D1587,8,73.9
D1587,9,63.9
D1587,10,52.2
D1587,11,54.0
D1587,12,64.1
D1587,13,81.1
D1588,1,71.4
D1588,2,67.7
D1588,3,63.1
D1588,4,55.8
D1588,5,61.2
D1588,6,64.9
D1588,7,54.1
D1588,8,64.2
D1588,9,45.3
D1588,10,34.4
D1589,1,79.4
D1589,2,77.8
D1589,3,84.8
D1589,4,80.2
D1589,5,89.7
D1589,6,98.0
D1589,7,92.2
D1589,8,74.4
D1589,9,78.0
D1589,10,82.6
D1589,11,79.4
D1589,12,90.2
D1589,13,92.6
D1589,14,81.3
D1589,15,85.9
D1589,16,80.7
D1589,17,79.0
D1589,18,79.9
D1589,19,80.0
D1589,20,93.2
D1589,21,89.1
D1589,22,78.2
D1589,23,78.2
D1589,24,96.7
D1589,25,79.3
D1589,26,94.5
D1590,1,68.3
D1590,2,53.7
D1590,3,55.6
D1590,4,65.4
D1590,5,74.4
D1590,6,48.2
D1590,7,65.7
D1590,8,52.7
D1590,9,68.4
D1590,10,58.3
D1590,11,59.7
D1590,12,71.7
D1590,13,58.9
D1590,14,61.0
D1590,15,30.7
D1590,16,47.3
D1590,17,43.4
D1591,1,26.9
D1591,2,20.9
D1591,3,29.4
D1591,4,20.1
D1591,5,24.8
D1591,6,17.9
D1591,7,15.8
D1591,8,15.9
D1591,9,18.2
D1591,10,11.6
D1591,11,23.7
D1591,12,20.1
D1591,13,13.7
D1591,14,18.3
D1591,15,16.3
D1591,16,6.2
D1591,17,23.6
D1591,18,27.6
D1591,19,10.4
D1591,20,10.4
D1591,21,21.8
D1591,22,17.2
D1591,23,23.5
D1591,24,14.3
D1591,25,16.4
D1591,26,16.0
D1592,1,98.0
D1592,2,91.5
D1592,3,87.2
D1592,4,83.0
D1592,5,87.8
D1592,6,87.6
D1592,7,86.7
D1592,8,98.3
D1592,9,92.0
D1592,10,97.8
D1592,11,97.1
D1592,12,89.2
D1592,13,79.2
D1592,14,87.2
D1592,15,91.1
D1592,16,98.4
D1592,17,85.4
D1592,18,97.4
D1592,19,88.4
D1592,20,78.4
D1592,21,93.8
D1592,22,93.7
D1592,23,90.9
D1592,24,76.4
D1592,25,90.5
D1592,26,86.6
D1593,1,88.8
D1593,2,95.7
D1593,3,90.1
D1593,4,82.7
D1593,5,77.5
D1593,6,89.1
D1593,7,89.1
D1593,8,76.9
D1593,9,77.6
D1593,10,85.4
D1593,11,83.3
D1593,12,78.7
D1593,13,81.7
D1593,14,91.8
D1593,15,85.7
D1593,16,80.9
D1593,17,80.3
D1593,18,82.5
D1593,19,78.1
D1593,20,97.1
D1593,21,79.8
D1593,22,90.6
D1593,23,91.6
D1593,24,85.8
D1593,25,78.5
D1593,26,79.9
D1594,1,85.8
D1594,2,79.6
D1594,3,82.4
D1594,4,76.3
D1594,5,85.4
D1594,6,90.0
D1594,7,87.1
D1594,8,76.2
D1594,9,90.6
D1594,10,75.2
D1594,11,83.3
D1594,12,82.0
D1594,13,83.3
D1594,14,93.9
D1594,15,86.2
D1594,16,96.2
D1594,17,95.7
D1594,18,98.8
D1594,19,97.0
D1594,20,73.9
D1594,21,94.8
D1594,22,86.6
D1594,23,91.4
D1594,24,88.1
D1594,25,87.0
D1594,26,83.4
D1595,1,16.3
D1595,2,39.0
D1595,3,16.1
D1595,4,27.4
D1595,5,16.4
D1595,6,27.8
D1595,7,26.0
D1595,8,18.4
D1595,9,24.6
D1595,10,16.2
D1595,11,18.8
D1595,12,23.0
D1595,13,22.1
D1595,14,11.7
D1595,15,33.5
D1595,16,26.4
D1595,17,29.6
D1595,18,24.6
D1595,19,24.9
D1595,20,22.3
D1595,21,18.3
D1595,22,32.1
D1595,23,33.8
D1595,24,26.4
D1595,25,19.3
D1595,26,25.5
D1596,1,19.0
D1596,2,18.6
D1596,3,28.0
D1596,4,15.0
D1596,5,11.6
D1596,6,8.2
D1596,7,14.8
D1596,8,6.2
D1596,9,17.6
D1596,10,11.0
D1596,11,21.5
D1596,12,25.4
D1596,13,17.8
D1596,14,9.8
D1596,15,15.0
D1596,16,13.0
D1596,17,24.2
D1596,18,16.2
D1596,19,16.8
D1596,20,11.6
D1596,21,8.5
D1596,22,11.6
D1596,23,20.3
D1596,24,11.0
D1596,25,13.4
D1596,26,14.9
D1597,1,77.2
D1597,2,57.4
D1597,3,60.1
D1597,4,59.5
D1597,5,62.1
D1597,6,53.4
D1597,7,62.5
D1597,8,71.2
D1597,9,72.2
D1597,10,51.4
D1597,11,59.3
D1597,12,59.8
D1597,13,60.8
D1597,14,62.7
D1597,15,65.2
D1597,16,57.7
D1597,17,57.5
D1597,18,54.4
D1597,19,63.0
D1597,20,66.2
D1597,21,60.2
D1597,22,65.9
D1597,23,52.8
D1597,24,56.6
D1597,25,59.6
D1597,26,67.0
D1598,1,65.9
D1598,2,63.4
D1598,3,65.4
D1598,4,68.8
D1598,5,66.4
D1598,6,59.1
D1598,7,69.1
D1598,8,68.2
D1598,9,68.6
D1598,10,64.1
D1598,11,61.0
D1598,12,64.5
D1598,13,63.2
D1598,14,69.5
D1598,15,57.6
D1598,16,59.1
D1598,17,67.7
D1598,18,64.7
D1598,19,64.0
D1598,20,63.8
D1598,21,74.5
D1598,22,66.4
D1598,23,65.8
D1598,24,62.9
D1598,25,70.3
D1598,26,53.7
D1599,1,76.4
D1599,2,57.4
D1599,3,68.1
D1599,4,85.3
D1599,5,77.0
D1599,6,65.8
D1599,7,74.6
D1599,8,80.6
D1599,9,63.1
D1599,10,84.2
D1599,11,71.3
D1599,12,65.8
D1599,13,70.4
D1599,14,75.6
D1599,15,57.1
D1599,16,62.9
D1599,17,69.8
D1599,18,65.1
D1599,19,65.7
D1599,20,65.0
D1599,21,56.8
D1599,22,54.0
D1599,23,69.3
D1599,24,75.8
D1599,25,72.2
D1599,26,67.7
D1600,1,81.5
D1600,2,74.4
D1600,3,78.4
D1600,4,83.9
D1600,5,89.9
D1600,6,89.3
D1600,7,78.7
D1600,8,92.5
D1600,9,80.4
D1600,10,69.5
D1600,11,91.1
D1600,12,84.4
D1600,13,77.9
D1600,14,87.4
D1600,15,78.6
D1600,16,77.1
D1600,17,87.7
D1600,18,79.6
D1600,19,80.2
D1600,20,75.6
D1600,21,92.4
D1600,22,87.8
D1600,23,90.8
D1600,24,94.0
D1600,25,77.7
D1600,26,84.4
D1601,1,47.8
D1601,2,80.2
D1601,3,71.5
D1601,4,60.1
D1601,5,70.3
D1601,6,55.5
D1601,7,65.6
D1601,8,64.7
D1601,9,61.0
D1601,10,55.5
D1601,11,72.1
D1601,12,63.2
D1601,13,61.2
D1601,14,53.8
D1601,15,74.9
D1601,16,61.4
D1601,17,43.3
D1601,18,76.6
D1601,19,60.5
D1601,20,45.4
D1601,21,61.0
D1601,22,44.6
D1601,23,44.1
D1601,24,86.0
D1602,1,28.4
D1602,2,38.6
D1602,3,46.3
D1602,4,51.1
D1602,5,55.5
D1602,6,32.3
D1602,7,46.0
D1602,8,47.3
D1602,9,44.2
D1602,10,44.1
D1602,11,37.2
D1602,12,54.7
D1602,13,43.3
D1602,14,35.6
D1602,15,33.3
D1602,16,51.8
D1602,17,24.4
D1602,18,43.0
D1602,19,34.6
D1602,20,51.6
D1602,21,36.9
D1602,22,31.7
D1602,23,34.3
D1602,24,27.6
D1602,25,39.4
D1602,26,22.6
D1603,1,61.4
D1603,2,64.6
D1603,3,61.5
D1603,4,65.2
D1603,5,65.4
D1603,6,65.2
D1603,7,62.5
D1603,8,61.9
D1603,9,68.4
D1603,10,61.7
D1603,11,58.4
D1603,12,55.0
D1603,13,59.4
D1603,14,65.8
D1603,15,61.7
D1603,16,61.9
D1603,17,55.8
D1603,18,72.6
D1603,19,58.6
D1603,20,68.6
D1603,21,63.0
D1603,22,69.3
D1603,23,59.8
D1603,24,65.3
D1603,25,67.4
D1603,26,55.8
D1604,1,73.6
D1604,2,60.9
D1604,3,63.0
D1604,4,65.1
D1604,5,62.4
D1604,6,68.5
D1604,7,65.7
D1604,8,71.6
D1604,9,59.1
D1604,10,61.3
D1604,11,71.2
D1604,12,66.7
D1604,13,83.9
D1604,14,74.0
D1604,15,49.5
D1604,16,61.6
D1604,17,74.9
D1604,18,73.8
D1604,19,83.1
D1604,20,64.4
D1604,21,58.1
D1604,22,64.0
D1604,23,72.6
D1604,24,61.9
D1604,25,73.0
D1604,26,61.9
D1605,1,57.8
D1605,2,70.7
D1605,3,64.2
D1605,4,58.1
D1605,5,80.4
D1605,6,78.4
D1605,7,69.4
D1605,8,51.4
D1605,9,66.4
D1605,10,72.8
D1605,11,62.3
D1605,12,56.1
D1605,13,72.7
D1605,14,67.2
D1605,15,76.2
D1605,16,68.2
D1605,17,75.1
D1605,18,87.5
D1605,19,76.3
D1605,20,66.5
D1605,21,70.1
D1605,22,67.5
D1605,23,68.9
D1605,24,72.5
D1605,25,70.1
D1605,26,73.9
D1606,1,27.8
D1606,2,21.2
D1606,3,24.6
D1606,4,25.6
D1606,5,27.0
D1606,6,39.9
D1606,7,28.5
D1606,8,33.8
D1606,9,31.6
D1606,10,28.0
D1606,11,15.0
D1606,12,21.1
D1606,13,28.9
D1606,14,25.8
D1606,15,22.9
D1606,16,25.3
D1606,17,27.9
D1606,18,14.3
D1606,19,26.5
D1606,20,26.5
D1606,21,22.4
D1606,22,31.5
D1606,23,12.4
D1606,24,21.0
D1606,25,17.0
D1606,26,33.6
D1607,1,77.6
D1607,2,67.6
D1607,3,61.3
D1607,4,64.4
D1607,5,69.3
D1607,6,76.9
D1607,7,84.5
D1607,8,64.8
D1607,9,67.1
D1607,10,78.1
D1607,11,78.8
D1607,12,61.8
D1607,13,59.0
D1607,14,57.5
D1607,15,66.5
D1607,16,71.2
D1607,17,66.2
D1607,18,68.0
D1607,19,63.2
D1607,20,90.1
D1607,21,55.5
D1607,22,56.5
D1607,23,54.7
D1607,24,64.4
D1607,25,66.1
D1607,26,72.9
D1608,1,14.5
D1608,2,10.6
D1608,3,22.6
D1608,4,12.4
D1608,5,15.8
D1608,6,19.0
D1608,7,7.6
D1608,8,11.7
D1608,9,8.7
D1608,10,7.2
D1608,11,27.0
D1608,12,14.3
D1608,13,25.8
D1608,14,22.3
D1608,15,17.8
D1608,16,10.2
D1608,17,15.7
D1608,18,14.8
D1608,19,16.0
D1608,20,14.4
D1608,21,9.9
D1608,22,19.2
D1608,23,21.4
D1608,24,23.0
D1608,25,19.9
D1608,26,18.0
D1609,1,32.1
D1609,2,10.0
D1609,3,34.6
D1609,4,73.9
D1609,5,27.0
D1609,6,19.4
D1609,7,33.6
D1609,8,17.0
D1609,9,25.1
D1609,10,39.9
D1609,11,25.2
D1609,12,35.5
D1609,13,21.5
D1609,14,23.0
D1609,15,21.4
D1609,16,12.0
D1609,17,20.0
D1609,18,12.9
D1609,19,0.0
D1609,20,6.5
D1610,1,84.5
D1610,2,91.4
D1610,3,86.9
D1610,4,83.7
D1610,5,88.3
D1610,6,90.2
D1610,7,90.0
D1610,8,77.9
D1610,9,94.5
D1610,10,92.4
D1610,11,65.3
D1610,12,71.6
D1610,13,87.4
D1611,1,16.8
D1611,2,10.6
D1611,3,14.3
D1611,4,18.2
D1611,5,6.2
D1611,6,3.2
D1611,7,28.0
D1611,8,19.7
D1611,9,8.0
D1611,10,19.3
D1611,11,12.4
D1611,12,13.8
D1611,13,15.0
D1611,14,12.8
D1611,15,13.1
D1611,16,13.6
D1611,17,31.4
D1611,18,12.1
D1611,19,2.8
D1611,20,18.5
D1611,21,24.4
D1611,22,22.3
D1611,23,16.2
D1611,24,33.9
D1611,25,10.9
D1611,26,21.4
D1612,1,61.6
D1612,2,67.4
D1612,3,71.2
D1612,4,47.9
D1612,5,67.9
D1612,6,87.8
D1612,7,69.1
D1612,8,60.0
D1612,9,69.8
D1612,10,64.4
D1612,11,67.8
D1612,12,60.1
D1612,13,73.6
D1612,14,76.6
D1612,15,62.3
D1612,16,76.3
D1612,17,68.0
D1612,18,58.6
D1612,19,70.6
D1612,20,59.5
D1612,21,68.3
D1612,22,64.6
D1612,23,60.8
D1612,24,62.2
D1612,25,77.5
D1612,26,92.3
D1613,1,56.2
D1613,2,64.3
D1613,3,60.9
D1613,4,71.4
D1613,5,66.3
D1613,6,67.4
D1613,7,79.8
D1613,8,58.8
D1613,9,64.9
D1613,10,65.0
D1613,11,65.7
D1613,12,60.9
D1613,13,57.9
D1613,14,63.6
D1613,15,69.0
D1613,16,59.1
D1613,17,54.3
D1613,18,68.4
D1613,19,69.8
D1613,20,73.6
D1613,21,44.3
D1613,22,62.7
D1613,23,81.2
D1613,24,62.9
D1613,25,68.0
D1613,26,76.0
D1614,1,24.6
D1614,2,31.9
D1614,3,19.5
D1614,4,24.0
D1614,5,23.8
D1614,6,22.9
D1614,7,19.6
D1614,8,16.3
D1614,9,19.8
D1614,10,27.7
D1614,11,18.7
D1614,12,24.9
D1614,13,19.5
D1614,14,24.1
D1614,15,17.4
D1614,16,29.4
D1614,17,19.8
D1614,18,30.3
D1614,19,15.1
D1614,20,35.0
D1614,21,33.2
D1614,22,23.3
D1614,23,25.5
D1614,24,21.7
D1614,25,17.4
D1614,26,28.4
D1615,1,49.5
D1615,2,52.9
D1615,3,53.4
D1615,4,36.4
D1615,5,50.3
D1615,6,47.9
D1615,7,53.0
D1615,8,52.4
D1615,9,39.1
D1615,10,52.9
D1615,11,52.1
D1615,12,57.9
D1615,13,49.8
D1615,14,37.8
D1615,15,48.7
D1615,16,44.2
D1615,17,31.2
D1615,18,48.3
D1615,19,49.2
D1615,20,44.0
D1615,21,62.4
D1615,22,49.0
D1615,23,36.0
D1615,24,42.1
D1615,25,42.1
D1615,26,50.6
D1616,1,56.5
D1616,2,64.1
D1616,3,68.7
D1616,4,68.6
D1616,5,61.3
D1616,6,66.6
D1616,7,58.3
D1616,8,64.8
D1616,9,68.2
D1616,10,68.4
D1616,11,63.0
D1616,12,69.5
D1616,13,65.0
D1616,14,61.5
D1616,15,63.2
D1616,16,65.0
D1616,17,71.9
D1616,18,72.0
D1616,19,66.5
D1616,20,64.4
D1616,21,76.4
D1616,22,63.1
D1616,23,68.0
D1616,24,74.3
D1616,25,68.6
D1616,26,71.8
D1617,1,66.6
D1617,2,61.4
D1617,3,59.2
D1617,4,61.1
D1617,5,64.3
D1617,6,63.9
D1617,7,64.7
D1617,8,60.8
D1617,9,66.6
D1617,10,63.9
D1617,11,63.6
D1617,12,62.2
D1617,13,63.2
D1617,14,66.9
D1617,15,65.9
D1617,16,57.7
D1617,17,60.2
D1617,18,64.8
D1617,19,55.7
D1617,20,61.1
D1617,21,61.3
D1617,22,57.4
D1617,23,49.7
D1617,24,62.1
D1617,25,66.2
D1617,26,69.4
D1618,1,22.7
D1618,2,19.6
D1618,3,30.9
D1618,4,18.9
D1618,5,30.4
D1618,6,21.4
D1618,7,15.9
D1618,8,44.6
D1618,9,34.8
D1618,10,30.3
D1618,11,30.3
D1618,12,35.4
D1618,13,14.6
D1618,14,34.5
D1618,15,26.8
D1618,16,25.8
D1618,17,35.4
D1618,18,28.1
D1618,19,21.9
D1618,20,27.2
D1618,21,17.6
D1618,22,16.1
D1618,23,33.4
D1618,24,34.3
D1618,25,42.2
D1618,26,29.0
D1619,1,61.1
D1619,2,59.9
D1619,3,54.2
D1619,4,63.7
D1619,5,57.0
D1619,6,52.7
D1619,7,70.1
D1619,8,67.8
D1619,9,58.0
D1619,10,60.3
D1619,11,63.5
D1619,12,50.5
D1619,13,80.4
D1619,14,59.5
D1619,15,61.2
D1619,16,62.3
D1619,17,62.3
D1619,18,65.7
D1619,19,72.4
D1619,20,66.3
D1619,21,64.6
D1619,22,63.5
D1619,23,58.8
D1619,24,58.7
D1619,25,70.8
D1619,26,69.2
D1620,1,62.5
D1620,2,71.0
D1620,3,53.0
D1620,4,60.0
D1620,5,65.3
D1620,6,54.7
D1620,7,59.9
D1620,8,63.1
D1620,9,64.8
D1620,10,69.2
D1620,11,46.6
D1620,12,71.3
D1620,13,55.4
D1620,14,58.1
D1620,15,54.0
D1620,16,61.4
D1620,17,58.7
D1620,18,65.0
D1620,19,58.3
D1620,20,63.5
D1620,21,59.0
D1620,22,64.5
D1620,23,39.5
D1620,24,31.8
D1621,1,82.2
D1621,2,88.9
D1621,3,80.8
D1621,4,87.8
D1621,5,94.9
D1621,6,83.6
D1621,7,90.4
D1621,8,96.3
D1621,9,87.2
D1621,10,78.9
D1621,11,79.6
D1621,12,77.6
D1621,13,82.3
D1621,14,90.5
D1621,15,96.1
D1621,16,81.3
D1621,17,79.3
D1621,18,81.4
D1621,19,90.1
D1621,20,91.9
D1621,21,89.8
D1621,22,81.6
D1621,23,78.6
D1621,24,86.1
D1621,25,91.5
D1621,26,85.2
D1622,1,30.5
D1622,2,17.8
D1622,3,21.6
D1622,4,18.6
D1622,5,32.3
D1622,6,15.8
D1622,7,34.1
D1622,8,27.7
D1622,9,15.7
D1622,10,24.4
D1622,11,28.2
D1622,12,24.5
D1622,13,19.8
D1622,14,31.1
D1622,15,31.3
D1622,16,29.9
D1622,17,14.1
D1622,18,34.4
D1622,19,19.1
D1622,20,39.9
D1622,21,37.0
D1622,22,16.8
D1622,23,31.2
D1622,24,16.9
D1622,25,28.3
D1622,26,29.9
D1623,1,90.6
D1623,2,91.6
D1623,3,82.5
D1623,4,79.5
D1623,5,86.1
D1623,6,80.7
D1623,7,70.6
D1623,8,91.1
D1623,9,96.6
D1623,10,90.9
D1623,11,91.6
D1623,12,95.6
D1623,13,88.9
D1623,14,91.3
D1623,15,74.9
D1623,16,83.8
D1623,17,89.6
D1623,18,83.5
D1623,19,82.4
D1623,20,76.1
D1623,21,89.3
D1623,22,83.3
D1623,23,77.6
D1623,24,93.5
D1623,25,88.5
D1623,26,87.1
D1624,1,93.5
D1624,2,79.2
D1624,3,78.1
D1624,4,97.0
D1624,5,85.6
D1624,6,78.0
D1624,7,84.8
D1624,8,97.1
D1624,9,88.1
D1624,10,78.2
D1624,11,80.2
D1624,12,87.9
D1624,13,80.1
D1624,14,87.1
D1624,15,97.7
D1624,16,86.6
D1624,17,95.2
D1624,18,97.9
D1624,19,84.9
D1624,20,92.1
D1624,21,78.8
D1624,22,81.4
D1624,23,78.3
D1624,24,77.5
D1624,25,80.5
D1624,26,75.9
D1625,1,64.0
D1625,2,61.0
D1625,3,59.9
D1625,4,53.5
D1625,5,63.4
D1625,6,58.9
D1625,7,64.8
D1625,8,55.9
D1625,9,67.1
D1625,10,60.0
D1625,11,66.5
D1625,12,56.3
D1625,13,57.7
D1625,14,71.9
D1625,15,66.3
D1625,16,53.2
D1625,17,62.7
D1625,18,66.3
D1625,19,58.9
D1625,20,62.7
D1625,21,57.5
D1625,22,63.6
D1625,23,61.7
D1625,24,61.8
D1625,25,59.6
D1625,26,56.5
D1626,1,79.8
D1626,2,78.2
D1626,3,77.7
D1626,4,91.8
D1626,5,84.4
D1626,6,81.0
D1626,7,91.5
D1626,8,85.4
D1626,9,87.7
D1626,10,81.0
D1626,11,79.1
D1626,12,83.9
D1626,13,92.4
D1626,14,76.3
D1626,15,82.2
D1626,16,92.1
D1626,17,80.5
D1626,18,94.5
D1626,19,80.2
D1626,20,79.0
D1626,21,87.1
D1626,22,88.0
D1626,23,90.3
D1626,24,76.8
D1626,25,79.0
D1626,26,83.2
D1627,1,23.5
D1627,2,31.6
D1627,3,29.6
D1627,4,36.0
D1627,5,26.9
D1627,6,26.3
D1627,7,36.7
D1627,8,28.0
D1627,9,26.3
D1627,10,22.9
D1627,11,31.9
D1627,12,25.5
D1627,13,16.6
D1627,14,32.5
D1627,15,32.8
D1627,16,38.4
D1627,17,22.9
D1627,18,43.3
D1627,19,15.1
D1627,20,14.6
D1627,21,22.6
D1627,22,39.4
D1627,23,28.3
D1627,24,23.2
D1627,25,23.7
D1627,26,31.3
D1628,1,92.9
D1628,2,86.7
D1628,3,77.4
D1628,4,78.8
D1628,5,100.0
D1628,6,81.4
D1628,7,78.1
D1628,8,82.8
D1628,9,79.4
D1628,10,85.6
D1628,11,77.3
D1628,12,92.7
D1628,13,96.1
D1628,14,72.7
D1628,15,78.2
D1628,16,79.2
D1628,17,92.0
D1628,18,93.3
D1628,19,79.1
D1628,20,80.3
D1628,21,77.1
D1628,22,76.6
D1628,23,83.2
D1628,24,91.7
D1628,25,92.1
D1628,26,77.7
D1629,1,79.6
D1629,2,91.8
D1629,3,84.4
D1629,4,97.0
D1629,5,84.2
D1629,6,88.5
D1629,7,90.0
D1629,8,81.8
D1629,9,94.6
D1629,10,89.3
D1629,11,83.2
D1629,12,90.5
D1629,13,89.4
D1629,14,89.8
D1629,15,75.3
D1629,16,91.2
D1629,17,87.6
D1629,18,75.9
D1629,19,81.7
D1629,20,98.0
D1629,21,77.5
D1629,22,88.3
D1629,23,96.6
D1629,24,85.0
D1629,25,84.5
D1629,26,77.0
D1630,1,60.0
D1630,2,59.3
D1630,3,57.2
D1630,4,57.4
D1630,5,62.7
D1630,6,63.6
D1630,7,64.7
D1630,8,69.5
D1630,9,54.8
D1630,10,69.3
D1630,11,64.6
D1630,12,65.0
D1630,13,67.9
D1630,14,64.2
D1630,15,65.3
D1630,16,56.6
D1630,17,66.3
D1630,18,61.0
D1630,19,63.3
D1630,20,53.5
D1630,21,64.5
D1630,22,68.7
D1630,23,68.1
D1630,24,67.1
D1630,25,64.1
D1630,26,62.2
D1631,1,63.8
D1631,2,78.1
D1631,3,61.7
D1631,4,63.3
D1631,5,66.1
D1631,6,63.6
D1631,7,63.4
D1631,8,62.5
D1631,9,64.8
D1631,10,66.9
D1631,11,63.1
D1631,12,59.3
D1631,13,77.5
D1631,14,64.3
D1631,15,74.5
D1631,16,59.2
D1631,17,60.6
D1631,18,64.7
D1631,19,62.3
D1631,20,68.8
D1631,21,71.4
D1631,22,76.7
D1631,23,79.4
D1631,24,71.8
D1631,25,63.7
D1631,26,78.5
D1632,1,45.2
D1632,2,51.2
D1632,3,51.4
D1632,4,49.2
D1632,5,55.6
D1632,6,45.1
D1632,7,55.3
D1632,8,48.0
D1632,9,42.2
D1632,10,55.2
D1632,11,44.1
D1632,12,41.2
D1632,13,44.4
D1632,14,27.7
D1632,15,30.9
D1632,16,49.1
D1632,17,36.2
D1632,18,38.0
D1632,19,28.9
D1632,20,32.3
D1632,21,32.1
D1632,22,39.8
D1632,23,30.4
D1632,24,35.5
D1632,25,25.2
D1632,26,28.1
D1633,1,70.0
D1633,2,55.8
D1633,3,58.1
D1633,4,59.6
D1633,5,64.5
D1633,6,61.0
D1633,7,59.0
D1633,8,66.0
D1633,9,59.8
D1633,10,55.9
D1633,11,56.3
D1633,12,65.2
D1633,13,60.3
D1633,14,66.8
D1633,15,60.7
D1633,16,61.7
D1633,17,70.4
D1633,18,62.6
D1633,19,81.3
D1633,20,62.9
D1633,21,64.4
D1633,22,61.5
D1633,23,59.8
D1633,24,66.9
D1633,25,65.0
D1633,26,48.3
D1634,1,12.7
D1634,2,23.1
D1634,3,7.1
D1634,4,23.3
D1634,5,5.3
D1634,6,31.3
D1634,7,25.4
D1634,8,11.8
D1634,9,31.3
D1634,10,13.3
D1634,11,17.0
D1634,12,14.0
D1634,13,10.7
D1634,14,15.9
D1634,15,20.2
D1634,16,19.8
D1634,17,7.2
D1634,18,4.7
D1634,19,16.0
D1634,20,13.5
D1634,21,18.2
D1634,22,17.5
D1634,23,17.9
D1634,24,14.9
D1634,25,9.6
D1634,26,4.4
D1635,1,84.8
D1635,2,77.7
D1635,3,77.5
D1635,4,81.6
D1635,5,78.8
D1635,6,80.4
D1635,7,91.0
D1635,8,79.0
D1635,9,83.3
D1635,10,79.4
D1635,11,81.1
D1635,12,63.7
D1635,13,75.1
D1635,14,64.0
D1635,15,72.4
D1636,1,59.9
D1636,2,75.0
D1636,3,61.7
D1636,4,78.5
D1636,5,74.2
D1636,6,66.8
D1636,7,66.8
D1636,8,65.0
D1636,9,69.6
D1636,10,64.3
D1636,11,66.8
D1636,12,83.1
D1636,13,67.3
D1636,14,72.0
D1636,15,58.0
D1636,16,64.0
D1636,17,56.5
D1636,18,60.5
D1636,19,58.1
D1636,20,59.2
D1636,21,53.0
D1636,22,55.6
D1637,1,47.4
D1637,2,41.7
D1637,3,60.8
D1637,4,36.9
D1637,5,44.8
D1637,6,35.5
D1637,7,48.2
D1637,8,38.1
D1637,9,52.1
D1637,10,37.4
D1637,11,38.7
D1637,12,31.1
D1637,13,45.5
D1637,14,37.3
D1637,15,29.9
D1637,16,28.8
D1637,17,44.2
D1637,18,38.7
D1637,19,42.4
D1637,20,29.7
D1637,21,48.4
D1637,22,35.7
D1637,23,32.3
D1637,24,37.8
D1637,25,37.5
D1637,26,45.5
D1638,1,30.7
D1638,2,26.1
D1638,3,40.2
D1638,4,37.3
D1638,5,17.4
D1638,6,19.8
D1638,7,24.2
D1638,8,17.2
D1638,9,20.0
D1638,10,27.0
D1638,11,23.3
D1638,12,33.1
D1638,13,16.7
D1638,14,28.5
D1638,15,13.2
D1638,16,26.8
D1638,17,47.4
D1638,18,23.5
D1638,19,24.9
D1638,20,33.0
D1638,21,40.0
D1638,22,32.4
D1638,23,26.3
D1638,24,32.5
D1638,25,35.1
D1638,26,13.4
D1639,1,62.7
D1639,2,58.1
D1639,3,63.4
D1639,4,62.3
D1639,5,66.6
D1639,6,60.5
D1639,7,73.9
D1639,8,67.7
D1639,9,66.5
D1639,10,62.3
D1639,11,81.8
D1639,12,67.6
D1639,13,65.8
D1639,14,64.6
D1639,15,68.3
D1639,16,66.2
D1639,17,63.6
D1639,18,61.3
D1639,19,70.8
D1639,20,63.0
D1639,21,64.6
D1639,22,65.6
D1639,23,64.8
D1639,24,74.4
D1639,25,61.5
D1639,26,59.7
D1640,1,59.2
D1640,2,53.9
D1640,3,53.7
D1640,4,53.8
D1640,5,49.5
D1640,6,43.2
D1640,7,39.2
D1640,8,51.3
D1640,9,52.0
D1640,10,44.7
D1640,11,47.2
D1640,12,48.6
D1640,13,45.8
D1640,14,49.9
D1640,15,29.1
D1640,16,45.0
D1640,17,52.2
D1640,18,45.7
D1640,19,49.5
D1640,20,40.0
D1640,21,49.5
D1640,22,43.6
D1640,23,41.9
D1640,24,37.6
D1640,25,39.4
D1640,26,33.2
D1641,1,86.4
D1641,2,90.1
D1641,3,90.1
D1641,4,88.9
D1641,5,96.5
D1641,6,81.9
D1641,7,85.8
D1641,8,85.5
D1641,9,82.9
D1641,10,100.0
D1641,11,76.9
D1641,12,96.8
D1641,13,82.0
D1641,14,78.8
D1641,15,81.9
D1641,16,90.6
D1641,17,92.9
D1641,18,74.3
D1641,19,84.2
D1641,20,80.3
D1641,21,88.6
D1641,22,76.9
D1641,23,92.3
D1641,24,94.2
D1641,25,93.4
D1641,26,85.6
D1642,1,49.6
D1642,2,52.7
D1642,3,57.3
D1642,4,40.5
D1642,5,54.7
D1642,6,43.0
D1642,7,46.8
D1642,8,41.3
D1642,9,42.4
D1642,10,55.3
D1642,11,46.8
D1642,12,49.8
D1642,13,58.6
D1642,14,34.7
D1642,15,52.0
D1642,16,52.1
D1642,17,32.6
D1642,18,48.3
D1642,19,34.3
D1642,20,39.3
D1642,21,24.7
D1642,22,48.6
D1642,23,35.3
D1642,24,30.6
D1642,25,30.9
D1642,26,42.6
D1643,1,56.9
D1643,2,66.2
D1643,3,58.3
D1643,4,65.3
D1643,5,62.3
D1643,6,58.0
D1643,7,48.8
D1643,8,60.8
D1643,9,77.8
D1643,10,66.9
D1643,11,66.8
D1643,12,63.9
D1643,13,53.2
D1643,14,61.8
D1643,15,72.1
D1643,16,61.8
D1643,17,61.6
D1643,18,49.8
D1643,19,60.5
D1643,20,73.7
D1643,21,55.1
D1643,22,71.5
D1643,23,66.6
D1643,24,54.4
D1643,25,58.7
D1643,26,65.1
D1644,1,79.7
D1644,2,78.5
D1644,3,79.0
D1644,4,91.5
D1644,5,88.1
D1644,6,85.1
D1644,7,88.2
D1644,8,89.4
D1644,9,80.1
D1644,10,76.7
D1644,11,79.3
D1644,12,87.7
D1644,13,86.2
D1644,14,84.5
D1644,15,94.7
D1644,16,90.0
D1644,17,87.1
D1644,18,89.9
D1644,19,72.8
D1644,20,88.3
D1644,21,79.5
D1644,22,95.2
D1644,23,82.2
D1644,24,78.8
D1644,25,88.4
D1644,26,85.6
D1645,1,9.0
D1645,2,6.4
D1645,3,18.6
D1645,4,12.4
D1645,5,10.9
D1645,6,12.5
D1645,7,19.4
D1645,8,25.6
D1645,9,12.2
D1645,10,25.9
D1645,11,14.3
D1645,12,27.8
D1645,13,10.3
D1645,14,8.2
D1645,15,12.6
D1645,16,16.1
D1645,17,34.9
D1645,18,5.7
D1645,19,19.6
D1645,20,16.0
D1645,21,14.2
D1645,22,17.0
D1645,23,14.8
D1645,24,21.0
D1645,25,38.0
D1645,26,11.8
D1646,1,14.7
D1646,2,26.4
D1646,3,16.8
D1646,4,19.9
D1646,5,12.5
D1646,6,38.7
D1646,7,7.8
D1646,8,17.4
D1646,9,16.7
D1646,10,33.4
D1646,11,27.3
D1646,12,13.1
D1646,13,9.9
D1646,14,20.3
D1646,15,13.1
D1646,16,17.8
D1646,17,26.2
D1646,18,26.6
D1646,19,26.8
D1646,20,27.0
D1646,21,21.6
D1646,22,26.1
D1646,23,37.8
D1646,24,19.6
D1646,25,18.5
D1646,26,19.8
D1647,1,64.4
D1647,2,63.3
D1647,3,65.3
D1647,4,73.6
D1647,5,58.8
D1647,6,63.4
D1647,7,66.4
D1647,8,65.6
D1647,9,61.4
D1647,10,63.5
D1647,11,62.2
D1647,12,61.4
D1647,13,68.1
D1647,14,66.9
D1647,15,64.9
D1647,16,61.7
D1647,17,61.3
D1647,18,52.6
D1647,19,64.6
D1647,20,66.5
D1647,21,71.7
D1647,22,58.7
D1647,23,62.6
D1647,24,68.0
D1647,25,71.8
D1647,26,64.0
D1648,1,35.7
D1648,2,33.2
D1648,3,20.6
D1648,4,35.3
D1648,5,30.4
D1648,6,30.6
D1648,7,21.5
D1648,8,46.0
D1648,9,14.5
D1648,10,23.9
D1648,11,9.9
D1648,12,31.0
D1648,13,21.6
D1648,14,10.3
D1648,15,25.8
D1648,16,33.0
D1648,17,28.0
D1648,18,34.0
D1648,19,16.4
D1648,20,27.1
D1648,21,32.0
D1648,22,38.8
D1648,23,22.8
D1648,24,35.8
D1648,25,31.4
D1648,26,26.8
D1649,1,22.8
D1649,2,20.7
D1649,3,29.7
D1649,4,16.0
D1649,5,32.0
D1649,6,26.6
D1649,7,15.2
D1649,8,30.2
D1649,9,16.3
D1649,10,46.5
D1649,11,27.2
D1649,12,23.0
D1649,13,17.3
D1649,14,22.3
D1649,15,27.2
D1649,16,25.3
D1649,17,28.4
D1649,18,20.9
D1649,19,15.1
D1649,20,15.6
D1649,21,36.8
D1649,22,29.2
D1649,23,22.5
D1649,24,26.7
D1649,25,25.2
D1649,26,25.5
D1650,1,63.7
D1650,2,76.0
D1650,3,82.5
D1650,4,60.7
D1650,5,68.7
D1650,6,68.5
D1650,7,61.7
D1650,8,69.6
D1650,9,81.9
D1650,10,57.4
D1650,11,62.1
D1650,12,70.1
D1650,13,63.3
D1650,14,70.4
D1650,15,69.9
D1650,16,80.2
D1650,17,66.0
D1650,18,72.0
D1650,19,67.0
D1650,20,52.3
D1650,21,57.8
D1650,22,66.3
D1650,23,67.9
D1650,24,65.5
D1650,25,57.1
D1650,26,65.9
D1651,1,69.2
D1651,2,82.9
D1651,3,68.4
D1651,4,70.0
D1651,5,65.0
D1651,6,73.5
D1651,7,61.9
D1651,8,68.8
D1651,9,71.0
D1651,10,66.4
D1651,11,70.1
D1651,12,61.2
D1651,13,66.5
D1651,14,76.8
D1651,15,72.1
D1651,16,70.0
D1651,17,69.9
D1651,18,67.5
D1651,19,74.2
D1651,20,71.8
D1651,21,56.2
D1651,22,69.9
D1651,23,63.9
D1651,24,84.6
D1651,25,67.0
D1651,26,60.9
D1652,1,64.9
D1652,2,68.2
D1652,3,62.9
D1652,4,50.7
D1652,5,67.3
D1652,6,56.7
D1652,7,76.2
D1652,8,71.4
D1652,9,67.1
D1652,10,52.9
D1652,11,54.2
D1652,12,73.2
D1652,13,69.4
D1652,14,69.2
D1652,15,72.6
D1652,16,70.8
D1652,17,59.9
D1652,18,49.3
D1652,19,71.3
D1652,20,65.6
D1652,21,58.7
D1652,22,67.4
D1652,23,67.0
D1652,24,62.7
D1652,25,62.2
D1652,26,59.1
D1653,1,75.2
D1653,2,75.1
D1653,3,66.7
D1653,4,71.0
D1653,5,72.8
D1653,6,83.0
D1653,7,64.9
D1653,8,68.9
D1653,9,64.2
D1653,10,55.5
D1653,11,69.8
D1653,12,63.3
D1653,13,72.7
D1653,14,73.3
D1653,15,76.7
D1653,16,62.7
D1653,17,72.8
D1653,18,56.4
D1653,19,71.0
D1653,20,76.8
D1653,21,59.8
D1653,22,80.7
D1653,23,64.3
D1653,24,70.8
D1653,25,66.1
D1653,26,70.6
D1654,1,88.3
D1654,2,90.6
D1654,3,81.4
D1654,4,90.3
D1654,5,78.8
D1654,6,78.7
D1654,7,84.0
D1654,8,98.7
D1654,9,90.2
D1654,10,84.4
D1654,11,82.9
D1654,12,90.3
D1654,13,82.1
D1654,14,76.8
D1654,15,89.5
D1654,16,80.4
D1654,17,79.2
D1654,18,81.8
D1654,19,76.2
D1654,20,93.7
D1654,21,86.5
D1654,22,84.6
D1654,23,78.2
D1654,24,90.0
D1654,25,90.5
D1654,26,79.8
D1655,1,62.9
D1655,2,73.1
D1655,3,58.0
D1655,4,70.7
D1655,5,81.7
D1655,6,75.9
D1655,7,56.5
D1655,8,67.0
D1655,9,60.5
D1655,10,75.4
D1655,11,70.8
D1655,12,78.7
D1655,13,59.0
D1655,14,59.9
D1655,15,66.5
D1655,16,59.1
D1655,17,69.0
D1655,18,77.0
D1655,19,61.2
D1655,20,74.2
D1655,21,81.0
D1655,22,74.6
D1655,23,62.2
D1655,24,65.9
D1655,25,65.2
D1655,26,66.8
D1656,1,69.6
D1656,2,66.2
D1656,3,65.6
D1656,4,59.6
D1656,5,67.5
D1656,6,67.0
D1656,7,61.7
D1656,8,66.6
D1656,9,65.0
D1656,10,71.2
D1656,11,69.1
D1656,12,60.0
D1656,13,63.7
D1656,14,74.8
D1656,15,64.5
D1656,16,63.8
D1656,17,68.1
D1656,18,63.7
D1656,19,58.3
D1656,20,62.0
D1656,21,65.7
D1656,22,62.6
D1656,23,69.5
D1656,24,69.0
D1656,25,64.6
D1656,26,64.1
D1657,1,77.5
D1657,2,90.3
D1657,3,89.2
D1657,4,87.4
D1657,5,83.9
D1657,6,92.8
D1657,7,79.1
D1657,8,73.8
D1657,9,78.6
D1657,10,94.0
D1657,11,85.0
D1657,12,81.8
D1657,13,93.9
D1657,14,79.0
D1657,15,93.2
D1657,16,88.2
D1657,17,82.2
D1657,18,84.9
D1657,19,82.9
D1657,20,78.6
D1657,21,84.6
D1657,22,85.1
D1657,23,90.3
D1657,24,88.9
D1657,25,76.1
D1657,26,96.1
D1658,1,60.6
D1658,2,64.2
D1658,3,66.0
D1658,4,69.9
D1658,5,72.1
D1658,6,61.8
D1658,7,61.0
D1658,8,65.6
D1658,9,67.3
D1658,10,58.6
D1658,11,63.2
D1658,12,63.9
D1658,13,63.9
D1658,14,62.7
D1658,15,55.1
D1658,16,66.7
D1658,17,60.8
D1658,18,63.4
D1658,19,64.3
D1658,20,62.4
D1658,21,64.3
D1658,22,70.5
D1658,23,66.7
D1658,24,68.9
D1658,25,72.4
D1658,26,67.8
D1659,1,33.3
D1659,2,31.1
D1659,3,9.3
D1659,4,5.8
D1659,5,30.6
D1659,6,21.7
D1659,7,47.8
D1659,8,12.3
D1659,9,14.1
D1659,10,10.7
D1659,11,20.6
D1659,12,2.0
D1659,13,9.8
D1659,14,11.2
D1659,15,21.1
D1659,16,18.1
D1659,17,34.4
D1659,18,11.1
D1659,19,13.5
D1659,20,7.4
D1659,21,25.1
D1659,22,21.6
D1659,23,23.8
D1659,24,19.8
D1659,25,21.2
D1659,26,15.9
D1660,1,25.3
D1660,2,13.8
D1660,3,21.8
D1660,4,25.1
D1660,5,17.9
D1660,6,22.8
D1660,7,28.1
D1660,8,28.7
D1660,9,19.1
D1660,10,31.9
D1660,11,27.1
D1660,12,25.0
D1660,13,18.6
D1660,14,22.3
D1660,15,25.0
D1660,16,21.0
D1660,17,31.0
D1660,18,42.4
D1660,19,22.2
D1660,20,28.7
D1660,21,37.2
D1660,22,17.2
D1660,23,20.8
D1660,24,28.5
D1660,25,19.9
D1660,26,40.2
D1661,1,24.5
D1661,2,18.8
D1661,3,23.7
D1661,4,12.8
D1661,5,13.3
D1661,6,3.4
D1661,7,5.9
D1661,8,0.9
D1661,9,0.0
D1662,1,40.8
D1662,2,27.3
D1662,3,33.2
D1662,4,26.7
D1662,5,20.1
D1662,6,34.9
D1662,7,26.3
D1662,8,19.7
D1662,9,22.3
D1662,10,25.2
D1662,11,26.7
D1662,12,51.3
D1662,13,29.1
D1662,14,20.7
D1662,15,39.7
D1662,16,26.8
D1662,17,38.8
D1662,18,30.6
D1662,19,33.9
D1662,20,32.4
D1662,21,34.2
D1662,22,20.5
D1662,23,22.4
D1662,24,21.2
D1662,25,19.3
D1662,26,32.5
D1663,1,63.1
D1663,2,66.4
D1663,3,74.4
D1663,4,73.7
D1663,5,74.3
D1663,6,82.7
D1663,7,77.7
D1663,8,69.7
D1663,9,63.3
D1663,10,79.6
D1663,11,73.7
D1663,12,65.7
D1663,13,56.1
D1663,14,72.2
D1663,15,74.2
D1663,16,64.2
D1663,17,69.5
D1663,18,61.1
D1663,19,73.4
D1663,20,53.1
D1663,21,75.2
D1663,22,69.0
D1663,23,69.0
D1663,24,60.8
D1663,25,53.1
D1663,26,73.2
D1664,1,82.1
D1664,2,68.1
D1664,3,67.7
D1664,4,76.4
D1664,5,58.4
D1664,6,56.2
D1664,7,75.4
D1664,8,68.3
D1664,9,61.3
D1664,10,66.8
D1664,11,76.8
D1664,12,68.6
D1664,13,60.4
D1664,14,60.7
D1664,15,69.0
D1664,16,56.8
D1664,17,68.8
D1664,18,49.1
D1664,19,63.8
D1664,20,56.1
D1664,21,65.0
D1664,22,58.2
D1664,23,69.0
D1664,24,66.3
D1664,25,65.3
D1664,26,62.2
D1665,1,85.1
D1665,2,74.0
D1665,3,73.9
D1665,4,90.8
D1665,5,77.0
D1665,6,92.0
D1665,7,89.1
D1665,8,80.5
D1665,9,88.7
D1665,10,95.0
D1665,11,78.2
D1665,12,83.7
D1665,13,77.8
D1665,14,92.1
D1665,15,92.9
D1665,16,72.1
D1665,17,89.9
D1665,18,76.8
D1665,19,74.0
D1665,20,82.9
D1665,21,85.7
D1665,22,89.4
D1665,23,95.5
D1665,24,88.6
D1665,25,79.8
D1665,26,91.6
D1666,1,67.2
D1666,2,64.0
D1666,3,57.3
D1666,4,58.0
D1666,5,65.5
D1666,6,64.3
D1666,7,52.5
D1666,8,79.4
D1666,9,71.6
D1666,10,79.4
D1666,11,71.6
D1666,12,74.0
D1666,13,68.5
D1666,14,64.8
D1666,15,65.8
D1666,16,68.4
D1666,17,73.5
D1666,18,68.2
D1666,19,83.1
D1666,20,61.1
D1666,21,72.7
D1666,22,65.5
D1666,23,67.6
D1666,24,59.1
D1666,25,67.3
D1666,26,73.1
D1667,1,60.7
D1667,2,64.4
D1667,3,67.9
D1667,4,62.6
D1667,5,67.7
D1667,6,60.1
D1667,7,65.6
D1667,8,62.8
D1667,9,71.5
D1667,10,67.9
D1667,11,62.0
D1667,12,60.8
D1667,13,63.9
D1667,14,61.6
D1667,15,64.5
D1667,16,65.4
D1667,17,67.5
D1667,18,66.2
D1667,19,74.2
D1667,20,74.9
D1667,21,77.9
D1667,22,63.5
D1667,23,61.3
D1667,24,62.1
D1667,25,60.8
D1667,26,65.9
D1668,1,34.3
D1668,2,31.9
D1668,3,17.0
D1668,4,28.2
D1668,5,24.6
D1668,6,17.8
D1668,7,24.6
D1668,8,16.0
D1668,9,31.7
D1668,10,17.8
D1668,11,27.4
D1668,12,21.0
D1668,13,20.7
D1668,14,18.2
D1668,15,20.1
D1668,16,22.7
D1668,17,22.5
D1668,18,29.3
D1668,19,31.5
D1668,20,9.2
D1668,21,35.7
D1668,22,20.5
D1668,23,20.4
D1668,24,23.1
D1668,25,15.1
D1668,26,22.4
D1669,1,61.5
D1669,2,58.7
D1669,3,57.9
D1669,4,62.9
D1669,5,62.0
D1669,6,62.8
D1669,7,61.6
D1669,8,65.1
D1669,9,61.8
D1669,10,58.4
D1669,11,61.2
D1669,12,61.5
D1669,13,60.5
D1669,14,62.5
D1669,15,78.0
D1669,16,65.9
D1669,17,62.3
D1669,18,66.8
D1669,19,73.9
D1669,20,61.5
D1669,21,62.6
D1669,22,61.8
D1669,23,67.7
D1669,24,60.8
D1669,25,61.4
D1669,26,60.4
D1670,1,54.7
D1670,2,51.1
D1670,3,59.5
D1670,4,62.1
D1670,5,50.9
D1670,6,54.3
D1670,7,57.4
D1670,8,38.8
D1670,9,43.1
D1670,10,35.0
D1670,11,36.7
D1670,12,33.1
D1670,13,33.5
D1670,14,32.2
D1671,1,28.7
D1671,2,22.1
D1671,3,38.7
D1671,4,21.1
D1671,5,19.5
D1671,6,33.6
D1671,7,23.2
D1671,8,22.1
D1671,9,22.7
D1671,10,19.3
D1671,11,22.3
D1671,12,12.3
D1671,13,37.7
D1671,14,27.7
D1671,15,17.0
D1671,16,26.4
D1671,17,36.1
D1671,18,24.9
D1671,19,33.4
D1671,20,31.3
D1671,21,29.7
D1671,22,18.4
D1671,23,15.8
D1671,24,29.3
D1671,25,29.9
D1671,26,37.3
D1672,1,81.9
D1672,2,77.7
D1672,3,68.5
D1672,4,60.8
D1672,5,72.2
D1672,6,74.3
D1672,7,80.2
D1672,8,44.1
D1672,9,58.1
D1672,10,68.5
D1672,11,57.5
D1672,12,71.5
D1672,13,71.5
D1672,14,59.5
D1672,15,53.5
D1672,16,67.3
D1672,17,51.5
D1672,18,77.6
D1672,19,73.2
D1672,20,57.3
D1672,21,77.2
D1672,22,75.9
D1672,23,72.7
D1672,24,58.7
D1672,25,64.4
D1672,26,55.1
D1673,1,19.2
D1673,2,12.9
D1673,3,15.2
D1673,4,11.9
D1673,5,6.0
D1673,6,25.3
D1673,7,13.6
D1673,8,21.1
D1673,9,10.2
D1673,10,9.6
D1673,11,11.1
D1673,12,20.3
D1673,13,14.5
D1673,14,25.2
D1673,15,17.8
D1673,16,12.5
D1673,17,14.1
D1673,18,19.2
D1673,19,16.6
D1673,20,9.1
D1673,21,18.0
D1673,22,8.3
D1673,23,15.4
D1673,24,9.5
D1673,25,19.7
D1673,26,20.7
D1674,1,69.9
D1674,2,61.5
D1674,3,68.7
D1674,4,57.1
D1674,5,56.9
D1674,6,57.1
D1674,7,83.2
D1674,8,77.3
D1674,9,51.1
D1674,10,59.3
D1674,11,51.5
D1674,12,57.4
D1674,13,56.6
D1674,14,76.4
D1674,15,63.9
D1674,16,67.1
D1674,17,56.8
D1674,18,59.6
D1674,19,62.2
D1674,20,61.3
D1674,21,64.5
D1674,22,68.4
D1674,23,62.4
D1674,24,66.6
D1674,25,65.8
D1674,26,75.6
D1675,1,65.3
D1675,2,60.1
D1675,3,66.6
D1675,4,65.9
D1675,5,55.8
D1675,6,62.4
D1675,7,65.8
D1675,8,62.3
D1675,9,57.8
D1675,10,64.4
D1675,11,62.8
D1675,12,60.1
D1675,13,64.7
D1675,14,64.2
D1675,15,66.2
D1675,16,66.1
D1675,17,62.9
D1675,18,62.1
D1675,19,52.3
D1675,20,60.2
D1675,21,59.0
D1675,22,60.7
D1675,23,63.2
D1675,24,58.8
D1675,25,70.7
D1675,26,63.6
D1676,1,72.6
D1676,2,82.5
D1676,3,58.5
D1676,4,79.6
D1676,5,69.1
D1676,6,65.8
D1676,7,65.9
D1676,8,57.6
D1676,9,69.1
D1676,10,61.4
D1676,11,67.6
D1676,12,60.2
D1676,13,67.9
D1676,14,65.9
D1676,15,61.3
D1676,16,77.3
D1676,17,64.1
D1676,18,60.1
D1676,19,62.2
D1676,20,77.0
D1676,21,56.1
D1676,22,67.2
D1676,23,85.4
D1676,24,62.2
D1676,25,60.0
D1676,26,67.0
D1677,1,65.4
D1677,2,57.2
D1677,3,69.8
D1677,4,63.0
D1677,5,69.4
D1677,6,65.0
D1677,7,63.5
D1677,8,62.3
D1677,9,58.3
D1677,10,61.8
D1677,11,57.8
D1677,12,49.3
D1677,13,49.2
D1677,14,51.5
D1677,15,72.6
D1678,1,25.3
D1678,2,32.0
D1678,3,23.0
D1678,4,21.1
D1678,5,27.5
D1678,6,36.6
D1678,7,26.0
D1678,8,19.4
D1678,9,17.5
D1678,10,38.6
D1678,11,28.8
D1678,12,32.8
D1678,13,25.8
D1678,14,21.5
D1678,15,22.0
D1678,16,12.5
D1678,17,27.4
D1678,18,30.5
D1678,19,19.2
D1678,20,42.6
D1678,21,14.0
D1678,22,19.4
D1678,23,19.7
D1678,24,38.8
D1678,25,24.6
D1678,26,22.3
D1679,1,24.4
D1679,2,10.2
D1679,3,7.8
D1679,4,18.0
D1679,5,21.3
D1679,6,11.3
D1679,7,7.5
D1679,8,18.4
D1679,9,13.0
D1679,10,13.1
D1679,11,16.8
D1679,12,16.7
D1679,13,25.6
D1679,14,8.0
D1679,15,10.3
D1679,16,25.8
D1679,17,16.9
D1679,18,1.6
D1679,19,2.1
D1679,20,15.8
D1679,21,20.0
D1679,22,8.1
D1679,23,18.1
D1679,24,10.9
D1679,25,10.6
D1679,26,20.1
D1680,1,65.1
D1680,2,60.1
D1680,3,54.9
D1680,4,82.4
D1680,5,70.0
D1680,6,73.3
D1680,7,70.2
D1680,8,67.3
D1680,9,59.1
D1680,10,73.3
D1680,11,65.5
D1680,12,67.9
D1680,13,70.1
D1680,14,61.9
D1680,15,69.3
D1680,16,65.1
D1680,17,66.5
D1680,18,81.0
D1680,19,63.0
D1680,20,68.1
D1680,21,58.6
D1680,22,67.0
D1680,23,68.9
D1680,24,62.8
D1680,25,62.9
D1680,26,57.9
D1681,1,92.1
D1681,2,87.4
D1681,3,84.4
D1681,4,91.1
D1681,5,77.4
D1681,6,76.3
D1681,7,77.2
D1681,8,73.8
D1681,9,91.8
D1681,10,74.4
D1681,11,80.2
D1681,12,84.4
D1682,1,23.9
D1682,2,19.9
D1682,3,29.1
D1682,4,21.4
D1682,5,25.9
D1682,6,31.7
D1682,7,22.0
D1682,8,25.4
D1682,9,24.3
D1682,10,29.8
D1682,11,37.3
D1682,12,17.7
D1682,13,33.3
D1682,14,19.8
D1682,15,44.8
D1682,16,24.6
D1682,17,31.7
D1682,18,33.5
D1682,19,25.7
D1682,20,21.8
D1682,21,23.1
D1682,22,19.7
D1682,23,33.7
D1682,24,24.5
D1682,25,27.9
D1682,26,27.7
D1683,1,57.8
D1683,2,59.1
D1683,3,70.9
D1683,4,67.4
D1683,5,74.5
D1683,6,62.4
D1683,7,78.1
D1683,8,68.4
D1683,9,60.4
D1683,10,67.0
D1683,11,63.1
D1683,12,51.6
D1683,13,59.9
D1683,14,78.2
D1683,15,41.7
D1683,16,48.0
D1683,17,58.4
D1683,18,52.0
D1683,19,31.1
D1684,1,88.1
D1684,2,76.8
D1684,3,77.2
D1684,4,81.7
D1684,5,80.4
D1684,6,88.4
D1684,7,77.8
D1684,8,74.3
D1684,9,86.8
D1684,10,90.6
D1684,11,81.8
D1684,12,83.9
D1684,13,71.8
D1684,14,92.4
D1684,15,84.3
D1684,16,72.9
D1684,17,82.8
D1684,18,85.9
D1684,19,89.7
D1684,20,73.5
D1684,21,74.3
D1684,22,82.7
D1684,23,75.1
D1684,24,81.0
D1684,25,79.1
D1684,26,95.0
D1685,1,22.9
D1685,2,35.3
D1685,3,20.6
D1685,4,27.2
D1685,5,33.0
D1685,6,18.4
D1685,7,32.7
D1685,8,7.9
D1685,9,15.3
D1685,10,23.8
D1685,11,28.4
D1685,12,11.8
D1685,13,25.2
D1685,14,22.0
D1685,15,33.3
D1685,16,30.0
D1685,17,24.0
D1685,18,18.2
D1685,19,25.1
D1685,20,32.8
D1685,21,24.5
D1685,22,38.8
D1685,23,31.2
D1685,24,5.4
D1685,25,28.3
D1685,26,23.8
D1686,1,94.7
D1686,2,90.4
D1686,3,81.9
D1686,4,89.7
D1686,5,93.8
D1686,6,80.8
D1686,7,88.1
D1686,8,92.8
D1686,9,87.7
D1686,10,93.6
D1686,11,94.1
D1686,12,80.2
D1686,13,94.4
D1686,14,95.6
D1686,15,86.6
D1686,16,95.6
D1686,17,92.2
D1686,18,84.9
D1686,19,88.7
D1686,20,83.6
D1686,21,94.5
D1686,22,91.5
D1686,23,93.2
D1686,24,85.4
D1686,25,93.4
D1686,26,90.8
D1687,1,74.0
D1687,2,59.1
D1687,3,57.1
D1687,4,51.2
D1687,5,59.1
D1687,6,57.2
D1687,7,65.9
D1687,8,62.2
D1687,9,63.7
D1687,10,66.7
D1687,11,62.0
D1687,12,65.1
D1687,13,54.6
D1687,14,59.8
D1687,15,63.5
D1687,16,63.9
D1687,17,64.9
D1687,18,60.0
D1687,19,64.2
D1687,20,58.3
D1687,21,76.6
D1687,22,65.1
D1687,23,68.6
D1687,24,61.5
D1687,25,60.3
D1687,26,58.6
D1688,1,93.7
D1688,2,89.8
D1688,3,89.6
D1688,4,91.1
D1688,5,85.8
D1688,6,93.3
D1688,7,95.0
D1688,8,88.8
D1688,9,83.3
D1688,10,78.4
D1688,11,90.7
D1688,12,91.3
D1688,13,94.1
D1688,14,78.2
D1688,15,93.6
D1688,16,89.0
D1688,17,91.1
D1688,18,78.2
D1688,19,93.4
D1688,20,90.0
D1688,21,85.8
D1688,22,89.5
D1688,23,82.4
D1688,24,85.6
D1688,25,91.1
D1688,26,92.0
D1689,1,61.9
D1689,2,79.1
D1689,3,63.2
D1689,4,61.6
D1689,5,60.0
D1689,6,67.8
D1689,7,55.8
D1689,8,56.0
D1689,9,59.3
D1689,10,56.4
D1689,11,70.6
D1689,12,73.5
D1689,13,87.0
D1689,14,64.8
D1689,15,72.5
D1689,16,84.7
D1689,17,62.1
D1689,18,77.4
D1689,19,73.2
D1689,20,72.6
D1689,21,57.9
D1689,22,75.1
D1689,23,57.7
D1689,24,68.1
D1689,25,59.3
D1689,26,70.2
D1690,1,62.8
D1690,2,69.4
D1690,3,66.3
D1690,4,63.0
D1690,5,66.4
D1690,6,63.5
D1690,7,66.7
D1690,8,69.5
D1690,9,70.5
D1690,10,57.0
D1690,11,60.2
D1690,12,60.8
D1690,13,54.9
D1690,14,56.2
D1690,15,49.9
D1690,16,49.8
D1691,1,51.6
D1691,2,38.9
D1691,3,65.6
D1691,4,49.5
D1691,5,43.4
D1691,6,50.0
D1691,7,50.8
D1691,8,37.7
D1691,9,51.1
D1691,10,51.0
D1691,11,36.5
D1691,12,36.5
D1691,13,46.9
D1691,14,44.6
D1691,15,46.7
D1691,16,44.1
D1691,17,49.4
D1691,18,33.4
D1691,19,42.2
D1691,20,31.3
D1691,21,39.0
D1691,22,33.3
D1691,23,30.4
D1691,24,40.2
D1691,25,31.4
D1691,26,33.4
D1692,1,65.5
D1692,2,58.9
D1692,3,69.5
D1692,4,69.4
D1692,5,64.4
D1692,6,65.1
D1692,7,82.3
D1692,8,72.4
D1692,9,64.8
D1692,10,66.8
D1692,11,66.6
D1692,12,63.1
D1692,13,59.2
D1692,14,76.1
D1692,15,60.5
D1692,16,75.8
D1692,17,64.8
D1692,18,65.8
D1692,19,52.9
D1692,20,79.5
D1692,21,80.3
D1692,22,59.8
D1692,23,70.9
D1692,24,69.0
D1692,25,53.2
D1692,26,52.7
D1693,1,25.4
D1693,2,31.7
D1693,3,23.5
D1693,4,19.5
D1693,5,28.2
D1693,6,31.8
D1693,7,35.9
D1693,8,23.5
D1693,9,30.8
D1693,10,42.3
D1693,11,33.0
D1693,12,29.7
D1693,13,5.5
D1693,14,27.5
D1693,15,35.2
D1693,16,25.3
D1693,17,15.4
D1693,18,15.4
D1693,19,17.7
D1693,20,33.5
D1693,21,21.8
D1693,22,26.7
D1693,23,12.6
D1693,24,26.2
D1693,25,31.2
D1693,26,24.2
D1694,1,17.4
D1694,2,18.0
D1694,3,24.3
D1694,4,21.8
D1694,5,37.8
D1694,6,23.6
D1694,7,34.9
D1694,8,20.2
D1694,9,23.3
D1694,10,19.3
D1694,11,25.4
D1694,12,20.7
D1694,13,56.5
D1694,14,31.4
D1694,15,16.1
D1694,16,20.3
D1694,17,36.6
D1694,18,34.1
D1694,19,27.3
D1694,20,27.6
D1694,21,23.5
D1694,22,6.9
D1694,23,28.4
D1694,24,32.5
D1694,25,29.9
D1694,26,28.2
D1695,1,86.1
D1695,2,93.1
D1695,3,93.8
D1695,4,87.3
D1695,5,85.2
D1695,6,97.7
D1695,7,92.8
D1695,8,100.0
D1695,9,96.4
D1695,10,89.2
D1695,11,80.0
D1695,12,85.3
D1695,13,94.7
D1695,14,95.6
D1695,15,85.0
D1695,16,91.5
D1695,17,97.4
D1695,18,94.3
D1695,19,80.7
D1695,20,80.2
D1695,21,87.8
D1695,22,79.0
D1695,23,88.3
D1695,24,70.9
D1695,25,76.3
D1695,26,82.1
D1696,1,89.9
D1696,2,90.5
D1696,3,77.6
D1696,4,81.4
D1696,5,85.0
D1696,6,87.2
D1696,7,83.7
D1696,8,95.2
D1696,9,78.9
D1696,10,75.6
D1696,11,86.9
D1696,12,81.8
D1696,13,77.7
D1696,14,76.7
D1696,15,81.0
D1696,16,77.3
D1696,17,88.6
D1696,18,85.6
D1696,19,88.1
D1696,20,92.5
D1696,21,96.7
D1696,22,92.6
D1696,23,79.8
D1696,24,79.7
D1696,25,94.8
D1696,26,86.8
D1697,1,13.8
D1697,2,19.2
D1697,3,9.6
D1697,4,19.8
D1697,5,0.0
D1697,6,5.0
D1697,7,14.4
D1697,8,27.0
D1697,9,28.9
D1697,10,3.2
D1697,11,11.1
D1697,12,18.0
D1697,13,24.2
D1697,14,2.8
D1697,15,17.1
D1697,16,18.8
D1697,17,10.8
D1697,18,14.6
D1697,19,14.9
D1697,20,9.1
D1697,21,16.2
D1697,22,11.9
D1697,23,16.1
D1697,24,9.3
D1697,25,10.7
D1697,26,26.7
D1698,1,49.8
D1698,2,48.3
D1698,3,54.0
D1698,4,52.5
D1698,5,57.6
D1698,6,45.9
D1698,7,50.0
D1698,8,48.0
D1698,9,50.2
D1698,10,54.1
D1698,11,59.4
D1698,12,44.5
D1698,13,48.7
D1698,14,46.7
D1698,15,66.0
D1698,16,44.3
D1698,17,39.0
D1698,18,43.3
D1698,19,44.5
D1698,20,61.5
D1698,21,40.0
D1698,22,47.8
D1698,23,45.7
D1698,24,38.5
D1698,25,37.5
D1698,26,41.7
D1699,1,63.3
D1699,2,53.7
D1699,3,63.5
D1699,4,55.2
D1699,5,60.1
D1699,6,58.6
D1699,7,80.4
D1699,8,70.3
D1699,9,70.5
D1699,10,62.5
D1699,11,59.1
D1699,12,58.7
D1699,13,68.6
D1699,14,60.1
D1699,15,69.9
D1699,16,66.4
D1699,17,64.8
D1699,18,57.6
D1699,19,54.7
D1699,20,63.2
D1699,21,55.1
D1699,22,56.4
D1699,23,68.5
D1699,24,70.0
D1699,25,68.7
D1699,26,72.1
D1700,1,58.1
D1700,2,73.8
D1700,3,60.9
D1700,4,60.6
D1700,5,64.3
D1700,6,81.8
D1700,7,60.7
D1700,8,60.2
D1700,9,58.8
D1700,10,60.9
D1700,11,63.6
D1700,12,58.6
D1700,13,63.9
D1700,14,65.6
D1700,15,55.3
D1700,16,56.0
D1700,17,64.6
D1700,18,61.8
D1700,19,59.5
D1700,20,89.4
D1700,21,83.8
D1700,22,63.4
D1700,23,68.5
D1700,24,64.6
D1700,25,56.4
D1700,26,55.8
D1701,1,60.0
D1701,2,69.5
D1701,3,53.9
D1701,4,58.0
D1701,5,56.0
D1701,6,67.6
D1701,7,69.7
D1701,8,60.6
D1701,9,59.2
D1701,10,71.7
D1701,11,71.3
D1701,12,57.5
D1701,13,71.4
D1701,14,58.7
D1701,15,63.3
D1701,16,62.0
D1701,17,65.8
D1701,18,71.0
D1701,19,62.3
D1701,20,63.8
D1701,21,65.9
D1701,22,69.8
D1701,23,61.4
D1701,24,62.3
D1701,25,59.9
D1701,26,60.3
D1702,1,19.6
D1702,2,55.9
D1702,3,26.5
D1702,4,33.0
D1702,5,22.6
D1702,6,43.4
D1702,7,15.7
D1702,8,22.2
D1702,9,21.1
D1702,10,23.9
D1702,11,20.0
D1702,12,24.0
D1702,13,37.3
D1702,14,33.8
D1702,15,44.5
D1702,16,33.9
D1702,17,13.9
D1702,18,15.7
D1702,19,13.6
D1702,20,32.1
D1702,21,18.2
D1702,22,17.1
D1702,23,29.1
D1702,24,35.9
D1702,25,14.4
D1702,26,19.9
D1703,1,89.7
D1703,2,75.2
D1703,3,93.6
D1703,4,83.9
D1703,5,75.5
D1703,6,95.6
D1703,7,83.9
D1703,8,86.9
D1703,9,82.0
D1703,10,84.8
D1703,11,68.5
D1703,12,95.3
D1703,13,75.4
D1703,14,84.2
D1703,15,78.3
D1703,16,80.8
D1703,17,88.3
D1703,18,87.5
D1703,19,80.1
D1703,20,96.3
D1703,21,76.4
D1703,22,75.1
D1703,23,77.2
D1703,24,96.1
D1703,25,91.6
D1703,26,95.3
D1704,1,98.1
D1704,2,78.9
D1704,3,76.9
D1704,4,95.6
D1704,5,86.3
D1704,6,79.9
D1704,7,80.1
D1704,8,94.4
D1704,9,95.1
D1704,10,96.0
D1704,11,90.1
D1704,12,87.7
D1704,13,95.0
D1704,14,89.5
D1704,15,90.4
D1704,16,81.1
D1704,17,93.0
D1704,18,75.9
D1704,19,75.1
D1704,20,95.0
D1704,21,82.6
D1704,22,89.0
D1704,23,75.4
D1704,24,79.1
D1705,1,13.9
D1705,2,17.3
D1705,3,13.2
D1705,4,9.9
D1705,5,12.2
D1705,6,5.2
D1705,7,6.9
D1705,8,9.1
D1705,9,22.1
D1705,10,13.0
D1705,11,15.1
D1705,12,12.1
D1705,13,13.8
D1705,14,13.1
D1705,15,5.1
D1705,16,11.3
D1705,17,16.8
D1705,18,18.0
D1705,19,19.3
D1705,20,14.2
D1705,21,15.6
D1705,22,10.2
D1705,23,6.8
D1705,24,23.3
D1705,25,7.0
D1705,26,14.9
D1706,1,67.3
D1706,2,67.7
D1706,3,67.0
D1706,4,58.3
D1706,5,58.8
D1706,6,68.2
D1706,7,83.5
D1706,8,61.6
D1706,9,65.9
D1706,10,66.4
D1706,11,59.9
D1706,12,75.7
D1706,13,62.0
D1706,14,56.6
D1706,15,76.9
D1706,16,63.7
D1706,17,66.9
D1706,18,67.9
D1706,19,77.7
D1706,20,70.3
D1706,21,62.8
D1706,22,64.2
D1706,23,65.3
D1706,24,74.4
D1706,25,56.0
D1706,26,78.9
D1707,1,34.0
D1707,2,18.4
D1707,3,37.4
D1707,4,13.6
D1707,5,28.2
D1707,6,12.0
D1707,7,14.5
D1707,8,20.8
D1707,9,11.3
D1707,10,18.6
D1707,11,14.1
D1707,12,7.3
D1707,13,41.7
D1707,14,30.9
D1707,15,23.2
D1707,16,19.2
D1707,17,33.6
D1707,18,29.9
D1707,19,29.3
D1707,20,33.0
D1707,21,40.8
D1707,22,37.9
D1707,23,21.1
D1707,24,31.7
D1707,25,14.6
D1707,26,18.5
D1708,1,63.9
D1708,2,58.1
D1708,3,63.4
D1708,4,68.3
D1708,5,61.9
D1708,6,67.8
D1708,7,59.3
D1708,8,65.5
D1708,9,76.4
D1708,10,65.1
D1708,11,55.8
D1708,12,64.0
D1708,13,64.5
D1708,14,61.9
D1708,15,57.4
D1708,16,63.5
D1708,17,66.3
D1708,18,64.8
D1708,19,65.2
D1708,20,61.0
D1708,21,64.2
D1708,22,60.0
D1708,23,62.0
D1708,24,71.8
D1708,25,69.0
D1708,26,64.6
D1709,1,99.1
D1709,2,77.5
D1709,3,82.3
D1709,4,81.8
D1709,5,84.8
D1709,6,83.6
D1709,7,84.5
D1709,8,83.7
D1709,9,80.5
D1709,10,94.0
D1709,11,74.9
D1709,12,92.5
D1709,13,89.3
D1709,14,86.0
D1709,15,92.0
D1709,16,90.1
D1709,17,81.4
D1709,18,93.7
D1709,19,88.0
D1709,20,79.8
D1709,21,88.7
D1709,22,89.8
D1709,23,90.8
D1709,24,76.4
D1709,25,84.2
D1709,26,78.9
D1710,1,56.5
D1710,2,64.1
D1710,3,78.4
D1710,4,63.1
D1710,5,71.2
D1710,6,71.7
D1710,7,57.0
D1710,8,61.6
D1710,9,67.9
D1710,10,70.2
D1710,11,62.1
D1710,12,69.8
D1710,13,53.2
D1710,14,65.2
D1710,15,74.4
D1710,16,75.9
D1710,17,67.0
D1710,18,82.5
D1710,19,60.8
D1710,20,71.3
D1710,21,69.2
D1710,22,63.9
D1710,23,59.2
D1710,24,70.5
D1710,25,68.1
D1710,26,74.3
D1711,1,61.9
D1711,2,71.0
D1711,3,65.1
D1711,4,66.0
D1711,5,64.9
D1711,6,88.3
D1711,7,75.0
D1711,8,65.5
D1711,9,70.2
D1711,10,68.9
D1711,11,77.7
D1711,12,68.8
D1711,13,61.3
D1711,14,73.2
D1711,15,54.3
D1711,16,58.4
D1711,17,72.3
D1711,18,67.7
D1711,19,62.2
D1711,20,70.4
D1711,21,70.1
D1711,22,54.2
D1711,23,71.1
D1711,24,81.9
D1711,25,67.6
D1711,26,62.3
D1712,1,63.8
D1712,2,58.3
D1712,3,67.5
D1712,4,61.2
D1712,5,59.2
D1712,6,63.5
D1712,7,62.1
D1712,8,74.0
D1712,9,62.1
D1712,10,60.8
D1712,11,57.7
D1712,12,62.6
D1712,13,63.8
D1712,14,65.8
D1712,15,58.8
D1712,16,70.6
D1712,17,62.7
D1712,18,69.5
D1712,19,65.2
D1712,20,61.5
D1712,21,63.1
D1712,22,70.6
D1712,23,57.8
D1712,24,63.1
D1712,25,61.5
D1712,26,72.1
D1713,1,94.6
D1713,2,83.5
D1713,3,94.9
D1713,4,90.8
D1713,5,93.8
D1713,6,93.7
D1713,7,87.1
D1713,8,88.4
D1713,9,92.5
D1713,10,95.2
D1713,11,87.0
D1713,12,77.2
D1713,13,79.3
D1713,14,81.3
D1713,15,79.6
D1713,16,75.2
D1713,17,76.8
D1713,18,83.4
D1713,19,82.9
D1713,20,83.8
D1713,21,83.0
D1713,22,92.4
D1713,23,89.8
D1713,24,99.4
D1713,25,77.3
D1713,26,85.9
D1714,1,58.8
D1714,2,75.7
D1714,3,70.2
D1714,4,76.0
D1714,5,68.4
D1714,6,69.4
D1714,7,62.8
D1714,8,60.9
D1714,9,68.4
D1714,10,66.1
D1714,11,72.0
D1714,12,60.3
D1714,13,70.4
D1714,14,51.0
D1714,15,44.9
D1714,16,61.9
D1714,17,57.4
D1714,18,48.3
D1715,1,78.2
D1715,2,90.1
D1715,3,76.6
D1715,4,88.8
D1715,5,85.9
D1715,6,90.5
D1715,7,97.8
D1715,8,88.3
D1715,9,100.0
D1715,10,79.8
D1715,11,94.9
D1715,12,93.4
D1715,13,96.4
D1715,14,77.9
D1715,15,88.8
D1715,16,73.8
D1715,17,94.4
D1715,18,86.3
D1715,19,96.0
D1715,20,92.8
D1715,21,86.8
D1715,22,97.7
D1715,23,87.2
D1715,24,90.6
D1715,25,84.9
D1715,26,98.6
D1716,1,79.7
D1716,2,84.6
D1716,3,83.3
D1716,4,82.6
D1716,5,85.2
D1716,6,84.4
D1716,7,82.8
D1716,8,73.0
D1716,9,73.1
D1716,10,88.1
D1716,11,48.0
D1717,1,68.6
D1717,2,57.6
D1717,3,73.9
D1717,4,62.9
D1717,5,65.6
D1717,6,67.3
D1717,7,60.3
D1717,8,59.5
D1717,9,60.9
D1717,10,56.4
D1717,11,57.7
D1717,12,54.2
D1717,13,47.0
D1717,14,43.7
D1718,1,78.5
D1718,2,76.8
D1718,3,87.0
D1718,4,93.9
D1718,5,91.7
D1718,6,89.9
D1718,7,85.4
D1718,8,91.2
D1718,9,87.5
D1718,10,89.6
D1718,11,77.3
D1718,12,86.7
D1718,13,95.2
D1718,14,87.6
D1718,15,79.3
D1718,16,87.8
D1718,17,88.3
D1718,18,81.9
D1718,19,90.8
D1718,20,79.5
D1718,21,74.3
D1718,22,80.5
D1718,23,82.2
D1718,24,84.0
D1718,25,89.9
D1718,26,77.9
D1719,1,85.2
D1719,2,68.6
D1719,3,60.0
D1719,4,54.1
D1719,5,58.3
D1719,6,77.6
D1719,7,53.7
D1719,8,57.0
D1719,9,60.6
D1719,10,78.3
D1719,11,49.9
D1719,12,74.7
D1719,13,73.1
D1719,14,59.8
D1719,15,64.3
D1719,16,62.0
D1719,17,52.0
D1719,18,55.7
D1719,19,49.4
D1719,20,55.4
D1720,1,77.6
D1720,2,91.1
D1720,3,92.1
D1720,4,76.6
D1720,5,73.4
D1720,6,79.1
D1720,7,85.9
D1720,8,83.8
D1720,9,88.9
D1720,10,86.3
D1720,11,73.2
D1720,12,93.3
D1720,13,86.0
D1720,14,80.1
D1720,15,79.6
D1720,16,78.3
D1720,17,76.2
D1720,18,85.7
D1720,19,77.7
D1720,20,83.5
D1720,21,81.5
D1720,22,78.5
D1720,23,79.4
D1720,24,77.3
D1720,25,81.8
D1720,26,90.7
D1721,1,84.3
D1721,2,86.7
D1721,3,76.1
D1721,4,82.0
D1721,5,84.8
D1721,6,85.1
D1721,7,83.7
D1721,8,78.9
D1721,9,72.2
D1721,10,77.5
D1721,11,75.9
D1721,12,84.1
D1721,13,86.8
D1721,14,79.5
D1721,15,83.3
D1721,16,92.1
D1721,17,87.1
D1721,18,85.5
D1721,19,71.6
D1721,20,82.0
D1721,21,95.1
D1721,22,72.3
D1721,23,84.5
D1721,24,82.2
D1721,25,95.4
D1721,26,89.8
D1722,1,66.4
D1722,2,70.1
D1722,3,67.7
D1722,4,65.5
D1722,5,58.7
D1722,6,58.0
D1722,7,58.7
D1722,8,59.8
D1722,9,65.9
D1722,10,60.9
D1722,11,67.9
D1722,12,65.3
D1722,13,65.3
D1722,14,64.5
D1722,15,58.9
D1722,16,64.7
D1722,17,63.3
D1722,18,61.3
D1722,19,62.6
D1722,20,72.2
D1722,21,53.1
D1722,22,61.1
D1722,23,64.5
D1722,24,64.1
D1722,25,66.6
D1722,26,56.6
D1723,1,91.6
D1723,2,77.2
D1723,3,74.2
D1723,4,93.4
D1723,5,89.9
D1723,6,91.0
D1723,7,77.4
D1723,8,93.8
D1723,9,89.2
D1723,10,80.9
D1723,11,80.8
D1723,12,78.3
D1723,13,94.1
D1723,14,87.3
D1723,15,79.8
D1723,16,88.8
D1723,17,81.1
D1723,18,82.6
D1723,19,80.1
D1723,20,74.5
D1723,21,73.1
D1724,1,65.6
D1724,2,67.6
D1724,3,59.5
D1724,4,64.3
D1724,5,67.7
D1724,6,64.4
D1724,7,69.3
D1724,8,66.9
D1724,9,63.1
D1724,10,75.8
D1724,11,64.9
D1724,12,65.2
D1724,13,71.7
D1724,14,68.6
D1724,15,79.8
D1724,16,61.8
D1724,17,58.5
D1724,18,64.4
D1724,19,63.9
D1724,20,67.3
D1724,21,69.0
D1724,22,59.5
D1724,23,67.4
D1724,24,61.7
D1724,25,68.0
D1724,26,66.0
D1725,1,9.6
D1725,2,25.7
D1725,3,11.3
D1725,4,24.6
D1725,5,19.3
D1725,6,8.3
D1725,7,10.8
D1725,8,19.8
D1725,9,23.1
D1725,10,23.3
D1725,11,9.4
D1725,12,6.2
D1725,13,2.7
D1725,14,3.1
D1725,15,22.8
D1725,16,16.5
D1725,17,19.5
D1725,18,10.9
D1725,19,5.1
D1725,20,6.5
D1725,21,9.2
D1725,22,13.5
D1725,23,9.2
D1725,24,11.0
D1725,25,5.4
D1725,26,22.6
D1726,1,52.2
D1726,2,51.3
D1726,3,42.5
D1726,4,44.0
D1726,5,50.3
D1726,6,46.3
D1726,7,42.9
D1726,8,30.7
D1726,9,52.5
D1726,10,40.2
D1726,11,50.2
D1726,12,36.7
D1726,13,36.3
D1726,14,42.1
D1726,15,28.8
D1726,16,41.5
D1726,17,36.1
D1726,18,39.8
D1726,19,39.5
D1726,20,37.4
D1726,21,34.1
D1726,22,37.1
D1726,23,35.7
D1726,24,28.1
D1726,25,34.6
D1726,26,38.2
D1727,1,69.9
D1727,2,63.7
D1727,3,78.5
D1727,4,62.6
D1727,5,63.9
D1727,6,59.8
D1727,7,58.5
D1727,8,52.3
D1727,9,57.9
D1727,10,51.2
D1727,11,38.6
D1728,1,57.7
D1728,2,60.2
D1728,3,55.2
D1728,4,55.7
D1728,5,67.1
D1728,6,61.1
D1728,7,56.6
D1728,8,60.9
D1728,9,53.9
D1728,10,62.3
D1728,11,70.5
D1728,12,63.0
D1728,13,66.2
D1728,14,58.7
D1728,15,62.7
D1728,16,80.1
D1728,17,63.8
D1728,18,72.6
D1728,19,65.6
D1728,20,63.8
D1728,21,55.1
D1728,22,67.2
D1728,23,58.3
D1728,24,75.3
D1728,25,70.4
D1728,26,68.3
D1729,1,58.2
D1729,2,60.4
D1729,3,49.7
D1729,4,61.8
D1729,5,66.1
D1729,6,57.3
D1729,7,66.3
D1729,8,61.8
D1729,9,59.4
D1729,10,70.7
D1729,11,66.4
D1729,12,61.8
D1729,13,58.5
D1729,14,59.1
D1729,15,54.2
D1729,16,66.1
D1729,17,53.5
D1729,18,53.2
D1729,19,46.0
D1729,20,53.1
D1729,21,46.0
D1729,22,58.4
D1730,1,87.0
D1730,2,84.9
D1730,3,74.9
D1730,4,90.6
D1730,5,91.7
D1730,6,95.1
D1730,7,91.6
D1730,8,89.0
D1730,9,84.9
D1730,10,90.6
D1730,11,81.9
D1730,12,85.7
D1730,13,89.1
D1730,14,83.5
D1730,15,83.1
D1730,16,83.6
D1730,17,87.8
D1730,18,90.8
D1730,19,95.5
D1730,20,94.2
D1730,21,77.7
D1730,22,78.0
D1730,23,89.3
D1730,24,81.2
D1730,25,81.4
D1730,26,96.8
D1731,1,67.7
D1731,2,74.1
D1731,3,69.2
D1731,4,64.3
D1731,5,70.0
D1731,6,68.6
D1731,7,59.1
D1731,8,57.0
D1731,9,47.2
D1731,10,55.7
D1731,11,55.7
D1731,12,55.1
D1732,1,90.2
D1732,2,89.2
D1732,3,95.1
D1732,4,67.1
D1732,5,75.5
D1732,6,86.7
D1732,7,92.7
D1732,8,71.9
D1732,9,85.5
D1732,10,84.6
D1733,1,65.9
D1733,2,76.0
D1733,3,63.7
D1733,4,65.3
D1733,5,75.8
D1733,6,59.5
D1733,7,69.7
D1733,8,55.9
D1733,9,47.8
D1733,10,76.1
D1733,11,62.5
D1733,12,61.9
D1733,13,61.1
D1733,14,53.6
D1733,15,63.5
D1733,16,77.7
D1733,17,77.9
D1733,18,65.3
D1733,19,71.7
D1733,20,64.9
D1733,21,47.3
D1733,22,51.7
D1733,23,58.0
D1733,24,59.0
D1733,25,68.5
D1733,26,60.5
D1734,1,92.0
D1734,2,70.6
D1734,3,84.8
D1734,4,97.3
D1734,5,88.1
D1734,6,95.5
D1734,7,93.3
D1734,8,86.2
D1734,9,87.7
D1734,10,86.5
D1734,11,84.8
D1734,12,82.5
D1734,13,93.6
D1734,14,93.8
D1734,15,83.4
D1734,16,85.0
D1734,17,87.2
D1734,18,81.0
D1734,19,83.3
D1734,20,83.0
D1734,21,70.3
D1734,22,87.2
D1734,23,89.1
D1734,24,94.5
D1734,25,76.1
D1734,26,96.2
D1735,1,76.0
D1735,2,85.2
D1735,3,77.5
D1735,4,69.7
D1735,5,67.1
D1735,6,72.0
D1735,7,67.6
D1735,8,64.6
D1735,9,75.1
D1735,10,48.7
D1735,11,70.6
D1735,12,66.2
D1735,13,72.3
D1735,14,82.8
D1735,15,69.2
D1735,16,74.3
D1735,17,65.6
D1735,18,68.7
D1735,19,60.6
D1735,20,71.9
D1735,21,59.5
D1735,22,52.8
D1735,23,59.7
D1735,24,82.8
D1735,25,65.9
D1735,26,58.0
D1736,1,17.2
D1736,2,26.8
D1736,3,14.6
D1736,4,28.4
D1736,5,10.4
D1736,6,18.4
D1736,7,1.8
D1736,8,18.7
D1736,9,14.6
D1736,10,14.5
D1736,11,15.5
D1736,12,12.9
D1736,13,14.1
D1736,14,21.1
D1736,15,29.1
D1736,16,15.3
D1736,17,23.0
D1736,18,16.5
D1736,19,14.9
D1736,20,36.8
D1736,21,14.5
D1736,22,12.8
D1736,23,20.7
D1736,24,15.7
D1736,25,18.9
D1736,26,15.5
D1737,1,52.8
D1737,2,59.3
D1737,3,68.3
D1737,4,58.0
D1737,5,61.1
D1737,6,58.0
D1737,7,51.5
D1737,8,43.0
D1737,9,39.2
D1737,10,50.7
D1737,11,47.8
D1737,12,45.1
D1738,1,57.9
D1738,2,67.7
D1738,3,64.5
D1738,4,58.9
D1738,5,67.8
D1738,6,55.3
D1738,7,70.3
D1738,8,59.9
D1738,9,48.9
D1738,10,66.6
D1738,11,63.7
D1738,12,54.3
D1738,13,69.0
D1738,14,68.8
D1738,15,85.9
D1738,16,62.4
D1738,17,69.2
D1738,18,61.8
D1738,19,66.3
D1738,20,63.7
D1738,21,62.8
D1738,22,82.4
D1738,23,59.1
D1738,24,57.9
D1738,25,62.4
D1738,26,54.6
D1739,1,91.1
D1739,2,84.7
D1739,3,80.6
D1739,4,76.7
D1739,5,87.7
D1739,6,76.1
D1739,7,82.0
D1739,8,73.0
D1739,9,72.3
D1739,10,76.2
D1739,11,91.2
D1740,1,12.5
D1740,2,11.6
D1740,3,18.2
D1740,4,11.6
D1740,5,7.8
D1740,6,7.4
D1740,7,12.9
D1740,8,14.7
D1740,9,13.6
D1740,10,2.4
D1740,11,2.7
D1740,12,20.3
D1740,13,18.8
D1740,14,16.3
D1740,15,6.9
D1740,16,16.1
D1740,17,11.0
D1740,18,18.8
D1740,19,14.8
D1740,20,12.8
D1740,21,10.2
D1740,22,17.4
D1740,23,16.3
D1740,24,16.2
D1740,25,17.2
D1740,26,6.0
D1741,1,69.7
D1741,2,69.4
D1741,3,62.6
D1741,4,57.9
D1741,5,69.7
D1741,6,72.7
D1741,7,55.2
D1741,8,63.7
D1741,9,66.1
D1741,10,69.2
D1741,11,65.8
D1741,12,68.5
D1741,13,69.0
D1741,14,72.3
D1741,15,73.8
D1741,16,82.1
D1741,17,64.8
D1741,18,64.9
D1741,19,66.1
D1741,20,66.2
D1741,21,69.5
D1741,22,60.1
D1741,23,64.3
D1741,24,69.8
D1741,25,66.1
D1741,26,62.8
D1742,1,79.3
D1742,2,86.0
D1742,3,92.9
D1742,4,83.1
D1742,5,78.8
D1742,6,83.6
D1742,7,91.0
D1742,8,93.0
D1742,9,90.9
D1742,10,96.3
D1742,11,97.4
D1742,12,79.7
D1742,13,79.1
D1742,14,79.3
D1742,15,95.9
D1742,16,82.7
D1742,17,79.1
D1742,18,88.9
D1742,19,84.7
D1742,20,79.9
D1742,21,83.3
D1742,22,79.4
D1742,23,75.6
D1742,24,89.9
D1742,25,79.4
D1742,26,85.5
D1743,1,19.6
D1743,2,18.2
D1743,3,22.5
D1743,4,32.4
D1743,5,23.9
D1743,6,35.5
D1743,7,30.5
D1743,8,26.8
D1743,9,35.5
D1743,10,19.0
D1743,11,24.9
D1743,12,24.9
D1743,13,26.4
D1743,14,17.8
D1743,15,21.4
D1743,16,9.0
D1743,17,8.8
D1743,18,3.5
D1743,19,1.6
D1743,20,0.0
D1743,21,9.4
D1744,1,86.3
D1744,2,92.6
D1744,3,80.8
D1744,4,84.2
D1744,5,74.5
D1744,6,87.6
D1744,7,74.2
D1744,8,93.8
D1744,9,79.8
D1744,10,86.7
D1744,11,89.1
D1744,12,93.5
D1744,13,93.4
D1744,14,85.2
D1744,15,73.9
D1744,16,76.7
D1744,17,90.0
D1744,18,86.3
D1744,19,80.2
D1744,20,86.1
D1744,21,83.0
D1744,22,80.0
D1744,23,77.9
D1744,24,86.1
D1744,25,81.4
D1744,26,81.6
D1745,1,92.3
D1745,2,77.6
D1745,3,85.6
D1745,4,87.2
D1745,5,86.8
D1745,6,88.2
D1745,7,92.1
D1745,8,92.6
D1745,9,87.1
D1745,10,88.3
D1745,11,91.7
D1745,12,79.4
D1745,13,94.5
D1745,14,81.0
D1745,15,82.2
D1745,16,77.2
D1745,17,98.6
D1745,18,84.9
D1745,19,94.8
D1745,20,78.9
D1745,21,95.5
D1745,22,76.9
D1745,23,95.1
D1745,24,83.7
D1745,25,82.3
D1745,26,71.5
D1746,1,7.4
D1746,2,11.4
D1746,3,5.4
D1746,4,9.2
D1746,5,13.1
D1746,6,7.3
D1746,7,16.6
D1746,8,13.7
D1746,9,20.9
D1746,10,28.5
D1746,11,3.3
D1746,12,27.8
D1746,13,19.5
D1746,14,11.1
D1746,15,18.2
D1746,16,16.4
D1746,17,5.6
D1746,18,9.2
D1746,19,15.4
D1746,20,21.5
D1746,21,15.2
D1746,22,9.7
D1746,23,6.1
D1746,24,6.0
D1746,25,1.9
D1746,26,17.4
D1747,1,51.7
D1747,2,47.5
D1747,3,72.4
D1747,4,57.5
D1747,5,57.7
D1747,6,53.9
D1747,7,48.1
D1747,8,49.1
D1747,9,49.7
D1747,10,57.6
D1747,11,66.1
D1747,12,36.8
D1747,13,73.2
D1747,14,41.0
D1747,15,53.4
D1747,16,54.4
D1747,17,44.2
D1747,18,32.7
D1747,19,45.6
D1747,20,42.1
D1747,21,49.3
D1747,22,41.0
D1747,23,34.9
D1747,24,44.7
D1747,25,40.3
D1747,26,39.8
D1748,1,23.9
D1748,2,23.1
D1748,3,21.2
D1748,4,23.1
D1748,5,21.5
D1748,6,28.6
D1748,7,22.9
D1748,8,15.6
D1748,9,21.2
D1748,10,14.9
D1748,11,26.3
D1748,12,23.6
D1748,13,22.5
D1748,14,25.2
D1748,15,31.3
D1748,16,19.0
D1748,17,27.1
D1748,18,9.4
D1748,19,34.7
D1748,20,24.8
D1748,21,20.9
D1748,22,19.0
D1748,23,13.6
D1748,24,24.7
D1748,25,20.4
D1748,26,28.8
D1749,1,94.5
D1749,2,77.1
D1749,3,84.1
D1749,4,83.7
D1749,5,82.9
D1749,6,85.3
D1749,7,91.5
D1749,8,82.0
D1749,9,79.0
D1749,10,85.5
D1749,11,95.9
D1749,12,93.8
D1749,13,91.2
D1749,14,90.9
D1749,15,84.5
D1749,16,97.0
D1749,17,86.3
D1749,18,96.0
D1749,19,93.6
D1749,20,95.8
D1749,21,90.6
D1749,22,80.8
D1749,23,93.2
D1749,24,96.0
D1749,25,82.5
D1749,26,72.4
D1750,1,10.7
D1750,2,18.6
D1750,3,10.9
D1750,4,22.6
D1750,5,2.6
D1750,6,16.6
D1750,7,10.7
D1750,8,6.6
D1750,9,17.2
D1750,10,21.3
D1750,11,19.3
D1750,12,13.1
D1750,13,19.9
D1750,14,13.1
D1750,15,27.8
D1750,16,17.7
D1750,17,24.8
D1750,18,13.3
D1750,19,3.4
D1750,20,16.4
D1750,21,18.4
D1750,22,20.7
D1750,23,27.5
D1750,24,12.9
D1750,25,24.9
D1750,26,21.0
D1751,1,84.8
D1751,2,79.5
D1751,3,76.1
D1751,4,88.8
D1751,5,86.0
D1751,6,81.4
D1751,7,82.1
D1751,8,73.5
D1751,9,90.9
D1751,10,77.5
D1751,11,88.4
D1751,12,85.0
D1751,13,80.6
D1751,14,82.7
D1751,15,82.0
D1751,16,80.0
D1751,17,88.7
D1751,18,84.7
D1751,19,81.6
D1751,20,83.6
D1751,21,91.8
D1751,22,90.8
D1751,23,90.7
D1751,24,96.1
D1751,25,75.1
D1751,26,83.9
D1752,1,23.6
D1752,2,7.6
D1752,3,0.4
D1752,4,15.2
D1752,5,14.9
D1752,6,8.7
D1752,7,21.5
D1752,8,17.3
D1752,9,8.3
D1752,10,9.4
D1752,11,6.6
D1752,12,19.9
D1752,13,18.3
D1752,14,18.2
D1752,15,7.6
D1752,16,37.8
D1752,17,12.9
D1752,18,16.2
D1752,19,12.4
D1752,20,3.6
D1752,21,7.4
D1752,22,30.0
D1752,23,1.4
D1752,24,0.5
D1752,25,0.0
D1753,1,55.3
D1753,2,69.0
D1753,3,52.2
D1753,4,32.6
D1753,5,47.9
D1753,6,47.1
D1753,7,46.8
D1753,8,54.3
D1753,9,41.6
D1753,10,51.3
D1753,11,29.9
D1753,12,46.4
D1753,13,42.8
D1753,14,36.7
D1753,15,36.1
D1753,16,32.5
D1753,17,40.8
D1753,18,31.3
D1753,19,34.0
D1753,20,37.7
D1753,21,33.6
D1753,22,31.0
D1753,23,41.0
D1753,24,25.9
D1753,25,23.8
D1753,26,47.7
D1754,1,57.2
D1754,2,61.0
D1754,3,56.1
D1754,4,56.5
D1754,5,57.6
D1754,6,79.7
D1754,7,65.6
D1754,8,64.5
D1754,9,62.6
D1754,10,51.5
D1754,11,55.5
D1754,12,62.5
D1754,13,59.2
D1754,14,63.4
D1754,15,61.7
D1754,16,65.4
D1754,17,58.6
D1754,18,66.0
D1754,19,60.4
D1754,20,64.0
D1754,21,55.1
D1754,22,63.0
D1754,23,64.0
D1754,24,61.9
D1754,25,52.5
D1754,26,59.8
D1755,1,82.9
D1755,2,87.4
D1755,3,84.5
D1755,4,88.9
D1755,5,84.8
D1755,6,100.0
D1755,7,66.1
D1755,8,81.6
D1755,9,78.3
D1755,10,95.7
D1755,11,83.4
D1755,12,94.2
D1755,13,96.6
D1755,14,80.9
D1755,15,76.1
D1755,16,85.5
D1755,17,94.0
D1755,18,78.3
D1755,19,85.7
D1755,20,80.8
D1755,21,83.5
D1755,22,93.6
D1755,23,98.5
D1755,24,92.0
D1755,25,92.1
D1755,26,83.7
D1756,1,14.7
D1756,2,47.0
D1756,3,6.9
D1756,4,3.6
D1756,5,25.2
D1756,6,8.2
D1756,7,22.7
D1756,8,17.5
D1756,9,10.9
D1756,10,12.6
D1756,11,17.8
D1756,12,25.3
D1756,13,9.0
D1756,14,5.4
D1756,15,14.5
D1756,16,6.9
D1756,17,27.1
D1756,18,19.7
D1756,19,29.6
D1756,20,4.7
D1756,21,21.0
D1756,22,14.7
D1756,23,23.7
D1756,24,29.7
D1756,25,16.6
D1756,26,17.6
D1757,1,89.6
D1757,2,83.5
D1757,3,77.3
D1757,4,86.7
D1757,5,75.3
D1757,6,92.5
D1757,7,77.7
D1757,8,79.9
D1757,9,84.4
D1757,10,80.1
D1757,11,89.7
D1757,12,88.6
D1757,13,77.7
D1757,14,73.8
D1757,15,77.8
D1757,16,84.1
D1757,17,88.5
D1757,18,81.3
D1757,19,79.2
D1757,20,79.6
D1757,21,93.5
D1757,22,79.9
D1757,23,76.5
D1757,24,77.8
D1757,25,94.6
D1757,26,75.2
D1758,1,54.0
D1758,2,51.4
D1758,3,47.3
D1758,4,62.9
D1758,5,42.5
D1758,6,48.3
D1758,7,49.9
D1758,8,44.5
D1758,9,30.5
D1758,10,41.6
D1758,11,46.8
D1758,12,30.0
D1758,13,37.2
D1758,14,43.8
D1758,15,41.1
D1758,16,46.2
D1758,17,36.8
D1758,18,51.3
D1758,19,37.7
D1758,20,44.2
D1758,21,44.2
D1758,22,28.4
D1758,23,42.8
D1758,24,40.9
D1758,25,29.3
D1758,26,40.8
D1759,1,25.9
D1759,2,36.5
D1759,3,34.0
D1759,4,31.1
D1759,5,41.5
D1759,6,17.9
D1759,7,25.0
D1759,8,11.6
D1759,9,1.1
D1759,10,0.0
D1759,11,0.0
D1759,12,1.1
D1759,13,0.0
D1760,1,26.9
D1760,2,26.1
D1760,3,21.7
D1760,4,27.5
D1760,5,22.8
D1760,6,30.0
D1760,7,20.1
D1760,8,20.8
D1760,9,14.3
D1760,10,23.7
D1760,11,23.9
D1760,12,31.2
D1760,13,24.3
D1760,14,18.5
D1760,15,32.2
D1760,16,28.9
D1760,17,13.4
D1760,18,27.3
D1760,19,16.4
D1760,20,20.0
D1760,21,10.9
D1760,22,23.9
D1760,23,30.6
D1760,24,22.8
D1760,25,28.9
D1760,26,28.4
D1761,1,72.0
D1761,2,56.3
D1761,3,64.9
D1761,4,65.5
D1761,5,63.7
D1761,6,64.0
D1761,7,63.5
D1761,8,56.7
D1761,9,60.8
D1761,10,68.0
D1761,11,65.8
D1761,12,66.7
D1761,13,92.3
D1761,14,63.4
D1761,15,66.9
D1761,16,59.3
D1761,17,61.1
D1761,18,71.4
D1761,19,56.7
D1761,20,54.3
D1761,21,48.0
D1761,22,76.9
D1761,23,81.3
D1761,24,68.5
D1761,25,71.4
D1761,26,65.0
D1762,1,51.6
D1762,2,47.9
D1762,3,53.4
D1762,4,65.8
D1762,5,60.3
D1762,6,52.6
D1762,7,56.0
D1762,8,52.2
D1762,9,60.9
D1762,10,54.8
D1762,11,70.0
D1762,12,54.8
D1762,13,49.9
D1762,14,48.1
D1762,15,47.4
D1762,16,44.0
D1762,17,53.5
D1762,18,48.4
D1762,19,48.6
D1762,20,39.6
D1762,21,34.0
D1762,22,46.5
D1762,23,36.1
D1762,24,50.5
D1762,25,52.8
D1762,26,51.3
D1763,1,62.1
D1763,2,65.1
D1763,3,68.4
D1763,4,58.8
D1763,5,63.5
D1763,6,66.5
D1763,7,68.0
D1763,8,65.2
D1763,9,59.6
D1763,10,69.5
D1763,11,58.5
D1763,12,65.9
D1763,13,60.7
D1763,14,59.3
D1763,15,54.9
D1763,16,53.0
D1763,17,65.8
D1763,18,66.5
D1763,19,65.7
D1763,20,61.3
D1763,21,63.1
D1763,22,61.6
D1763,23,61.3
D1763,24,59.7
D1763,25,57.9
D1763,26,55.1
D1764,1,66.9
D1764,2,69.8
D1764,3,68.6
D1764,4,61.8
D1764,5,69.5
D1764,6,57.0
D1764,7,64.1
D1764,8,60.8
D1764,9,62.7
D1764,10,67.6
D1764,11,72.0
D1764,12,59.9
D1764,13,60.0
D1764,14,62.2
D1764,15,67.0
D1764,16,64.1
D1764,17,68.9
D1764,18,62.4
D1764,19,58.5
D1764,20,62.9
D1764,21,59.4
D1764,22,70.2
D1764,23,68.4
D1764,24,60.0
D1764,25,64.7
D1764,26,81.1
D1765,1,46.4
D1765,2,55.3
D1765,3,39.6
D1765,4,44.5
D1765,5,46.9
D1765,6,46.8
D1765,7,45.9
D1765,8,37.6
D1765,9,46.0
D1765,10,53.3
D1765,11,47.2
D1765,12,24.8
D1765,13,37.2
D1765,14,51.7
D1765,15,40.2
D1765,16,31.1
D1765,17,50.0
D1765,18,38.4
D1765,19,54.2
D1765,20,34.8
D1765,21,25.7
D1765,22,22.2
D1765,23,51.3
D1765,24,36.2
D1765,25,20.0
D1765,26,27.8
D1766,1,78.3
D1766,2,91.3
D1766,3,88.7
D1766,4,86.3
D1766,5,92.3
D1766,6,84.6
D1766,7,89.5
D1766,8,94.7
D1766,9,85.3
D1766,10,88.9
D1766,11,80.8
D1766,12,95.0
D1766,13,85.1
D1766,14,77.8
D1766,15,85.4
D1766,16,91.5
D1766,17,81.8
D1766,18,79.3
D1766,19,87.2
D1766,20,91.1
D1766,21,89.5
D1766,22,75.9
D1766,23,89.0
D1766,24,85.9
D1766,25,87.6
D1766,26,87.7
D1767,1,89.1
D1767,2,92.8
D1767,3,91.8
D1767,4,79.7
D1767,5,93.4
D1767,6,80.6
D1767,7,84.6
D1767,8,80.6
D1767,9,89.1
D1767,10,81.4
D1767,11,81.1
D1767,12,93.2
D1767,13,88.5
D1767,14,75.5
D1767,15,80.4
D1767,16,89.2
D1767,17,89.6
D1767,18,93.2
D1767,19,91.2
D1767,20,84.7
D1767,21,80.7
D1767,22,82.3
D1767,23,90.8
D1767,24,91.2
D1767,25,77.6
D1767,26,83.3
D1768,1,23.4
D1768,2,55.3
D1768,3,33.5
D1768,4,17.9
D1768,5,35.6
D1768,6,35.7
D1768,7,23.5
D1768,8,24.1
D1768,9,27.5
D1768,10,31.0
D1768,11,31.7
D1768,12,32.9
D1768,13,31.2
D1768,14,27.6
D1768,15,17.4
D1768,16,18.6
D1768,17,48.3
D1768,18,22.4
D1768,19,21.0
D1768,20,11.7
D1768,21,29.5
D1768,22,11.7
D1768,23,23.3
D1768,24,24.6
D1768,25,18.6
D1768,26,46.7
D1769,1,76.9
D1769,2,59.4
D1769,3,60.8
D1769,4,61.0
D1769,5,67.8
D1769,6,62.5
D1769,7,62.1
D1769,8,56.2
D1769,9,63.5
D1769,10,64.8
D1769,11,81.2
D1769,12,50.3
D1769,13,59.8
D1769,14,61.5
D1769,15,65.7
D1769,16,50.3
D1769,17,66.4
D1769,18,50.8
D1769,19,53.0
D1769,20,62.9
D1769,21,56.3
D1769,22,50.1
D1770,1,21.2
D1770,2,24.6
D1770,3,4.6
D1770,4,21.4
D1770,5,21.0
D1770,6,26.0
D1770,7,5.1
D1770,8,5.9
D1770,9,35.7
D1770,10,9.1
D1770,11,25.9
D1770,12,9.8
D1770,13,22.3
D1770,14,15.7
D1770,15,45.0
D1770,16,9.8
D1770,17,29.1
D1770,18,14.1
D1770,19,20.2
D1770,20,10.1
D1770,21,19.9
D1770,22,26.2
D1770,23,27.8
D1770,24,18.9
D1770,25,25.3
D1770,26,17.5
D1771,1,19.1
D1771,2,14.5
D1771,3,18.3
D1771,4,27.0
D1771,5,33.1
D1771,6,22.3
D1771,7,10.9
D1771,8,15.9
D1771,9,17.5
D1771,10,23.9
D1771,11,14.5
D1771,12,29.6
D1771,13,28.4
D1771,14,4.8
D1771,15,9.7
D1771,16,18.3
D1771,17,42.0
D1771,18,56.7
D1771,19,23.8
D1771,20,13.1
D1771,21,19.5
D1771,22,13.5
D1771,23,12.8
D1771,24,17.3
D1771,25,13.9
D1771,26,16.9
D1772,1,71.8
D1772,2,64.2
D1772,3,65.4
D1772,4,68.6
D1772,5,62.9
D1772,6,64.1
D1772,7,55.3
D1772,8,59.0
D1772,9,63.4
D1772,10,62.0
D1772,11,53.0
D1772,12,56.2
D1772,13,52.2
D1772,14,52.8
D1772,15,46.0
D1773,1,73.8
D1773,2,72.0
D1773,3,63.0
D1773,4,60.0
D1773,5,61.4
D1773,6,63.2
D1773,7,67.3
D1773,8,64.6
D1773,9,55.1
D1773,10,64.1
D1773,11,57.4
D1773,12,57.8
D1773,13,61.9
D1773,14,64.3
D1773,15,63.5
D1773,16,67.4
D1773,17,56.7
D1773,18,66.7
D1773,19,63.9
D1773,20,58.8
D1773,21,66.0
D1773,22,50.4
D1773,23,53.6
D1773,24,35.2
D1773,25,40.7
D1773,26,28.1
D1774,1,57.6
D1774,2,53.1
D1774,3,50.8
D1774,4,54.5
D1774,5,52.8
D1774,6,54.6
D1774,7,51.1
D1774,8,48.3
D1774,9,47.5
D1774,10,55.7
D1774,11,45.7
D1774,12,46.8
D1774,13,49.3
D1774,14,50.0
D1774,15,49.3
D1774,16,44.7
D1774,17,39.0
D1774,18,37.3
D1774,19,38.0
D1774,20,45.8
D1774,21,36.5
D1774,22,37.7
D1774,23,47.7
D1774,24,37.2
D1774,25,44.2
D1774,26,40.5
D1775,1,15.5
D1775,2,18.7
D1775,3,13.2
D1775,4,26.4
D1775,5,2.1
D1775,6,24.3
D1775,7,8.4
D1775,8,2.6
D1775,9,21.2
D1775,10,9.1
D1775,11,1.9
D1775,12,11.8
D1775,13,22.5
D1775,14,10.8
D1775,15,18.8
D1775,16,14.1
D1775,17,7.1
D1775,18,2.1
D1775,19,19.0
D1775,20,15.4
D1775,21,26.7
D1775,22,25.0
D1775,23,21.8
D1775,24,12.1
D1775,25,22.7
D1775,26,18.2
D1776,1,27.5
D1776,2,12.7
D1776,3,16.0
D1776,4,23.6
D1776,5,30.9
D1776,6,24.4
D1776,7,21.2
D1776,8,29.5
D1776,9,24.7
D1776,10,10.7
D1776,11,17.4
D1776,12,9.8
D1776,13,13.1
D1776,14,0.0
D1776,15,16.4
D1776,16,0.0
D1777,1,61.4
D1777,2,69.0
D1777,3,66.2
D1777,4,65.9
D1777,5,59.7
D1777,6,65.5
D1777,7,64.7
D1777,8,56.1
D1777,9,71.1
D1777,10,60.7
D1777,11,65.5
D1777,12,57.6
D1777,13,62.7
D1777,14,62.0
D1777,15,61.2
D1777,16,66.0
D1777,17,58.3
D1777,18,62.3
D1777,19,70.5
D1777,20,66.3
D1777,21,60.9
D1777,22,62.7
D1777,23,63.3
D1777,24,61.6
D1777,25,50.9
D1777,26,65.5
D1778,1,63.9
D1778,2,72.1
D1778,3,65.1
D1778,4,56.9
D1778,5,62.0
D1778,6,64.9
D1778,7,62.7
D1778,8,62.5
D1778,9,82.5
D1778,10,57.7
D1778,11,57.8
D1778,12,45.1
D1778,13,38.2
D1778,14,63.4
D1779,1,20.0
D1779,2,27.0
D1779,3,9.3
D1779,4,26.8
D1779,5,21.1
D1779,6,30.9
D1779,7,30.1
D1779,8,34.4
D1779,9,8.6
D1779,10,18.5
D1779,11,19.7
D1779,12,35.6
D1779,13,15.9
D1779,14,11.2
D1779,15,17.7
D1779,16,16.0
D1779,17,20.5
D1779,18,23.9
D1779,19,30.0
D1779,20,26.5
D1779,21,18.0
D1779,22,21.0
D1779,23,22.6
D1779,24,17.0
D1779,25,21.3
D1779,26,22.2
D1780,1,62.0
D1780,2,74.3
D1780,3,61.7
D1780,4,61.7
D1780,5,60.8
D1780,6,66.5
D1780,7,71.6
D1780,8,57.6
D1780,9,66.9
D1780,10,61.1
D1780,11,67.8
D1780,12,73.3
D1780,13,57.7
D1780,14,55.8
D1780,15,68.0
D1780,16,64.2
D1780,17,61.8
D1780,18,65.2
D1780,19,66.4
D1780,20,61.6
D1780,21,65.8
D1780,22,67.0
D1780,23,64.7
D1780,24,60.5
D1780,25,56.9
D1780,26,67.8
D1781,1,63.6
D1781,2,63.5
D1781,3,68.2
D1781,4,67.7
D1781,5,65.4
D1781,6,67.6
D1781,7,62.2
D1781,8,64.1
D1781,9,57.7
D1781,10,48.0
D1781,11,55.8
D1781,12,46.4
D1781,13,58.1
D1781,14,61.1
D1782,1,26.8
D1782,2,20.4
D1782,3,31.3
D1782,4,35.2
D1782,5,28.5
D1782,6,29.5
D1782,7,32.4
D1782,8,18.4
D1782,9,27.9
D1782,10,25.0
D1782,11,35.6
D1782,12,24.3
D1782,13,32.9
D1782,14,26.7
D1782,15,17.9
D1782,16,32.3
D1782,17,29.2
D1782,18,27.0
D1782,19,27.0
D1782,20,29.1
D1782,21,20.0
D1782,22,19.2
D1782,23,20.9
D1782,24,21.7
D1782,25,19.6
D1782,26,27.4
D1783,1,3.3
D1783,2,18.6
D1783,3,20.1
D1783,4,15.2
D1783,5,14.1
D1783,6,2.7
D1783,7,13.8
D1783,8,8.8
D1783,9,3.3
D1783,10,13.6
D1783,11,9.1
D1783,12,15.5
D1783,13,8.2
D1783,14,14.3
D1783,15,6.0
D1783,16,8.0
D1783,17,6.9
D1783,18,12.1
D1783,19,21.5
D1783,20,7.2
D1783,21,14.8
D1783,22,7.5
D1783,23,2.3
D1783,24,19.7
D1783,25,7.9
D1783,26,24.9
D1784,1,63.6
D1784,2,54.8
D1784,3,73.3
D1784,4,73.6
D1784,5,66.3
D1784,6,66.8
D1784,7,61.8
D1784,8,54.9
D1784,9,70.4
D1784,10,60.4
D1784,11,66.1
D1784,12,65.4
D1784,13,63.8
D1784,14,61.1
D1784,15,53.5
D1784,16,68.2
D1784,17,66.3
D1784,18,63.6
D1784,19,61.9
D1784,20,61.3
D1784,21,70.7
D1784,22,66.6
D1784,23,52.0
D1784,24,54.2
D1784,25,59.0
D1784,26,64.6
D1785,1,92.9
D1785,2,80.9
D1785,3,80.6
D1785,4,70.4
D1785,5,79.9
D1785,6,85.4
D1785,7,78.3
D1785,8,73.9
D1785,9,80.4
D1785,10,87.0
D1785,11,78.2
D1785,12,78.3
D1785,13,86.5
D1785,14,84.0
D1785,15,85.1
D1785,16,83.6
D1785,17,78.6
D1785,18,91.7
D1785,19,89.1
D1785,20,80.4
D1785,21,80.3
D1785,22,94.4
D1785,23,81.8
D1785,24,84.8
D1785,25,81.3
D1785,26,84.2
D1786,1,87.6
D1786,2,83.9
D1786,3,99.3
D1786,4,98.1
D1786,5,87.8
D1786,6,93.0
D1786,7,72.9
D1786,8,77.3
D1786,9,82.0
D1786,10,87.7
D1786,11,89.8
D1786,12,87.2
D1786,13,79.1
D1786,14,84.9
D1786,15,90.5
D1786,16,83.8
D1786,17,87.0
D1786,18,76.4
D1786,19,91.9
D1786,20,81.4
D1786,21,99.0
D1786,22,87.5
D1786,23,89.8
D1786,24,90.7
D1786,25,81.0
D1786,26,82.0
D1787,1,43.4
D1787,2,61.1
D1787,3,51.5
D1787,4,63.3
D1787,5,60.2
D1787,6,69.1
D1787,7,70.4
D1787,8,54.8
D1787,9,35.8
D1787,10,49.7
D1787,11,59.7
D1787,12,34.4
D1787,13,44.7
D1787,14,44.6
D1787,15,50.7
D1787,16,40.0
D1787,17,55.2
D1787,18,48.1
D1787,19,47.8
D1787,20,48.0
D1787,21,41.7
D1787,22,47.5
D1787,23,54.4
D1787,24,47.9
D1787,25,43.2
D1787,26,38.2
D1788,1,56.3
D1788,2,44.5
D1788,3,59.2
D1788,4,54.9
D1788,5,53.4
D1788,6,62.2
D1788,7,53.3
D1788,8,55.8
D1788,9,44.1
D1788,10,48.8
D1788,11,50.4
D1788,12,46.7
D1788,13,40.7
D1788,14,43.6
D1788,15,42.3
D1788,16,46.7
D1788,17,32.8
D1788,18,43.2
D1788,19,61.3
D1788,20,50.1
D1788,21,43.3
D1788,22,36.9
D1788,23,40.1
D1788,24,43.6
D1788,25,43.1
D1788,26,38.6
D1789,1,23.3
D1789,2,34.1
D1789,3,26.9
D1789,4,28.1
D1789,5,24.8
D1789,6,35.0
D1789,7,23.3
D1789,8,20.1
D1789,9,28.3
D1789,10,21.8
D1789,11,29.6
D1789,12,36.0
D1789,13,28.9
D1789,14,32.0
D1789,15,39.2
D1789,16,25.6
D1789,17,16.0
D1789,18,17.4
D1789,19,39.3
D1789,20,27.6
D1789,21,33.8
D1789,22,36.1
D1789,23,41.5
D1789,24,29.8
D1789,25,36.1
D1789,26,24.4
D1790,1,50.6
D1790,2,46.8
D1790,3,56.8
D1790,4,45.7
D1790,5,31.6
D1790,6,40.3
D1790,7,35.5
D1790,8,30.5
D1790,9,29.9
D1790,10,18.6
D1790,11,9.7
D1790,12,13.5
D1791,1,81.8
D1791,2,70.1
D1791,3,68.4
D1791,4,71.3
D1791,5,72.9
D1791,6,82.0
D1791,7,74.2
D1791,8,69.3
D1791,9,61.5
D1791,10,67.2
D1791,11,60.1
D1791,12,63.0
D1791,13,74.2
D1791,14,64.6
D1791,15,63.4
D1791,16,71.7
D1791,17,66.8
D1791,18,70.6
D1791,19,77.5
D1791,20,70.3
D1791,21,63.9
D1791,22,66.5
D1791,23,69.6
D1791,24,56.6
D1791,25,85.5
D1791,26,76.9
D1792,1,10.4
D1792,2,11.2
D1792,3,3.7
D1792,4,10.1
D1792,5,6.8
D1792,6,9.5
D1792,7,14.9
D1792,8,6.3
D1792,9,12.4
D1792,10,6.6
D1792,11,14.7
D1792,12,2.2
D1792,13,2.6
D1792,14,9.1
D1792,15,0.0
D1792,16,0.0
D1793,1,60.9
D1793,2,67.7
D1793,3,66.7
D1793,4,62.6
D1793,5,69.9
D1793,6,59.7
D1793,7,60.4
D1793,8,56.3
D1793,9,45.1
D1793,10,56.4
D1793,11,77.6
D1793,12,54.6
D1793,13,61.6
D1793,14,63.2
D1793,15,66.0
D1793,16,66.4
D1793,17,46.9
D1793,18,62.7
D1793,19,59.7
D1793,20,64.1
D1793,21,61.3
D1793,22,59.0
D1793,23,80.2
D1793,24,72.6
D1793,25,67.4
D1793,26,60.8
D1794,1,63.0
D1794,2,60.1
D1794,3,69.4
D1794,4,64.3
D1794,5,56.8
D1794,6,53.7
D1794,7,61.1
D1794,8,67.3
D1794,9,60.4
D1794,10,57.4
D1794,11,66.9
D1794,12,54.2
D1794,13,75.5
D1794,14,54.5
D1794,15,93.6
D1794,16,79.8
D1794,17,59.2
D1794,18,48.4
D1794,19,86.0
D1794,20,54.7
D1794,21,61.1
D1794,22,60.4
D1794,23,57.1
D1794,24,58.3
D1794,25,61.7
D1794,26,56.4
D1795,1,49.2
D1795,2,56.7
D1795,3,46.8
D1795,4,54.2
D1795,5,47.8
D1795,6,36.1
D1795,7,43.5
D1795,8,41.2
D1795,9,35.3
D1795,10,43.3
D1795,11,50.4
D1795,12,47.9
D1795,13,33.6
D1795,14,47.6
D1795,15,36.2
D1795,16,46.8
D1795,17,34.6
D1795,18,42.3
D1795,19,38.0
D1795,20,33.6
D1795,21,38.7
D1795,22,31.9
D1795,23,34.9
D1795,24,40.6
D1795,25,29.7
D1795,26,24.7
D1796,1,16.2
D1796,2,10.2
D1796,3,12.0
D1796,4,17.6
D1796,5,18.7
D1796,6,11.5
D1796,7,22.8
D1796,8,28.4
D1796,9,13.3
D1796,10,24.9
D1796,11,14.5
D1796,12,12.7
D1796,13,20.0
D1796,14,11.5
D1796,15,16.9
D1796,16,27.4
D1796,17,17.1
D1796,18,12.2
D1796,19,11.9
D1796,20,17.7
D1796,21,6.5
D1796,22,24.5
D1796,23,12.7
D1796,24,20.7
D1796,25,6.3
D1796,26,0.0
D1797,1,93.6
D1797,2,86.8
D1797,3,95.1
D1797,4,98.0
D1797,5,87.0
D1797,6,97.7
D1797,7,96.8
D1797,8,99.1
D1797,9,97.6
D1797,10,96.2
D1797,11,96.7
D1797,12,89.3
D1797,13,83.9
D1797,14,81.7
D1797,15,94.8
D1797,16,89.9
D1797,17,95.5
D1797,18,87.9
D1797,19,91.3
D1797,20,81.1
D1797,21,80.0
D1797,22,86.0
D1797,23,85.0
D1797,24,99.0
D1797,25,94.5
D1797,26,91.9
D1798,1,78.1
D1798,2,84.3
D1798,3,78.3
D1798,4,82.1
D1798,5,79.4
D1798,6,88.9
D1798,7,77.0
D1798,8,82.0
D1798,9,93.6
D1798,10,88.5
D1798,11,84.7
D1798,12,87.4
D1798,13,87.4
D1798,14,94.3
D1798,15,82.7
D1798,16,90.1
D1798,17,77.7
D1798,18,88.3
D1798,19,78.4
D1798,20,80.4
D1798,21,90.0
D1798,22,96.6
D1798,23,76.4
D1798,24,90.8
D1798,25,91.7
D1798,26,87.8
D1799,1,51.0
D1799,2,52.8
D1799,3,59.0
D1799,4,55.0
D1799,5,49.1
D1799,6,25.5
D1799,7,54.4
D1799,8,56.4
D1799,9,57.6
D1799,10,47.2
D1799,11,34.2
D1799,12,57.6
D1799,13,54.5
D1799,14,43.3
D1799,15,33.8
D1799,16,39.8
D1799,17,34.2
D1799,18,37.6
D1799,19,46.4
D1799,20,46.9
D1799,21,36.6
D1799,22,16.4
D1799,23,45.8
D1799,24,32.1
D1799,25,31.1
D1799,26,20.5
D1800,1,74.4
D1800,2,87.1
D1800,3,84.2
D1800,4,78.1
D1800,5,85.3
D1800,6,90.2
D1800,7,83.3
D1800,8,80.3
D1800,9,90.0
D1800,10,91.5
D1800,11,78.2
D1800,12,80.6
D1800,13,94.1
D1800,14,90.7
D1800,15,89.9
D1800,16,86.1
D1800,17,91.9
D1800,18,93.4
D1800,19,80.7
D1800,20,89.7
D1800,21,85.2
D1800,22,74.6
D1800,23,88.1
D1800,24,95.2
D1800,25,96.2
D1800,26,89.0
D1801,1,67.8
D1801,2,61.4
D1801,3,57.8
D1801,4,65.1
D1801,5,56.7
D1801,6,60.8
D1801,7,57.0
D1801,8,50.9
D1801,9,63.1
D1801,10,65.7
D1801,11,55.5
D1801,12,56.9
D1801,13,65.3
D1801,14,62.1
D1801,15,63.7
D1801,16,61.9
D1801,17,58.4
D1801,18,66.6
D1801,19,66.8
D1801,20,58.0
D1801,21,53.6
D1801,22,59.1
D1801,23,64.4
D1801,24,55.3
D1801,25,67.9
D1801,26,60.7
D1802,1,87.7
D1802,2,88.6
D1802,3,79.4
D1802,4,95.4
D1802,5,77.9
D1802,6,82.6
D1802,7,89.5
D1802,8,93.0
D1802,9,84.0
D1802,10,84.1
D1802,11,78.4
D1802,12,94.4
D1802,13,78.9
D1802,14,79.5
D1802,15,83.0
D1802,16,81.9
D1802,17,86.1
D1802,18,90.3
D1802,19,88.6
D1802,20,94.8
D1802,21,79.8
D1802,22,94.1
D1802,23,81.3
D1802,24,73.8
D1802,25,82.8
D1802,26,86.5
D1803,1,64.1
D1803,2,59.4
D1803,3,62.3
D1803,4,61.7
D1803,5,65.6
D1803,6,63.0
D1803,7,66.2
D1803,8,62.1
D1803,9,74.1
D1803,10,66.6
D1803,11,73.6
D1803,12,60.5
D1803,13,62.3
D1803,14,65.7
D1803,15,62.5
D1803,16,62.6
D1803,17,66.8
D1803,18,54.8
D1803,19,57.9
D1803,20,53.4
D1803,21,52.2
D1803,22,45.1
D1803,23,42.3
D1804,1,51.2
D1804,2,53.9
D1804,3,52.1
D1804,4,51.4
D1804,5,61.6
D1804,6,46.0
D1804,7,57.4
D1804,8,50.6
D1804,9,51.1
D1804,10,51.3
D1804,11,39.4
D1804,12,37.9
D1804,13,55.3
D1804,14,45.6
D1804,15,47.2
D1804,16,43.9
D1804,17,42.1
D1804,18,40.5
D1804,19,39.9
D1804,20,43.5
D1804,21,42.1
D1804,22,47.9
D1804,23,45.4
D1804,24,37.4
D1804,25,31.3
D1804,26,39.5
D1805,1,83.3
D1805,2,87.5
D1805,3,97.0
D1805,4,94.9
D1805,5,91.6
D1805,6,88.8
D1805,7,82.5
D1805,8,87.5
D1805,9,79.4
D1805,10,87.1
D1805,11,77.2
D1805,12,93.4
D1805,13,85.8
D1805,14,82.7
D1805,15,96.1
D1805,16,84.5
D1805,17,83.8
D1805,18,94.0
D1805,19,95.8
D1805,20,86.6
D1805,21,78.4
D1805,22,83.9
D1805,23,90.2
D1805,24,93.5
D1805,25,90.7
D1805,26,90.9
D1806,1,57.8
D1806,2,61.3
D1806,3,78.4
D1806,4,52.7
D1806,5,63.3
D1806,6,67.6
D1806,7,54.0
D1806,8,64.9
D1806,9,73.9
D1806,10,58.0
D1806,11,68.0
D1806,12,63.9
D1806,13,64.1
D1806,14,56.2
D1806,15,69.2
D1806,16,82.5
D1806,17,62.3
D1806,18,64.6
D1806,19,66.7
D1806,20,67.0
D1806,21,54.8
D1806,22,63.8
D1806,23,66.1
D1806,24,76.2
D1806,25,63.5
D1806,26,60.5
D1807,1,92.5
D1807,2,89.2
D1807,3,97.6
D1807,4,93.2
D1807,5,95.8
D1807,6,89.0
D1807,7,90.1
D1807,8,90.4
D1807,9,98.0
D1807,10,97.9
D1807,11,88.7
D1807,12,83.7
D1807,13,88.6
D1807,14,78.0
D1807,15,88.0
D1807,16,83.9
D1807,17,87.1
D1807,18,77.4
D1807,19,87.0
D1807,20,69.2
D1808,1,14.5
D1808,2,15.7
D1808,3,5.7
D1808,4,19.3
D1808,5,0.0
D1808,6,6.7
D1808,7,13.2
D1808,8,29.5
D1808,9,9.0
D1808,10,8.2
D1808,11,19.5
D1808,12,14.5
D1808,13,10.8
D1808,14,7.6
D1808,15,9.1
D1808,16,13.6
D1808,17,11.3
D1808,18,28.9
D1808,19,26.9
D1808,20,22.2
D1808,21,29.2
D1808,22,18.1
D1808,23,31.4
D1808,24,18.0
D1808,25,13.5
D1808,26,15.1
D1809,1,29.5
D1809,2,16.7
D1809,3,23.5
D1809,4,21.9
D1809,5,17.5
D1809,6,28.1
D1809,7,15.5
D1809,8,1.0
D1809,9,17.7
D1809,10,12.6
D1809,11,20.8
D1809,12,20.4
D1809,13,9.8
D1809,14,6.0
D1809,15,25.7
D1809,16,9.8
D1809,17,10.7
D1809,18,5.6
D1809,19,24.1
D1809,20,20.5
D1809,21,8.9
D1809,22,20.1
D1809,23,18.5
D1809,24,17.9
D1809,25,9.1
D1809,26,12.7
D1810,1,9.0
D1810,2,25.0
D1810,3,5.6
D1810,4,10.7
D1810,5,12.0
D1810,6,0.0
D1810,7,0.1
D1810,8,0.0
D1810,9,0.0
D1811,1,74.6
D1811,2,69.2
D1811,3,58.6
D1811,4,57.9
D1811,5,70.0
D1811,6,67.8
D1811,7,64.4
D1811,8,55.4
D1811,9,87.1
D1811,10,65.5
D1811,11,52.5
D1811,12,63.6
D1811,13,73.8
D1811,14,58.6
D1811,15,75.2
D1811,16,90.7
D1811,17,68.0
D1811,18,53.4
D1811,19,66.6
D1811,20,54.2
D1811,21,49.0
D1811,22,55.0
D1811,23,35.1
D1811,24,59.1
D1811,25,56.1
D1812,1,60.3
D1812,2,61.8
D1812,3,61.9
D1812,4,70.1
D1812,5,71.0
D1812,6,66.9
D1812,7,65.2
D1812,8,71.0
D1812,9,63.5
D1812,10,63.0
D1812,11,80.4
D1812,12,68.4
D1812,13,70.1
D1812,14,57.7
D1812,15,72.6
D1812,16,63.6
D1812,17,68.3
D1812,18,62.7
D1812,19,59.1
D1812,20,61.7
D1812,21,76.4
D1812,22,90.2
D1812,23,70.0
D1812,24,62.4
D1812,25,72.8
D1812,26,62.2
D1813,1,59.8
D1813,2,58.4
D1813,3,56.5
D1813,4,59.9
D1813,5,48.4
D1813,6,52.0
D1813,7,54.0
D1813,8,54.4
D1813,9,51.7
D1813,10,44.6
D1813,11,49.6
D1813,12,59.6
D1813,13,48.7
D1813,14,49.3
D1813,15,48.9
D1813,16,59.4
D1813,17,43.2
D1813,18,42.3
D1813,19,48.8
D1813,20,49.1
D1813,21,46.9
D1813,22,49.7
D1813,23,40.4
D1813,24,39.8
D1813,25,41.0
D1813,26,52.4
D1814,1,76.6
D1814,2,82.9
D1814,3,78.8
D1814,4,80.5
D1814,5,85.6
D1814,6,85.2
D1814,7,85.3
D1814,8,89.3
D1814,9,75.2
D1814,10,83.3
D1814,11,88.9
D1814,12,79.6
D1814,13,91.6
D1814,14,76.1
D1814,15,80.0
D1814,16,94.6
D1814,17,78.5
D1814,18,77.4
D1814,19,95.0
D1814,20,88.7
D1814,21,93.9
D1814,22,79.7
D1814,23,66.2
D1814,24,80.4
D1814,25,95.8
D1814,26,83.3
D1815,1,15.2
D1815,2,27.3
D1815,3,15.9
D1815,4,11.0
D1815,5,17.8
D1815,6,6.8
D1815,7,32.0
D1815,8,26.5
D1815,9,15.9
D1815,10,23.5
D1815,11,12.2
D1815,12,24.9
D1815,13,11.6
D1815,14,14.7
D1815,15,14.0
D1815,16,13.0
D1815,17,10.5
D1815,18,8.2
D1815,19,21.4
D1815,20,12.0
D1815,21,11.1
D1815,22,31.4
D1815,23,13.5
D1815,24,16.7
D1815,25,14.0
D1815,26,12.0
D1816,1,57.6
D1816,2,57.0
D1816,3,74.5
D1816,4,60.9
D1816,5,60.4
D1816,6,64.5
D1816,7,68.5
D1816,8,77.8
D1816,9,38.9
D1816,10,67.7
D1816,11,65.0
D1816,12,57.5
D1816,13,57.2
D1816,14,57.1
D1816,15,58.2
D1816,16,72.8
D1816,17,62.7
D1816,18,65.3
D1816,19,74.3
D1816,20,66.3
D1816,21,67.4
D1816,22,73.9
D1816,23,59.6
D1816,24,66.6
D1816,25,67.6
D1816,26,65.8
D1817,1,46.6
D1817,2,55.4
D1817,3,40.3
D1817,4,42.9
D1817,5,53.9
D1817,6,35.5
D1817,7,44.5
D1817,8,49.1
D1817,9,43.7
D1817,10,43.1
D1817,11,41.5
D1817,12,40.4
D1817,13,35.8
D1817,14,41.1
D1817,15,37.8
D1817,16,38.3
D1817,17,30.8
D1817,18,47.0
D1817,19,42.5
D1817,20,48.1
D1817,21,35.0
D1817,22,35.9
D1817,23,19.1
D1817,24,32.4
D1817,25,34.2
D1817,26,39.4
D1818,1,85.6
D1818,2,90.6
D1818,3,70.8
D1818,4,78.6
D1818,5,91.9
D1818,6,79.8
D1818,7,74.4
D1818,8,94.2
D1818,9,91.1
D1818,10,91.7
D1818,11,84.8
D1818,12,91.2
D1818,13,88.9
D1818,14,82.9
D1818,15,95.2
D1818,16,76.8
D1818,17,95.8
D1818,18,76.9
D1818,19,98.8
D1818,20,87.2
D1818,21,89.1
D1818,22,96.3
D1818,23,80.8
D1818,24,94.4
D1818,25,90.0
D1818,26,78.1
D1819,1,24.1
D1819,2,33.0
D1819,3,10.5
D1819,4,21.4
D1819,5,12.9
D1819,6,31.4
D1819,7,21.9
D1819,8,35.7
D1819,9,22.0
D1819,10,18.6
D1819,11,36.0
D1819,12,13.0
D1819,13,22.3
D1819,14,13.7
D1819,15,31.7
D1819,16,28.4
D1819,17,18.3
D1819,18,28.3
D1819,19,6.1
D1819,20,25.4
D1819,21,18.8
D1819,22,22.5
D1819,23,32.3
D1819,24,16.7
D1819,25,23.5
D1819,26,27.0
D1820,1,73.0
D1820,2,70.1
D1820,3,63.0
D1820,4,62.4
D1820,5,64.1
D1820,6,69.3
D1820,7,56.9
D1820,8,49.4
D1820,9,69.3
D1820,10,60.4
D1820,11,63.2
D1820,12,80.1
D1820,13,53.6
D1820,14,68.7
D1820,15,68.6
D1820,16,61.5
D1820,17,61.3
D1820,18,55.6
D1820,19,53.4
D1820,20,62.3
D1820,21,50.4
D1820,22,59.1
D1820,23,70.4
D1820,24,61.3
D1820,25,67.9
D1820,26,60.5
D1821,1,66.1
D1821,2,59.6
D1821,3,69.3
D1821,4,79.2
D1821,5,71.2
D1821,6,62.1
D1821,7,75.1
D1821,8,78.3
D1821,9,58.6
D1821,10,55.5
D1821,11,53.9
D1821,12,72.0
D1821,13,68.3
D1821,14,60.7
D1821,15,69.5
D1821,16,65.6
D1821,17,57.8
D1821,18,65.4
D1821,19,62.4
D1821,20,61.5
D1821,21,57.2
D1821,22,66.6
D1821,23,59.9
D1821,24,65.3
D1821,25,66.6
D1821,26,70.6
D1822,1,64.8
D1822,2,69.6
D1822,3,64.5
D1822,4,64.0
D1822,5,61.1
D1822,6,70.9
D1822,7,59.6
D1822,8,71.9
D1822,9,74.5
D1822,10,57.7
D1822,11,61.1
D1822,12,70.5
D1822,13,54.5
D1822,14,61.1
D1822,15,55.1
D1822,16,53.9
D1822,17,62.3
D1822,18,71.4
D1822,19,79.7
D1822,20,61.7
D1822,21,68.9
D1822,22,55.8
D1822,23,63.8
D1822,24,60.3
D1822,25,64.9
D1822,26,68.8
D1823,1,43.5
D1823,2,25.7
D1823,3,26.6
D1823,4,32.3
D1823,5,19.0
D1823,6,13.8
D1823,7,26.1
D1823,8,27.5
D1823,9,17.7
D1823,10,15.4
D1823,11,34.1
D1823,12,24.8
D1823,13,24.3
D1823,14,25.0
D1823,15,32.4
D1823,16,37.6
D1823,17,25.5
D1823,18,26.3
D1823,19,14.5
D1823,20,36.8
D1823,21,14.7
D1823,22,28.6
D1823,23,31.5
D1823,24,28.4
D1823,25,32.1
D1823,26,29.8
D1824,1,65.7
D1824,2,71.3
D1824,3,61.4
D1824,4,61.2
D1824,5,61.5
D1824,6,68.7
D1824,7,52.9
D1824,8,70.9
D1824,9,46.1
D1824,10,72.7
D1825,1,36.3
D1825,2,61.3
D1825,3,55.3
D1825,4,46.5
D1825,5,45.3
D1825,6,41.9
D1825,7,46.6
D1825,8,47.1
D1825,9,52.2
D1825,10,37.5
D1825,11,36.0
D1825,12,35.2
D1825,13,42.4
D1825,14,32.2
D1825,15,38.2
D1825,16,49.6
D1825,17,40.3
D1825,18,39.3
D1825,19,33.4
D1825,20,35.8
D1825,21,45.5
D1825,22,31.2
D1825,23,37.5
D1825,24,28.3
D1825,25,29.2
D1825,26,47.6
D1826,1,29.6
D1826,2,40.8
D1826,3,32.6
D1826,4,30.4
D1826,5,19.7
D1826,6,36.5
D1826,7,15.6
D1826,8,27.8
D1826,9,33.5
D1826,10,21.5
D1826,11,32.6
D1826,12,36.5
D1826,13,19.1
D1826,14,19.6
D1826,15,14.5
D1826,16,15.5
D1826,17,14.9
D1826,18,25.2
D1826,19,30.0
D1826,20,12.8
D1826,21,41.4
D1826,22,29.7
D1826,23,30.4
D1826,24,25.9
D1826,25,27.1
D1826,26,15.1
D1827,1,28.3
D1827,2,16.0
D1827,3,30.3
D1827,4,21.9
D1827,5,27.8
D1827,6,24.0
D1827,7,28.1
D1827,8,26.3
D1827,9,41.1
D1827,10,12.7
D1827,11,25.7
D1827,12,25.4
D1827,13,25.5
D1827,14,29.6
D1827,15,28.2
D1827,16,19.8
D1827,17,20.2
D1827,18,40.9
D1827,19,35.7
D1827,20,17.3
D1827,21,15.4
D1827,22,31.2
D1827,23,35.0
D1827,24,17.0
D1827,25,15.9
D1827,26,29.8
D1828,1,66.8
D1828,2,54.4
D1828,3,59.7
D1828,4,57.6
D1828,5,70.3
D1828,6,59.5
D1828,7,62.9
D1828,8,59.6
D1828,9,69.2
D1828,10,52.0
D1828,11,63.0
D1828,12,48.4
D1828,13,62.4
D1828,14,57.2
D1828,15,59.3
D1828,16,64.2
D1828,17,59.0
D1828,18,62.5
D1828,19,47.9
D1828,20,60.8
D1828,21,68.5
D1828,22,71.1
D1828,23,55.9
D1828,24,59.3
D1828,25,59.7
D1828,26,66.0
D1829,1,37.5
D1829,2,11.1
D1829,3,0.7
D1829,4,18.7
D1829,5,27.3
D1829,6,7.3
D1829,7,7.8
D1829,8,14.1
D1829,9,16.3
D1829,10,12.9
D1829,11,17.2
D1829,12,19.6
D1829,13,14.4
D1829,14,23.7
D1829,15,15.3
D1829,16,28.4
D1829,17,8.2
D1829,18,27.3
D1829,19,18.7
D1829,20,3.5
D1829,21,9.7
D1829,22,6.4
D1829,23,16.1
D1829,24,22.2
D1829,25,5.3
D1829,26,29.2
D1830,1,59.9
D1830,2,58.9
D1830,3,50.9
D1830,4,56.7
D1830,5,56.7
D1830,6,51.5
D1830,7,44.1
D1830,8,46.2
D1830,9,56.9
D1830,10,42.9
D1830,11,52.2
D1830,12,47.2
D1830,13,45.9
D1830,14,46.5
D1830,15,45.2
D1830,16,39.6
D1830,17,50.5
D1830,18,45.7
D1830,19,42.6
D1830,20,39.1
D1830,21,48.7
D1830,22,42.3
D1830,23,46.7
D1830,24,44.7
D1830,25,34.0
D1830,26,28.7
D1831,1,43.2
D1831,2,24.3
D1831,3,35.2
D1831,4,28.1
D1831,5,28.6
D1831,6,21.2
D1831,7,29.9
D1831,8,27.3
D1831,9,26.2
D1831,10,23.1
D1831,11,23.0
D1831,12,33.6
D1831,13,22.5
D1831,14,42.8
D1831,15,41.2
D1831,16,23.6
D1831,17,16.0
D1831,18,15.3
D1831,19,0.9
D1831,20,7.6
D1831,21,4.3
D1831,22,10.7
D1831,23,0.4
D1831,24,43.4
D1832,1,25.6
D1832,2,14.9
D1832,3,26.0
D1832,4,20.3
D1832,5,28.8
D1832,6,31.3
D1832,7,20.4
D1832,8,13.6
D1832,9,20.6
D1832,10,21.9
D1832,11,23.5
D1832,12,16.3
D1832,13,19.2
D1832,14,29.6
D1832,15,27.6
D1832,16,17.1
D1832,17,20.6
D1832,18,14.7
D1832,19,28.1
D1832,20,25.3
D1832,21,38.8
D1832,22,23.7
D1832,23,23.5
D1832,24,24.9
D1832,25,16.2
D1832,26,20.8
D1833,1,84.0
D1833,2,81.5
D1833,3,90.5
D1833,4,85.6
D1833,5,79.6
D1833,6,80.0
D1833,7,83.5
D1833,8,93.2
D1833,9,74.4
D1833,10,92.0
D1833,11,97.5
D1833,12,96.2
D1833,13,87.1
D1833,14,81.8
D1833,15,70.6
D1834,1,66.9
D1834,2,81.2
D1834,3,66.7
D1834,4,68.0
D1834,5,65.1
D1834,6,57.4
D1834,7,71.8
D1834,8,71.4
D1834,9,60.4
D1834,10,67.5
D1834,11,67.9
D1834,12,76.2
D1834,13,70.4
D1834,14,59.7
D1834,15,68.8
D1834,16,72.6
D1834,17,67.4
D1834,18,65.6
D1834,19,70.9
D1834,20,70.9
D1834,21,65.1
D1834,22,64.4
D1834,23,64.5
D1834,24,69.1
D1834,25,64.1
D1834,26,61.5
D1835,1,55.1
D1835,2,50.0
D1835,3,61.8
D1835,4,52.2
D1835,5,41.7
D1835,6,50.2
D1835,7,39.1
D1835,8,31.3
D1835,9,37.1
D1835,10,35.8
D1835,11,15.9
D1836,1,61.9
D1836,2,55.6
D1836,3,62.5
D1836,4,52.6
D1836,5,62.9
D1836,6,40.5
D1836,7,46.4
D1836,8,47.1
D1836,9,59.7
D1836,10,36.7
D1836,11,43.9
D1836,12,42.8
D1836,13,33.8
D1836,14,51.9
D1836,15,34.9
D1836,16,56.0
D1836,17,50.1
D1836,18,36.7
D1836,19,35.0
D1836,20,51.2
D1836,21,43.8
D1836,22,44.0
D1836,23,54.8
D1836,24,48.1
D1836,25,32.3
D1836,26,39.3
D1837,1,54.1
D1837,2,61.4
D1837,3,38.1
D1837,4,87.3
D1837,5,64.9
D1837,6,66.9
D1837,7,68.0
D1837,8,78.1
D1837,9,77.2
D1837,10,75.9
D1837,11,65.8
D1837,12,83.5
D1837,13,58.5
D1837,14,77.6
D1837,15,66.7
D1837,16,86.0
D1837,17,62.9
D1837,18,86.5
D1837,19,81.4
D1837,20,72.6
D1837,21,64.2
D1837,22,68.3
D1837,23,77.6
D1837,24,80.4
D1837,25,61.7
D1837,26,72.3
D1838,1,62.6
D1838,2,55.1
D1838,3,54.8
D1838,4,59.6
D1838,5,82.7
D1838,6,66.2
D1838,7,65.6
D1838,8,60.3
D1838,9,58.4
D1838,10,66.4
D1838,11,61.9
D1838,12,55.5
D1838,13,65.3
D1838,14,69.8
D1838,15,66.6
D1838,16,52.5
D1838,17,57.0
D1838,18,58.1
D1838,19,64.3
D1838,20,61.7
D1838,21,62.2
D1838,22,79.7
D1838,23,39.1
D1838,24,67.5
D1838,25,57.0
D1838,26,65.8
D1839,1,19.5
D1839,2,36.7
D1839,3,22.0
D1839,4,38.5
D1839,5,19.8
D1839,6,26.2
D1839,7,43.2
D1839,8,32.0
D1839,9,25.6
D1839,10,29.8
D1839,11,30.3
D1839,12,28.7
D1839,13,33.5
D1839,14,39.3
D1839,15,16.1
D1839,16,29.3
D1839,17,30.5
D1839,18,18.7
D1839,19,30.4
D1839,20,35.3
D1839,21,26.0
D1839,22,25.0
D1839,23,14.4
D1839,24,19.8
D1839,25,32.9
D1839,26,29.3
D1840,1,26.2
D1840,2,40.7
D1840,3,26.8
D1840,4,39.0
D1840,5,19.1
D1840,6,25.7
D1840,7,28.9
D1840,8,28.6
D1840,9,41.3
D1840,10,27.9
D1840,11,31.6
D1840,12,26.6
D1840,13,40.3
D1840,14,17.0
D1840,15,31.2
D1840,16,18.9
D1840,17,23.6
D1840,18,25.8
D1840,19,29.5
D1840,20,20.8
D1840,21,25.0
D1840,22,22.3
D1840,23,15.6
D1840,24,26.2
D1840,25,34.7
D1840,26,25.1
D1841,1,13.3
D1841,2,19.6
D1841,3,22.7
D1841,4,7.2
D1841,5,7.7
D1841,6,3.8
D1841,7,15.4
D1841,8,4.5
D1841,9,19.7
D1841,10,13.0
D1841,11,23.6
D1841,12,20.5
D1841,13,2.6
D1841,14,17.6
D1841,15,13.4
D1841,16,15.5
D1841,17,24.5
D1841,18,8.0
D1841,19,31.2
D1841,20,4.1
D1841,21,4.0
D1841,22,20.2
D1841,23,21.6
D1841,24,6.6
D1841,25,22.3
D1841,26,7.4
D1842,1,30.6
D1842,2,18.2
D1842,3,31.4
D1842,4,74.0
D1842,5,23.2
D1842,6,35.9
D1842,7,24.9
D1842,8,33.7
D1842,9,12.2
D1842,10,25.1
D1842,11,45.6
D1842,12,18.4
D1842,13,15.0
D1842,14,24.7
D1842,15,19.4
D1842,16,28.6
D1842,17,25.2
D1842,18,33.8
D1842,19,21.6
D1842,20,26.7
D1842,21,24.4
D1842,22,26.0
D1842,23,32.8
D1842,24,36.4
D1842,25,18.4
D1842,26,30.8
D1843,1,26.3
D1843,2,25.0
D1843,3,29.7
D1843,4,22.3
D1843,5,28.8
D1843,6,34.0
D1843,7,26.0
D1843,8,27.6
D1843,9,31.4
D1843,10,9.3
D1843,11,32.4
D1843,12,29.0
D1843,13,30.7
D1843,14,41.8
D1843,15,26.8
D1843,16,26.6
D1843,17,21.4
D1843,18,15.8
D1843,19,22.2
D1843,20,24.1
D1843,21,29.8
D1843,22,17.3
D1843,23,26.4
D1843,24,28.3
D1843,25,17.7
D1843,26,33.6
D1844,1,47.3
D1844,2,51.2
D1844,3,51.0
D1844,4,54.3
D1844,5,44.5
D1844,6,46.0
D1844,7,47.9
D1844,8,43.8
D1844,9,25.9
D1844,10,33.8
D1844,11,51.7
D1844,12,25.2
D1844,13,46.9
D1844,14,46.2
D1844,15,30.8
D1844,16,35.1
D1844,17,40.8
D1844,18,46.5
D1844,19,54.4
D1844,20,23.3
D1844,21,28.4
D1844,22,33.1
D1844,23,35.1
D1844,24,45.7
D1844,25,29.8
D1844,26,21.9
D1845,1,23.9
D1845,2,39.9
D1845,3,28.3
D1845,4,32.8
D1845,5,18.6
D1845,6,30.1
D1845,7,35.1
D1845,8,24.3
D1845,9,19.7
D1845,10,15.6
D1845,11,33.4
D1845,12,26.4
D1845,13,38.9
D1845,14,29.5
D1845,15,18.1
D1845,16,32.2
D1845,17,22.8
D1845,18,17.9
D1845,19,30.5
D1845,20,27.4
D1845,21,16.9
D1845,22,20.0
D1845,23,34.3
D1845,24,29.5
D1845,25,42.6
D1845,26,26.3
D1846,1,84.8
D1846,2,91.2
D1846,3,80.9
D1846,4,84.5
D1846,5,87.3
D1846,6,97.3
D1846,7,90.8
D1846,8,78.4
D1846,9,92.4
D1846,10,91.6
D1846,11,90.9
D1846,12,81.0
D1846,13,75.7
D1846,14,89.8
D1846,15,96.5
D1846,16,90.2
D1846,17,90.6
D1846,18,78.6
D1846,19,73.5
D1846,20,82.0
D1846,21,91.4
D1846,22,73.4
D1846,23,83.2
D1847,1,31.5
D1847,2,62.7
D1847,3,75.2
D1847,4,64.6
D1847,5,57.9
D1847,6,69.7
D1847,7,68.4
D1847,8,74.9
D1847,9,79.3
D1847,10,73.2
D1847,11,66.6
D1847,12,75.4
D1847,13,80.1
D1847,14,63.7
D1847,15,72.5
D1847,16,58.9
D1847,17,63.8
D1847,18,47.1
D1847,19,65.6
D1847,20,60.5
D1847,21,64.2
D1847,22,88.0
D1847,23,67.0
D1847,24,60.9
D1847,25,78.6
D1847,26,84.2
D1848,1,12.9
D1848,2,1.8
D1848,3,1.8
D1848,4,18.4
D1848,5,17.2
D1848,6,10.1
D1848,7,18.2
D1848,8,1.0
D1848,9,1.9
D1848,10,4.9
D1848,11,0.0
D1848,12,2.4
D1848,13,3.0
D1848,14,10.0
D1848,15,0.0
D1849,1,52.3
D1849,2,57.2
D1849,3,80.5
D1849,4,68.7
D1849,5,74.6
D1849,6,66.1
D1849,7,67.6
D1849,8,62.5
D1849,9,60.5
D1849,10,59.5
D1849,11,65.9
D1849,12,66.9
D1849,13,73.2
D1849,14,70.9
D1849,15,66.1
D1849,16,72.1
D1849,17,72.1
D1849,18,68.3
D1849,19,74.0
D1849,20,65.6
D1849,21,59.9
D1849,22,66.2
D1849,23,68.9
D1849,24,65.9
D1849,25,63.0
D1849,26,68.2
D1850,1,56.4
D1850,2,67.5
D1850,3,74.0
D1850,4,62.9
D1850,5,76.0
D1850,6,67.6
D1850,7,57.7
D1850,8,61.1
D1850,9,59.4
D1850,10,73.6
D1850,11,57.4
D1850,12,67.7
D1850,13,54.9
D1850,14,69.4
D1850,15,68.0
D1850,16,82.8
D1850,17,67.5
D1850,18,69.6
D1850,19,57.8
D1850,20,62.3
D1850,21,72.9
D1850,22,68.8
D1850,23,62.7
D1850,24,68.4
D1850,25,56.7
D1850,26,52.0
D1851,1,47.2
D1851,2,58.9
D1851,3,64.9
D1851,4,64.7
D1851,5,64.6
D1851,6,51.4
D1851,7,57.6
D1851,8,52.4
D1851,9,47.0
D1851,10,42.7
D1851,11,49.3
D1852,1,63.5
D1852,2,82.2
D1852,3,66.2
D1852,4,65.2
D1852,5,57.9
D1852,6,60.0
D1852,7,62.3
D1852,8,54.1
D1852,9,59.4
D1852,10,65.1
D1852,11,55.1
D1852,12,60.7
D1852,13,67.9
D1852,14,68.1
D1852,15,62.5
D1852,16,55.3
D1852,17,54.3
D1852,18,59.1
D1852,19,71.2
D1852,20,64.5
D1852,21,63.8
D1852,22,63.3
D1852,23,51.8
D1852,24,73.2
D1852,25,66.7
D1852,26,56.8
D1853,1,44.2
D1853,2,48.7
D1853,3,39.9
D1853,4,50.6
D1853,5,44.4
D1853,6,53.2
D1853,7,47.6
D1853,8,45.6
D1853,9,49.3
D1853,10,54.9
D1853,11,45.1
D1853,12,40.3
D1853,13,44.1
D1853,14,35.2
D1853,15,40.7
D1853,16,32.9
D1853,17,46.6
D1853,18,37.2
D1853,19,44.7
D1853,20,38.5
D1853,21,28.2
D1853,22,28.7
D1853,23,32.8
D1853,24,18.8
D1853,25,31.2
D1853,26,33.1
D1854,1,85.4
D1854,2,81.5
D1854,3,78.1
D1854,4,92.4
D1854,5,89.7
D1854,6,88.2
D1854,7,76.4
D1854,8,77.5
D1854,9,71.9
D1854,10,70.8
D1854,11,76.4
D1854,12,87.4
D1854,13,93.6
D1854,14,79.6
D1854,15,80.9
D1854,16,82.4
D1854,17,74.4
D1854,18,89.7
D1854,19,90.0
D1854,20,80.3
D1854,21,74.8
D1854,22,70.6
D1854,23,96.5
D1854,24,93.2
D1854,25,96.0
D1854,26,86.2
D1855,1,70.3
D1855,2,80.6
D1855,3,87.7
D1855,4,90.6
D1855,5,91.7
D1855,6,77.4
D1855,7,92.2
D1855,8,74.5
D1855,9,79.5
D1855,10,95.8
D1855,11,94.1
D1855,12,81.1
D1855,13,79.5
D1855,14,80.4
D1855,15,92.4
D1855,16,84.0
D1855,17,100.0
D1855,18,77.8
D1855,19,81.4
D1855,20,82.9
D1855,21,81.0
D1855,22,87.4
D1855,23,91.4
D1855,24,97.1
D1855,25,88.4
D1855,26,90.0
D1856,1,76.8
D1856,2,57.0
D1856,3,66.3
D1856,4,62.9
D1856,5,80.5
D1856,6,66.4
D1856,7,52.6
D1856,8,54.8
D1856,9,69.0
D1856,10,66.4
D1856,11,54.3
D1856,12,63.9
D1856,13,74.9
D1856,14,71.3
D1856,15,61.8
D1856,16,52.5
D1856,17,63.8
D1856,18,56.3
D1856,19,53.3
D1856,20,53.0
D1856,21,51.6
D1856,22,47.0
D1856,23,70.5
D1857,1,80.8
D1857,2,91.9
D1857,3,77.1
D1857,4,92.0
D1857,5,95.8
D1857,6,88.5
D1857,7,92.6
D1857,8,89.5
D1857,9,87.9
D1857,10,86.0
D1857,11,97.3
D1857,12,83.1
D1857,13,93.1
D1857,14,96.3
D1857,15,86.5
D1857,16,93.5
D1857,17,78.2
D1857,18,89.6
D1857,19,94.4
D1857,20,93.0
D1857,21,96.7
D1857,22,92.3
D1857,23,90.2
D1857,24,93.3
D1857,25,76.8
D1857,26,89.5
D1858,1,25.4
D1858,3,19.2
D1858,4,24.9
D1858,5,24.6
D1858,6,36.5
D1858,7,27.2
D1858,8,35.6
D1858,9,29.3
D1858,10,30.0
D1858,11,36.9
D1858,12,41.0
D1858,13,24.4
D1858,14,28.8
D1858,15,19.5
D1858,16,19.2
D1858,17,16.9
D1858,18,30.1
D1858,19,28.1
D1858,20,25.0
D1858,21,20.9
D1858,22,29.1
D1858,23,20.1
D1858,24,22.2
D1858,25,16.9
D1858,26,30.6
D1859,1,73.8
D1859,2,55.3
D1859,3,67.1
D1859,4,90.3
D1859,5,63.9
D1859,6,61.8
D1859,7,63.2
D1859,8,56.4
D1859,9,67.4
D1859,10,55.2
D1859,11,66.0
D1859,12,64.1
D1859,13,73.7
D1859,14,65.2
D1859,15,60.1
D1859,16,71.8
D1859,17,57.0
D1859,18,53.0
D1859,19,63.9
D1859,20,52.1
D1859,21,40.5
D1860,1,87.0
D1860,2,96.2
D1860,3,85.6
D1860,4,92.7
D1860,5,99.2
D1860,6,80.2
D1860,7,91.9
D1860,8,97.9
D1860,9,90.6
D1860,10,95.3
D1860,11,82.3
D1860,12,82.6
D1860,13,86.6
D1860,14,95.4
D1860,15,93.8
D1860,16,91.8
D1860,17,90.5
D1860,18,85.5
D1860,19,81.4
D1860,20,79.3
D1860,21,88.5
D1860,22,89.2
D1860,23,82.8
D1860,24,93.0
D1860,25,66.1
D1861,1,62.7
D1861,2,57.7
D1861,3,57.4
D1861,4,63.0
D1861,5,61.4
D1861,6,56.9
D1861,7,51.9
D1861,8,53.1
D1861,9,50.6
D1862,1,86.5
D1862,2,84.3
D1862,3,81.9
D1862,4,93.6
D1862,5,83.9
D1862,6,83.5
D1862,7,76.6
D1862,8,92.2
D1862,9,82.5
D1862,10,85.9
D1862,11,73.2
D1862,12,95.0
D1862,13,76.4
D1862,14,93.2
D1862,15,95.1
D1862,16,90.2
D1862,17,76.3
D1862,18,78.5
D1862,19,78.1
D1862,20,89.5
D1862,21,81.8
D1862,22,78.0
D1862,23,77.0
D1862,24,89.5
D1862,25,98.2
D1862,26,90.0
D1863,1,33.7
D1863,2,22.2
D1863,3,22.5
D1863,4,31.4
D1863,5,22.4
D1863,6,40.7
D1863,7,21.9
D1863,8,28.3
D1863,9,34.7
D1863,10,40.0
D1863,11,23.7
D1863,12,30.9
D1863,13,35.1
D1863,14,12.2
D1863,15,25.3
D1863,16,19.4
D1863,17,22.5
D1863,18,25.6
D1863,19,34.5
D1863,20,33.6
D1863,21,21.2
D1863,22,22.5
D1863,23,29.6
D1863,24,24.4
D1863,25,22.7
D1863,26,31.4
D1864,1,64.0
D1864,2,66.1
D1864,3,62.0
D1864,4,63.9
D1864,5,67.3
D1864,6,64.8
D1864,7,62.6
D1864,8,60.5
D1864,9,64.4
D1864,10,72.1
D1864,11,70.1
D1864,12,63.8
D1864,13,65.0
D1864,14,68.3
D1864,15,78.1
D1864,16,63.9
D1864,17,70.7
D1864,18,63.3
D1864,19,65.9
D1864,20,61.5
D1864,21,61.5
D1864,22,62.3
D1864,23,63.5
D1864,24,67.5
D1864,25,67.2
D1864,26,70.1
D1865,1,83.0
D1865,2,73.7
D1865,3,92.7
D1865,4,80.2
D1865,5,90.4
D1865,6,86.8
D1865,7,95.7
D1865,8,83.4
D1865,9,94.1
D1865,10,92.0
D1865,11,86.8
D1865,12,82.0
D1865,13,87.5
D1865,14,81.3
D1865,15,89.5
D1865,16,91.4
D1865,17,83.2
D1865,18,94.4
D1865,19,86.8
D1865,20,73.9
D1865,21,88.7
D1865,22,94.3
D1865,23,91.6
D1865,24,86.7
D1865,25,82.0
D1865,26,96.9
D1866,1,74.5
D1866,2,69.6
D1866,3,71.2
D1866,4,56.8
D1866,5,60.5
D1866,6,67.6
D1866,7,67.3
D1866,8,61.6
D1866,9,70.3
D1866,10,66.4
D1866,11,74.9
D1866,12,72.2
D1866,13,66.0
D1866,14,73.1
D1866,15,65.8
D1866,16,68.8
D1866,17,83.8
D1866,18,54.4
D1866,19,76.3
D1866,20,56.8
D1866,21,68.9
D1866,22,67.3
D1866,23,58.9
D1866,24,68.5
D1866,25,65.2
D1866,26,61.6
D1867,1,95.9
D1867,2,85.4
D1867,3,94.5
D1867,4,94.9
D1867,5,87.9
D1867,6,90.5
D1867,7,79.0
D1867,8,88.1
D1867,9,92.9
D1867,10,75.9
D1867,11,82.9
D1867,12,92.7
D1867,13,82.2
D1867,14,97.5
D1867,15,78.3
D1867,16,71.4
D1867,17,73.2
D1867,18,66.4
D1867,19,77.3
D1868,1,68.3
D1868,2,76.2
D1868,3,71.6
D1868,4,52.5
D1868,5,79.7
D1868,6,60.9
D1868,7,84.4
D1868,8,62.8
D1868,9,75.5
D1868,10,64.5
D1868,11,78.0
D1868,12,60.7
D1868,13,71.5
D1868,14,58.0
D1868,15,76.0
D1868,16,58.8
D1868,17,64.6
D1868,18,54.3
D1868,19,65.3
D1868,20,69.5
D1868,21,60.0
D1868,22,63.5
D1868,23,72.1
D1868,24,66.6
D1868,25,69.5
D1868,26,73.9
D1869,1,62.1
D1869,2,65.1
D1869,3,70.1
D1869,4,62.7
D1869,5,55.3
D1869,6,64.2
D1869,7,61.3
D1869,8,58.6
D1869,9,54.7
D1869,10,68.8
D1869,11,62.2
D1869,12,70.8
D1869,13,60.1
D1869,14,76.4
D1869,15,75.4
D1869,16,61.7
D1869,17,56.9
D1869,18,64.7
D1869,19,62.7
D1869,20,64.3
D1869,21,66.2
D1869,22,58.9
D1869,23,65.4
D1869,24,68.4
D1869,25,63.0
D1869,26,62.2
D1870,1,53.6
D1870,2,84.8
D1870,3,61.6
D1870,4,59.7
D1870,5,65.4
D1870,6,78.5
D1870,7,65.0
D1870,8,67.4
D1870,9,61.7
D1870,10,64.2
D1870,11,63.7
D1870,12,63.7
D1870,13,60.7
D1870,14,74.3
D1870,15,56.7
D1870,16,77.5
D1870,17,74.6
D1870,18,51.1
D1870,19,74.2
D1870,20,75.1
D1870,21,62.7
D1870,22,80.9
D1870,23,70.9
D1870,24,78.7
D1870,25,69.5
D1870,26,63.0
D1871,1,82.3
D1871,2,68.2
D1871,3,72.4
D1871,4,66.8
D1871,5,67.3
D1871,6,69.0
D1871,7,67.0
D1871,8,67.6
D1871,9,63.6
D1871,10,67.9
D1871,11,58.7
D1871,12,67.1
D1871,13,61.4
D1871,14,48.9
D1871,15,55.4
D1871,16,55.0
D1871,17,54.3
D1871,18,52.3
D1872,1,66.9
D1872,2,72.8
D1872,3,61.3
D1872,4,59.8
D1872,5,58.0
D1872,6,73.4
D1872,7,65.5
D1872,8,57.0
D1872,9,71.4
D1872,10,78.3
D1872,11,67.9
D1872,12,68.9
D1872,13,70.2
D1872,14,77.7
D1872,15,62.0
D1872,16,64.8
D1872,17,79.3
D1872,18,78.5
D1872,19,61.9
D1872,20,59.5
D1872,21,76.0
D1872,22,54.1
D1872,23,79.9
D1872,24,88.4
D1872,25,84.4
D1872,26,69.5
D1873,1,65.3
D1873,2,57.7
D1873,3,58.9
D1873,4,67.0
D1873,5,58.0
D1873,6,67.4
D1873,7,63.7
D1873,8,59.8
D1873,9,61.6
D1873,10,72.5
D1873,11,60.0
D1873,12,69.9
D1873,13,67.3
D1873,14,70.5
D1873,15,62.7
D1873,16,63.2
D1873,17,65.8
D1873,18,64.4
D1873,19,70.1
D1873,20,73.2
D1873,21,62.7
D1873,22,62.8
D1873,23,48.8
D1873,24,68.0
D1873,25,70.4
D1873,26,65.7
D1874,1,14.9
D1874,2,34.8
D1874,3,38.4
D1874,4,21.7
D1874,5,27.5
D1874,6,47.6
D1874,7,27.1
D1874,8,40.9
D1874,9,17.0
D1874,10,35.8
D1874,11,18.5
D1874,12,14.0
D1874,13,12.1
D1874,14,14.9
D1874,15,6.0
D1874,16,2.6
D1874,17,0.0
D1874,18,15.0
D1875,1,10.3
D1875,2,37.3
D1875,3,18.5
D1875,4,4.0
D1875,5,15.9
D1875,6,6.7
D1875,7,19.2
D1875,8,10.3
D1875,9,7.9
D1875,10,17.2
D1875,11,8.2
D1875,12,11.6
D1875,13,17.1
D1875,14,19.0
D1875,15,19.4
D1875,16,1.4
D1875,17,15.8
D1875,18,32.1
D1875,19,16.5
D1875,20,11.2
D1875,21,19.8
D1875,22,4.4
D1875,23,22.0
D1875,24,20.5
D1875,25,21.8
D1875,26,17.6
D1876,1,66.6
D1876,2,63.2
D1876,3,54.0
D1876,4,52.4
D1876,5,33.6
D1876,6,46.2
D1876,7,25.8
D1876,8,50.1
D1876,9,41.7
D1876,10,29.8
D1877,1,92.9
D1877,2,96.6
D1877,3,96.6
D1877,4,96.4
D1877,5,84.2
D1877,6,85.1
D1877,7,73.8
D1877,8,93.8
D1877,9,80.4
D1877,10,85.8
D1877,11,93.4
D1877,12,75.9
D1877,13,78.6
D1877,14,86.3
D1877,15,93.6
D1877,16,82.0
D1877,17,91.4
D1877,18,88.3
D1877,19,68.7
D1877,20,85.1
D1877,21,85.0
D1877,22,89.6
D1877,23,80.0
D1877,24,84.3
D1877,25,66.3
D1878,1,68.4
D1878,2,63.6
D1878,3,52.2
D1878,4,66.4
D1878,5,67.7
D1878,6,65.3
D1878,7,72.0
D1878,8,68.1
D1878,9,67.8
D1878,10,70.4
D1878,11,75.7
D1878,12,69.5
D1878,13,67.7
D1878,14,65.4
D1878,15,73.6
D1878,16,62.7
D1878,17,70.2
D1878,18,59.3
D1878,19,45.6
D1878,20,67.5
D1878,21,72.5
D1878,22,57.6
D1878,23,64.7
D1878,24,73.2
D1878,25,75.2
D1878,26,64.7
D1879,1,96.1
D1879,2,80.6
D1879,3,90.3
D1879,4,95.1
D1879,5,96.5
D1879,6,90.9
D1879,7,80.4
D1879,8,81.4
D1879,9,95.4
D1879,10,84.1
D1879,11,90.5
D1879,12,88.0
D1879,13,77.5
D1879,14,97.3
D1879,15,88.2
D1879,16,88.5
D1879,17,84.0
D1879,18,94.5
D1879,19,94.4
D1879,20,71.8
D1879,21,88.7
D1879,22,90.2
D1879,23,87.1
D1879,24,71.7
D1880,1,49.5
D1880,2,61.5
D1880,3,75.6
D1880,4,54.4
D1880,5,67.3
D1880,6,60.7
D1880,7,58.9
D1880,8,83.4
D1880,9,63.1
D1880,10,69.1
D1880,11,62.9
D1880,12,58.9
D1880,13,58.6
D1880,14,57.1
D1880,15,56.6
D1880,16,60.9
D1880,17,64.0
D1880,18,61.9
D1880,19,51.6
D1880,20,59.7
D1880,21,53.5
D1880,22,60.1
D1880,23,65.6
D1880,24,72.2
D1880,25,73.9
D1880,26,64.3
D1881,1,53.4
D1881,2,58.7
D1881,3,57.0
D1881,4,35.5
D1881,5,48.2
D1881,6,58.7
D1881,7,66.0
D1881,8,53.9
D1881,9,60.0
D1881,10,46.7
D1881,11,49.7
D1881,12,51.6
D1881,13,49.5
D1881,14,48.9
D1881,15,44.9
D1881,16,46.0
D1881,17,51.4
D1881,18,51.2
D1881,19,45.4
D1881,20,53.2
D1881,21,51.1
D1881,22,35.5
D1881,23,41.8
D1881,24,45.1
D1881,25,48.6
D1881,26,45.5
D1882,1,26.7
D1882,2,23.5
D1882,3,19.2
D1882,4,31.6
D1882,5,27.9
D1882,6,31.1
D1882,7,48.1
D1882,8,23.4
D1882,9,17.8
D1882,10,42.4
D1882,11,29.1
D1882,12,26.8
D1882,13,36.9
D1882,14,18.0
D1882,15,33.9
D1882,16,29.1
D1882,17,21.6
D1882,18,15.3
D1882,19,30.1
D1882,20,20.4
D1882,21,35.3
D1882,22,25.4
D1882,23,12.5
D1882,24,32.2
D1882,25,15.0
D1882,26,18.4
D1883,1,56.1
D1883,2,59.4
D1883,3,52.6
D1883,4,69.1
D1883,5,59.0
D1883,6,75.9
D1883,7,74.4
D1883,8,59.8
D1883,9,64.3
D1883,10,56.7
D1883,11,68.5
D1883,12,77.9
D1883,13,72.9
D1883,14,59.9
D1883,15,72.7
D1883,16,72.0
D1883,17,72.6
D1883,18,45.5
D1883,19,70.0
D1883,20,59.7
D1883,21,55.6
D1883,22,64.3
D1883,23,55.6
D1883,24,65.9
D1883,25,53.7
D1883,26,59.4
D1884,1,20.7
D1884,2,19.2
D1884,3,6.9
D1884,4,20.6
D1884,5,15.9
D1884,6,15.1
D1884,7,20.3
D1884,8,14.4
D1884,9,10.0
D1884,10,16.6
D1884,11,8.7
D1884,12,12.2
D1884,13,16.7
D1884,14,18.1
D1884,15,11.1
D1884,16,9.1
D1884,17,23.2
D1884,18,10.8
D1884,19,8.7
D1884,20,16.5
D1884,21,8.7
D1884,22,17.6
D1884,23,13.6
D1884,24,12.8
D1884,25,21.3
D1884,26,11.8
D1885,1,84.9
D1885,2,81.0
D1885,3,95.8
D1885,4,94.4
D1885,5,92.4
D1885,6,88.1
D1885,7,84.5
D1885,8,92.4
D1885,9,83.7
D1885,10,86.0
D1885,11,84.9
D1885,12,87.4
D1885,13,85.3
D1885,14,96.7
D1885,15,98.0
D1885,16,86.6
D1885,17,90.8
D1885,18,87.9
D1885,19,82.1
D1885,20,86.5
D1885,21,88.6
D1885,22,92.1
D1885,23,88.0
D1885,24,80.5
D1885,25,95.0
D1885,26,89.0
D1886,1,7.6
D1886,2,9.0
D1886,3,11.5
D1886,4,20.7
D1886,5,24.4
D1886,6,18.7
D1886,7,7.7
D1886,8,7.5
D1886,9,23.3
D1886,10,16.4
D1886,11,9.5
D1886,12,19.2
D1886,13,2.3
D1886,14,4.7
D1886,15,6.5
D1886,16,13.1
D1886,17,17.3
D1886,18,24.7
D1886,19,18.6
D1886,20,8.7
D1886,21,5.5
D1886,22,18.8
D1886,23,12.3
D1886,24,13.3
D1886,25,20.5
D1886,26,13.0
D1887,1,50.1
D1887,2,51.8
D1887,3,49.5
D1887,4,57.6
D1887,5,52.2
D1887,6,70.4
D1887,7,50.3
D1887,8,38.0
D1887,9,49.5
D1887,10,55.3
D1887,11,28.5
D1887,12,51.3
D1887,13,45.3
D1887,14,36.9
D1887,15,41.4
D1887,16,42.0
D1887,17,48.9
D1887,18,41.1
D1887,19,42.2
D1887,20,55.1
D1887,21,39.9
D1887,22,33.2
D1887,23,61.4
D1887,24,56.6
D1887,25,39.8
D1887,26,38.9
D1888,1,45.1
D1888,2,59.0
D1888,3,56.3
D1888,4,48.7
D1888,5,57.3
D1888,6,40.0
D1888,7,43.8
D1888,8,38.8
D1888,9,56.0
D1888,10,46.7
D1888,11,41.9
D1888,12,41.8
D1888,13,34.0
D1888,14,48.6
D1888,15,40.9
D1888,16,49.3
D1888,17,40.6
D1888,18,28.5
D1888,19,41.5
D1888,20,28.2
D1888,21,30.9
D1888,22,32.3
D1888,23,35.6
D1888,24,42.4
D1888,25,35.6
D1888,26,36.8
D1889,1,68.7
D1889,2,53.6
D1889,3,62.0
D1889,4,61.2
D1889,5,67.0
D1889,6,68.0
D1889,7,65.4
D1889,8,54.9
D1889,9,53.7
D1889,10,46.5
D1889,11,44.7
D1889,12,55.2
D1889,13,39.7
D1890,1,67.7
D1890,2,79.2
D1890,3,79.2
D1890,4,74.9
D1890,5,73.7
D1890,6,68.6
D1890,7,65.8
D1890,8,67.6
D1890,9,67.7
D1890,10,65.4
D1890,11,63.1
D1890,12,53.8
D1890,13,78.0
D1890,14,73.1
D1890,15,72.1
D1890,16,66.3
D1890,17,66.0
D1890,18,86.3
D1890,19,68.7
D1890,20,67.6
D1890,21,74.2
D1890,22,76.0
D1890,23,67.0
D1890,24,66.4
D1890,25,72.6
D1890,26,86.3
D1891,1,76.2
D1891,2,80.4
D1891,3,77.8
D1891,4,76.3
D1891,5,77.3
D1891,6,87.6
D1891,7,83.6
D1891,8,91.4
D1891,9,81.5
D1891,10,80.1
D1891,11,76.5
D1891,12,83.3
D1891,13,77.8
D1891,14,85.5
D1891,15,90.0
D1891,16,84.8
D1891,17,80.5
D1891,18,89.0
D1891,19,82.6
D1891,20,84.0
D1891,21,90.2
D1891,22,76.0
D1891,23,87.5
D1891,24,77.6
D1891,25,80.8
D1891,26,76.8
D1892,1,67.0
D1892,2,64.8
D1892,3,64.8
D1892,4,64.0
D1892,5,56.9
D1892,6,63.0
D1892,7,59.2
D1892,8,57.8
D1892,9,61.1
D1892,10,69.9
D1892,11,64.8
D1892,12,54.5
D1892,13,57.0
D1892,14,72.8
D1892,15,65.1
D1892,16,73.7
D1892,17,60.3
D1892,18,55.7
D1892,19,59.1
D1892,20,66.7
D1892,21,88.5
D1892,22,63.3
D1892,23,65.3
D1892,24,62.7
D1892,25,61.5
D1892,26,62.5
D1893,1,49.9
D1893,2,70.6
D1893,3,66.0
D1893,4,54.4
D1893,5,50.0
D1893,6,54.3
D1893,7,57.5
D1893,8,76.8
D1893,9,50.5
D1893,10,38.9
D1893,11,50.4
D1893,12,46.4
D1893,13,48.6
D1893,14,35.2
D1893,15,36.9
D1893,16,51.0
D1893,17,52.8
D1893,18,57.1
D1893,19,35.1
D1893,20,34.1
D1893,21,45.3
D1893,22,53.0
D1893,23,29.6
D1893,24,32.8
D1893,25,49.9
D1893,26,39.0
D1894,1,32.1
D1894,2,28.8
D1894,3,11.0
D1894,4,26.5
D1894,5,34.7
D1894,6,15.8
D1894,7,41.5
D1894,8,28.3
D1894,9,25.7
D1894,10,24.4
D1894,11,28.8
D1894,12,27.0
D1894,13,19.5
D1894,14,22.9
D1894,15,28.6
D1894,16,37.0
D1894,17,28.9
D1894,18,19.2
D1894,19,32.2
D1894,20,18.6
D1894,21,24.2
D1894,22,25.9
D1894,23,36.6
D1894,24,28.6
D1894,25,19.8
D1894,26,35.8
D1895,1,78.3
D1895,2,84.9
D1895,3,92.4
D1895,4,92.1
D1895,5,92.6
D1895,6,86.1
D1895,7,84.4
D1895,8,90.9
D1895,9,86.1
D1895,10,84.7
D1895,11,83.8
D1895,12,87.4
D1895,13,96.3
D1895,14,90.4
D1895,15,88.6
D1895,16,90.5
D1895,17,92.9
D1895,18,79.7
D1895,19,77.8
D1895,20,75.8
D1895,21,73.6
D1895,22,72.3
D1896,1,16.3
D1896,2,7.5
D1896,3,16.2
D1896,4,0.0
D1896,5,0.0
D1896,6,6.0
D1896,7,0.0
D1896,8,0.0
D1896,9,0.0
D1897,1,64.7
D1897,2,64.7
D1897,3,68.9
D1897,4,56.7
D1897,5,60.9
D1897,6,57.6
D1897,7,69.5
D1897,8,60.1
D1897,9,75.3
D1897,10,58.4
D1897,11,74.8
D1897,12,63.2
D1897,13,62.9
D1897,14,65.1
D1897,15,75.9
D1897,16,64.3
D1897,17,68.2
D1897,18,74.7
D1897,19,72.3
D1897,20,64.6
D1897,21,52.6
D1897,22,56.4
D1897,23,69.1
D1897,24,77.5
D1897,25,69.7
D1897,26,81.7
D1898,1,25.3
D1898,2,2.0
D1898,3,17.5
D1898,4,19.3
D1898,5,22.8
D1898,6,24.1
D1898,7,13.0
D1898,8,15.3
D1898,9,15.1
D1898,10,8.8
D1898,11,15.9
D1898,12,8.8
D1898,13,13.1
D1898,14,5.4
D1898,15,6.8
D1898,16,9.1
D1898,17,8.2
D1898,18,17.3
D1898,19,18.3
D1898,20,9.2
D1898,21,20.0
D1898,22,0.9
D1898,23,18.7
D1898,24,16.1
D1898,25,10.0
D1898,26,17.8
D1899,1,11.5
D1899,2,30.8
D1899,3,8.2
D1899,4,21.4
D1899,5,20.8
D1899,6,40.4
D1899,7,23.8
D1899,8,22.4
D1899,9,6.4
D1899,10,16.5
D1899,11,5.1
D1899,12,5.8
D1899,13,4.6
D1899,14,11.8
D1899,15,4.3
D1899,16,27.1
D1900,1,90.3
D1900,2,73.9
D1900,3,88.1
D1900,4,94.8
D1900,5,84.4
D1900,6,98.0
D1900,7,91.1
D1900,8,98.4
D1900,9,97.0
D1900,10,96.2
D1900,11,83.8
D1900,12,76.0
D1900,13,79.5
D1900,14,90.4
D1900,15,94.9
D1900,16,93.0
D1900,17,85.9
D1900,18,92.5
D1900,19,92.5
D1900,20,92.2
D1900,21,81.0
D1900,22,88.2
D1900,23,95.5
D1900,24,78.4
D1900,25,92.5
D1900,26,80.9
D1901,1,30.4
D1901,2,34.9
D1901,3,33.1
D1901,4,21.1
D1901,5,26.6
D1901,6,24.0
D1901,7,16.8
D1901,8,20.4
D1901,9,15.8
D1901,10,28.0
D1901,11,22.6
D1901,12,22.4
D1901,13,31.4
D1901,14,27.6
D1901,15,31.4
D1901,16,24.6
D1901,17,30.4
D1901,18,28.8
D1901,19,22.8
D1901,20,20.8
D1901,21,24.8
D1901,22,22.2
D1901,23,17.2
D1901,24,25.6
D1901,25,23.3
D1901,26,16.1
D1902,1,59.9
D1902,2,74.1
D1902,3,78.2
D1902,4,67.4
D1902,5,74.3
D1902,6,56.7
D1902,7,71.7
D1902,8,65.1
D1902,9,60.8
D1902,10,68.6
D1902,11,68.7
D1902,12,68.3
D1902,13,60.5
D1902,14,81.5
D1902,15,67.8
D1902,16,64.9
D1902,17,72.1
D1902,18,63.7
D1902,19,77.3
D1902,20,67.8
D1902,21,65.8
D1902,22,57.8
D1902,23,66.4
D1902,24,63.0
D1902,25,76.8
D1902,26,63.4
D1903,1,59.0
D1903,2,38.5
D1903,3,54.6
D1903,4,51.8
D1903,5,56.3
D1903,6,32.6
D1903,7,32.9
D1903,8,39.8
D1903,9,20.7
D1903,10,22.1
D1903,11,9.6
D1904,1,10.7
D1904,2,24.6
D1904,3,27.3
D1904,4,39.5
D1904,5,7.1
D1904,6,38.1
D1904,7,15.8
D1904,8,20.8
D1904,9,17.8
D1904,10,11.5
D1904,11,24.1
D1904,12,33.6
D1904,13,21.1
D1904,14,24.3
D1904,15,19.6
D1904,16,24.4
D1904,17,7.3
D1904,18,20.1
D1904,19,5.7
D1904,20,7.9
D1904,21,38.8
D1904,22,25.0
D1904,23,11.7
D1904,24,26.6
D1904,25,46.1
D1904,26,2.6
D1905,1,7.4
D1905,2,16.3
D1905,3,7.8
D1905,4,21.0
D1905,5,16.8
D1905,6,6.2
D1905,7,19.9
D1905,8,2.1
D1905,9,5.9
D1905,10,15.6
D1905,11,9.7
D1905,12,14.7
D1905,13,7.9
D1905,14,25.4
D1905,15,8.6
D1905,16,15.4
D1905,17,40.5
D1905,18,25.4
D1905,19,12.1
D1905,20,16.3
D1905,21,19.8
D1905,22,20.3
D1905,23,24.3
D1905,24,25.0
D1905,25,13.0
D1905,26,8.8
D1906,1,60.3
D1906,2,63.9
D1906,3,59.9
D1906,4,57.7
D1906,5,63.9
D1906,6,65.0
D1906,7,56.2
D1906,8,61.1
D1906,9,61.3
D1906,10,62.4
D1906,11,58.3
D1906,12,59.2
D1906,13,65.3
D1906,14,63.2
D1906,15,64.0
D1906,16,60.9
D1906,17,72.9
D1906,18,61.8
D1906,19,62.3
D1906,20,49.8
D1906,21,61.2
D1906,22,63.9
D1906,23,62.2
D1906,24,73.7
D1906,25,63.2
D1906,26,66.5
D1907,1,61.5
D1907,2,63.3
D1907,3,64.3
D1907,4,55.9
D1907,5,66.6
D1907,6,48.1
D1907,7,60.4
D1907,8,68.3
D1907,9,58.8
D1907,10,60.5
D1907,11,65.2
D1907,12,66.0
D1907,13,56.6
D1907,14,71.5
D1907,15,66.0
D1907,16,61.4
D1907,17,59.9
D1907,18,53.9
D1907,19,60.3
D1907,20,70.3
D1907,21,63.6
D1907,22,54.3
D1907,23,61.9
D1907,24,67.4
D1907,25,67.5
D1907,26,62.6
D1908,1,89.3
D1908,2,87.8
D1908,3,78.7
D1908,4,92.1
D1908,5,76.2
D1908,6,96.9
D1908,7,90.1
D1908,8,86.0
D1908,9,94.6
D1908,10,87.4
D1908,11,90.2
D1908,12,84.3
D1908,13,77.9
D1908,14,87.3
D1908,15,92.0
D1908,16,93.7
D1908,17,84.6
D1908,18,84.0
D1908,19,78.4
D1908,20,82.5
D1908,21,77.4
D1908,22,92.2
D1908,23,96.6
D1908,24,80.6
D1908,25,96.6
D1908,26,76.8
D1909,1,56.5
D1909,2,52.9
D1909,3,54.8
D1909,4,49.3
D1909,5,38.6
D1909,6,18.3
D1909,7,32.1
D1909,8,18.6
D1909,9,27.0
D1909,10,1.7
D1910,1,62.9
D1910,2,67.4
D1910,3,67.0
D1910,4,65.2
D1910,5,69.1
D1910,6,66.0
D1910,7,63.4
D1910,8,66.0
D1910,9,68.2
D1910,10,55.0
D1910,11,64.8
D1910,12,79.9
D1910,13,68.0
D1910,14,62.4
D1910,15,61.7
D1910,16,66.1
D1910,17,61.1
D1910,18,64.1
D1910,19,66.8
D1910,20,60.0
D1910,21,77.6
D1910,22,63.9
D1910,23,66.3
D1910,24,63.7
D1910,25,75.6
D1910,26,64.4
D1911,1,89.1
D1911,2,90.0
D1911,3,79.4
D1911,4,78.2
D1911,5,94.6
D1911,6,88.5
D1911,7,98.6
D1911,8,85.2
D1911,9,89.9
D1911,10,91.1
D1911,11,94.9
D1911,12,85.1
D1911,13,92.6
D1911,14,95.3
D1911,15,83.0
D1911,16,81.3
D1911,17,77.4
D1911,18,80.4
D1911,19,98.3
D1911,20,92.2
D1911,21,85.6
D1911,22,76.6
D1911,23,78.1
D1911,24,85.7
D1911,25,80.1
D1911,26,93.7
D1912,1,62.7
D1912,2,47.7
D1912,3,51.2
D1912,4,53.9
D1912,5,56.0
D1912,6,45.0
D1912,7,57.2
D1912,8,44.6
D1912,9,45.1
D1912,10,43.6
D1912,11,49.0
D1912,12,48.1
D1912,13,50.5
D1912,14,35.0
D1912,15,34.7
D1912,16,30.5
D1912,17,50.6
D1912,18,29.1
D1912,19,53.6
D1912,20,29.0
D1912,21,47.0
D1912,22,48.1
D1912,23,40.4
D1912,24,33.6
D1912,25,31.0
D1912,26,36.2
D1913,1,82.0
D1913,2,82.6
D1913,3,79.4
D1913,4,76.7
D1913,5,82.8
D1913,6,77.4
D1913,7,77.5
D1913,8,84.5
D1913,9,77.1
D1913,10,83.3
D1913,11,74.8
D1913,12,75.1
D1913,13,80.5
D1913,14,78.8
D1913,15,89.0
D1913,16,94.4
D1913,17,79.4
D1913,18,79.2
D1913,19,80.9
D1913,20,90.7
D1913,21,79.5
D1913,22,79.0
D1913,23,79.5
D1913,24,84.5
D1913,25,86.8
D1913,26,82.9
D1914,1,57.6
D1914,2,58.0
D1914,3,52.1
D1914,4,61.1
D1914,5,52.1
D1914,6,48.2
D1914,7,49.0
D1914,8,53.2
D1914,9,49.3
D1914,10,48.8
D1914,11,39.4
D1914,12,58.4
D1914,13,48.0
D1914,14,45.7
D1914,15,46.2
D1914,16,53.6
D1914,17,34.5
D1914,18,39.4
D1914,19,38.9
D1914,20,27.4
D1914,21,44.5
D1914,22,47.0
D1914,23,44.6
D1914,24,40.4
D1914,25,35.5
D1914,26,40.3
D1915,1,60.2
D1915,2,64.2
D1915,3,82.3
D1915,4,63.2
D1915,5,74.1
D1915,6,79.1
D1915,7,67.2
D1915,8,64.7
D1915,9,62.9
D1915,10,65.9
D1915,11,63.2
D1915,12,61.4
D1915,13,71.0
D1915,14,66.6
D1915,15,70.3
D1915,16,62.6
D1915,17,72.1
D1915,18,62.6
D1915,19,68.3
D1915,20,63.9
D1915,21,63.8
D1915,22,75.8
D1915,23,65.1
D1915,24,70.4
D1915,25,64.4
D1915,26,70.7
D1916,1,99.1
D1916,2,81.8
D1916,3,88.6
D1916,4,77.0
D1916,5,88.9
D1916,6,91.4
D1916,7,77.8
D1916,8,89.5
D1916,9,85.9
D1916,10,82.6
D1916,11,75.8
D1916,12,80.8
D1916,13,89.1
D1916,14,77.9
D1916,15,90.2
D1916,16,77.2
D1916,17,92.2
D1916,18,79.6
D1916,19,91.1
D1916,20,86.3
D1916,21,92.1
D1916,22,91.1
D1916,23,91.4
D1916,24,86.5
D1916,25,84.5
D1916,26,84.1
D1917,1,64.0
D1917,2,59.1
D1917,3,52.1
D1917,4,70.5
D1917,5,73.6
D1917,6,63.0
D1917,7,74.2
D1917,8,71.3
D1917,9,51.2
D1917,10,66.9
D1917,11,63.9
D1917,12,64.8
D1917,13,75.8
D1917,14,61.3
D1917,15,65.9
D1917,16,66.6
D1917,17,60.8
D1917,18,73.1
D1917,19,72.2
D1917,20,84.1
D1917,21,65.9
D1917,22,76.6
D1917,23,58.0
D1917,24,70.8
D1917,25,85.9
D1917,26,62.7
D1918,1,52.5
D1918,2,48.5
D1918,3,38.2
D1918,4,34.4
D1918,5,55.1
D1918,6,63.4
D1918,7,68.7
D1918,8,50.8
D1918,9,44.9
D1918,10,30.4
D1918,11,41.0
D1918,12,42.2
D1918,13,31.9
D1918,14,52.2
D1918,15,35.2
D1918,16,39.0
D1918,17,40.1
D1918,18,40.6
D1918,19,39.9
D1918,20,55.7
D1918,21,35.9
D1918,22,42.7
D1918,23,40.3
D1918,24,36.8
D1918,25,20.9
D1918,26,28.7
D1919,1,81.2
D1919,2,93.5
D1919,3,93.6
D1919,4,88.4
D1919,5,88.8
D1919,6,93.3
D1919,7,88.4
D1919,8,87.0
D1919,9,78.4
D1919,10,86.3
D1919,11,86.8
D1919,12,85.7
D1919,13,82.1
D1919,14,77.3
D1919,15,92.9
D1919,16,77.4
D1919,17,88.9
D1919,18,82.5
D1919,19,78.2
D1919,20,76.5
D1919,21,76.5
D1919,22,76.6
D1920,1,87.6
D1920,2,60.8
D1920,3,57.4
D1920,4,81.0
D1920,5,62.0
D1920,6,62.5
D1920,7,76.8
D1920,8,72.7
D1920,9,71.4
D1920,10,62.9
D1920,11,73.2
D1920,12,70.3
D1920,13,67.0
D1920,14,69.8
D1920,15,52.6
D1920,16,57.9
D1920,17,68.1
D1920,18,62.5
D1920,19,74.5
D1920,20,65.4
D1920,21,60.6
D1920,22,47.8
D1920,23,59.1
D1920,24,74.4
D1920,25,67.9
D1920,26,73.5
D1921,1,63.7
D1921,2,62.6
D1921,3,78.9
D1921,4,66.6
D1921,5,56.6
D1921,6,53.6
D1921,7,57.1
D1921,8,58.0
D1921,9,54.8
D1921,10,46.8
D1921,11,51.0
D1921,12,43.4
D1922,1,21.5
D1922,2,17.2
D1922,3,7.1
D1922,4,15.5
D1922,5,13.3
D1922,6,6.1
D1922,7,3.4
D1922,8,0.0
D1922,9,0.0
D1922,10,0.0
D1922,11,0.0
D1923,1,12.6
D1923,2,23.2
D1923,3,14.6
D1923,4,11.4
D1923,5,22.3
D1923,6,19.7
D1923,7,11.5
D1923,8,20.6
D1923,9,7.4
D1923,10,31.1
D1923,11,25.3
D1923,12,8.2
D1923,13,11.4
D1923,14,10.1
D1923,15,12.5
D1923,16,24.8
D1923,17,24.4
D1923,18,12.4
D1923,19,18.2
D1923,20,13.2
D1923,21,23.9
D1923,22,16.9
D1923,23,17.9
D1923,24,11.0
D1923,25,9.6
D1923,26,18.7
D1924,1,73.8
D1924,2,89.9
D1924,3,92.3
D1924,4,80.4
D1924,5,92.1
D1924,6,83.7
D1924,7,85.8
D1924,8,77.7
D1924,9,87.4
D1924,10,76.0
D1924,11,90.1
D1924,12,79.2
D1924,13,88.9
D1924,14,80.9
D1924,15,87.8
D1924,16,79.2
D1924,17,89.3
D1924,18,75.2
D1924,19,92.8
D1924,20,81.1
D1924,21,85.9
D1924,22,75.6
D1924,23,77.6
D1924,24,82.9
D1924,25,83.0
D1924,26,74.4
D1925,1,48.6
D1925,2,52.6
D1925,3,49.7
D1925,4,49.2
D1925,5,63.3
D1925,6,59.6
D1925,7,49.3
D1925,8,53.6
D1925,9,49.8
D1925,10,53.6
D1925,11,39.4
D1925,12,43.9
D1925,13,58.0
D1925,14,49.1
D1925,15,51.4
D1925,16,45.4
D1925,17,43.2
D1925,18,43.0
D1925,19,24.6
D1925,20,53.1
D1925,21,36.3
D1925,22,36.9
D1925,23,39.0
D1925,24,26.3
D1925,25,29.6
D1925,26,45.5
D1926,1,53.4
D1926,2,69.2
D1926,3,66.3
D1926,4,68.4
D1926,5,49.8
D1926,6,52.4
D1926,7,61.2
D1926,8,63.9
D1926,9,67.0
D1926,10,74.8
D1926,11,60.4
D1926,12,64.7
D1926,13,56.7
D1926,14,59.6
D1926,15,68.7
D1926,16,73.3
D1926,17,70.7
D1926,18,49.6
D1926,19,64.0
D1926,20,56.2
D1926,21,64.5
D1926,22,61.3
D1926,23,61.3
D1926,24,60.4
D1926,25,54.2
D1926,26,61.2
D1927,1,87.5
D1927,2,62.9
D1927,3,77.1
D1927,4,58.4
D1927,5,50.5
D1927,6,68.8
D1927,7,58.6
D1927,8,62.6
D1927,9,66.1
D1927,10,85.4
D1927,11,65.7
D1927,12,64.5
D1927,13,65.5
D1927,14,60.5
D1927,15,55.0
D1927,16,60.2
D1927,17,61.6
D1927,18,61.1
D1927,19,55.9
D1927,20,61.4
D1927,21,64.8
D1927,22,58.3
D1927,23,55.9
D1927,24,66.5
D1927,25,60.0
D1927,26,44.6
D1928,1,73.6
D1928,2,72.0
D1928,3,73.2
D1928,4,65.6
D1928,5,78.3
D1928,6,67.1
D1928,7,77.2
D1928,8,69.8
D1928,9,82.4
D1928,10,75.4
D1928,11,68.7
D1928,12,62.9
D1928,13,81.6
D1928,14,63.5
D1928,15,58.0
D1928,16,66.9
D1928,17,63.3
D1928,18,64.8
D1928,19,53.0
D1928,20,62.7
D1928,21,59.0
D1928,22,64.5
D1928,23,60.5
D1928,24,87.8
D1928,25,68.6
D1928,26,65.4
D1929,1,75.5
D1929,2,91.3
D1929,3,93.1
D1929,4,87.6
D1929,5,77.0
D1929,6,95.0
D1929,7,75.3
D1929,8,96.3
D1929,9,81.0
D1929,10,79.2
D1929,11,86.1
D1929,12,79.9
D1929,13,77.8
D1929,14,96.7
D1929,15,79.6
D1929,16,92.0
D1929,17,90.5
D1929,18,86.0
D1929,19,94.2
D1929,20,87.2
D1929,21,83.2
D1929,22,90.0
D1929,23,88.3
D1929,24,93.4
D1929,25,95.4
D1929,26,93.7
D1930,1,97.9
D1930,2,92.6
D1930,3,93.9
D1930,4,81.0
D1930,5,89.6
D1930,6,88.7
D1930,7,76.7
D1930,8,75.9
D1930,9,79.9
D1930,10,76.3
D1930,11,92.9
D1930,12,85.6
D1930,13,94.4
D1930,14,89.2
D1930,15,85.0
D1930,16,82.0
D1930,17,92.8
D1930,18,79.6
D1930,19,87.9
D1930,20,100.0
D1930,21,83.6
D1930,22,85.4
D1930,23,87.3
D1930,24,90.9
D1930,25,90.4
D1930,26,93.1
D1931,1,18.1
D1931,2,27.5
D1931,3,30.5
D1931,4,13.6
D1931,5,20.1
D1931,6,29.8
D1931,7,7.5
D1931,8,5.6
D1931,9,20.0
D1931,10,21.1
D1931,11,8.3
D1931,12,16.9
D1931,13,7.6
D1931,14,0.0
D1931,15,14.5
D1932,1,71.3
D1932,2,58.6
D1932,3,72.5
D1932,4,64.0
D1932,5,66.2
D1932,6,59.4
D1932,7,73.8
D1932,8,59.2
D1932,9,60.7
D1932,10,66.4
D1932,11,58.9
D1932,12,61.6
D1932,13,57.8
D1932,14,53.0
D1932,15,65.1
D1932,16,61.5
D1932,17,66.3
D1932,18,69.3
D1932,19,64.5
D1932,20,59.7
D1932,21,56.6
D1932,22,53.4
D1932,23,64.0
D1932,24,66.4
D1932,25,63.9
D1932,26,52.6
D1933,1,69.5
D1933,2,69.9
D1933,3,64.8
D1933,4,54.7
D1933,5,73.2
D1933,6,62.7
D1933,7,61.9
D1933,8,70.7
D1933,9,68.9
D1933,10,75.5
D1933,11,76.2
D1933,12,61.4
D1933,13,79.5
D1933,14,65.2
D1933,15,57.5
D1933,16,85.1
D1933,17,43.9
D1933,18,67.0
D1933,19,57.1
D1933,20,75.3
D1933,21,63.3
D1933,22,60.3
D1933,23,55.7
D1933,24,77.1
D1933,25,62.6
D1933,26,62.7
D1934,1,92.8
D1934,2,92.5
D1934,3,84.3
D1934,4,82.2
D1934,5,91.9
D1934,6,92.0
D1934,7,84.9
D1934,8,97.2
D1934,9,83.5
D1934,10,97.4
D1934,11,90.7
D1934,12,83.8
D1934,13,91.5
D1934,14,89.9
D1934,15,84.8
D1934,16,83.0
D1934,17,77.7
D1934,18,76.5
D1934,19,88.5
D1934,20,94.5
D1934,21,81.0
D1934,22,95.6
D1934,23,82.3
D1934,24,92.5
D1934,25,100.0
D1934,26,89.2
D1935,1,13.8
D1935,2,24.3
D1935,3,18.1
D1935,4,32.2
D1935,5,14.4
D1935,6,28.8
D1935,7,37.4
D1935,8,18.1
D1935,9,16.4
D1935,10,26.5
D1935,11,15.6
D1935,12,37.5
D1935,13,19.5
D1935,14,18.8
D1935,15,23.2
D1935,16,32.4
D1935,17,40.8
D1935,18,19.4
D1935,19,36.0
D1935,20,25.7
D1935,21,15.7
D1935,22,24.5
D1935,23,37.3
D1935,24,25.0
D1935,25,35.2
D1935,26,19.0
D1936,1,68.8
D1936,2,72.2
D1936,3,63.7
D1936,4,59.5
D1936,5,50.9
D1936,6,63.9
D1936,7,60.8
D1936,8,68.2
D1936,9,55.7
D1936,10,67.7
D1936,11,65.5
D1936,12,64.0
D1936,13,64.2
D1936,14,72.1
D1936,15,60.7
D1936,16,74.0
D1936,17,54.1
D1936,18,66.7
D1936,19,78.1
D1936,20,66.4
D1936,21,58.2
D1936,22,65.6
D1936,23,75.9
D1936,24,60.3
D1936,25,57.8
D1936,26,65.4
D1937,1,61.3
D1937,2,71.5
D1937,3,78.4
D1937,4,72.9
D1937,5,67.5
D1937,6,62.0
D1937,7,69.0
D1937,8,59.2
D1937,9,63.8
D1937,10,58.1
D1937,11,78.8
D1937,12,52.8
D1937,13,64.6
D1937,14,64.9
D1937,15,62.4
D1937,16,66.0
D1937,17,62.0
D1937,18,67.6
D1937,19,63.9
D1937,20,53.5
D1937,21,75.9
D1937,22,70.7
D1937,23,57.8
D1937,24,59.5
D1937,25,79.6
D1937,26,87.1
D1938,1,13.1
D1938,2,23.7
D1938,3,16.4
D1938,4,10.7
D1938,5,13.4
D1938,6,16.3
D1938,7,27.9
D1938,8,17.6
D1938,9,12.9
D1938,10,28.2
D1938,11,20.5
D1938,12,30.4
D1938,13,29.2
D1938,14,12.1
D1938,15,14.1
D1938,16,17.9
D1938,17,12.4
D1938,18,20.9
D1938,19,4.5
D1938,20,26.4
D1938,21,5.8
D1938,22,8.4
D1938,23,22.5
D1938,24,26.4
D1938,25,15.3
D1938,26,19.8
D1939,1,67.5
D1939,2,60.7
D1939,3,64.3
D1939,4,70.3
D1939,5,75.5
D1939,6,80.9
D1939,7,61.5
D1939,8,78.4
D1939,9,73.8
D1939,10,70.1
D1939,11,66.6
D1939,12,64.5
D1939,13,65.5
D1939,14,77.4
D1939,15,71.1
D1939,16,63.7
D1939,17,68.8
D1939,18,68.0
D1939,19,68.1
D1939,20,69.9
D1939,21,63.7
D1939,22,54.4
D1939,23,72.1
D1939,24,69.3
D1939,25,78.4
D1939,26,73.0
D1940,1,13.6
D1940,2,24.7
D1940,3,21.6
D1940,4,7.4
D1940,5,51.9
D1940,6,23.4
D1940,7,21.8
D1940,8,26.1
D1940,9,6.7
D1940,10,18.8
D1940,11,12.9
D1940,12,17.7
D1940,13,24.4
D1940,14,14.4
D1940,15,24.7
D1940,16,14.4
D1940,17,5.7
D1940,18,20.5
D1940,19,17.0
D1940,20,9.8
D1940,21,19.2
D1940,22,21.0
D1940,23,20.2
D1940,24,12.2
D1940,25,13.2
D1940,26,10.5
D1941,1,63.5
D1941,2,56.2
D1941,3,71.4
D1941,4,61.1
D1941,5,56.9
D1941,6,63.7
D1941,7,63.5
D1941,8,66.1
D1941,9,69.0
D1941,10,67.6
D1941,11,60.6
D1941,12,64.8
D1941,13,55.0
D1941,14,57.4
D1941,15,55.6
D1941,16,52.4
D1941,17,55.7
D1941,18,54.1
D1941,19,49.9
D1941,20,39.6
D1941,21,57.5
D1942,1,17.6
D1942,2,16.6
D1942,3,17.9
D1942,4,9.3
D1942,5,12.1
D1942,6,28.6
D1942,7,7.5
D1942,8,15.4
D1942,9,22.6
D1942,10,29.6
D1942,11,15.0
D1942,12,14.3
D1942,13,14.1
D1942,14,16.6
D1942,15,16.6
D1942,16,17.6
D1942,17,12.2
D1942,18,17.9
D1942,19,12.1
D1942,20,18.9
D1942,21,18.8
D1942,22,18.3
D1942,23,13.3
D1942,24,13.9
D1942,25,18.7
D1942,26,13.5
D1943,1,56.4
D1943,2,66.7
D1943,3,60.9
D1943,4,53.4
D1943,5,64.6
D1943,6,65.8
D1943,7,61.7
D1943,8,59.3
D1943,9,72.6
D1943,10,60.1
D1943,11,64.3
D1943,12,63.5
D1943,13,68.6
D1943,14,60.8
D1943,15,65.8
D1943,16,58.9
D1943,17,78.6
D1943,18,78.2
D1943,19,55.9
D1943,20,77.3
D1943,21,70.7
D1943,22,63.8
D1943,23,47.1
D1943,24,67.2
D1943,25,70.3
D1943,26,56.9
D1944,1,80.9
D1944,2,87.0
D1944,3,93.6
D1944,4,83.8
D1944,5,98.1
D1944,6,76.3
D1944,7,95.4
D1944,8,79.2
D1944,9,88.6
D1944,10,79.4
D1944,11,78.6
D1944,12,83.1
D1944,13,84.4
D1944,14,75.7
D1944,15,82.1
D1944,16,78.2
D1944,17,81.9
D1944,18,80.2
D1944,19,86.4
D1944,20,84.4
D1944,21,73.6
D1944,22,82.7
D1944,23,84.4
D1944,24,89.1
D1944,25,83.7
D1944,26,88.5
D1945,1,80.4
D1945,2,84.1
D1945,3,84.5
D1945,4,84.1
D1945,5,91.5
D1945,6,80.9
D1945,7,92.3
D1945,8,86.7
D1945,9,91.7
D1945,10,90.3
D1945,11,90.6
D1945,12,80.4
D1945,13,83.5
D1945,14,87.6
D1946,1,40.2
D1946,2,57.3
D1946,3,40.7
D1946,4,64.8
D1946,5,53.9
D1946,6,47.9
D1946,7,60.3
D1946,8,54.8
D1946,9,56.3
D1946,10,54.0
D1946,11,53.7
D1946,12,53.4
D1946,13,55.5
D1946,14,42.5
D1946,15,49.9
D1946,16,41.9
D1946,17,45.9
D1946,18,50.2
D1946,19,36.3
D1946,20,33.3
D1946,21,43.2
D1946,22,29.2
D1946,23,44.8
D1946,24,35.7
D1946,25,47.0
D1946,26,45.0
D1947,1,6.9
D1947,2,26.6
D1947,3,15.5
D1947,4,10.3
D1947,5,21.2
D1947,6,14.3
D1947,7,12.1
D1947,8,13.7
D1947,9,20.7
D1947,10,18.8
D1947,11,11.3
D1947,12,3.7
D1947,13,12.8
D1947,14,0.0
D1947,15,2.9
D1947,16,0.0
D1947,17,0.0
D1947,18,0.0
D1948,1,67.2
D1948,2,65.4
D1948,3,72.9
D1948,4,67.1
D1948,5,74.0
D1948,6,58.2
D1948,7,70.1
D1948,8,69.0
D1948,9,68.9
D1948,10,60.1
D1948,11,58.5
D1948,12,61.7
D1948,13,57.4
D1948,14,61.8
D1948,15,63.0
D1948,16,61.5
D1948,17,65.4
D1948,18,70.9
D1948,19,61.1
D1948,20,60.8
D1948,21,62.7
D1948,22,68.9
D1948,23,66.1
D1948,24,74.0
D1948,25,73.6
D1948,26,58.3
D1949,1,73.4
D1949,2,67.9
D1949,3,64.3
D1949,4,62.7
D1949,5,59.9
D1949,6,61.0
D1949,7,72.6
D1949,8,68.9
D1949,9,40.6
D1949,10,62.8
D1949,11,80.9
D1949,12,66.2
D1949,13,63.7
D1949,14,61.1
D1949,15,69.7
D1949,16,50.3
D1949,17,59.0
D1949,18,65.9
D1949,19,53.2
D1949,20,77.9
D1949,21,61.0
D1949,22,81.9
D1949,23,64.8
D1949,24,83.2
D1949,25,57.2
D1949,26,48.6
D1950,1,22.7
D1950,2,33.4
D1950,3,28.8
D1950,4,11.1
D1950,5,45.5
D1950,6,30.4
D1950,7,33.9
D1950,8,38.6
D1950,9,29.8
D1950,10,28.8
D1950,11,16.8
D1950,12,19.2
D1950,13,35.8
D1950,14,27.2
D1950,15,32.5
D1950,16,33.7
D1950,17,15.0
D1950,18,37.0
D1950,19,38.3
D1950,20,36.2
D1950,21,28.4
D1950,22,25.5
D1950,23,41.0
D1950,24,28.6
D1950,25,25.0
D1950,26,28.6
D1951,1,74.3
D1951,2,62.1
D1951,3,66.4
D1951,4,60.0
D1951,5,82.6
D1951,6,69.6
D1951,7,64.1
D1951,8,76.3
D1951,9,69.9
D1951,10,83.1
D1951,11,69.2
D1951,12,71.0
D1951,13,61.3
D1951,14,75.0
D1951,15,64.6
D1951,16,70.7
D1951,17,87.1
D1951,18,58.4
D1951,19,72.0
D1951,20,70.7
D1951,21,73.7
D1951,22,60.7
D1951,23,62.1
D1951,24,58.2
D1951,25,66.7
D1951,26,69.9
D1952,1,17.5
D1952,2,43.0
D1952,3,23.2
D1952,4,34.4
D1952,5,24.1
D1952,6,18.8
D1952,7,28.3
D1952,8,21.3
D1952,9,24.3
D1952,10,24.2
D1952,11,30.2
D1952,12,28.6
D1952,13,18.9
D1952,14,19.7
D1952,15,20.4
D1952,16,16.9
D1952,17,17.5
D1952,18,18.5
D1952,19,30.4
D1952,20,24.9
D1952,21,28.0
D1952,22,28.4
D1952,23,36.2
D1952,24,34.4
D1952,25,30.4
D1952,26,31.0
D1953,1,84.3
D1953,2,82.1
D1953,3,78.5
D1953,4,88.9
D1953,5,94.2
D1953,6,85.4
D1953,7,93.6
D1953,8,92.8
D1953,9,85.1
D1953,10,85.2
D1953,11,87.4
D1953,12,94.7
D1953,13,92.7
D1953,14,82.9
D1953,15,85.5
D1953,16,93.6
D1953,17,88.2
D1953,18,95.4
D1953,19,78.5
D1953,20,85.7
D1953,21,89.9
D1953,22,86.0
D1953,23,94.0
D1953,24,92.6
D1953,25,89.5
D1953,26,83.6
D1954,1,21.3
D1954,2,21.5
D1954,3,32.0
D1954,4,24.3
D1954,5,20.8
D1954,6,26.4
D1954,7,29.6
D1954,8,54.7
D1954,9,22.2
D1954,10,33.8
D1954,11,26.5
D1954,12,32.2
D1954,13,34.3
D1954,14,18.8
D1954,15,19.4
D1954,16,9.1
D1954,17,4.5
D1954,18,2.9
D1954,19,0.0
D1954,20,2.1
D1954,21,0.0
D1955,1,54.9
D1955,2,53.9
D1955,3,50.3
D1955,4,62.7
D1955,5,58.6
D1955,6,45.5
D1955,7,56.3
D1955,8,49.9
D1955,9,47.0
D1955,10,38.5
D1955,11,48.5
D1955,12,33.8
D1955,13,48.2
D1955,14,44.5
D1955,15,45.9
D1955,16,48.2
D1955,17,31.8
D1955,18,44.2
D1955,19,51.0
D1955,20,39.8
D1955,21,51.7
D1955,22,43.2
D1955,23,45.2
D1955,24,42.1
D1955,25,46.1
D1955,26,25.5
D1956,1,75.8
D1956,2,73.3
D1956,3,65.6
D1956,4,87.5
D1956,5,73.5
D1956,6,62.9
D1956,7,65.9
D1956,8,63.3
D1956,9,67.0
D1956,10,85.5
D1956,11,72.4
D1956,12,73.5
D1956,13,70.9
D1956,14,82.2
D1956,15,78.2
D1956,16,75.1
D1956,17,67.8
D1956,18,76.3
D1956,19,66.5
D1956,20,71.9
D1956,21,68.4
D1956,22,64.8
D1956,23,67.3
D1956,24,60.8
D1956,25,67.4
D1956,26,70.7
D1957,1,61.2
D1957,2,64.2
D1957,3,66.3
D1957,4,67.6
D1957,5,62.8
D1957,6,68.0
D1957,7,70.9
D1957,8,60.8
D1957,9,68.4
D1957,10,72.5
D1957,11,67.3
D1957,12,68.0
D1957,13,62.4
D1957,14,65.5
D1957,15,80.6
D1957,16,69.1
D1957,17,64.8
D1957,18,63.6
D1957,19,65.3
D1957,20,66.2
D1957,21,64.1
D1957,22,67.7
D1957,23,74.0
D1957,24,66.5
D1957,25,71.0
D1957,26,62.7
D1958,1,21.7
D1958,2,14.8
D1958,3,10.8
D1958,4,6.8
D1958,5,17.2
D1958,6,18.3
D1958,7,7.8
D1958,8,6.9
D1958,9,7.1
D1958,10,12.8
D1958,11,1.8
D1958,12,1.9
D1958,13,9.4
D1958,14,3.3
D1958,15,0.0
D1958,16,1.6
D1958,17,18.4
D1959,1,84.0
D1959,2,88.7
D1959,3,92.1
D1959,4,89.8
D1959,5,78.0
D1959,6,92.1
D1959,7,78.2
D1959,8,83.0
D1959,9,79.7
D1959,10,74.4
D1959,11,88.5
D1959,12,74.7
D1959,13,69.6
D1959,14,77.9
D1959,15,69.6
D1959,16,84.6
D1960,1,83.0
D1960,2,90.5
D1960,3,79.1
D1960,4,79.5
D1960,5,93.9
D1960,6,90.9
D1960,7,80.6
D1960,8,77.8
D1960,9,90.0
D1960,10,86.6
D1960,11,96.0
D1960,12,97.3
D1960,13,78.7
D1960,14,95.5
D1960,15,87.9
D1960,16,79.3
D1960,17,77.0
D1960,18,82.1
D1960,19,98.9
D1960,20,94.2
D1960,21,92.3
D1960,22,91.6
D1960,23,89.2
D1960,24,88.0
D1960,25,83.1
D1960,26,83.3
D1961,1,57.4
D1961,2,53.6
D1961,3,53.7
D1961,4,49.8
D1961,5,51.7
D1961,6,46.9
D1961,7,46.3
D1961,8,46.1
D1961,9,44.5
D1961,10,51.0
D1961,11,48.9
D1961,12,45.7
D1961,13,45.7
D1961,14,37.9
D1961,15,45.4
D1961,16,47.2
D1961,17,44.7
D1961,18,59.6
D1961,19,40.3
D1961,20,40.8
D1961,21,45.1
D1961,22,41.2
D1961,23,35.2
D1961,24,35.3
D1961,25,51.5
D1961,26,53.1
D1962,1,67.1
D1962,2,75.8
D1962,3,62.4
D1962,4,66.9
D1962,5,54.4
D1962,6,64.4
D1962,7,71.8
D1962,8,64.1
D1962,9,53.7
D1962,10,57.5
D1962,11,58.2
D1962,12,56.5
D1962,13,56.8
D1962,14,59.9
D1963,1,62.5
D1963,2,70.2
D1963,3,59.8
D1963,4,57.3
D1963,5,59.7
D1963,6,52.4
D1963,7,54.6
D1963,8,71.9
D1963,9,65.2
D1963,10,59.1
D1963,11,61.7
D1963,12,46.9
D1963,13,71.0
D1963,14,66.0
D1963,15,63.2
D1963,16,65.6
D1963,17,58.4
D1963,18,59.6
D1963,19,61.3
D1963,20,64.8
D1963,21,65.3
D1963,22,68.5
D1963,23,68.2
D1963,24,59.5
D1963,25,78.7
D1963,26,65.9
D1964,1,54.6
D1964,2,59.6
D1964,3,65.4
D1964,4,63.1
D1964,5,54.1
D1964,6,68.5
D1964,7,57.3
D1964,8,71.4
D1964,9,66.8
D1964,10,55.7
D1964,11,60.4
D1964,12,69.2
D1964,13,62.3
D1964,14,66.3
D1964,15,57.6
D1964,16,68.1
D1964,17,63.2
D1964,18,57.2
D1964,19,54.1
D1964,20,52.6
D1964,21,72.8
D1964,22,58.3
D1964,23,56.8
D1964,24,68.6
D1964,25,62.2
D1964,26,57.1
D1965,1,48.3
D1965,2,49.4
D1965,3,41.3
D1965,4,44.7
D1965,5,58.9
D1965,6,32.4
D1965,7,68.1
D1965,8,44.8
D1965,9,47.7
D1965,10,27.8
D1965,11,36.1
D1965,12,48.8
D1965,13,27.1
D1965,14,39.5
D1965,15,39.8
D1965,16,39.6
D1965,17,33.0
D1965,18,50.7
D1965,19,40.2
D1965,20,42.6
D1965,21,43.9
D1965,22,43.0
D1965,23,34.7
D1965,24,28.0
D1965,25,36.2
D1965,26,38.5
D1966,1,79.7
D1966,2,96.2
D1966,3,84.1
D1966,4,89.2
D1966,5,90.0
D1966,6,92.4
D1966,7,79.3
D1966,8,79.0
D1966,9,86.9
D1966,10,79.5
D1966,11,92.3
D1966,12,80.8
D1966,13,90.0
D1966,14,96.1
D1966,15,82.0
D1966,16,79.4
D1966,17,88.1
D1966,18,85.8
D1966,19,85.9
D1966,20,89.2
D1966,21,85.0
D1966,22,88.5
D1966,23,86.1
D1966,24,93.0
D1966,25,78.5
D1966,26,95.9
D1967,1,94.1
D1967,2,80.6
D1967,3,85.2
D1967,4,89.9
D1967,5,91.9
D1967,6,88.8
D1967,7,80.1
D1967,8,81.5
D1967,9,79.3
D1967,10,90.4
D1967,11,74.0
D1967,12,77.6
D1967,13,70.1
D1968,1,95.7
D1968,2,95.2
D1968,3,88.0
D1968,4,87.7
D1968,5,98.4
D1968,6,90.0
D1968,7,94.9
D1968,8,84.6
D1968,9,89.4
D1968,10,78.1
D1968,11,90.9
D1968,12,94.3
D1968,13,90.6
D1968,14,79.7
D1968,15,92.4
D1968,16,87.2
D1968,17,80.1
D1968,18,98.4
D1968,19,75.3
D1968,20,91.3
D1968,21,84.7
D1968,22,87.1
D1968,23,83.7
D1968,24,91.5
D1968,25,90.2
D1968,26,89.7
D1969,1,10.6
D1969,2,9.7
D1969,3,12.7
D1969,4,17.3
D1969,5,20.8
D1969,6,21.8
D1969,7,7.2
D1969,8,28.0
D1969,9,16.7
D1969,10,9.0
D1969,11,20.1
D1969,12,14.4
D1969,13,9.7
D1969,14,28.7
D1969,15,6.4
D1969,16,13.0
D1969,17,26.0
D1969,18,28.1
D1969,19,11.3
D1969,20,12.9
D1969,21,16.3
D1969,22,16.5
D1969,23,14.2
D1969,24,18.2
D1969,25,27.5
D1969,26,6.0
D1970,1,86.9
D1970,2,93.4
D1970,3,80.9
D1970,4,86.6
D1970,5,96.2
D1970,6,97.6
D1970,7,88.8
D1970,8,81.1
D1970,9,91.3
D1970,10,96.1
D1970,11,99.0
D1970,12,85.4
D1970,13,91.7
D1970,14,95.5
D1970,15,88.1
D1970,16,91.1
D1970,17,90.9
D1970,18,89.9
D1970,19,74.8
D1970,20,85.1
D1970,21,81.3
D1970,22,89.3
D1970,23,98.9
D1970,24,89.7
D1970,25,95.0
D1970,26,96.4
D1971,1,59.9
D1971,2,68.9
D1971,3,46.4
D1971,4,58.0
D1971,5,72.1
D1971,6,55.8
D1971,7,65.7
D1971,8,50.0
D1971,9,65.4
D1971,10,70.8
D1971,11,55.4
D1971,12,59.5
D1971,13,64.4
D1971,14,66.7
D1971,15,62.7
D1971,16,53.6
D1971,17,68.3
D1971,18,71.9
D1971,19,66.2
D1971,20,69.6
D1971,21,57.9
D1971,22,57.1
D1971,23,57.3
D1971,24,70.2
D1971,25,58.9
D1971,26,68.3
D1972,1,81.3
D1972,2,90.4
D1972,3,76.9
D1972,4,90.5
D1972,5,84.8
D1972,6,87.3
D1972,7,80.6
D1972,8,90.9
D1972,9,81.5
D1972,10,86.5
D1972,11,97.1
D1972,12,87.1
D1972,13,90.3
D1972,14,90.8
D1972,15,82.9
D1972,16,77.9
D1972,18,80.8
D1972,19,92.5
D1972,20,78.2
D1972,21,85.9
D1972,22,77.7
D1972,23,94.9
D1972,24,89.4
D1972,25,91.7
D1972,26,74.1
D1973,1,61.7
D1973,2,50.9
D1973,3,68.7
D1973,4,53.5
D1973,5,42.4
D1973,6,31.6
D1973,7,46.4
D1973,8,47.6
D1973,9,43.1
D1973,10,49.2
D1973,11,28.8
D1973,12,29.7
D1973,13,27.3
D1973,14,47.6
D1973,15,41.0
D1973,16,38.2
D1973,17,44.3
D1973,18,39.5
D1973,19,43.9
D1973,20,36.6
D1973,21,17.0
D1973,22,26.5
D1973,23,31.6
D1973,24,44.7
D1973,25,30.3
D1973,26,34.2
D1974,1,54.6
D1974,2,70.7
D1974,3,42.7
D1974,4,51.8
D1974,5,51.0
D1974,6,59.1
D1974,7,45.7
D1974,8,47.8
D1974,9,39.7
D1974,10,47.7
D1974,11,60.6
D1974,12,59.2
D1974,13,29.7
D1974,14,44.1
D1974,15,44.5
D1974,16,57.7
D1974,17,48.6
D1974,18,54.0
D1974,19,44.2
D1974,20,43.8
D1974,21,37.7
D1974,22,40.0
D1974,23,39.3
D1974,24,46.9
D1974,25,32.5
D1974,26,45.5
D1975,1,63.0
D1975,2,58.1
D1975,3,65.3
D1975,4,54.4
D1975,5,58.3
D1975,6,53.7
D1975,7,49.1
D1975,8,37.4
D1975,9,54.3
D1975,10,50.6
D1975,11,34.3
D1976,1,66.5
D1976,2,66.1
D1976,3,72.6
D1976,4,57.1
D1976,5,57.2
D1976,6,60.6
D1976,7,64.0
D1976,8,65.8
D1976,9,68.8
D1976,10,69.6
D1976,11,64.2
D1976,12,75.0
D1976,13,51.1
D1976,14,62.3
D1976,15,50.4
D1976,16,58.9
D1976,17,50.2
D1976,18,47.3
D1976,19,51.4
D1976,20,58.0
D1976,21,62.3
D1977,1,22.3
D1977,2,16.2
D1977,3,30.4
D1977,4,21.5
D1977,5,15.3
D1977,6,19.2
D1977,7,33.8
D1977,8,19.4
D1977,9,29.1
D1977,10,35.5
D1977,11,12.9
D1977,12,31.4
D1977,13,26.1
D1977,14,39.9
D1977,15,25.3
D1977,16,26.0
D1977,17,34.5
D1977,18,16.1
D1977,19,14.9
D1977,20,21.1
D1977,21,56.8
D1977,22,29.3
D1977,23,26.7
D1977,24,6.8
D1977,25,27.9
D1977,26,33.8
D1978,1,58.3
D1978,2,71.8
D1978,3,69.4
D1978,4,70.6
D1978,5,68.2
D1978,6,61.6
D1978,7,67.9
D1978,8,68.7
D1978,9,62.7
D1978,10,59.8
D1978,11,69.9
D1978,12,65.7
D1978,13,64.4
D1978,14,76.2
D1978,15,64.8
D1978,16,72.3
D1978,17,64.4
D1978,18,80.3
D1978,19,63.3
D1978,20,68.3
D1978,21,59.1
D1978,22,62.6
D1978,23,64.8
D1978,24,68.4
D1978,25,71.9
D1978,26,70.6
D1979,1,48.3
D1979,2,47.4
D1979,3,39.4
D1979,4,46.8
D1979,5,47.0
D1979,6,30.3
D1979,7,43.5
D1979,8,33.3
D1979,9,37.4
D1979,10,33.9
D1979,11,41.5
D1979,12,50.6
D1979,13,39.8
D1979,14,37.0
D1979,15,36.3
D1979,16,31.5
D1979,17,26.2
D1979,18,27.8
D1979,19,36.4
D1979,20,24.0
D1979,21,31.5
D1979,22,44.6
D1979,23,43.8
D1979,24,36.9
D1979,25,39.2
D1979,26,25.7
D1980,1,5.0
D1980,2,3.9
D1980,3,15.6
D1980,4,8.6
D1980,5,14.8
D1980,6,16.3
D1980,7,7.2
D1980,8,11.5
D1980,9,15.1
D1980,10,13.4
D1980,11,7.1
D1980,12,19.9
D1980,13,10.6
D1980,14,23.6
D1980,15,21.9
D1980,16,16.7
D1980,17,26.2
D1980,18,25.6
D1980,19,12.4
D1980,20,15.5
D1980,21,16.2
D1980,22,13.3
D1980,23,18.1
D1980,24,11.8
D1980,25,15.9
D1980,26,19.1
D1981,1,41.9
D1981,2,49.3
D1981,3,49.3
D1981,4,52.6
D1981,5,44.4
D1981,6,69.3
D1981,7,51.2
D1981,8,43.6
D1981,9,48.3
D1981,10,47.0
D1981,11,52.9
D1981,12,47.9
D1981,13,52.6
D1981,14,56.5
D1981,15,46.7
D1981,16,57.9
D1981,17,49.3
D1981,18,45.1
D1981,19,29.9
D1981,20,44.9
D1981,21,59.9
D1981,22,53.9
D1981,23,28.6
D1981,24,41.4
D1981,25,51.8
D1981,26,44.9
D1982,1,87.9
D1982,2,75.6
D1982,3,74.7
D1982,4,86.6
D1982,5,74.5
D1982,6,90.9
D1982,7,90.0
D1982,8,76.4
D1982,9,90.5
D1982,10,77.2
D1982,11,90.5
D1982,12,78.5
D1982,13,90.5
D1982,14,81.8
D1982,15,74.7
D1982,16,77.9
D1982,17,78.3
D1982,18,79.6
D1982,19,90.8
D1982,20,78.3
D1982,21,75.8
D1982,22,75.8
D1982,23,94.2
D1982,24,76.4
D1982,25,79.9
D1982,26,75.8
D1983,1,62.9
D1983,2,62.2
D1983,3,62.9
D1983,4,87.6
D1983,5,82.8
D1983,6,62.9
D1983,7,63.6
D1983,8,67.1
D1983,9,64.1
D1983,10,62.2
D1983,11,59.2
D1983,12,60.5
D1983,13,61.6
D1983,14,74.2
D1983,15,64.6
D1983,16,58.4
D1983,17,65.9
D1983,18,63.0
D1983,19,64.2
D1983,20,61.6
D1983,21,56.8
D1983,22,59.3
D1983,23,76.7
D1983,24,79.3
D1983,25,64.3
D1983,26,76.1
D1984,1,90.0
D1984,2,95.0
D1984,3,79.3
D1984,4,79.9
D1984,5,87.9
D1984,6,82.1
D1984,7,98.1
D1984,8,94.6
D1984,9,89.5
D1984,10,73.0
D1984,11,76.4
D1984,12,94.3
D1984,13,81.9
D1984,14,79.4
D1984,15,84.9
D1984,16,77.2
D1984,17,55.9
D1985,1,71.7
D1985,2,89.5
D1985,3,86.8
D1985,4,87.7
D1985,5,80.5
D1985,6,87.6
D1985,7,89.9
D1985,8,98.6
D1985,9,90.4
D1985,10,78.0
D1985,11,95.8
D1985,12,88.2
D1985,13,89.1
D1985,14,81.3
D1985,15,84.9
D1985,16,90.5
D1985,17,93.3
D1985,18,87.3
D1985,19,73.5
D1985,20,90.4
D1985,21,81.5
D1985,22,85.2
D1985,23,91.2
D1985,24,85.8
D1985,25,89.5
D1985,26,85.0
D1986,1,38.0
D1986,2,27.3
D1986,3,29.9
D1986,4,29.3
D1986,5,34.2
D1986,6,16.6
D1986,7,31.2
D1986,8,30.6
D1986,9,26.9
D1986,10,31.7
D1986,11,49.3
D1986,12,29.1
D1986,13,24.8
D1986,14,36.3
D1986,15,25.4
D1986,16,10.6
D1986,17,33.5
D1986,18,37.1
D1986,19,30.9
D1986,20,27.8
D1986,21,28.8
D1986,22,33.4
D1986,23,43.9
D1986,24,29.4
D1986,25,29.5
D1986,26,16.8
D1987,1,86.8
D1987,2,86.5
D1987,3,82.8
D1987,4,80.7
D1987,5,81.9
D1987,6,79.8
D1987,7,82.5
D1987,8,95.5
D1987,9,93.0
D1987,10,90.0
D1987,11,76.7
D1987,12,79.7
D1987,13,91.5
D1987,14,81.1
D1987,15,83.1
D1987,16,79.7
D1987,17,86.4
D1987,18,77.8
D1987,19,74.2
D1987,20,90.4
D1987,21,78.5
D1987,22,81.6
D1987,23,81.0
D1987,24,80.0
D1987,25,78.9
D1987,26,77.4
D1988,1,77.0
D1988,2,81.2
D1988,3,82.6
D1988,4,94.4
D1988,5,88.5
D1988,6,83.1
D1988,7,81.7
D1988,8,85.1
D1988,9,87.6
D1988,10,87.6
D1988,11,93.4
D1988,12,84.5
D1988,13,95.5
D1988,14,92.3
D1988,15,90.2
D1988,16,95.2
D1988,17,79.5
D1988,18,89.8
D1988,19,84.3
D1988,20,85.6
D1988,21,64.9
D1988,22,89.0
D1988,23,82.5
D1988,24,85.4
D1988,25,80.5
D1988,26,83.3
D1989,1,79.5
D1989,2,74.3
D1989,3,84.7
D1989,4,76.4
D1989,5,89.0
D1989,6,79.3
D1989,7,76.0
D1989,8,84.2
D1989,9,75.9
D1990,1,47.2
D1990,2,40.4
D1990,3,53.4
D1990,4,59.2
D1990,5,53.5
D1990,6,48.9
D1990,7,60.4
D1990,8,46.2
D1990,9,49.9
D1990,10,49.0
D1990,11,42.8
D1990,12,38.4
D1990,13,53.9
D1990,14,50.3
D1990,15,44.4
D1990,16,57.7
D1990,17,31.7
D1990,18,46.0
D1990,19,53.2
D1990,20,34.2
D1990,21,43.0
D1990,22,40.4
D1990,23,48.7
D1990,24,40.9
D1990,25,26.1
D1990,26,38.8
D1991,1,95.7
D1991,2,90.2
D1991,3,69.3
D1991,4,85.2
D1991,5,94.0
D1991,6,74.1
D1991,7,82.5
D1991,8,93.9
D1991,9,92.0
D1991,10,97.3
D1991,11,90.8
D1991,12,91.5
D1991,13,95.8
D1991,14,85.8
D1991,15,93.8
D1991,16,88.1
D1991,17,88.1
D1991,18,87.6
D1991,19,88.9
D1991,20,86.0
D1991,21,96.2
D1991,22,72.1
D1991,23,82.6
D1991,24,94.3
D1991,25,93.7
D1991,26,100.0
D1992,1,14.3
D1992,2,17.3
D1992,3,26.3
D1992,4,9.5
D1992,5,26.6
D1992,6,25.9
D1992,7,26.0
D1992,8,23.0
D1992,9,15.0
D1992,10,25.4
D1992,11,11.2
D1992,12,12.7
D1992,13,0.0
D1992,14,3.9
D1992,15,6.5
D1992,16,0.0
D1992,17,0.0
D1992,18,4.0
D1993,1,55.4
D1993,2,40.9
D1993,3,56.0
D1993,4,46.6
D1993,5,52.2
D1993,6,47.3
D1993,7,48.4
D1993,8,49.0
D1993,9,48.8
D1993,10,45.2
D1993,11,32.3
D1993,12,53.1
D1993,13,21.2
D1993,14,49.8
D1993,15,41.7
D1993,16,35.0
D1993,17,49.5
D1993,18,41.3
D1993,19,36.2
D1993,20,37.8
D1993,21,49.6
D1993,22,46.4
D1993,23,41.8
D1993,24,32.7
D1993,25,28.3
D1993,26,32.7
D1994,1,68.1
D1994,2,59.2
D1994,3,65.6
D1994,4,63.5
D1994,5,67.2
D1994,6,65.3
D1994,7,78.2
D1994,8,69.4
D1994,9,73.5
D1994,10,62.6
D1994,11,60.6
D1994,12,66.2
D1994,13,60.3
D1994,14,67.2
D1994,15,66.8
D1994,16,67.8
D1994,17,56.5
D1994,18,66.9
D1994,19,62.5
D1994,20,64.5
D1994,21,67.8
D1994,22,66.2
D1994,23,67.6
D1994,24,64.9
D1994,25,59.7
D1994,26,63.0
D1995,1,56.0
D1995,2,65.2
D1995,3,62.8
D1995,4,50.0
D1995,5,64.8
D1995,6,63.8
D1995,7,59.8
D1995,8,65.6
D1995,9,66.4
D1995,10,58.7
D1995,11,63.5
D1995,12,61.5
D1995,13,51.4
D1995,14,74.6
D1995,15,65.5
D1995,16,66.5
D1995,17,50.6
D1995,18,74.9
D1995,19,61.8
D1995,20,51.0
D1995,21,61.3
D1995,22,65.6
D1995,23,54.5
D1995,24,65.2
D1995,25,74.9
D1995,26,60.8
D1996,1,87.9
D1996,2,80.3
D1996,3,85.4
D1996,4,91.5
D1996,5,93.0
D1996,6,93.6
D1996,7,84.7
D1996,8,73.5
D1996,9,70.1
D1996,10,76.9
D1996,11,92.8
D1996,12,77.6
D1996,13,91.1
D1996,14,88.7
D1996,15,76.6
D1996,16,89.0
D1996,17,97.2
D1996,18,77.3
D1996,19,80.8
D1996,20,92.2
D1996,21,74.4
D1996,22,69.5
D1996,23,75.1
D1997,1,19.8
D1997,2,24.9
D1997,3,30.5
D1997,4,13.7
D1997,5,20.9
D1997,6,27.1
D1997,7,15.6
D1997,8,24.4
D1997,9,19.8
D1997,10,35.2
D1997,11,16.4
D1997,12,21.5
D1997,13,32.6
D1997,14,27.2
D1997,15,28.3
D1997,16,32.7
D1997,17,21.7
D1997,18,22.8
D1997,19,17.1
D1997,20,26.2
D1997,21,32.5
D1997,22,18.3
D1997,23,16.7
D1997,24,16.4
D1997,25,22.8
D1997,26,15.2
D1998,1,91.8
D1998,2,97.5
D1998,3,74.4
D1998,4,90.7
D1998,5,90.7
D1998,6,81.2
D1998,7,83.5
D1998,8,72.6
D1998,9,81.4
D1998,10,85.1
D1998,11,84.0
D1998,12,84.6
D1998,13,89.1
D1998,14,95.4
D1998,15,97.5
D1998,16,72.8
D1998,17,83.1
D1998,18,78.7
D1998,19,90.9
D1998,20,95.2
D1998,21,86.3
D1998,22,97.5
D1998,23,93.6
D1998,24,82.4
D1998,25,75.9
D1998,26,80.0
D1999,1,56.4
D1999,2,49.9
D1999,3,53.3
D1999,4,61.7
D1999,5,52.6
D1999,6,53.6
D1999,7,48.7
D1999,8,47.0
D1999,9,46.6
D1999,10,44.5
D1999,11,45.6
D1999,12,49.7
D1999,13,55.0
D1999,14,48.8
D1999,15,44.7
D1999,16,40.6
D1999,17,40.9
D1999,18,40.2
D1999,19,42.8
D1999,20,43.8
D1999,21,57.0
D1999,22,45.3
D1999,23,47.4
D1999,24,37.7
D1999,25,42.2
D1999,26,33.7
D2000,1,40.3
D2000,2,38.5
D2000,3,46.1
D2000,4,50.1
D2000,5,37.1
D2000,6,59.9
D2000,7,54.7
D2000,8,43.0
D2000,9,31.2
D2000,10,39.0
D2000,11,44.6
D2000,12,37.9
D2000,13,37.6
D2000,14,24.5
D2000,15,45.4
D2000,16,39.6
D2000,17,50.7
D2000,18,28.0
D2000,19,39.5
D2000,20,25.2
D2000,21,31.3
D2000,22,35.8
D2000,23,42.7
D2000,24,28.1
D2000,25,13.7
D2000,26,22.3
