driver_id,co2_kg,co2_per_km,total_km,fuel_per_100km,idle_time_pct,idle_fuel_pct,hard_accels_per_100km,speeding_per_100km,region,has_eco_training,co2_gap_per_km,reducible_co2_kg
D1762,8911.39,0.5032769230769231,17788.7,21.78576923076923,129.4653846153846,36.9923076923077,1.0469230769230768,1.3061538461538462,northeast,True,0.14488653846153843,2577.3431667307686
D062,8411.25,0.5038730769230769,16988.0,21.813076923076924,126.42307692307692,36.988461538461536,1.5761538461538462,1.3946153846153846,northeast,False,0.14548269230769229,2471.4599769230767
D1080,7804.03,0.5193615384615384,15307.4,22.483076923076922,128.87307692307692,37.292307692307695,1.5746153846153845,1.8942307692307692,northeast,False,0.1609711538461538,2464.0498403846145
D1973,8852.8,0.4942115384615384,18114.1,21.395,122.34615384615384,35.86538461538461,1.3534615384615383,1.8361538461538462,northeast,False,0.13582115384615379,2460.277962884614
D584,8849.630000000001,0.4919346153846154,18145.8,21.29576923076923,124.78846153846153,36.31153846153846,1.5238461538461539,1.276923076923077,northeast,False,0.13354423076923078,2423.2669026923077
D1528,8222.91,0.5039538461538462,16381.9,21.816538461538464,121.87692307692308,36.607692307692304,1.1807692307692308,1.7161538461538461,northeast,True,0.14556346153846156,2384.6060705769232
D492,8071.93,0.49913461538461534,16459.9,21.60653846153846,125.0576923076923,36.45,1.6011538461538461,1.3184615384615386,northeast,False,0.1407442307692307,2316.6359640384608
D1077,8578.59,0.4888576923076923,17703.3,21.162307692307692,121.37692307692308,35.56923076923077,1.5280769230769233,1.1942307692307692,northeast,False,0.1304673076923077,2309.7018882692305
D072,8016.5,0.50155,16097.6,21.712692307692308,122.71538461538461,36.48461538461539,1.5992307692307692,1.978846153846154,northeast,False,0.1431596153846154,2304.526224615385
D1893,8062.09,0.4948807692307692,16796.3,21.423846153846153,126.46538461538461,36.38076923076923,1.2046153846153846,1.3353846153846154,northeast,True,0.13649038461538454,2292.5334471153833
D729,8596.25,0.48586538461538464,17888.5,21.033461538461538,124.63461538461539,35.63846153846154,1.4042307692307692,1.9215384615384616,northeast,False,0.127475,2280.3365375000003
D335,8069.81,0.4960346153846154,16521.9,21.472692307692306,126.93076923076923,36.276923076923076,1.416923076923077,1.1819230769230769,northeast,False,0.13764423076923077,2274.144216346154
D676,7275.08,0.5180923076923076,14226.0,22.427692307692308,133.52692307692308,38.26923076923077,1.4996153846153848,1.2007692307692308,northeast,False,0.159701923076923,2271.9195576923066
D1573,7895.53,0.5006384615384616,15959.2,21.67192307692308,131.3,37.396153846153844,1.6553846153846155,1.383846153846154,northeast,False,0.14224807692307695,2270.1655092307697
D1961,7672.9400000000005,0.5074230769230769,15226.2,21.965769230769233,128.09615384615384,36.79615384615385,1.5603846153846155,1.2665384615384616,northeast,False,0.14903269230769223,2269.2015796153837
D875,8228.43,0.49379615384615383,16749.1,21.37653846153846,122.08076923076922,35.86923076923077,1.1734615384615383,1.3311538461538461,northeast,True,0.1354057692307692,2267.924769423076
D210,8628.53,0.48384615384615387,17966.5,20.94538461538462,122.28846153846153,35.392307692307696,1.5023076923076923,1.3692307692307693,northeast,False,0.12545576923076923,2254.0010778846154
D030,8236.14,0.49054615384615385,17029.9,21.23576923076923,116.96153846153847,35.37307692307692,1.4176923076923076,1.3226923076923076,northeast,False,0.13215576923076922,2250.599534423077
D771,7901.860000000001,0.5014038461538461,15631.7,21.70576923076923,125.75384615384615,36.66538461538462,1.153076923076923,1.1823076923076923,northeast,True,0.1430134615384615,2235.543526730769
D1393,8739.67,0.4797730769230769,18372.5,20.77076923076923,113.78461538461539,34.05384615384615,1.2569230769230768,1.3865384615384615,northeast,True,0.12138269230769227,2230.1035144230764
D1076,7098.42,0.5165615384615385,13983.2,22.36230769230769,129.61923076923077,37.3,1.1688461538461539,1.2773076923076923,northeast,True,0.15817115384615388,2211.738878461539
D1981,8068.3,0.49254615384615386,16482.2,21.322307692307692,117.63076923076923,34.73461538461539,1.1176923076923078,1.35,northeast,True,0.13415576923076922,2211.1822196153844
D1060,8121.1900000000005,0.4914461538461538,16596.9,21.275,121.4923076923077,35.56153846153846,1.2492307692307691,1.2857692307692308,northeast,True,0.13305576923076917,2208.313296346153
D867,7490.51,0.5050423076923077,15016.199999999999,21.86346153846154,135.86923076923077,38.18076923076923,1.3926923076923077,1.41,northeast,False,0.1466519230769231,2202.1546073076925
D1071,8118.65,0.4898230769230769,16681.1,21.204615384615387,121.71923076923076,36.15769230769231,1.2242307692307692,1.4130769230769231,northeast,True,0.13143269230769228,2192.4418836538453
D1787,7948.43,0.4948807692307692,16042.800000000001,21.423461538461538,120.93846153846154,35.669230769230765,1.2030769230769232,1.3123076923076922,northeast,True,0.13649038461538454,2189.687942307691
D1198,8388.14,0.48304230769230766,17562.4,20.91076923076923,116.27692307692307,34.815384615384616,1.4396153846153845,1.2253846153846153,northeast,False,0.12465192307692302,2189.186933846153
D1005,8202.72,0.4866615384615385,17033.7,21.067692307692308,119.72307692307692,34.965384615384615,1.1696153846153847,1.8603846153846153,northeast,True,0.12827115384615384,2184.9323532692306
D399,7472.14,0.5008538461538461,15323.8,21.682307692307692,125.55000000000001,36.65,1.4246153846153846,1.3265384615384617,northeast,False,0.14246346153846146,2183.0815919230754
D1836,8264.59,0.48658461538461534,16967.7,21.06346153846154,124.83076923076922,36.07692307692308,1.3146153846153845,1.2315384615384617,northeast,True,0.1281942307692307,2175.161249423076
D232,8107.15,0.48675384615384615,16904.9,21.071538461538463,120.45769230769231,35.050000000000004,1.6719230769230768,1.7657692307692305,northeast,False,0.1283634615384615,2169.971480961538
D1377,7948.42,0.4922192307692308,16209.7,21.30807692307692,126.37692307692308,36.43846153846154,1.5465384615384616,1.9530769230769232,northeast,False,0.13382884615384616,2169.3254475000003
D1615,8104.8,0.48717692307692306,16786.1,21.089615384615385,122.08076923076922,35.39230769230769,1.3215384615384616,1.4096153846153845,northeast,True,0.12878653846153842,2161.8237132692298
D962,8008.25,0.48844615384615386,16610.1,21.14423076923077,125.43076923076923,35.92307692307692,1.4519230769230769,1.3026923076923076,northeast,False,0.13005576923076922,2160.2393325
D1407,7967.74,0.4874307692307692,16738.4,21.099615384615387,121.43076923076923,34.92307692307692,1.6757692307692307,1.4430769230769231,northeast,False,0.12904038461538458,2159.9295738461537
D741,7911.51,0.49159615384615385,16158.6,21.282307692307693,120.5076923076923,35.24230769230769,1.683846153846154,1.738846153846154,northeast,False,0.1332057692307692,2152.418742692307
D1747,7693.66,0.4926423076923077,16011.5,21.326538461538462,124.04230769230769,35.830769230769235,1.133076923076923,1.2576923076923079,northeast,True,0.13425192307692307,2149.5746663461537
D191,8294.34,0.4834346153846154,17181.3,20.928461538461537,116.62692307692308,35.184615384615384,1.535,1.2761538461538462,northeast,False,0.12504423076923077,2148.4224421153845
D283,7527.18,0.4967846153846154,15418.8,21.505384615384614,128.78076923076924,36.86538461538461,1.3523076923076922,1.3473076923076923,northeast,False,0.13839423076923074,2133.872965384615
D204,7758.52,0.4922153846153846,15913.8,21.307692307692307,124.82307692307693,36.080769230769235,1.478846153846154,1.3203846153846153,northeast,False,0.13382499999999997,2129.6642849999994
D1925,7851.72,0.4881846153846154,16370.1,21.13346153846154,119.83846153846154,35.184615384615384,1.6403846153846153,1.4142307692307694,northeast,False,0.12979423076923075,2124.7445371153844
D1444,7798.39,0.4925384615384615,15786.9,21.323076923076922,120.75,35.669230769230765,1.2019230769230769,1.4765384615384616,northeast,True,0.13414807692307684,2117.7822755769216
D973,7994.99,0.48575,16617.0,21.028846153846153,125.25,35.80384615384615,1.1323076923076925,1.856923076923077,northeast,True,0.12735961538461538,2116.3347288461537
D1346,7808.17,0.49035384615384614,16022.3,21.22730769230769,118.15384615384616,35.21923076923077,1.5546153846153847,1.7584615384615385,northeast,False,0.1319634615384615,2114.3581698076914
D1990,7732.63,0.4877576923076923,16308.2,21.115000000000002,124.8076923076923,35.43846153846154,1.5992307692307692,1.4949999999999999,northeast,False,0.12936730769230764,2109.7479273076915
D746,7509.2,0.49699615384615387,15078.6,21.514615384615386,124.05000000000001,36.52307692307692,1.1146153846153846,1.228076923076923,northeast,True,0.13860576923076923,2089.980951923077
D1229,7627.3,0.49196153846153845,15640.6,21.296538461538464,130.5076923076923,36.84615384615385,1.3334615384615385,1.2407692307692306,northeast,False,0.1335711538461538,2089.1329888461532
D839,7817.01,0.4881653846153846,16087.0,21.132307692307695,125.51923076923077,35.26153846153846,1.511923076923077,1.3473076923076923,northeast,False,0.12977499999999997,2087.690425
D1568,7793.36,0.4868807692307692,16166.7,21.076923076923077,121.21923076923076,35.44615384615385,1.4311538461538462,1.7903846153846152,northeast,False,0.12849038461538453,2077.2655009615373
D899,8427.86,0.4737076923076923,18009.9,20.50653846153846,111.82307692307693,33.46923076923077,1.4530769230769232,1.9861538461538462,northeast,False,0.11531730769230764,2076.8531798076915
D1219,7785.93,0.48805,15951.0,21.126923076923074,113.23461538461538,34.52307692307692,1.6080769230769232,1.893076923076923,northeast,False,0.12965961538461535,2068.2005249999993
D1765,8241.869999999999,0.47691153846153844,17345.8,20.645384615384614,116.92692307692307,34.184615384615384,1.5088461538461537,1.8507692307692307,northeast,False,0.1185211538461538,2055.8442303846145
D1918,7720.05,0.4867423076923077,15953.6,21.071153846153848,122.89230769230768,35.103846153846156,1.1815384615384614,1.8446153846153845,northeast,True,0.12835192307692306,2047.6752399999998
D1470,7063.14,0.5022038461538462,14196.1,21.74076923076923,120.9,36.19230769230769,1.6765384615384613,1.3326923076923076,northeast,False,0.14381346153846153,2041.5902813461537
D1166,7847.11,0.4815576923076923,16553.0,20.84730769230769,116.74615384615385,34.37692307692308,1.48,1.4246153846153846,northeast,False,0.12316730769230766,2038.7884442307686
D707,7078.36,0.4991384615384616,14484.0,21.607692307692307,120.33461538461538,36.353846153846156,1.583076923076923,1.731923076923077,northeast,False,0.14074807692307695,2038.5951461538466
D733,7569.06,0.4890538461538462,15600.4,21.17076923076923,122.06153846153846,35.86153846153846,1.2984615384615383,1.2430769230769232,northeast,False,0.13066346153846153,2038.4022653846152
D1486,7718.79,0.48444230769230767,16138.5,20.971923076923076,119.43846153846154,35.35,1.6007692307692307,1.7626923076923076,northeast,False,0.12605192307692303,2034.2889605769224
D478,7673.12,0.4839730769230769,16194.2,20.950769230769232,119.19615384615385,34.896153846153844,1.3792307692307693,1.860769230769231,northeast,False,0.12558269230769226,2033.71123576923
D1465,7558.76,0.4882923076923077,15629.4,21.138076923076923,126.87307692307692,35.66153846153846,1.7780769230769229,1.7403846153846154,northeast,False,0.12990192307692305,2030.289116538461
D647,6942.67,0.50015,14245.3,21.65,120.3153846153846,35.65384615384615,1.1423076923076922,1.291923076923077,northeast,True,0.14175961538461535,2019.4082490384608
D570,8083.71,0.47506538461538467,17273.7,20.565384615384616,113.35384615384615,33.58846153846154,1.2488461538461537,1.2950000000000002,northeast,True,0.11667500000000003,2015.4089475000005
D559,7239.28,0.49243846153846155,15026.9,21.317692307692308,121.3153846153846,35.71923076923077,1.4296153846153847,1.7188461538461537,northeast,False,0.1340480769230769,2014.3270471153844
D642,6606.74,0.5124304347826086,13068.6,22.183478260869563,131.9391304347826,36.85652173913043,1.3017391304347825,2.364782608695652,northeast,True,0.154040050167224,2013.0877996153836
D192,7563.14,0.4870615384615385,15587.3,21.08423076923077,121.6923076923077,35.62307692307692,1.2838461538461539,1.3788461538461538,northeast,False,0.12867115384615385,2005.6358763461537
D982,7967.28,0.4775538461538461,16788.3,20.673461538461538,127.81923076923077,35.41538461538461,1.5753846153846154,1.3615384615384616,northeast,False,0.11916346153846147,2000.5519413461525
D240,7222.9,0.48974615384615383,15097.0,21.200384615384618,132.05384615384617,37.51538461538461,1.2746153846153847,1.3357692307692306,northeast,True,0.1313557692307692,1983.0780480769224
D1242,7730.94,0.4808923076923077,16171.3,20.817692307692308,116.27307692307691,34.80384615384615,1.3180769230769231,1.9176923076923076,northeast,True,0.12250192307692304,1981.0153486538454
D422,7692.38,0.4806153846153846,16190.5,20.806153846153848,118.05384615384615,34.776923076923076,1.3269230769230769,1.3976923076923078,northeast,True,0.12222499999999997,1978.8838624999996
D1233,6991.43,0.49622692307692307,14344.6,21.481923076923074,121.25769230769232,35.934615384615384,1.5715384615384616,1.3053846153846154,northeast,False,0.13783653846153843,1977.2100096153843
D1965,7640.42,0.4804346153846154,16126.8,20.798076923076923,117.20384615384616,34.84230769230769,1.4257692307692307,1.9646153846153847,northeast,False,0.12204423076923077,1968.1829007692306
D402,6803.18,0.5008916666666666,13763.4,21.684166666666666,123.09166666666665,36.270833333333336,1.5466666666666666,2.1425,northeast,True,0.14250128205128199,1961.3021453846145
D466,7516.58,0.4810615384615385,15909.9,20.824615384615388,117.71538461538461,34.63076923076923,1.0742307692307693,1.2853846153846153,northeast,True,0.12267115384615385,1951.685790576923
D1799,7600.01,0.47976538461538465,16023.0,20.77,112.66538461538462,33.90769230769231,1.4403846153846156,1.8684615384615384,northeast,False,0.12137500000000001,1944.791625
D214,7723.38,0.4764346153846154,16442.6,20.625,121.82307692307693,34.9,1.5684615384615386,1.2503846153846152,northeast,False,0.11804423076923076,1940.9540688461536
D1002,7236.07,0.48874999999999996,14873.6,21.157307692307693,127.92692307692307,35.36153846153846,1.4296153846153847,1.9946153846153847,northeast,False,0.13035961538461532,1938.9167753846145
D411,7608.25,0.4810846153846154,15790.2,20.825769230769232,120.16538461538462,35.526923076923076,1.1757692307692307,2.064230769230769,northeast,True,0.12269423076923075,1937.3664426923074
D721,7592.35,0.4807846153846154,15793.7,20.813076923076924,119.07307692307693,35.03076923076923,1.1392307692307693,1.9138461538461538,northeast,True,0.12239423076923078,1933.0577625000003
D609,7516.63,0.48214615384615384,15608.1,20.87230769230769,115.97307692307693,35.1,1.4334615384615386,1.646153846153846,northeast,False,0.1237557692307692,1931.5924217307688
D1001,6665.82,0.49984285714285714,13652.2,21.638095238095236,130.11428571428573,36.47142857142857,1.483809523809524,2.145238095238095,northeast,True,0.1414524725274725,1931.1374454395602
D476,7760.96,0.4751807692307692,16525.4,20.571153846153848,121.56538461538463,35.11923076923077,1.1411538461538462,1.341923076923077,northeast,True,0.11679038461538455,1930.0078219230759
D1887,7496.6900000000005,0.4829038461538462,15483.6,20.904615384615383,114.34615384615384,34.08846153846154,1.355,1.4607692307692306,northeast,False,0.12451346153846155,1927.9166330769233
D1301,7722.65,0.4730769230769231,16671.0,20.48,115.8423076923077,34.26923076923077,1.1007692307692307,1.393076923076923,northeast,True,0.11468653846153848,1911.9392826923079
D1014,8091.86,0.46720769230769227,17486.7,20.22576923076923,112.21153846153847,33.98846153846154,1.5676923076923077,1.294230769230769,northeast,False,0.10881730769230763,1902.8556144230758
D797,7591.03,0.4754076923076923,16120.800000000001,20.580384615384617,119.13461538461539,34.473076923076924,1.3842307692307694,2.151923076923077,northeast,True,0.11701730769230767,1886.4126138461536
D389,7648.67,0.47378846153846155,16307.199999999999,20.509999999999998,113.9,33.646153846153844,1.536153846153846,1.8076923076923077,northeast,False,0.11539807692307691,1881.8195199999996
D130,7346.1,0.47798846153846153,15619.8,20.692307692307693,118.19615384615385,35.00769230769231,1.5353846153846153,1.2461538461538462,northeast,False,0.11959807692307689,1868.0980419230764
D1558,6797.51,0.4895846153846154,14152.4,21.193846153846152,115.3423076923077,34.84230769230769,1.433076923076923,2.168076923076923,northeast,False,0.13119423076923076,1856.7132315384613
D205,7064.54,0.48307692307692307,14885.9,20.913076923076922,115.2423076923077,34.292307692307695,1.353076923076923,1.6723076923076925,northeast,False,0.12468653846153843,1856.071342884615
D431,7641.2699999999995,0.4722730769230769,16244.4,20.443846153846152,118.53076923076924,35.784615384615385,1.0226923076923078,1.9549999999999998,northeast,True,0.11388269230769227,1849.9560069230763
D351,7555.4400000000005,0.4735,15959.8,20.49769230769231,120.10384615384615,34.65,1.6176923076923078,1.848076923076923,northeast,False,0.11510961538461534,1837.1264396153838
D442,7447.3099999999995,0.4734884615384616,15886.9,20.49769230769231,115.79230769230769,34.56923076923077,1.2592307692307694,1.3253846153846154,northeast,True,0.11509807692307694,1828.551638269231
D1464,7429.58,0.474188,15686.9,20.527199999999997,115.03200000000001,34.644,1.3792000000000002,2.2656,northeast,True,0.11579761538461536,1816.5056127769226
D1038,7904.16,0.4640192307692308,17185.9,20.08653846153846,112.61538461538461,33.41153846153846,1.4673076923076922,1.2330769230769232,northeast,False,0.10562884615384616,1815.3267871153848
D1087,7598.5,0.4680730769230769,16398.6,20.26269230769231,112.76923076923077,33.26153846153846,1.5638461538461537,1.4892307692307691,northeast,False,0.10968269230769229,1798.6425980769225
D021,7856.22,0.46255769230769234,17011.2,20.02269230769231,110.32307692307693,33.01153846153846,1.1842307692307692,1.3519230769230768,northeast,True,0.1041673076923077,1772.0109046153848
D441,7005.58,0.4784384615384615,14601.6,20.71153846153846,119.50384615384615,34.55384615384615,1.268846153846154,1.9253846153846155,northeast,True,0.12004807692307684,1752.8939999999989
D1491,7007.23,0.4763615384615385,14788.6,20.62076923076923,114.48076923076923,34.06153846153846,1.5984615384615386,1.3284615384615384,northeast,False,0.11797115384615386,1744.628205769231
D018,7388.13,0.4669923076923077,15957.3,20.216538461538462,115.91538461538462,33.934615384615384,1.5653846153846156,1.2588461538461537,northeast,False,0.10860192307692307,1732.9934671153844
D1204,8354.52,0.45096923076923073,18685.5,19.52230769230769,59.51153846153846,19.003846153846155,3.790769230769231,2.125769230769231,northeast,False,0.0925788461538461,1729.8820298076912
D477,7615.23,0.4627730769230769,16557.8,20.033461538461538,63.323076923076925,19.861538461538462,2.8746153846153844,2.169230769230769,northeast,True,0.10438269230769226,1728.3477426923068
D1430,7395.11,0.46713076923076924,15821.9,20.221923076923076,111.1,33.419230769230765,1.0957692307692308,1.9130769230769231,northeast,True,0.1087403846153846,1720.4794913461535
D1083,7804.400000000001,0.45771923076923077,17256.0,19.814615384615383,57.79230769230769,18.68846153846154,3.641923076923077,2.059230769230769,northeast,False,0.09932884615384613,1714.018569230769
D1881,9348.49,0.43916923076923076,21187.5,19.012307692307694,115.9076923076923,32.176923076923075,1.5346153846153845,1.2076923076923076,southeast,False,0.08077884615384612,1711.5018028846146
D029,8592.58,0.44541923076923073,19613.2,19.28153846153846,112.4423076923077,31.74230769230769,1.264230769230769,1.305,southeast,True,0.0870288461538461,1706.9141653846143
D1170,7650.27,0.4587576923076923,16922.2,19.859615384615385,62.48076923076923,19.942307692307693,2.7734615384615386,2.4080769230769232,northeast,True,0.10036730769230767,1698.435654230769
D1264,7238.94,0.4679,15448.6,20.255384615384614,107.43076923076923,33.3,1.5069230769230768,1.1853846153846155,northeast,False,0.10950961538461534,1691.7702442307686
D723,7410.09,0.4615692307692308,16294.0,19.98153846153846,64.81923076923077,19.950000000000003,2.7150000000000003,2.082307692307692,northeast,True,0.10317884615384615,1681.1961192307692
D052,7981.21,0.4526961538461538,17808.6,19.598076923076924,57.73846153846154,18.61923076923077,3.0461538461538464,1.9676923076923076,northeast,True,0.09430576923076917,1679.4537219230756
D1037,5741.49,0.5017157894736842,11695.6,21.718947368421055,130.76842105263157,37.10526315789474,1.1500000000000001,1.9152631578947368,northeast,True,0.1433254048582996,1676.2766050607288
D1823,7683.610000000001,0.45768846153846154,16829.9,19.81346153846154,60.00769230769231,18.98076923076923,3.620769230769231,2.0938461538461537,northeast,False,0.0992980769230769,1671.1767048076922
D1940,7583.88,0.4580307692307692,16706.9,19.82807692307692,60.74615384615385,19.646153846153847,2.7192307692307693,3.046923076923077,northeast,True,0.09964038461538455,1664.6819417307681
D635,8006.32,0.4513076923076923,17912.4,19.536538461538463,60.642307692307696,19.107692307692307,3.766923076923077,2.1115384615384616,northeast,False,0.09291730769230766,1664.371982307692
D365,8352.85,0.4465423076923077,18809.7,19.331153846153846,59.83461538461539,19.05,2.4669230769230768,2.7515384615384617,northeast,True,0.08815192307692304,1658.1112274999994
D999,8487.01,0.44456153846153845,19186.3,19.245,117.60384615384615,32.21923076923077,1.431923076923077,1.941153846153846,southeast,False,0.08617115384615381,1653.305609038461
D1698,8045.41,0.4496730769230769,18060.7,19.465769230769233,117.69999999999999,32.26538461538461,1.308076923076923,1.2534615384615386,southeast,True,0.09128269230769226,1648.6293209615376
D1788,9616.92,0.4318923076923077,22403.6,18.697307692307692,110.3076923076923,30.47307692307692,1.503076923076923,1.2926923076923076,southeast,False,0.07350192307692305,1646.707683846153
D297,7261.74,0.4622307692307693,15844.2,20.009615384615383,63.22692307692308,19.815384615384616,3.4546153846153844,3.126153846153846,northeast,False,0.10384038461538464,1645.2678219230775
D041,7443.92,0.4590461538461538,16301.4,19.87076923076923,61.36538461538461,19.861538461538462,3.417692307692308,2.04,northeast,False,0.10065576923076919,1640.8299565384607
D1068,8117.9,0.44731923076923075,18403.0,19.364615384615384,60.434615384615384,18.83076923076923,2.8907692307692305,2.312307692307692,northeast,True,0.08892884615384611,1636.55755576923
D1697,7413.19,0.45749999999999996,16472.1,19.805769230769233,60.8,19.453846153846154,3.31,3.0034615384615386,northeast,False,0.09910961538461532,1632.543495576922
D474,8765.61,0.439784,20039.5,19.0384,113.072,31.48,1.7972,2.298,southeast,False,0.08139361538461537,1631.0873554999996
D504,9576.47,0.4319769230769231,22095.9,18.700384615384614,110.04230769230769,30.56153846153846,1.1534615384615385,1.3361538461538462,southeast,True,0.07358653846153845,1625.9607951923076
D700,7106.7699999999995,0.4632807692307692,15424.4,20.055769230769233,65.03076923076922,20.465384615384615,2.6034615384615383,2.922692307692308,northeast,True,0.10489038461538458,1617.8712484615378
D1047,7433.99,0.45673846153846154,16435.3,19.77346153846154,61.42307692307692,19.819230769230767,2.9099999999999997,3.11,northeast,True,0.0983480769230769,1616.3801486538457
D905,7666.05,0.45424615384615386,16842.6,19.663846153846155,58.50769230769231,18.796153846153846,2.851923076923077,2.9734615384615384,northeast,True,0.09585576923076922,1614.4603788461534
D331,8093.56,0.44703076923076923,18194.7,19.35153846153846,60.68076923076923,19.215384615384615,2.9965384615384614,2.309230769230769,northeast,True,0.0886403846153846,1612.7852059615382
D451,7591.95,0.45466923076923077,16735.9,19.682692307692307,57.72692307692308,18.75,2.4753846153846153,2.1142307692307694,northeast,True,0.09627884615384613,1611.3131413461535
D596,7382.860000000001,0.4579076923076923,16128.8,19.822307692307692,60.23076923076923,19.246153846153845,3.1934615384615386,2.2453846153846153,northeast,False,0.09951730769230765,1605.0947523076916
D1285,7506.110000000001,0.4523730769230769,17033.3,19.583076923076923,65.57307692307693,20.246153846153845,3.2626923076923076,2.909615384615385,northeast,False,0.09398269230769224,1600.835392884614
D1016,7733.66,0.4506423076923077,17340.4,19.50846153846154,61.776923076923076,20.065384615384616,3.2757692307692308,1.923846153846154,northeast,False,0.09225192307692304,1599.6852469230764
D494,7886.52,0.44824615384615385,17735.6,19.404230769230768,56.86538461538461,18.43846153846154,2.8230769230769233,2.3261538461538462,northeast,True,0.08985576923076921,1593.6459807692304
D965,8967.2,0.43558846153846154,20641.8,18.856923076923078,116.3076923076923,31.896153846153844,1.3626923076923076,1.4123076923076923,southeast,False,0.0771980769230769,1593.5072642307687
D355,7198.3099999999995,0.4588538461538461,15855.2,19.864615384615384,67.50769230769231,20.5,3.7007692307692306,3.0076923076923077,northeast,False,0.10046346153846147,1592.8682753846144
D1110,5598.41,0.49692105263157893,11472.5,21.511052631578945,122.70526315789475,35.83684210526316,1.5226315789473683,2.019473684210526,northeast,True,0.1385306680161943,1589.293088815789
D287,7497.39,0.4530423076923077,16788.7,19.611923076923077,60.323076923076925,19.23076923076923,3.538846153846154,1.998076923076923,northeast,False,0.09465192307692305,1589.082740961538
D1618,7391.85,0.4549653846153846,16442.7,19.696153846153848,59.01153846153846,18.853846153846153,3.4692307692307693,2.2665384615384614,northeast,False,0.09657499999999997,1587.9537524999996
D1514,7566.91,0.4523615384615385,16863.6,19.582692307692305,59.86538461538461,19.41923076923077,3.3157692307692304,2.0130769230769228,northeast,False,0.09397115384615384,1584.69195
D1338,8498.51,0.43954615384615386,19482.2,19.02846153846154,111.6846153846154,31.934615384615384,1.4930769230769232,1.8203846153846153,southeast,False,0.08115576923076923,1581.0929273076922
D356,7762.93,0.4493615384615385,17368.0,19.45230769230769,62.11923076923077,19.31923076923077,3.7453846153846153,2.9238461538461538,northeast,False,0.09097115384615384,1579.9869999999999
D290,6579.02,0.4710173913043478,13994.4,20.390434782608697,110.18695652173913,32.71739130434783,1.7008695652173913,2.212608695652174,northeast,False,0.11262700668896314,1576.1473824080258
D364,7464.22,0.4526846153846154,16715.2,19.59653846153846,61.0923076923077,19.234615384615385,3.585769230769231,2.956153846153846,northeast,False,0.09429423076923077,1576.1469261538462
D1011,7557.93,0.4524038461538461,16721.1,19.585384615384616,59.15384615384615,19.06923076923077,3.4050000000000002,3.0653846153846156,northeast,False,0.09401346153846146,1572.008491730768
D1645,7215.8099999999995,0.45666538461538464,15913.7,19.768076923076926,61.0,19.257692307692306,2.8053846153846154,3.018076923076923,northeast,True,0.098275,1563.9188675
D673,8432.36,0.43980769230769234,19202.1,19.039615384615384,110.44615384615385,30.907692307692308,1.537692307692308,1.1973076923076924,southeast,False,0.0814173076923077,1563.3832840384616
D1315,8523.53,0.43771153846153843,19678.6,18.948846153846155,108.12307692307692,31.153846153846153,1.6976923076923076,1.3026923076923076,southeast,False,0.07932115384615379,1560.9292580769218
D237,8904.86,0.4345730769230769,20479.0,18.81230769230769,111.28076923076924,31.069230769230767,1.3965384615384617,1.2896153846153846,southeast,False,0.07618269230769226,1560.1453557692298
D337,6839.8,0.4634846153846154,14811.1,20.063846153846153,60.06923076923077,19.534615384615385,3.6546153846153846,2.848076923076923,northeast,False,0.10509423076923075,1556.5611613461535
D1033,8393.1,0.4395769230769231,19159.5,19.029230769230768,109.80384615384615,30.9,1.2076923076923076,1.2857692307692308,southeast,True,0.08118653846153845,1555.493483653846
D461,7173.69,0.4558884615384615,15947.3,19.735384615384614,62.13076923076923,19.692307692307693,2.665769230769231,2.1976923076923076,northeast,True,0.09749807692307688,1554.8310821153839
D1183,7293.78,0.45395769230769234,16262.2,19.651923076923076,65.05384615384615,20.057692307692307,3.311923076923077,2.9453846153846155,northeast,False,0.0955673076923077,1554.1346711538463
D513,7660.87,0.44917692307692303,17116.3,19.445384615384615,56.684615384615384,18.215384615384615,2.713461538461538,2.059230769230769,northeast,True,0.09078653846153839,1553.9296282692294
D1101,7750.17,0.44704230769230774,17485.1,19.35230769230769,58.43846153846154,19.0,3.483461538461538,2.036923076923077,northeast,False,0.0886519230769231,1550.087740192308
D524,7040.76,0.4579192307692308,15573.699999999999,19.823461538461537,63.2,19.83076923076923,3.5092307692307694,3.1680769230769235,northeast,False,0.09952884615384616,1550.0323913461539
D1529,7622.06,0.44990384615384615,16929.5,19.47576923076923,58.11923076923077,18.226923076923075,3.5430769230769235,2.8430769230769233,northeast,False,0.09151346153846152,1549.2771471153842
D1986,6730.27,0.46440000000000003,14604.4,20.103846153846156,63.43846153846154,20.35,2.8303846153846157,2.005,northeast,True,0.1060096153846154,1548.206826923077
D809,7453.59,0.4519076923076923,16538.3,19.561923076923076,58.55,18.565384615384616,3.0053846153846155,2.9076923076923076,northeast,True,0.09351730769230765,1546.6172898076916
D1904,6975.28,0.45973846153846154,15247.5,19.90192307692308,61.388461538461534,19.342307692307692,3.0,2.731923076923077,northeast,True,0.1013480769230769,1545.3048028846151
D1266,7553.38,0.44972307692307695,16910.8,19.469615384615384,56.53076923076923,18.23846153846154,2.666923076923077,3.039230769230769,northeast,True,0.09133269230769231,1544.508893076923
D223,7019.37,0.45790000000000003,15517.1,19.821923076923078,61.1576923076923,19.3,2.6076923076923078,2.7811538461538463,northeast,True,0.09950961538461539,1544.1006528846156
D998,7314.83,0.45239999999999997,16391.4,19.584230769230768,62.603846153846156,19.815384615384616,3.781538461538461,2.191923076923077,northeast,False,0.09400961538461533,1540.9492096153838
D1386,7185.18,0.4540076923076923,16049.4,19.654615384615383,62.642307692307696,19.484615384615385,2.7792307692307694,2.1592307692307693,northeast,True,0.09561730769230764,1534.600418076922
D219,7156.32,0.4545461538461538,15959.300000000001,19.677307692307693,65.83846153846153,20.700000000000003,2.840384615384615,1.9642307692307692,northeast,True,0.09615576923076918,1534.5787678846148
D1400,9265.02,0.4286230769230769,21821.9,18.555,106.91923076923078,30.138461538461538,1.3523076923076922,1.2626923076923076,southeast,False,0.07023269230769225,1532.6107882692295
D1678,7039.27,0.45640384615384616,15617.5,19.758846153846154,59.25769230769231,18.857692307692307,3.1396153846153845,2.2623076923076924,northeast,True,0.09801346153846152,1530.7252355769228
D1935,7452.07,0.4502269230769231,16663.3,19.490000000000002,59.388461538461534,19.115384615384617,3.4423076923076925,2.1846153846153844,northeast,False,0.09183653846153844,1530.2997913461534
D1302,9986.86,0.42180769230769233,24010.3,18.25923076923077,56.611538461538466,16.95,2.928846153846154,1.9834615384615384,southeast,True,0.06341730769230769,1522.6685828846153
D1476,5414.36,0.49645789473684215,11027.9,21.490526315789474,132.77894736842106,37.02105263157895,1.34,1.9626315789473683,northeast,True,0.13806751012145752,1522.5946948684214
D636,7123.31,0.4547,15757.6,19.683846153846154,61.98846153846154,19.930769230769233,2.626923076923077,1.973076923076923,northeast,True,0.09630961538461535,1517.608395384615
D694,8767.4,0.4324846153846154,20475.1,18.721923076923076,105.35769230769232,29.965384615384615,1.1165384615384615,1.3265384615384617,southeast,True,0.07409423076923077,1517.086784423077
D747,6686.81,0.4634307692307692,14427.0,20.06230769230769,61.66538461538461,19.665384615384617,3.328076923076923,2.0538461538461537,northeast,False,0.10504038461538456,1515.417628846153
D981,7168.21,0.4539923076923077,15848.2,19.653076923076924,66.08076923076922,20.13076923076923,2.871923076923077,2.0803846153846157,northeast,True,0.09560192307692306,1515.118397307692
D1494,9064.04,0.4296923076923077,21241.4,18.60076923076923,103.70769230769231,29.46923076923077,1.1826923076923077,1.8900000000000001,southeast,True,0.07130192307692307,1514.5526688461537
D976,7633.18,0.4463307692307692,17216.0,19.322692307692307,57.74615384615384,18.35,3.266538461538462,2.0538461538461537,northeast,False,0.08794038461538456,1513.9816615384607
D1648,6929.07,0.4585461538461538,15105.2,19.85076923076923,64.01538461538462,20.346153846153847,2.4446153846153846,2.254230769230769,northeast,True,0.10015576923076919,1512.8729253846147
D678,7350.99,0.45055,16395.8,19.504615384615384,57.5,18.303846153846152,3.0430769230769235,2.1834615384615383,northeast,True,0.09215961538461537,1511.0306219230765
D094,7108.64,0.4535269230769231,15872.7,19.63346153846154,63.61923076923077,20.48076923076923,3.4753846153846153,2.1961538461538463,northeast,False,0.09513653846153847,1510.0737340384617
D511,7196.57,0.45234615384615384,16064.8,19.581923076923076,59.73461538461538,19.107692307692307,3.766153846153846,3.085,northeast,False,0.0939557692307692,1509.380641538461
D927,7218.74,0.45143846153846157,16215.2,19.54346153846154,60.392307692307696,19.273076923076925,3.5476923076923077,2.9484615384615385,northeast,False,0.09304807692307693,1508.793176923077
D157,6857.53,0.45855199999999996,15059.8,19.8516,64.02,20.044,4.2056000000000004,3.3331999999999997,northeast,False,0.10016161538461532,1508.4138953692297
D412,6654.53,0.4629923076923077,14385.7,20.04269230769231,64.72692307692309,20.71923076923077,2.7673076923076922,2.125,northeast,True,0.10460192307692306,1504.7718848076922
D589,7086.0,0.4540423076923077,15697.0,19.65576923076923,61.96923076923077,19.388461538461538,3.472692307692308,3.1592307692307693,northeast,False,0.09565192307692305,1501.448236538461
D936,7598.33,0.4459,17148.7,19.302307692307693,59.83846153846154,18.646153846153847,3.166923076923077,2.8603846153846155,northeast,False,0.08750961538461538,1500.6761413461538
D763,7573.02,0.4468,16922.6,19.342307692307692,59.388461538461534,18.61923076923077,2.9661538461538464,3.126923076923077,northeast,True,0.08840961538461534,1496.1205573076913
D1163,8120.23,0.43897692307692304,18558.3,19.00307692307692,110.11538461538461,31.034615384615385,1.4746153846153844,1.2780769230769233,southeast,False,0.0805865384615384,1495.5491567307681
D1770,6899.88,0.45723461538461535,15127.9,19.79269230769231,60.823076923076925,19.396153846153847,3.3334615384615387,2.605384615384615,northeast,False,0.09884423076923071,1495.3056386538453
D212,7875.42,0.44295,17682.1,19.176153846153845,57.5,18.673076923076923,2.8938461538461535,2.7607692307692306,northeast,True,0.08455961538461537,1495.1915751923073
D1358,8195.9,0.4371076923076923,18976.9,18.92192307692308,110.1846153846154,31.21153846153846,1.473076923076923,1.7803846153846155,southeast,False,0.07871730769230767,1493.8104763461536
D1089,7522.81,0.4472192307692308,16793.4,19.359615384615385,60.04230769230769,18.923076923076923,2.9553846153846157,2.02,northeast,True,0.08882884615384617,1491.7383450000004
D332,6864.53,0.45574230769230767,15319.8,19.72923076923077,60.23076923076923,19.107692307692307,3.612692307692308,1.9661538461538461,northeast,False,0.09735192307692303,1491.4119911538453
D1180,8376.15,0.43570384615384616,19289.5,18.861923076923077,114.01923076923077,31.85,1.588846153846154,1.1434615384615385,southeast,False,0.07731346153846153,1491.3380163461536
D816,9084.17,0.4281884615384615,21305.2,18.536153846153844,104.3153846153846,29.78846153846154,1.0934615384615385,1.3665384615384615,southeast,True,0.06979807692307688,1487.0619884615376
D495,8316.869999999999,0.43586923076923073,19191.7,18.86923076923077,110.58846153846154,30.484615384615385,1.1915384615384617,1.758076923076923,southeast,True,0.07747884615384609,1486.950771730768
D1127,7428.33,0.4469653846153846,16736.2,19.349615384615387,59.8423076923077,18.95,2.6926923076923077,2.165769230769231,northeast,True,0.08857499999999996,1482.4089149999993
D1255,8823.58,0.4299846153846154,20703.8,18.61423076923077,104.61153846153846,30.01153846153846,1.2338461538461538,1.7623076923076924,southeast,True,0.07159423076923077,1482.272635
D1412,7073.36,0.4530653846153846,15642.4,19.61423076923077,64.70384615384616,20.28076923076923,3.4342307692307696,2.9507692307692306,northeast,False,0.09467499999999995,1480.9442199999992
D1348,7370.4800000000005,0.4488576923076923,16363.4,19.432692307692307,63.353846153846156,20.46153846153846,3.36,1.9611538461538462,northeast,False,0.09046730769230765,1480.352742692307
D163,7382.68,0.4481538461538461,16483.8,19.40153846153846,61.68846153846154,19.930769230769233,3.5596153846153844,2.0723076923076924,northeast,False,0.08976346153846149,1479.6429473076914
D1140,6668.53,0.45983846153846153,14582.6,19.906538461538464,62.69230769230769,19.88076923076923,2.707692307692308,1.9334615384615386,northeast,True,0.10144807692307689,1479.376726538461
D952,7651.79,0.4440153846153846,17276.4,19.22153846153846,59.34615384615385,19.134615384615383,2.6511538461538464,2.9723076923076923,northeast,True,0.08562499999999995,1479.2917499999992
D938,8225.07,0.43627307692307693,18983.5,18.886153846153846,110.46538461538461,30.79615384615385,1.1396153846153845,1.123076923076923,southeast,True,0.07788269230769229,1478.4860894230767
D1022,6472.05,0.4638869565217391,14012.1,20.081304347826087,64.11739130434783,20.33913043478261,3.573913043478261,2.367826086956522,northeast,True,0.10549657190635447,1478.2285152090296
D405,6888.37,0.45573846153846154,15184.7,19.728846153846156,65.96153846153847,21.1,3.7576923076923077,2.852692307692308,northeast,False,0.0973480769230769,1478.201343653846
D1381,6388.26,0.4647076923076923,13888.1,20.116923076923076,65.46153846153847,20.638461538461538,2.5957692307692306,2.143076923076923,northeast,True,0.10631730769230768,1476.5454009615385
D427,8759.41,0.43028846153846156,20478.5,18.627307692307692,106.26538461538462,30.53846153846154,1.4661538461538461,2.0173076923076922,southeast,False,0.07189807692307693,1472.3647682692308
D1174,6179.63,0.4710086956521739,13054.5,20.39,110.73913043478261,33.90869565217391,1.3069565217391304,1.397391304347826,northeast,True,0.11261831103678926,1470.1757414297654
D1487,7059.14,0.45276923076923076,15572.699999999999,19.60230769230769,62.99230769230769,20.057692307692307,3.8,2.2065384615384613,northeast,False,0.09437884615384612,1469.7334574999993
D064,8904.92,0.4283208333333333,21009.7,18.541666666666668,106.42916666666667,30.266666666666666,1.5037500000000001,1.3499999999999999,southeast,True,0.06993044871794868,1469.2177484294864
D1671,6998.06,0.4529615384615384,15529.8,19.609615384615385,63.650000000000006,20.138461538461538,3.258076923076923,2.082692307692308,northeast,False,0.09457115384615378,1468.6711049999988
D1679,6794.0,0.45655384615384614,14945.4,19.763076923076923,58.58076923076923,18.973076923076924,3.5338461538461536,2.972692307692308,northeast,False,0.0981634615384615,1467.0921980769226
D195,6772.85,0.45702692307692305,14865.6,19.784615384615385,60.98461538461538,20.076923076923077,3.542692307692308,2.0257692307692308,northeast,False,0.09863653846153841,1466.2913261538456
D1774,8505.94,0.4324846153846154,19781.0,18.721923076923076,105.65384615384616,29.930769230769233,1.166153846153846,1.3896153846153847,southeast,True,0.07409423076923077,1465.657978846154
D1702,7196.84,0.44972307692307695,16022.2,19.46923076923077,60.70384615384615,19.003846153846155,3.615769230769231,1.9838461538461538,northeast,False,0.09133269230769231,1463.3506626923079
D1015,7459.83,0.44490769230769234,16902.9,19.26076923076923,59.56153846153846,18.81923076923077,2.588461538461538,2.991923076923077,northeast,True,0.0865173076923077,1462.393400192308
D1418,8784.34,0.42925,20624.1,18.58076923076923,106.30384615384615,30.61923076923077,1.6400000000000001,1.8726923076923077,southeast,False,0.07085961538461538,1461.415793653846
D1238,8009.61,0.43754615384615386,18446.9,18.941538461538464,114.6,31.534615384615385,1.6088461538461538,1.3069230769230769,southeast,False,0.07915576923076922,1460.1785594230769
D1831,6852.33,0.4526791666666667,15468.2,19.59541666666667,63.541666666666664,20.370833333333334,3.1616666666666666,2.160416666666667,northeast,True,0.09428878205128205,1458.4777385256411
D453,7325.59,0.4473615384615384,16379.3,19.36692307692308,59.23846153846154,19.01923076923077,2.8257692307692306,3.0023076923076926,northeast,True,0.08897115384615378,1457.2852201923065
D1167,6951.39,0.45271923076923076,15431.6,19.59846153846154,55.61923076923077,18.51153846153846,3.324230769230769,2.106923076923077,northeast,False,0.09432884615384612,1455.645022307692
D1637,8932.92,0.4277230769230769,20992.1,18.515384615384615,108.63076923076923,30.45384615384615,1.2023076923076923,1.9207692307692308,southeast,False,0.06933269230769223,1455.438810192306
D775,7227.79,0.4489346153846154,16072.4,19.43423076923077,65.20769230769231,20.215384615384615,3.6907692307692304,1.8973076923076921,northeast,False,0.09054423076923074,1455.263094615384
D1008,8365.58,0.4333923076923077,19397.8,18.761153846153846,108.25,31.200000000000003,1.5446153846153845,1.3792307692307693,southeast,False,0.07500192307692305,1454.872303461538
D1841,7168.35,0.4488923076923077,16072.5,19.432692307692307,62.353846153846156,19.257692307692306,3.5349999999999997,3.030384615384615,northeast,False,0.09050192307692306,1454.592158653846
D1124,6585.63,0.4585461538461538,14512.9,19.85,68.06153846153846,21.015384615384615,2.755,2.3246153846153845,northeast,True,0.10015576923076919,1453.5506632692302
D1819,7498.93,0.44412307692307695,16944.9,19.22653846153846,60.48846153846154,19.25,3.5369230769230766,2.2180769230769233,northeast,False,0.08573269230769232,1452.7318978846156
D727,7037.56,0.44966538461538463,15883.0,19.466153846153848,55.32692307692308,17.665384615384617,2.920769230769231,2.1565384615384615,northeast,True,0.091275,1449.7208249999999
D081,6801.31,0.4545269230769231,15068.6,19.676923076923078,58.61538461538461,18.696153846153848,3.428076923076923,1.9026923076923077,northeast,False,0.09613653846153847,1448.6430434615386
D1347,6807.98,0.4545,15071.6,19.674615384615386,60.642307692307696,19.676923076923078,3.4196153846153843,3.056923076923077,northeast,False,0.09610961538461538,1448.5256792307691
D1829,7818.0,0.4393153846153846,17892.5,19.018076923076922,55.37692307692308,17.8,3.3126923076923074,3.128076923076923,northeast,False,0.08092499999999997,1447.9505624999995
D1241,7374.45,0.445884,16535.7,19.3028,57.448,18.896,3.5324,3.0428,northeast,False,0.08749361538461536,1446.7681759153843
D1561,7102.44,0.44900769230769233,15926.5,19.436923076923076,60.22692307692308,19.673076923076923,3.6546153846153846,3.085,northeast,False,0.09061730769230769,1443.2165509615384
D1010,8386.18,0.43195,19615.0,18.699615384615385,106.20384615384616,29.984615384615385,1.393846153846154,1.3503846153846153,southeast,False,0.07355961538461536,1442.8718557692303
D667,7119.17,0.4485807692307692,15989.4,19.42,58.68076923076923,18.71923076923077,2.7526923076923073,3.144230769230769,northeast,True,0.09019038461538459,1442.0901357692303
D1139,6710.97,0.45442692307692306,15012.6,19.672307692307694,60.07692307692308,19.065384615384616,3.5834615384615387,3.0288461538461537,northeast,False,0.09603653846153842,1441.7581373076919
D471,7063.849999999999,0.4483615384615384,16022.9,19.409615384615385,57.75384615384615,18.38076923076923,3.2830769230769232,2.2830769230769232,northeast,False,0.08997115384615378,1441.5988009615373
D986,6958.47,0.4509230769230769,15566.300000000001,19.52,62.16153846153846,19.373076923076923,3.5915384615384616,1.996923076923077,northeast,False,0.09253269230769229,1440.3916482692305
D472,7143.17,0.4495461538461539,15797.1,19.461153846153845,57.69615384615384,18.71923076923077,3.3969230769230765,3.1584615384615384,northeast,False,0.09115576923076923,1439.9968021153848
D048,8359.37,0.4319846153846154,19563.7,18.701923076923077,106.96538461538461,30.396153846153844,1.5438461538461539,1.1730769230769231,southeast,False,0.07359423076923077,1439.7754525
D115,8670.24,0.4290076923076923,20302.0,18.571153846153848,109.28461538461539,30.661538461538463,1.4965384615384614,1.3126923076923078,southeast,False,0.07061730769230767,1433.6725807692303
D1979,9107.19,0.4248269230769231,21555.6,18.39076923076923,102.45769230769231,29.615384615384617,1.481923076923077,1.860769230769231,southeast,False,0.06643653846153846,1432.0794484615385
D826,7239.47,0.44500384615384614,16521.5,19.264615384615386,55.28846153846154,17.95,2.8242307692307693,1.8873076923076924,northeast,True,0.0866134615384615,1430.9843048076916
D670,7918.32,0.4368192307692308,18207.9,18.909615384615385,55.69615384615384,17.9,3.662692307692308,2.07,northeast,False,0.07842884615384615,1428.0245878846156
D708,7318.83,0.44541153846153847,16391.0,19.283461538461538,59.86923076923077,18.834615384615383,3.4553846153846157,2.996153846153846,northeast,False,0.08702115384615383,1426.3637326923074
D502,7264.12,0.4452384615384615,16407.3,19.273846153846154,54.92307692307692,18.157692307692308,3.541153846153846,2.273846153846154,northeast,False,0.08684807692307689,1424.9424524999995
D1842,6306.91,0.46119999999999994,13846.1,19.964615384615385,63.16153846153846,20.388461538461538,2.8157692307692304,2.051153846153846,northeast,True,0.1028096153846153,1423.512215576922
D1955,8147.37,0.4338076923076923,18846.9,18.779615384615383,108.60384615384615,30.46923076923077,1.7003846153846154,1.366153846153846,southeast,False,0.07541730769230764,1421.382456346153
D1844,8522.74,0.42923076923076925,20036.3,18.58,102.55384615384615,29.28076923076923,1.1492307692307693,1.8800000000000001,southeast,True,0.07084038461538461,1419.3791982692305
D1517,7374.78,0.4433,16712.6,19.19,57.31923076923077,18.265384615384615,2.808846153846154,2.0938461538461537,northeast,True,0.08490961538461539,1419.060438076923
D1638,7268.17,0.44549230769230774,16283.9,19.28576923076923,59.96923076923077,19.353846153846153,2.726923076923077,2.1338461538461537,northeast,True,0.0871019230769231,1418.3590051923081
D203,7211.06,0.44461538461538463,16386.8,19.247692307692308,60.48076923076923,18.68846153846154,3.9223076923076925,2.9023076923076925,northeast,False,0.086225,1412.95183
D1330,7948.18,0.4346192307692308,18518.8,18.815,113.1576923076923,31.72307692307692,1.1407692307692308,1.3165384615384614,southeast,True,0.07622884615384617,1411.6667561538466
D1320,6940.63,0.44861153846153845,15615.3,19.421538461538464,53.465384615384615,17.515384615384615,3.6061538461538465,2.865769230769231,northeast,False,0.09022115384615381,1408.8303836538455
D1611,6618.56,0.4542653846153846,14664.4,19.665,60.73076923076923,19.98846153846154,3.7057692307692305,3.0584615384615383,northeast,False,0.09587499999999999,1405.9493499999999
D1416,7148.08,0.44523076923076926,16163.0,19.27423076923077,56.33846153846154,18.31153846153846,2.7476923076923074,2.8503846153846153,northeast,True,0.08684038461538462,1403.6011365384618
D578,8783.86,0.42578846153846156,20790.9,18.432307692307692,99.38076923076923,28.926923076923078,1.136923076923077,1.353076923076923,southeast,True,0.06739807692307692,1401.2666775
D352,6885.84,0.4489192307692308,15419.7,19.433846153846154,54.91923076923077,17.996153846153845,2.8076923076923075,2.1715384615384616,northeast,True,0.09052884615384615,1395.9276490384616
D073,8280.32,0.43014615384615384,19450.6,18.62153846153846,108.35769230769232,30.846153846153847,1.2742307692307693,2.003846153846154,southeast,True,0.0717557692307692,1395.6927649999993
D1234,7323.46,0.4427615384615385,16535.2,19.166923076923077,57.43076923076923,18.196153846153848,2.695,3.083846153846154,northeast,True,0.08437115384615385,1395.0939030769232
D241,8854.3,0.42503846153846153,20903.1,18.4,112.18846153846154,30.949999999999996,1.1746153846153846,1.3542307692307693,southeast,True,0.0666480769230769,1393.1514167307685
D577,6994.51,0.4464346153846154,15818.5,19.325769230769232,61.607692307692304,19.93846153846154,3.7399999999999998,3.1815384615384614,northeast,False,0.08804423076923074,1392.7276644230765
D1545,7509.3099999999995,0.43939230769230764,17167.9,19.021923076923077,58.83076923076923,18.715384615384615,3.583076923076923,2.283846153846154,northeast,False,0.081001923076923,1390.6329151923064
D213,7414.62,0.4408961538461539,16838.5,19.086153846153845,54.96923076923077,17.584615384615383,2.8607692307692307,3.146153846153846,northeast,True,0.08250576923076924,1389.2733951923078
D1993,7559.61,0.4379,17431.3,18.956153846153846,109.69615384615385,30.657692307692308,1.4038461538461537,1.8084615384615386,southeast,False,0.07950961538461537,1385.955958653846
D1032,7064.360000000001,0.4460923076923077,15800.2,19.310769230769232,60.3,19.326923076923077,3.46,3.073846153846154,northeast,False,0.08770192307692304,1385.7079249999995
D517,9076.94,0.4228461538461538,21497.3,18.305384615384614,102.51153846153846,29.196153846153848,1.1603846153846153,1.8061538461538462,southeast,True,0.06445576923076918,1385.6250078846142
D1020,6768.97,0.449176,15238.0,19.4448,58.248000000000005,18.668,3.9263999999999997,3.3916000000000004,northeast,False,0.09078561538461538,1383.3912072307692
D446,7173.86,0.44456923076923077,16045.3,19.245384615384616,57.71153846153846,18.376923076923077,2.956153846153846,3.281538461538461,northeast,True,0.08617884615384613,1382.7654401923073
D736,7388.49,0.4407653846153846,16783.1,19.081923076923076,55.57692307692308,17.642307692307693,3.4646153846153847,3.246153846153846,northeast,False,0.08237499999999998,1382.5078624999994
D172,7169.94,0.4436538461538462,16180.7,19.205,57.034615384615385,18.03846153846154,3.4303846153846154,2.968461538461539,northeast,False,0.08526346153846154,1379.6224921153846
D1111,6938.15,0.44732307692307693,15480.5,19.365000000000002,57.599999999999994,18.161538461538463,2.848076923076923,2.954230769230769,northeast,True,0.0889326923076923,1376.7225432692305
D824,7287.55,0.44063846153846153,16726.0,19.075769230769232,113.58076923076922,31.603846153846156,1.7215384615384615,1.4096153846153845,southeast,False,0.0822480769230769,1375.6813346153842
D488,6664.8,0.45207083333333337,14667.4,19.57,60.93333333333334,19.287499999999998,3.9433333333333334,2.2866666666666666,northeast,False,0.09368044871794873,1374.048613525641
D1736,7544.57,0.4378230769230769,17295.1,18.95307692307692,56.8,18.21923076923077,2.8284615384615384,2.9976923076923074,northeast,True,0.07943269230769229,1373.7963567307688
D009,6713.08,0.4501954545454545,14947.5,19.489545454545453,60.60909090909092,19.204545454545453,3.4099999999999997,3.085909090909091,northeast,True,0.09180506993006987,1372.2562827797194
D1069,6584.57,0.4506576923076923,14850.4,19.509615384615383,61.323076923076925,19.923076923076923,2.863076923076923,2.893076923076923,northeast,True,0.09226730769230768,1370.2064261538458
D1756,6604.44,0.45235384615384616,14573.1,19.582692307692305,63.073076923076925,19.926923076923078,3.61,3.0484615384615386,northeast,False,0.09396346153846152,1369.3389213461537
D1086,6372.21,0.4556615384615385,14049.8,19.726153846153846,60.91923076923077,19.51923076923077,2.823846153846154,2.201923076923077,northeast,True,0.09727115384615387,1366.6402573076925
D1551,6627.93,0.4509346153846154,14749.5,19.521153846153847,63.33461538461539,19.942307692307693,3.5280769230769233,2.1823076923076923,northeast,False,0.09254423076923074,1364.9811317307688
D1632,7725.48,0.4342384615384616,17985.7,18.798461538461538,108.80000000000001,30.78076923076923,1.6265384615384615,1.85,southeast,False,0.07584807692307693,1364.180757115385
D1244,6901.72,0.4472846153846154,15340.4,19.363076923076925,60.7,19.4,3.491153846153846,1.9465384615384616,northeast,False,0.08889423076923075,1363.6730576923073
D257,6688.94,0.44943076923076924,14978.2,19.45576923076923,61.98461538461538,19.361538461538462,3.704230769230769,1.94,northeast,False,0.0910403846153846,1363.6210888461537
D1469,6434.57,0.4545217391304348,14141.5,19.677391304347825,61.41304347826087,20.13478260869565,4.030869565217391,2.3921739130434783,northeast,False,0.09613135451505017,1359.441549874582
D144,7132.53,0.44232608695652176,16183.7,19.148260869565217,113.89999999999999,31.44782608695652,1.7630434782608695,2.2095652173913045,southeast,False,0.08393570234113712,1358.3902259782608
D590,6486.87,0.45211428571428575,14440.9,19.57238095238095,57.39523809523809,18.461904761904762,4.123333333333333,2.571904761904762,northeast,False,0.09372390109890111,1353.457483379121
D1435,7166.62,0.4420884615384616,16148.3,19.138846153846153,60.034615384615385,18.865384615384617,2.648846153846154,2.142692307692308,northeast,True,0.08369807692307696,1351.5816555769236
D040,6572.25,0.45046153846153847,14623.0,19.5,60.526923076923076,19.357692307692307,2.8230769230769233,2.0846153846153848,northeast,True,0.09207115384615383,1346.3564826923075
D762,6936.27,0.4445076923076923,15628.9,19.242307692307694,61.98846153846154,19.33076923076923,3.453076923076923,2.9238461538461538,northeast,False,0.08611730769230769,1345.9187901923076
D141,8176.6,0.4286884615384615,19113.7,18.557692307692307,106.92307692307692,29.884615384615383,1.276923076923077,1.2373076923076924,southeast,True,0.07029807692307688,1343.6563528846145
D681,8702.19,0.42291538461538464,20814.6,18.308461538461536,102.82307692307693,29.74230769230769,1.2476923076923077,1.5115384615384615,southeast,True,0.064525,1343.0620649999998
D1382,6958.34,0.44317307692307695,15826.4,19.184615384615384,59.75,19.026923076923076,2.680769230769231,2.9415384615384617,northeast,True,0.08478269230769231,1341.8048015384616
D1240,7852.79,0.4319576923076923,18180.0,18.69923076923077,104.60384615384615,29.77692307692308,1.526923076923077,1.3619230769230768,southeast,False,0.07356730769230768,1337.4536538461537
D060,6940.0199999999995,0.4429230769230769,15787.2,19.174615384615386,62.75384615384615,19.65,3.233846153846154,2.0900000000000003,northeast,False,0.08453269230769228,1334.5345199999997
D1391,6554.29,0.4488115384615385,14736.5,19.428461538461537,62.84615384615385,19.815384615384616,3.0373076923076923,2.1334615384615385,northeast,True,0.09042115384615385,1332.4913336538461
D793,8248.17,0.4270615384615385,19354.0,18.48730769230769,101.26923076923077,29.134615384615383,1.525,1.298846153846154,southeast,False,0.06867115384615385,1329.0615115384617
D089,4701.13,0.4989764705882353,9440.8,21.600588235294115,118.62941176470588,34.65294117647059,1.424705882352941,1.6288235294117646,northeast,True,0.14058608597285066,1327.2451204524884
D123,8915.22,0.4209807692307692,21204.2,18.224615384615383,102.10769230769232,29.807692307692307,1.5465384615384616,1.3107692307692307,southeast,False,0.06259038461538458,1327.1790334615378
D1758,8301.44,0.42617307692307693,19564.9,18.44846153846154,103.21153846153847,29.426923076923078,1.4653846153846155,1.8673076923076921,southeast,False,0.0677826923076923,1326.1615967307691
D1259,8326.38,0.42566923076923074,19612.6,18.42653846153846,108.36153846153846,30.361538461538462,1.165769230769231,1.2992307692307692,southeast,True,0.0672788461538461,1319.513098076922
D046,8577.7,0.4232884615384615,20294.9,18.32423076923077,98.13846153846154,28.726923076923075,1.2784615384615385,1.363846153846154,southeast,True,0.06489807692307686,1317.0999813461528
D913,8976.88,0.41950384615384617,21530.0,18.160384615384615,55.76153846153846,16.842307692307692,3.4292307692307693,2.123076923076923,southeast,False,0.06111346153846153,1315.7728269230768
D1349,7236.6,0.43813846153846153,16462.4,18.966538461538462,56.184615384615384,18.226923076923075,3.4903846153846154,3.0076923076923077,northeast,False,0.0797480769230769,1312.8447415384612
D079,5085.69,0.4831823529411765,10505.2,20.91705882352941,122.52941176470588,34.976470588235294,1.6300000000000001,1.3829411764705881,northeast,False,0.12479196832579187,1310.9645856561087
D034,8417.12,0.4243807692307692,19854.0,18.37192307692308,105.90384615384616,30.280769230769234,1.2292307692307693,1.2442307692307693,southeast,True,0.06599038461538453,1310.1730961538447
D1340,8748.29,0.42107307692307694,20887.5,18.22769230769231,102.82307692307693,29.646153846153844,1.1984615384615385,1.3565384615384617,southeast,True,0.0626826923076923,1309.284735576923
D1659,7112.7,0.4384846153846154,16339.1,18.982307692307693,57.723076923076924,18.673076923076923,2.672692307692308,2.9484615384615385,northeast,True,0.08009423076923078,1308.6676459615387
D854,7080.66,0.43890769230769233,16227.9,19.000384615384615,57.25,18.21923076923077,3.3649999999999998,2.1003846153846153,northeast,False,0.0805173076923077,1306.6268175
D882,9203.3,0.41752307692307694,22055.8,18.075,55.74615384615385,16.411538461538463,3.3546153846153848,2.2365384615384616,southeast,False,0.0591326923076923,1304.218835
D1201,6786.37,0.443112,15367.0,19.1832,59.852,18.444000000000003,4.0136,3.3531999999999997,northeast,False,0.08472161538461537,1301.9170636153844
D1565,8712.29,0.4210038461538461,20788.0,18.225,105.10769230769232,29.476923076923075,1.47,1.2880769230769231,southeast,False,0.06261346153846148,1301.6086384615373
D1974,8564.04,0.4222076923076923,20389.6,18.27730769230769,103.91538461538461,29.926923076923078,1.5692307692307692,1.2484615384615385,southeast,False,0.06381730769230765,1301.209376923076
D1269,8871.44,0.42017692307692306,21053.0,18.19,97.05384615384615,28.388461538461538,1.5103846153846152,1.2915384615384615,southeast,False,0.06178653846153842,1300.7919942307683
D735,8462.19,0.4226423076923077,20228.3,18.29692307692308,56.58461538461539,16.83076923076923,3.397307692307692,2.1923076923076925,southeast,False,0.06425192307692307,1299.7071755769227
D1437,6786.41,0.4420807692307692,15488.8,19.13769230769231,62.23461538461538,20.253846153846155,3.457307692307692,2.866153846153846,northeast,False,0.08369038461538458,1296.2636292307686
D1912,8276.69,0.42399230769230767,19710.7,18.354615384615382,102.95384615384616,29.592307692307692,1.2673076923076925,1.6376923076923076,southeast,True,0.06560192307692303,1293.0598251923068
D1809,6672.83,0.4435038461538462,15180.7,19.199615384615385,61.25769230769231,19.71923076923077,3.538846153846154,3.0838461538461535,northeast,False,0.08511346153846155,1292.0819255769234
D1602,8233.67,0.42453076923076927,19478.9,18.376923076923077,107.08076923076922,30.142307692307693,1.583846153846154,1.8873076923076924,southeast,False,0.06614038461538463,1288.3419378846158
D1642,8205.53,0.4253423076923077,19231.2,18.41346153846154,106.28076923076924,30.02692307692308,1.0634615384615385,1.8203846153846153,southeast,True,0.06695192307692305,1287.5658230769225
D1118,4834.3,0.48824999999999996,9891.1,21.13625,121.86874999999999,34.69375,1.82125,2.126875,northeast,False,0.12985961538461532,1284.4544417307686
D190,7900.81,0.4275923076923077,18542.4,18.509999999999998,56.33846153846154,16.907692307692308,3.6953846153846155,3.063076923076923,southeast,False,0.06920192307692308,1283.1697384615386
D230,5834.8099999999995,0.4597695652173913,12636.6,19.90304347826087,59.660869565217396,19.043478260869566,3.1917391304347826,2.327391304347826,northeast,True,0.10137918060200668,1281.0881535953176
D640,8426.07,0.42185,20161.2,18.262307692307694,54.45,16.234615384615385,3.492692307692308,2.088461538461538,southeast,False,0.06345961538461536,1279.4219976923073
D1875,6418.85,0.44673846153846153,14476.5,19.339615384615385,58.184615384615384,18.323076923076922,3.308846153846154,3.0634615384615387,northeast,False,0.08834807692307689,1278.9709355769226
D929,7849.74,0.4283384615384615,18237.1,18.54269230769231,103.66923076923078,29.923076923076923,1.4153846153846152,2.0653846153846156,southeast,False,0.06994807692307686,1275.6500736538449
D1108,8599.880000000001,0.41946923076923076,20863.6,18.158846153846152,55.41923076923077,16.746153846153845,3.3246153846153845,2.979230769230769,southeast,False,0.06107884615384612,1274.3246146153838
D1452,8830.19,0.41864615384615383,21146.4,18.123846153846152,53.08076923076923,15.8,3.37,2.0746153846153845,southeast,False,0.060255769230769196,1274.1925984615377
D486,8323.61,0.4224076923076923,19845.3,18.286538461538463,102.61923076923077,29.646153846153844,1.5534615384615384,1.1830769230769231,southeast,False,0.06401730769230768,1270.4426763461536
D1946,8895.61,0.4188423076923077,21014.2,18.13230769230769,104.11538461538461,29.507692307692306,1.5657692307692308,1.2342307692307695,southeast,False,0.06045192307692304,1270.3488019230763
D498,4066.47,0.5229666666666667,7699.400000000001,22.639333333333333,128.02,36.76,2.052,2.9320000000000004,northeast,False,0.16457628205128205,1267.138626025641
D1432,8600.3,0.4199884615384616,20557.5,18.182692307692307,101.63846153846154,28.542307692307695,1.1711538461538462,1.8261538461538462,southeast,True,0.06159807692307695,1266.3024663461545
D890,6777.58,0.44029615384615384,15453.8,19.060384615384613,56.74615384615385,17.91923076923077,2.691923076923077,2.111923076923077,northeast,True,0.0819057692307692,1265.755376538461
D075,8201.31,0.4235692307692308,19363.1,18.33653846153846,56.97692307692308,16.51923076923077,3.476153846153846,2.866153846153846,southeast,False,0.06517884615384617,1262.0645159615387
D295,6819.54,0.4388153846153846,15667.3,18.99576923076923,58.56153846153846,18.957692307692305,2.8019230769230767,2.2453846153846153,northeast,True,0.08042499999999997,1260.0426024999995
D859,6083.06,0.45126363636363637,13563.5,19.53590909090909,59.04545454545455,18.745454545454546,4.234090909090909,3.3240909090909088,northeast,False,0.09287325174825173,1259.6863500874124
D1977,6651.94,0.4414653846153846,15141.5,19.111153846153847,58.91538461538461,18.81923076923077,3.4038461538461537,2.0323076923076924,northeast,False,0.08307499999999995,1257.8801124999993
D1508,8365.76,0.42185,19802.1,18.26269230769231,56.15384615384615,16.696153846153848,3.2780769230769233,2.099615384615385,southeast,False,0.06345961538461536,1256.6336498076919
D1808,8184.11,0.42301923076923076,19441.9,18.31230769230769,54.676923076923075,16.48076923076923,3.337307692307692,3.023076923076923,southeast,False,0.06462884615384612,1256.507564038461
D324,6081.57,0.45003333333333334,13709.5,19.48125,60.96666666666667,19.070833333333333,3.924166666666667,2.51375,northeast,False,0.0916429487179487,1256.3790054487176
D410,7492.97,0.43111153846153843,17266.4,18.663076923076922,105.6846153846154,30.696153846153848,1.1403846153846153,1.3457692307692308,southeast,True,0.0727211538461538,1255.63253076923
D1360,5891.66,0.45181363636363636,13405.2,19.56,59.41363636363636,19.181818181818183,3.452727272727273,2.5127272727272727,northeast,True,0.09342325174825172,1252.357374335664
D1278,8165.65,0.42341923076923077,19247.4,18.328846153846154,99.75,28.903846153846153,1.5253846153846156,1.3992307692307693,southeast,False,0.06502884615384613,1251.636213461538
D864,6978.71,0.4365681818181818,16006.1,18.898636363636363,114.2090909090909,30.88181818181818,1.747272727272727,1.725,southeast,False,0.07817779720279716,1251.3216398076918
D1164,6354.94,0.4457333333333333,14269.6,19.295416666666668,62.07083333333333,19.445833333333333,3.8220833333333335,3.5825,northeast,False,0.08734294871794868,1246.3489410256404
D520,8069.28,0.42269999999999996,19260.2,18.299230769230768,53.92307692307692,15.957692307692307,2.688846153846154,3.0323076923076924,southeast,True,0.06430961538461533,1238.6160542307682
D1550,6881.15,0.4366153846153846,15832.1,18.90153846153846,54.66153846153846,17.296153846153846,2.558076923076923,3.136923076923077,northeast,True,0.07822499999999999,1238.4660224999998
D1421,7604.87,0.4272923076923077,17973.0,18.497692307692308,104.25,29.442307692307693,1.5153846153846153,1.3665384615384615,southeast,False,0.06890192307692306,1238.374263461538
D551,5334.06,0.464175,11671.0,20.095,66.49,20.415,4.143,2.0825,northeast,False,0.10578461538461537,1234.612246153846
D1082,8049.63,0.42325384615384615,19008.4,18.323846153846155,56.388461538461534,16.534615384615385,3.3515384615384614,2.7976923076923077,southeast,False,0.06486346153846151,1232.950622307692
D748,8659.23,0.4176730769230769,20785.3,18.08153846153846,102.46538461538461,29.01923076923077,1.5873076923076925,1.3326923076923076,southeast,False,0.059282692307692286,1232.2085444230765
D1826,8460.41,0.41913846153846157,20283.3,18.145,57.54230769230769,16.996153846153845,3.43,1.9930769230769232,southeast,False,0.06074807692307693,1232.1714686538462
D350,6268.04,0.44539,14149.2,19.281,112.095,31.214999999999996,1.623,1.5379999999999998,southeast,False,0.08699961538461537,1230.9749579999998
D1515,8463.16,0.41842692307692303,20358.4,18.114615384615384,57.965384615384615,16.796153846153846,2.917692307692308,1.9784615384615383,southeast,True,0.06003653846153839,1222.2478646153834
D825,8614.57,0.4169307692307692,20772.2,18.048076923076923,97.23076923076923,28.4,1.286153846153846,1.3788461538461538,southeast,False,0.05854038461538458,1216.0125773076916
D1121,5638.94,0.45432727272727275,12666.4,19.667272727272728,62.38636363636363,19.318181818181817,3.962727272727273,2.564090909090909,northeast,False,0.09593688811188811,1215.1749995804196
D1310,8164.94,0.4203692307692308,19576.8,18.197307692307692,53.68076923076923,16.28076923076923,3.4734615384615384,2.8307692307692305,southeast,False,0.061978846153846134,1213.3474753846149
D1075,5684.72,0.45410909090909085,12612.8,19.658636363636365,57.78181818181818,18.204545454545453,3.325909090909091,3.5813636363636365,northeast,True,0.09571870629370621,1207.2808987412577
D1516,8150.66,0.42035,19482.7,18.196923076923078,56.215384615384615,17.103846153846153,3.4515384615384614,3.0476923076923077,southeast,False,0.06195961538461536,1207.1405986538457
D1332,7134.43,0.4305115384615385,16645.8,18.63653846153846,55.26538461538462,17.557692307692307,3.428076923076923,2.9061538461538463,northeast,False,0.07212115384615386,1200.5143026923079
D949,8005.56,0.4202269230769231,19313.9,18.19192307692308,103.51923076923077,29.78846153846154,1.176923076923077,1.9673076923076922,southeast,True,0.06183653846153847,1194.304720192308
D113,9064.93,0.4127769230769231,21954.8,17.86923076923077,52.61538461538461,15.723076923076924,3.7249999999999996,2.1684615384615387,southeast,False,0.05438653846153846,1194.0455746153846
D1969,8186.35,0.4191576923076923,19649.2,18.146153846153847,54.823076923076925,16.573076923076922,3.2015384615384614,2.852307692307692,southeast,False,0.06076730769230765,1194.0289823076914
D910,8612.57,0.4156115384615384,20848.0,17.99269230769231,52.8,15.726923076923075,2.8157692307692304,2.0576923076923075,southeast,True,0.05722115384615378,1192.946615384614
D1796,9010.32,0.41293846153846153,21857.4,17.87576923076923,53.75769230769231,15.965384615384616,3.5126923076923076,2.9738461538461536,southeast,False,0.054548076923076894,1192.279136538461
D674,8094.12,0.41963461538461533,19406.0,18.165,54.50769230769231,16.373076923076923,3.438846153846154,3.0565384615384614,southeast,False,0.06124423076923069,1188.5055423076908
D585,8602.59,0.4159692307692308,20631.5,18.00653846153846,94.09615384615384,27.484615384615385,1.2696153846153846,1.9188461538461539,southeast,True,0.057578846153846175,1187.9379644230773
D1288,5150.4400000000005,0.46293529411764706,11333.6,20.04,59.05294117647059,18.34705882352941,4.215882352941176,3.2676470588235293,northeast,False,0.10454490950226242,1184.8701863348413
D1707,6363.43,0.4398846153846154,14473.3,19.043076923076924,61.91538461538461,19.588461538461537,3.686923076923077,2.1388461538461536,northeast,False,0.08149423076923074,1179.4904501923072
D1531,5931.84,0.44678500000000004,13317.6,19.342,62.06,19.345,3.5265,2.2885,northeast,True,0.0883946153846154,1177.204129846154
D810,7945.1,0.4212115384615384,18700.5,18.235,100.55000000000001,28.957692307692305,1.441923076923077,1.3188461538461538,southeast,False,0.06282115384615378,1174.7869874999988
D730,7787.59,0.4210076923076923,18723.5,18.22576923076923,57.18846153846154,16.68846153846154,2.840384615384615,3.295769230769231,southeast,True,0.06261730769230767,1172.4151605769225
D1938,8876.5,0.4126153846153846,21614.5,17.861923076923077,52.073076923076925,15.565384615384614,2.7953846153846156,3.0584615384615383,southeast,True,0.05422499999999997,1172.0462624999993
D1292,8286.630000000001,0.41686923076923077,19881.0,18.045,53.40384615384615,15.5,2.7684615384615388,3.0280769230769233,southeast,True,0.05847884615384613,1162.617940384615
D1685,8878.94,0.4122192307692308,21560.8,17.846153846153847,51.861538461538466,15.307692307692308,3.3907692307692305,2.248846153846154,southeast,False,0.053828846153846144,1160.592986153846
D118,7694.76,0.42118846153846157,18429.8,18.232307692307693,57.223076923076924,16.9,2.8703846153846153,2.981923076923077,southeast,True,0.06279807692307693,1157.3559980769232
D850,5253.8,0.45921052631578946,11453.0,19.879473684210524,60.4421052631579,19.58421052631579,3.512631578947368,3.4931578947368425,northeast,True,0.10082014170040482,1154.6930828947363
D2000,7675.1,0.421773076923077,18197.3,18.25846153846154,98.72307692307693,28.74230769230769,1.2134615384615386,2.0134615384615384,southeast,True,0.06338269230769233,1153.3938667307696
D594,8652.8,0.4133923076923077,20969.100000000002,17.895384615384614,54.05384615384616,16.046153846153846,2.8015384615384615,2.11,southeast,True,0.05500192307692309,1153.340825192308
D876,5812.08,0.44611999999999996,13137.800000000001,19.3125,56.779999999999994,18.585,4.096500000000001,2.226,northeast,False,0.08772961538461532,1152.5741409999994
D396,8050.43,0.41788846153846154,19365.9,18.089615384615385,52.357692307692304,15.580769230769231,3.379230769230769,2.2126923076923077,southeast,False,0.059498076923076904,1152.233807884615
D525,5320.98,0.457215,11657.7,19.7935,60.379999999999995,19.465,3.9975,2.3884999999999996,northeast,False,0.09882461538461534,1152.0677187692304
D1383,8257.9,0.4167153846153846,19748.5,18.03923076923077,52.16538461538461,15.36923076923077,3.457692307692308,2.7446153846153845,southeast,False,0.05832499999999996,1151.8312624999992
D1495,8067.32,0.41712307692307693,19563.1,18.05807692307692,52.73461538461538,15.961538461538462,3.546538461538461,2.5626923076923074,southeast,False,0.05873269230769229,1148.993532884615
D1272,7979.73,0.41867692307692306,19030.5,18.124615384615385,54.18846153846154,15.83076923076923,3.37,3.128846153846154,southeast,False,0.06028653846153842,1147.282970192307
D249,8160.32,0.4165653846153846,19601.8,18.032307692307693,53.95384615384615,16.196153846153848,2.9196153846153843,2.9888461538461537,southeast,True,0.05817499999999998,1140.3347149999995
D1316,8209.27,0.4159115384615385,19814.7,18.005384615384614,53.52307692307692,15.826923076923077,3.4665384615384616,3.0623076923076926,southeast,False,0.05752115384615386,1139.764407115385
D1952,8553.78,0.4137192307692308,20585.3,17.909615384615385,56.77307692307692,16.95,3.492692307692308,2.118076923076923,southeast,False,0.055328846153846145,1138.960896730769
D1997,9332.09,0.4077730769230769,23045.0,17.651923076923076,51.66153846153846,15.473076923076924,3.3734615384615387,2.1634615384615383,southeast,False,0.049382692307692266,1138.0241442307683
D1003,7937.76,0.4175653846153846,19152.0,18.076923076923077,53.323076923076925,15.961538461538462,2.798076923076923,2.936923076923077,southeast,True,0.05917499999999998,1133.3195999999996
D852,8501.13,0.4127692307692307,20782.4,17.868076923076924,52.78846153846154,15.76923076923077,2.9596153846153848,2.985,southeast,True,0.05437884615384608,1130.122932307691
D1898,8249.74,0.4152346153846154,19866.9,17.97423076923077,55.065384615384616,16.23846153846154,3.3680769230769227,3.3173076923076925,southeast,False,0.056844230769230786,1129.3186482692313
D845,9066.14,0.4095076923076923,22091.0,17.728076923076923,53.56923076923077,16.134615384615383,2.730769230769231,3.0442307692307695,southeast,True,0.051117307692307656,1129.2324442307684
D1290,5776.61,0.44426666666666664,13104.7,19.233809523809523,55.209523809523816,17.65714285714286,3.932380952380952,3.5704761904761906,northeast,False,0.085876282051282,1125.3829133974355
D253,8163.34,0.41520384615384615,19792.5,17.973846153846154,52.63076923076923,15.415384615384616,3.468461538461539,2.220769230769231,southeast,False,0.05681346153846151,1124.4804374999994
D430,8247.54,0.4146230769230769,19996.6,17.948846153846155,54.86923076923077,15.934615384615386,2.762307692307693,1.9542307692307692,southeast,True,0.05623269230769229,1124.4626549999996
D102,8146.2,0.4158538461538462,19550.0,18.00307692307692,54.215384615384615,16.223076923076924,3.4719230769230767,1.9957692307692307,southeast,False,0.05746346153846155,1123.4106730769233
D1903,3443.33,0.5289909090909091,6582.9,22.900000000000002,135.92727272727274,37.03636363636363,1.778181818181818,1.992727272727273,northeast,False,0.17060052447552443,1123.0461925699296
D1845,8338.42,0.4137961538461538,20237.6,17.91346153846154,54.44615384615384,16.4,2.9896153846153846,2.139615384615385,southeast,True,0.055405769230769175,1121.279795384614
D055,8977.79,0.4094,21947.1,17.72269230769231,53.026923076923076,15.703846153846154,3.4315384615384614,3.1284615384615386,southeast,False,0.05100961538461535,1119.5131298076915
D1843,8221.58,0.4141230769230769,20083.3,17.92653846153846,56.23461538461538,16.665384615384617,2.8876923076923076,2.0815384615384613,southeast,True,0.05573269230769229,1119.2963794230766
D544,8227.79,0.4144038461538461,19958.5,17.93846153846154,54.40384615384615,16.326923076923077,2.873076923076923,2.256923076923077,southeast,True,0.056013461538461484,1117.9446721153836
D861,8250.9,0.41414615384615383,20013.9,17.928076923076922,55.55,16.53076923076923,2.8534615384615383,2.995769230769231,southeast,True,0.05575576923076919,1115.8903898076917
D1142,8100.78,0.41512307692307693,19620.2,17.971153846153847,99.12692307692308,28.069230769230767,1.2807692307692307,1.4115384615384616,southeast,True,0.05673269230769229,1113.1067696153843
D1555,5369.12,0.4505684210526316,12060.6,19.50526315789474,57.53684210526316,17.889473684210525,3.25,3.5657894736842106,northeast,True,0.09217803643724698,1111.722426255061
D1045,7906.38,0.4167192307692308,19056.5,18.038846153846155,54.900000000000006,16.665384615384617,2.8334615384615387,2.987692307692308,southeast,True,0.05832884615384615,1111.543656730769
D1668,8650.31,0.41078846153846155,21200.6,17.783076923076923,49.26923076923077,14.857692307692307,3.5561538461538458,2.141923076923077,southeast,False,0.05239807692307691,1110.8706696153843
D1563,8039.13,0.41552692307692307,19439.3,17.98846153846154,55.50384615384615,16.484615384615385,2.9084615384615384,3.1792307692307693,southeast,True,0.05713653846153843,1110.694312115384
D1523,8266.6,0.41402307692307694,19951.4,17.922307692307694,51.23461538461538,15.426923076923078,2.693076923076923,2.17,southeast,True,0.0556326923076923,1109.9500973076922
D798,6792.03,0.42708695652173917,16111.5,18.489565217391306,110.20434782608694,31.039130434782606,1.4630434782608694,1.5017391304347825,southeast,True,0.06869657190635453,1106.804818269231
D657,8418.39,0.41220384615384614,20535.4,17.843846153846155,52.91538461538461,16.123076923076923,3.441923076923077,1.9011538461538462,southeast,False,0.053813461538461504,1105.0809580769226
D1105,8017.4400000000005,0.41518846153846156,19376.5,17.973076923076924,51.93846153846153,15.376923076923077,2.6846153846153844,2.1784615384615384,southeast,True,0.05679807692307692,1100.5479375
D1066,8505.42,0.41202307692307694,20514.6,17.837307692307693,54.150000000000006,16.284615384615385,3.438076923076923,2.8903846153846158,southeast,False,0.0536326923076923,1100.2532296153843
D611,7651.48,0.41943846153846154,18012.9,18.158076923076923,103.61538461538461,29.76153846153846,1.1496153846153847,2.0257692307692308,southeast,True,0.0610480769230769,1099.652904807692
D1662,7765.19,0.41755384615384616,18570.1,18.076923076923077,54.93846153846154,15.78076923076923,2.755,2.2965384615384616,southeast,True,0.059163461538461526,1098.6713971153843
D989,7696.18,0.4176346153846154,18514.2,18.08,56.87692307692308,17.08076923076923,4.077692307692308,3.6134615384615385,southeast,False,0.059244230769230743,1096.8595373076919
D1627,8002.0,0.41538846153846154,19220.7,17.982307692307693,54.78076923076923,16.28846153846154,2.8596153846153842,2.0734615384615385,southeast,True,0.0569980769230769,1095.5429371153843
D1239,7771.2,0.4167230769230769,18777.4,18.040384615384617,54.79230769230769,16.442307692307693,3.3173076923076925,2.0215384615384617,southeast,False,0.05833269230769228,1095.336296538461
D671,8181.7300000000005,0.41416153846153847,19631.2,17.929615384615385,53.30769230769231,16.042307692307695,2.4461538461538463,3.0046153846153847,southeast,True,0.05577115384615383,1094.8546753846151
D251,6378.56,0.43206666666666665,14835.6,18.704285714285714,104.98571428571428,30.257142857142856,1.67,2.119047619047619,southeast,False,0.07367628205128202,1093.0318499999994
D996,5160.94,0.4535947368421052,11435.1,19.636315789473684,63.021052631578954,19.857894736842105,3.878421052631579,2.444736842105263,northeast,False,0.09520435222672058,1088.6712881477724
D1725,7617.82,0.41815384615384615,18183.8,18.101153846153846,55.75384615384615,16.503846153846155,3.376153846153846,3.0834615384615387,southeast,False,0.059763461538461515,1086.7268319230764
D1088,8204.89,0.4127269230769231,19984.8,17.86692307692308,55.03846153846154,16.411538461538463,2.7942307692307695,2.065769230769231,southeast,True,0.054336538461538464,1085.9048538461539
D270,7518.23,0.4190846153846154,17876.100000000002,18.141923076923078,55.58076923076923,16.400000000000002,2.8369230769230764,2.4134615384615383,southeast,True,0.06069423076923075,1084.976138653846
D789,8106.2,0.4143,19360.5,17.934615384615384,56.76538461538462,16.95,3.576923076923077,2.0465384615384616,southeast,False,0.05590961538461536,1082.4381086538458
D245,8313.09,0.41201153846153843,20176.2,17.836923076923078,53.388461538461534,15.973076923076924,3.5957692307692306,1.9311538461538462,southeast,False,0.05362115384615379,1081.8711242307681
D1249,7888.64,0.414576,19187.7,17.9468,49.352,14.948,4.1575999999999995,3.3312,southeast,False,0.05618561538461536,1078.0727323153842
D1223,8499.75,0.4101884615384615,20796.9,17.75730769230769,56.33846153846154,16.63076923076923,2.729230769230769,2.9888461538461537,southeast,True,0.05179807692307686,1077.2394259615373
D760,8204.13,0.41264,19856.0,17.8628,99.288,29.024,1.456,1.4036000000000002,southeast,True,0.05424961538461537,1077.1803630769227
D542,8000.21,0.4139846153846154,19362.5,17.920384615384616,55.426923076923075,16.338461538461537,3.527307692307692,2.018846153846154,southeast,False,0.05559423076923076,1076.4432932692305
D057,8749.47,0.40861538461538466,21430.3,17.689230769230768,53.70769230769231,16.023076923076925,4.069999999999999,2.336153846153846,southeast,False,0.05022500000000002,1076.3368175000003
D401,8695.78,0.4090115384615384,21259.6,17.70653846153846,50.0,15.265384615384615,3.520769230769231,2.0765384615384614,southeast,False,0.05062115384615379,1076.185482307691
D731,5004.37,0.4547944444444444,11162.8,19.68777777777778,60.300000000000004,18.883333333333333,4.464444444444444,2.6505555555555556,northeast,False,0.09640405982905975,1076.139239059828
D104,8039.59,0.4130846153846154,19638.9,17.88153846153846,53.68846153846154,15.942307692307692,2.858461538461538,1.9915384615384615,southeast,True,0.054694230769230745,1074.1345286538458
D1093,7956.84,0.41360384615384616,19418.8,17.905384615384616,54.49230769230769,15.892307692307693,3.5373076923076923,2.3492307692307692,southeast,False,0.05521346153846152,1072.1791669230765
D067,7271.7699999999995,0.41884615384615387,17703.1,18.131923076923076,53.48076923076923,16.11923076923077,3.6111538461538464,2.4461538461538463,southeast,False,0.06045576923076923,1070.2545282692306
D291,8223.69,0.4112461538461538,20157.9,17.803461538461537,53.026923076923076,15.826923076923077,3.3446153846153845,1.8792307692307693,southeast,False,0.05285576923076918,1065.4613105769222
D604,6370.81,0.4297823529411765,14891.6,18.60411764705882,103.77058823529411,28.99411764705882,1.6041176470588234,2.051176470588235,southeast,False,0.07139196832579187,1063.1406355203621
D1660,8143.28,0.41157307692307693,19989.1,17.81692307692308,54.638461538461534,16.153846153846153,3.539615384615385,2.176153846153846,southeast,False,0.05318269230769229,1063.074154807692
D1092,7728.71,0.41473846153846156,18851.5,17.955000000000002,53.603846153846156,15.676923076923078,2.7988461538461538,2.7719230769230765,southeast,True,0.05634807692307692,1062.2457721153844
D1394,7917.74,0.4137653846153846,19135.1,17.912307692307692,54.849999999999994,16.146153846153847,3.4661538461538464,2.8742307692307696,southeast,False,0.05537499999999995,1059.606162499999
D967,8020.26,0.41226399999999996,19654.2,17.848399999999998,54.036,15.908,3.8664,3.2228,southeast,False,0.053873615384615325,1058.8428114923065
D256,8110.66,0.4120384615384615,19682.1,17.838461538461537,51.81923076923077,15.36153846153846,3.4888461538461537,3.0173076923076922,southeast,False,0.05364807692307688,1055.9068148076915
D538,5756.05,0.4383470588235294,13194.8,18.976470588235294,57.24117647058823,16.858823529411765,3.9311764705882353,2.7235294117647055,southeast,False,0.07995667420814478,1055.0123248416287
D1622,7909.68,0.4132192307692308,19212.0,17.888076923076923,55.55,16.53846153846154,3.648076923076923,2.1111538461538464,southeast,False,0.054828846153846145,1053.3717923076922
D1634,8612.39,0.40779230769230773,21302.9,17.653846153846153,51.29230769230769,15.38076923076923,2.995769230769231,3.0115384615384615,southeast,True,0.04940192307692309,1052.404227115385
D1899,4363.0,0.46910625,9452.2,20.308125,63.54375,19.68125,3.8581250000000002,2.515,northeast,False,0.11071586538461536,1046.5085027884613
D176,7627.88,0.41472692307692305,18538.0,17.95307692307692,52.95769230769231,15.919230769230769,3.5761538461538462,2.026153846153846,southeast,False,0.05633653846153841,1044.366749999999
D164,8350.2,0.4097730769230769,20321.8,17.73923076923077,51.8423076923077,15.319230769230769,2.8784615384615386,3.0596153846153844,southeast,True,0.05138269230769227,1044.1887965384608
D728,7834.88,0.41237307692307695,19216.3,17.85153846153846,50.94230769230769,15.234615384615385,3.0300000000000002,3.0876923076923077,southeast,True,0.053982692307692315,1037.3476101923077
D778,8135.11,0.41043846153846153,19914.1,17.767307692307693,54.1576923076923,15.696153846153846,3.4242307692307694,2.93,southeast,False,0.05204807692307689,1036.4906086538454
D653,5459.2300000000005,0.44192666666666663,12395.1,19.128666666666668,104.31333333333333,29.493333333333336,1.6666666666666667,2.39,southeast,False,0.083536282051282,1035.4405696538454
D106,7719.65,0.41359230769230765,18722.9,17.904230769230768,52.50384615384615,15.850000000000001,2.928076923076923,2.0846153846153848,southeast,True,0.05520192307692301,1033.540085576922
D1507,8423.21,0.40829230769230773,20705.1,17.674230769230768,53.98076923076923,16.176923076923078,2.7415384615384615,2.185769230769231,southeast,True,0.049901923076923094,1033.2243075000004
D1596,8002.92,0.41109999999999997,19581.7,17.79576923076923,50.09615384615385,15.01923076923077,2.8415384615384616,3.145769230769231,southeast,True,0.05270961538461533,1032.143875576922
D1790,3721.33,0.4956833333333333,7516.6,21.459166666666665,129.28333333333333,35.300000000000004,1.8858333333333333,1.9491666666666667,northeast,False,0.13729294871794867,1031.976178333333
D1500,8027.2,0.41118461538461537,19524.5,17.799230769230768,52.73846153846154,15.523076923076921,3.441153846153846,2.8273076923076923,southeast,False,0.05279423076923073,1030.7809586538453
D1882,7825.98,0.41238461538461535,19046.6,17.85230769230769,55.81153846153846,16.46153846153846,2.7626923076923076,2.0300000000000002,southeast,True,0.05399423076923071,1028.4065157692296
D247,7899.13,0.41191153846153844,19210.3,17.83153846153846,53.434615384615384,16.015384615384615,2.6434615384615388,2.072307692307692,southeast,True,0.0535211538461538,1028.1574217307684
D447,7737.61,0.4128038461538462,18800.2,17.87076923076923,54.01923076923077,16.31923076923077,2.582692307692308,3.021153846153846,southeast,True,0.05441346153846155,1022.9839596153848
D1263,7879.34,0.41166538461538466,19184.2,17.82076923076923,53.24615384615385,15.873076923076923,2.683076923076923,1.8703846153846155,southeast,True,0.05327500000000002,1022.0382550000004
D1614,8011.44,0.4108269230769231,19482.8,17.784230769230767,49.86538461538461,14.78076923076923,2.924615384615385,2.176923076923077,southeast,True,0.05243653846153845,1021.6105915384613
D510,7626.74,0.4141730769230769,18299.7,17.929615384615385,52.776923076923076,16.165384615384617,3.582307692307692,3.144615384615385,southeast,False,0.05578269230769228,1020.8065344230765
D1245,7701.57,0.4126115384615385,18739.3,17.861538461538462,52.465384615384615,15.276923076923076,3.5592307692307688,2.186153846153846,southeast,False,0.054221153846153836,1016.0664682692305
D1276,4826.93,0.4529,10718.0,19.605,60.74444444444445,19.494444444444444,4.484444444444445,3.796111111111111,northeast,False,0.09450961538461539,1012.9540576923077
D193,8773.54,0.40539615384615385,21536.6,17.548846153846153,52.95,15.61923076923077,3.0138461538461536,2.145769230769231,southeast,True,0.04700576923076921,1012.3444496153842
D129,8359.18,0.4075653846153846,20574.9,17.642692307692307,53.1576923076923,15.742307692307692,2.6996153846153845,2.080769230769231,southeast,True,0.04917499999999997,1011.7707074999994
D820,8274.23,0.4078461538461538,20425.2,17.65576923076923,50.642307692307696,15.384615384615385,3.7796153846153846,2.065,southeast,False,0.049455769230769164,1010.1439776923064
D1768,8168.91,0.40856923076923074,20114.3,17.68730769230769,51.8423076923077,15.642307692307693,3.4669230769230768,2.0330769230769232,southeast,False,0.0501788461538461,1009.3123651923066
D363,7153.849999999999,0.4165521739130435,17336.7,18.03304347826087,53.339130434782604,15.908695652173913,4.000869565217391,3.7291304347826086,southeast,False,0.05816178929765886,1008.3334925167225
D1771,7721.61,0.4114730769230769,18961.2,17.81269230769231,56.215384615384615,16.55,2.4996153846153844,2.968461538461539,southeast,True,0.05308269230769225,1006.5115453846142
D1147,7636.15,0.41259230769230765,18556.8,17.86076923076923,57.1576923076923,16.653846153846153,3.6438461538461535,3.0653846153846156,southeast,False,0.05420192307692301,1005.8142461538448
D1152,7612.3099999999995,0.41275,18430.4,17.868076923076924,51.34615384615385,15.442307692307692,2.8473076923076923,2.166923076923077,southeast,True,0.05435961538461537,1001.8694553846151
D971,7720.5199999999995,0.41161923076923074,18811.9,17.820384615384615,51.93846153846154,15.476923076923075,2.9553846153846157,2.8796153846153847,southeast,True,0.0532288461538461,1001.3357309615375
D1863,7881.74,0.40999615384615384,19375.6,17.75,54.08461538461539,16.26153846153846,2.751923076923077,2.106923076923077,southeast,True,0.051605769230769205,999.8927423076917
D838,8011.86,0.4097269230769231,19462.6,17.738076923076925,52.26923076923077,15.207692307692307,3.545,2.8061538461538458,southeast,False,0.05133653846153846,999.1425134615383
D1043,3480.44,0.4993272727272727,7041.3,21.615454545454547,119.2909090909091,34.27272727272727,1.5009090909090907,2.3027272727272727,northeast,True,0.14093688811188804,992.3789102622372
D1426,8499.0,0.4057769230769231,20899.4,17.56576923076923,52.63461538461539,15.626923076923077,2.7157692307692307,3.0984615384615384,southeast,True,0.04738653846153845,990.3502219230768
D1220,8601.15,0.4046692307692308,21315.5,17.51846153846154,47.36538461538461,14.911538461538461,2.7838461538461536,3.0134615384615384,southeast,True,0.04627884615384614,986.4567451923075
D1848,4186.98,0.46909333333333336,8900.7,20.307333333333336,62.06666666666667,18.833333333333332,4.348666666666667,3.9459999999999997,northeast,False,0.11070294871794872,985.3337356538462
D1827,7747.110000000001,0.41012692307692306,19032.3,17.755384615384614,52.66923076923077,16.115384615384617,2.903461538461538,2.163846153846154,southeast,True,0.05173653846153842,984.6653209615375
D1013,8837.5,0.4034923076923077,21804.6,17.467307692307692,52.44615384615384,15.488461538461538,2.8303846153846157,2.9711538461538463,southeast,True,0.04510192307692307,983.4293919230767
D980,7841.7699999999995,0.4102576923076923,18942.4,17.75923076923077,53.36923076923077,16.073076923076922,2.8726923076923074,2.897692307692308,southeast,True,0.051867307692307685,982.4912892307692
D1317,5840.09,0.43018823529411765,13543.8,18.621764705882352,103.5529411764706,29.400000000000002,1.9223529411764706,1.5070588235294118,southeast,False,0.07179785067873301,972.4157300226241
D265,7552.66,0.41075000000000006,18551.5,17.78153846153846,54.603846153846156,16.153846153846153,2.7642307692307693,2.94,southeast,True,0.05235961538461542,971.349404807693
D1070,6287.29,0.42291153846153845,15024.9,18.30807692307692,83.44999999999999,29.134615384615383,0.9273076923076923,0.541923076923077,northeast,False,0.06452115384615381,969.4238844230764
D1425,8172.01,0.4059269230769231,20233.6,17.571538461538463,51.56153846153846,15.8,3.444230769230769,2.0788461538461536,southeast,False,0.047536538461538436,961.8353046153841
D1457,4948.65,0.44336000000000003,11285.2,19.192,106.74666666666667,29.66,1.3906666666666667,2.1,southeast,True,0.0849696153846154,958.8991035384616
D1399,7740.46,0.40787599999999996,19349.3,17.6576,55.588,16.067999999999998,3.9764,3.3012,southeast,False,0.04948561538461532,957.5120177615372
D1931,4114.23,0.46532666666666667,8947.5,20.142,57.086666666666666,18.033333333333335,4.740666666666667,2.6486666666666667,northeast,False,0.10693628205128203,956.8123836538459
D924,7175.56,0.4132692307692307,17359.5,17.89076923076923,54.91538461538461,16.303846153846152,3.3234615384615385,3.1034615384615383,southeast,False,0.054878846153846084,952.669329807691
D260,8212.93,0.4055416666666667,20075.8,17.555416666666666,49.92916666666667,14.591666666666667,3.840833333333333,2.62,southeast,False,0.04715128205128205,946.5997082051282
D518,4563.7699999999995,0.45024444444444445,10304.9,19.49,58.07222222222222,18.322222222222223,3.6205555555555557,2.4911111111111115,northeast,True,0.09185405982905981,946.5469011324784
D429,7592.55,0.40938076923076927,18517.2,17.723076923076924,52.349999999999994,15.653846153846153,2.855,3.0,southeast,True,0.05099038461538463,944.1991500000004
D1575,4561.81,0.45135294117647057,10141.9,19.53882352941176,57.55882352941177,18.023529411764706,4.358823529411764,3.683529411764706,northeast,False,0.09296255656108593,942.8169523868773
D503,7142.29,0.4125115384615385,17381.2,17.856923076923074,55.392307692307696,16.46923076923077,2.9434615384615386,2.2084615384615387,southeast,True,0.05412115384615385,940.6905992307693
D1268,7799.86,0.4069576923076923,19206.5,17.61769230769231,52.81153846153846,15.492307692307692,2.9092307692307693,2.8096153846153844,southeast,True,0.04856730769230766,932.8079951923071
D1065,7916.12,0.40634230769230767,19408.100000000002,17.591153846153848,50.09615384615385,15.115384615384615,3.3488461538461536,3.120769230769231,southeast,False,0.04795192307692303,930.65571826923
D977,5697.63,0.4275791666666667,13443.2,18.51,84.63333333333334,30.245833333333334,1.1945833333333333,0.6066666666666667,northeast,False,0.06918878205128204,930.1186348717947
D039,7454.67,0.40913846153846156,18316.6,17.71076923076923,52.68076923076923,15.569230769230769,3.616923076923077,2.1653846153846152,southeast,False,0.050748076923076924,929.5322257692306
D496,7421.29,0.40936153846153844,18168.3,17.72230769230769,50.91153846153846,15.046153846153846,3.7503846153846156,3.167692307692308,southeast,False,0.050971153846153805,926.0592144230761
D529,9002.38,0.39901923076923074,22628.8,17.27423076923077,48.21153846153846,14.473076923076924,2.963846153846154,2.9496153846153845,southeast,True,0.0406288461538461,919.3820338461526
D1190,6030.51,0.42318333333333336,14186.8,18.320555555555554,104.42222222222223,28.78888888888889,1.3772222222222221,1.4166666666666667,southeast,True,0.06479294871794872,919.2046048717948
D1609,6148.1900000000005,0.41993,14847.2,18.179,58.975,16.875,3.344,2.533,southeast,True,0.06153961538461539,913.6909775384617
D1294,4271.42,0.45574666666666663,9376.0,19.730666666666664,117.52,32.20666666666667,1.6066666666666667,1.5193333333333332,southeast,False,0.097356282051282,912.81250051282
D1543,7210.25,0.4103208333333333,17451.9,17.762916666666666,97.6375,28.3625,1.7933333333333332,2.19375,southeast,False,0.05193044871794866,906.2849979807684
D178,7713.59,0.4056538461538462,19122.5,17.56,50.11923076923077,15.03076923076923,2.8207692307692307,3.0519230769230767,southeast,True,0.04726346153846156,903.7955432692312
D1488,6888.25,0.4116782608695652,16780.1,17.821304347826086,52.28695652173913,15.47391304347826,4.234347826086957,3.5878260869565217,southeast,False,0.05328787625418058,894.1758923327754
D1319,7994.67,0.40291153846153843,19994.6,17.44192307692308,49.7,14.938461538461537,3.5665384615384617,2.925,southeast,False,0.044521153846153794,890.1826626923066
D386,6145.55,0.41892105263157897,14612.1,18.13578947368421,57.626315789473686,16.973684210526315,4.366842105263157,2.4794736842105265,southeast,False,0.06053066801619433,884.4801741194333
D1158,7611.32,0.4051653846153846,18898.1,17.53923076923077,52.03846153846154,15.496153846153845,2.8765384615384617,2.191923076923077,southeast,True,0.046774999999999956,883.9586274999991
D1909,2967.64,0.5118199999999999,5746.0,22.157999999999998,115.55,33.32,1.722,2.1439999999999997,northeast,False,0.1534296153846153,881.6065699999996
D1583,8128.1,0.4023576923076923,20040.9,17.41846153846154,51.58461538461539,15.761538461538462,3.459230769230769,2.220769230769231,southeast,False,0.04396730769230767,881.1444167307687
D1792,4309.49,0.45066875,9484.7,19.51,54.73125,17.475,4.49,3.58375,northeast,False,0.09227836538461537,875.2326121634615
D1050,5504.46,0.4239,13270.5,18.350384615384616,83.69615384615385,29.573076923076922,1.143076923076923,0.6542307692307692,northeast,False,0.06550961538461536,869.3453509615381
D1184,5526.22,0.4247888888888889,13006.8,18.388333333333335,52.95,15.677777777777777,4.3116666666666665,2.285,southeast,False,0.06639850427350424,863.632065384615
D149,7144.43,0.40685,17804.600000000002,17.61346153846154,77.16538461538461,27.857692307692307,0.8196153846153847,0.6026923076923076,northeast,True,0.04845961538461535,862.8040680769226
D1106,7496.94,0.40481153846153844,18452.4,17.523846153846154,53.16153846153846,15.850000000000001,2.7823076923076924,2.0496153846153846,southeast,True,0.046421153846153806,856.5816992307685
D1655,6089.01,0.4159269230769231,14850.5,18.004615384615384,79.36538461538461,28.346153846153847,1.0365384615384614,0.5253846153846153,northeast,False,0.057536538461538445,854.4463644230767
D780,5700.99,0.41985,13869.9,18.175416666666667,87.72916666666667,30.375,1.25875,0.84375,northeast,False,0.06145961538461536,852.4387194230766
D619,6483.5599999999995,0.4123523809523809,15787.3,17.849047619047617,53.50952380952381,15.71904761904762,4.17047619047619,2.645714285714286,southeast,False,0.053961996336996276,851.9142247710613
D044,3405.19,0.47498181818181817,7271.1,20.561818181818182,64.35454545454546,19.21818181818182,3.527272727272727,3.076363636363636,northeast,True,0.11659143356643353,847.7479726048949
D1429,4133.97,0.4495,9286.2,19.458823529411767,57.28235294117647,18.570588235294117,4.405882352941177,3.5394117647058825,northeast,False,0.09110961538461537,846.0621103846154
D1260,6951.87,0.40700384615384616,17314.4,17.61846153846154,75.8,27.407692307692308,1.0684615384615386,0.8296153846153846,northeast,False,0.04861346153846152,841.7129184615383
D487,5750.92,0.41835,14011.8,18.11,80.61538461538461,29.092307692307692,0.9688461538461539,0.8023076923076923,northeast,False,0.05995961538461536,840.1421388461534
D1897,6537.68,0.4103846153846154,16144.6,17.765,77.41538461538461,27.47307692307692,0.893076923076923,0.7311538461538463,northeast,False,0.051994230769230765,839.426058076923
D252,5875.21,0.41721153846153847,14218.9,18.061153846153847,79.35384615384615,29.11923076923077,0.8976923076923077,0.4819230769230769,northeast,True,0.05882115384615383,836.3721044230766
D1405,5501.94,0.42190625,13130.4,18.265,55.46875,15.7875,3.2475,2.8925,southeast,True,0.06351586538461534,833.9887188461533
D650,7831.37,0.40119230769230774,19462.1,17.36769230769231,53.88846153846154,15.899999999999999,3.6407692307692305,2.125769230769231,southeast,False,0.0428019230769231,833.015307115385
D1601,5881.89,0.415275,14620.0,17.976666666666667,84.125,29.395833333333332,1.2283333333333333,0.8937499999999999,northeast,False,0.05688461538461537,831.6530769230767
D1693,7387.61,0.40361153846153847,18376.7,17.471923076923076,53.06923076923077,16.173076923076923,3.56,2.11,southeast,False,0.04522115384615383,831.015577884615
D016,5977.54,0.41495000000000004,14599.4,17.963846153846156,82.68846153846154,28.957692307692305,1.1007692307692307,0.845,northeast,False,0.0565596153846154,825.7364488461541
D1835,2950.45,0.4955090909090909,5996.1,21.45,112.13636363636364,33.018181818181816,1.481818181818182,1.7509090909090907,northeast,True,0.13711870629370626,822.1774748076922
D017,6772.3099999999995,0.4073192307692308,16802.5,17.63307692307692,50.63461538461539,15.934615384615386,3.398846153846154,3.1500000000000004,southeast,False,0.048928846153846184,822.1269375000005
D1710,7297.81,0.4026730769230769,18374.4,17.432307692307692,83.80000000000001,29.053846153846152,0.9588461538461538,0.6515384615384616,northeast,False,0.04428269230769227,813.6679015384609
D1308,6884.37,0.40566153846153846,17157.1,17.560384615384613,78.52692307692308,28.01153846153846,0.8411538461538461,0.8,northeast,True,0.047271153846153824,811.0359136538457
D939,6580.77,0.4082769230769231,16180.7,17.673076923076923,78.99615384615385,28.323076923076922,0.9011538461538462,0.7538461538461539,northeast,False,0.049886538461538454,807.1991128846153
D575,3246.8,0.4745,6914.0,20.54090909090909,65.61818181818181,19.181818181818183,3.580909090909091,3.902727272727273,northeast,True,0.11610961538461534,802.7818807692305
D1390,5555.51,0.41825,13376.1,18.106111111111108,54.233333333333334,15.761111111111111,3.367777777777778,2.5855555555555556,southeast,True,0.05985961538461537,800.6882013461537
D958,6081.95,0.41209615384615383,14894.9,17.83923076923077,83.75,29.719230769230766,0.7615384615384616,0.8023076923076923,northeast,True,0.053705769230769196,799.942062115384
D054,6046.4,0.4118076923076923,14951.8,17.826538461538462,76.46923076923078,28.342307692307692,0.8715384615384616,0.9434615384615385,northeast,False,0.05341730769230768,798.6849011538459
D985,6230.21,0.4099038461538462,15496.1,17.74346153846154,83.00384615384615,29.407692307692308,0.9680769230769232,0.8023076923076923,northeast,False,0.051513461538461536,798.2577513461538
D1874,5241.57,0.4217111111111111,12492.5,18.25611111111111,54.349999999999994,15.899999999999999,4.502222222222223,2.3899999999999997,southeast,False,0.06332072649572645,791.0341757478627
D109,6375.73,0.4082461538461538,15836.7,17.673461538461538,78.73461538461538,28.73076923076923,0.9061538461538461,0.8015384615384615,northeast,False,0.049855769230769176,789.5508605769222
D528,6530.94,0.40655384615384615,16347.3,17.600384615384616,80.17692307692307,29.053846153846152,0.7465384615384616,0.6415384615384615,northeast,True,0.048163461538461516,787.342554807692
D745,5253.05,0.4197782608695652,12798.2,18.173478260869565,80.49130434782609,29.065217391304348,1.2017391304347826,0.938695652173913,northeast,False,0.06138787625418057,785.6543178762539
D705,4780.3,0.42959473684210525,11002.7,18.59631578947368,57.521052631578954,18.28421052631579,3.796315789473684,3.4200000000000004,northeast,False,0.07120435222672061,783.4401262449389
D1949,6731.22,0.40485,16713.9,17.52576923076923,82.45769230769231,28.965384615384615,0.8853846153846153,0.8715384615384616,northeast,True,0.04645961538461535,776.5213655769226
D1538,6436.5599999999995,0.40676923076923077,16050.5,17.60884615384615,78.58076923076922,27.77692307692308,0.9315384615384615,0.8730769230769231,northeast,False,0.04837884615384613,776.5046701923073
D1236,6887.349999999999,0.4030307692307692,17380.8,17.446153846153848,75.64615384615385,26.88076923076923,0.8088461538461539,0.4938461538461538,northeast,True,0.044640384615384554,775.8855969230758
D660,6019.15,0.410426923076923,14811.4,17.766923076923078,81.82692307692308,29.315384615384616,0.6900000000000001,0.6261538461538462,northeast,True,0.052036538461538384,770.7339857692295
D1872,6028.09,0.41021153846153846,14831.1,17.757692307692306,80.57307692307693,28.442307692307693,0.6926923076923076,0.6338461538461538,northeast,True,0.05182115384615382,768.564714807692
D323,6273.17,0.40850000000000003,15331.5,17.684615384615384,77.66538461538461,28.611538461538462,0.825,0.7715384615384615,northeast,True,0.05010961538461539,768.2555682692308
D1499,6482.36,0.40595000000000003,16152.8,17.57346153846154,78.3423076923077,27.896153846153844,0.6946153846153845,0.8823076923076923,northeast,True,0.047559615384615395,768.2209553846155
D1049,6530.57,0.4054269230769231,16276.0,17.551923076923078,73.36153846153846,26.396153846153844,0.6807692307692308,0.7315384615384615,northeast,True,0.047036538461538435,765.5666999999996
D1620,6429.3,0.4066083333333333,15841.7,17.601666666666667,77.92083333333333,27.520833333333332,1.0658333333333332,0.95375,northeast,False,0.048217948717948655,763.8542782051272
D1267,3336.56,0.46537500000000004,7126.2,20.145833333333332,63.9,18.875,4.519166666666666,2.8925,northeast,False,0.1069846153846154,762.3937661538463
D1505,6581.52,0.40530000000000005,16235.3,17.54576923076923,73.87307692307692,26.823076923076922,0.8873076923076924,0.8484615384615384,northeast,False,0.04690961538461541,761.5916786538465
D215,6591.22,0.40426153846153845,16533.8,17.499615384615385,74.64615384615385,27.41923076923077,0.8965384615384615,0.48538461538461536,northeast,True,0.04587115384615381,758.4244834615379
D718,5999.86,0.4101461538461538,14649.1,17.754615384615384,81.00384615384615,28.846153846153847,0.8134615384615385,0.8376923076923077,northeast,False,0.05175576923076919,758.1754390384609
D1776,5020.18,0.42210000000000003,11868.2,18.273125,51.4375,14.96875,4.173125,2.645,southeast,False,0.06370961538461539,756.1184573076924
D522,6478.04,0.40524230769230773,16131.8,17.543076923076924,78.73846153846154,28.26923076923077,0.9942307692307693,0.536923076923077,northeast,False,0.0468519230769231,755.805852692308
D1850,6687.57,0.40399615384615384,16555.6,17.488846153846154,75.4076923076923,27.06153846153846,0.7407692307692308,0.7596153846153846,northeast,True,0.0456057692307692,755.0308730769225
D630,4410.19,0.4320642857142857,10191.6,18.705714285714286,55.80714285714286,16.271428571428572,4.146428571428571,3.0914285714285716,southeast,False,0.07367390109890104,750.8549304395599
D1171,6506.5,0.4040423076923077,16374.6,17.49076923076923,77.09615384615384,27.615384615384617,1.0196153846153846,0.8773076923076922,northeast,False,0.04565192307692306,747.5319796153844
D1090,6237.4,0.40668076923076923,15471.3,17.60423076923077,75.5,27.307692307692307,1.0457692307692308,0.8142307692307692,northeast,False,0.048290384615384596,747.1150274999997
D124,3496.38,0.4542615384615385,7774.9,19.665384615384617,52.130769230769225,16.384615384615383,3.0046153846153847,2.6538461538461537,northeast,True,0.09587115384615386,745.3886340384615
D043,7265.56,0.39921153846153845,18221.2,17.281923076923075,74.29230769230769,27.065384615384616,1.0296153846153846,0.5303846153846155,northeast,False,0.04082115384615381,743.8104084615379
D258,5891.46,0.40954615384615384,14447.7,17.729230769230767,77.33076923076923,27.657692307692308,0.9550000000000001,0.37999999999999995,northeast,True,0.0511557692307692,739.0832071153842
D1522,4650.51,0.4256875,10981.0,18.427500000000002,49.0125,14.856250000000001,3.405625,3.53875,southeast,True,0.06729711538461536,738.9896240384612
D1672,6021.18,0.4083153846153846,14763.2,17.676153846153845,83.22692307692309,29.00769230769231,0.9034615384615384,0.8738461538461538,northeast,True,0.04992499999999994,737.0527599999991
D1791,6898.48,0.40086153846153844,17319.3,17.352692307692305,77.36153846153846,27.565384615384616,0.7592307692307692,0.5834615384615385,northeast,True,0.0424711538461538,735.5706548076914
D439,6318.0,0.4051692307692308,15660.7,17.539615384615384,74.43461538461538,27.18846153846154,1.051923076923077,0.5734615384615385,northeast,False,0.04677884615384614,732.5894759615384
D1902,5958.25,0.40766153846153846,14824.9,17.64730769230769,74.04230769230769,27.653846153846153,1.2461538461538462,0.5742307692307692,northeast,False,0.049271153846153826,730.4399286538459
D273,6346.0,0.40410769230769233,15919.6,17.493846153846153,76.21923076923078,27.765384615384615,0.6357692307692309,0.8165384615384615,northeast,True,0.045717307692307696,727.8012515384617
D814,6334.96,0.40481923076923076,15669.3,17.524615384615384,76.48076923076923,27.142307692307693,0.8192307692307692,0.8288461538461539,northeast,True,0.046428846153846126,727.507519038461
D1368,6880.47,0.4000846153846154,17399.7,17.320384615384615,76.77307692307691,27.200000000000003,0.7488461538461538,0.5023076923076923,northeast,True,0.04169423076923079,725.467107115385
D014,6205.98,0.40561153846153847,15363.0,17.55807692307692,73.82307692307693,27.042307692307695,0.87,0.746923076923077,northeast,False,0.04722115384615383,725.4585865384613
D362,5940.29,0.40734230769230767,14803.9,17.63423076923077,76.43846153846154,27.86923076923077,1.0215384615384615,0.4876923076923077,northeast,False,0.04895192307692303,724.6793740384609
D1939,5928.97,0.4079,14630.5,17.658076923076923,78.54230769230769,28.165384615384614,0.9084615384615385,0.6311538461538462,northeast,False,0.049509615384615346,724.3504278846149
D968,6115.63,0.4062095238095238,15125.800000000001,17.584761904761905,75.5,26.714285714285715,0.8595238095238096,0.6661904761904762,northeast,True,0.04781913919413916,723.3027356227102
D879,6378.35,0.4041846153846154,15787.6,17.498076923076923,75.37692307692308,27.392307692307693,0.9057692307692308,0.875,northeast,False,0.04579423076923078,722.9809976923079
D146,6450.87,0.4030884615384615,16168.6,17.45076923076923,74.78846153846153,26.842307692307692,1.1242307692307691,0.8373076923076923,northeast,False,0.04469807692307687,722.7053265384607
D1584,5973.92,0.4072230769230769,14749.1,17.62807692307692,79.57307692307693,28.01153846153846,0.9057692307692308,0.7219230769230769,northeast,True,0.04883269230769227,720.2382621153841
D254,6469.42,0.40324615384615387,16046.5,17.455384615384613,78.16538461538461,27.273076923076925,0.8557692307692307,0.6092307692307692,northeast,True,0.04485576923076923,719.7781009615384
D1352,6043.87,0.4066260869565217,14909.1,17.60304347826087,74.58260869565218,26.717391304347824,0.998695652173913,0.7156521739130435,northeast,False,0.048235702341137054,719.1509097742464
D964,5064.47,0.415847619047619,12504.0,18.003809523809522,85.4095238095238,29.347619047619045,1.0695238095238095,0.7847619047619048,northeast,False,0.05745723443223438,718.4452593406587
D1735,6359.01,0.4028230769230769,16078.0,17.43769230769231,76.29230769230769,27.661538461538463,1.0284615384615385,0.5019230769230769,northeast,False,0.044432692307692256,714.3888269230761
D917,6667.89,0.4007538461538462,16845.0,17.34923076923077,72.34230769230768,26.265384615384615,0.875,0.9138461538461539,northeast,False,0.042363461538461544,713.6125096153847
D1951,6685.32,0.4008884615384615,16775.1,17.354615384615386,78.70769230769231,27.853846153846156,1.016923076923077,0.4253846153846154,northeast,False,0.04249807692307689,712.9094901923071
D1115,4427.53,0.42670714285714284,10411.5,18.470714285714283,58.41428571428571,16.67142857142857,3.676428571428571,2.6007142857142855,southeast,False,0.0683167582417582,711.2799284340655
D1937,6081.22,0.4060346153846154,14908.8,17.57730769230769,77.31153846153846,27.700000000000003,0.9665384615384615,0.7111538461538461,northeast,False,0.047644230769230744,710.3183076923073
D1513,6530.91,0.4013961538461538,16485.8,17.376153846153844,76.75769230769231,27.642307692307693,0.9673076923076922,0.7069230769230769,northeast,False,0.04300576923076915,708.984510384614
D569,3532.5,0.4473909090909091,7963.1,19.367272727272727,105.7090909090909,28.94545454545454,1.6309090909090906,2.0290909090909093,southeast,False,0.08900052447552448,708.720076451049
D1271,7330.67,0.39705384615384615,18328.4,17.18846153846154,57.66923076923077,16.865384615384617,2.519230769230769,2.1865384615384618,southeast,True,0.03866346153846151,708.6393884615379
D460,6421.39,0.4019346153846154,16234.4,17.400384615384613,79.58846153846154,27.596153846153847,1.0284615384615385,0.5719230769230769,northeast,False,0.04354423076923075,706.9144599999997
D1197,6441.22,0.4019346153846154,16167.7,17.39923076923077,77.43461538461538,27.515384615384615,0.9880769230769231,0.7157692307692307,northeast,False,0.04354423076923075,704.0100598076921
D1883,6887.36,0.3992769230769231,17170.8,17.282692307692308,74.75,26.74230769230769,0.9346153846153846,0.841923076923077,northeast,False,0.040886538461538446,702.0545746153844
D1556,6633.89,0.4003576923076923,16664.9,17.33153846153846,74.58846153846153,27.226923076923075,0.6865384615384615,0.7276923076923076,northeast,True,0.041967307692307665,699.380985961538
D097,6592.36,0.40063461538461537,16552.4,17.343846153846155,76.50769230769231,27.442307692307693,0.981923076923077,0.628076923076923,northeast,False,0.04224423076923073,699.2434053846148
D1398,6171.02,0.40419615384615387,15246.9,17.49692307692308,75.28846153846153,26.946153846153848,0.8296153846153846,0.7346153846153847,northeast,True,0.04580576923076923,698.3959828846154
D1837,5904.4400000000005,0.4056153846153846,14742.4,17.56,78.08846153846153,27.907692307692308,0.9557692307692308,0.40653846153846157,northeast,True,0.04722499999999996,696.2098399999994
D858,6906.08,0.3983076923076923,17434.6,17.24192307692308,76.9,27.049999999999997,0.9930769230769231,0.5423076923076923,northeast,False,0.03991730769230767,695.9422926923072
D1113,2883.07,0.4709,6158.6,20.384,61.27,18.369999999999997,3.393,2.9880000000000004,northeast,True,0.11250961538461535,692.9017173076921
D1006,6173.96,0.4028653846153846,15573.7,17.44,77.02692307692308,27.388461538461538,0.6996153846153846,0.4969230769230769,northeast,True,0.04447499999999999,692.6403074999998
D490,6258.92,0.402368,15736.5,17.418,76.568,27.528000000000002,1.0228,0.5264,northeast,False,0.043977615384615365,692.0537444999997
D782,6997.55,0.39733076923076927,17741.1,17.200384615384614,71.56153846153846,25.892307692307693,0.7526923076923077,0.40884615384615386,northeast,True,0.03894038461538463,690.8452575000001
D1453,6411.69,0.4013115384615385,16091.5,17.373076923076923,76.9846153846154,27.415384615384614,0.7707692307692308,0.6196153846153846,northeast,True,0.04292115384615386,690.6657471153849
D908,6230.1,0.40289230769230766,15510.4,17.442692307692308,76.58461538461539,27.576923076923077,0.8538461538461538,0.711923076923077,northeast,True,0.04450192307692302,690.2426276923069
D202,6014.92,0.40463846153846156,14905.8,17.516923076923078,78.86923076923077,27.896153846153844,1.1261538461538463,0.9607692307692308,northeast,False,0.04624807692307692,689.3645849999999
D624,6190.29,0.4025884615384615,15583.9,17.428461538461537,77.11923076923077,27.49230769230769,0.7457692307692307,0.7907692307692307,northeast,True,0.04419807692307687,688.7784109615376
D603,5997.57,0.4038538461538461,15092.4,17.481923076923074,79.28461538461539,28.46153846153846,0.8999999999999999,0.7088461538461538,northeast,False,0.04546346153846148,686.152746923076
D1314,6379.95,0.4009423076923077,16110.1,17.357307692307693,77.23076923076923,27.342307692307692,0.9334615384615385,0.7996153846153846,northeast,False,0.04255192307692307,685.5157359615383
D1343,3392.55,0.4475181818181818,7690.4,19.37272727272727,107.74545454545455,29.372727272727275,1.5645454545454547,2.132727272727273,southeast,False,0.08912779720279718,685.4284116083913
D669,6928.13,0.3974923076923077,17496.0,17.20653846153846,73.96538461538461,27.065384615384616,0.926923076923077,0.8734615384615385,northeast,False,0.03910192307692306,684.1272461538459
D269,6273.95,0.401764,15771.8,17.392,75.692,27.516,1.238,0.8728,northeast,False,0.04337361538461537,684.0799871230766
D1206,7105.22,0.3963923076923077,17953.8,17.16,45.27307692307692,13.76923076923077,2.691923076923077,3.0,southeast,True,0.03800192307692307,682.2789265384614
D935,5861.17,0.40483846153846154,14581.2,17.52576923076923,75.14615384615385,27.411538461538463,0.8384615384615385,0.6288461538461539,northeast,True,0.0464480769230769,677.2686992307689
D103,6580.41,0.3992076923076923,16516.4,17.281153846153845,74.21153846153847,27.23076923076923,1.0976923076923077,0.7623076923076924,northeast,False,0.04081730769230768,674.1549807692306
D1581,6325.68,0.40025,16089.2,17.326538461538462,76.32307692307693,27.442307692307693,1.063076923076923,0.801923076923077,northeast,False,0.041859615384615356,673.4877238461535
D1699,6597.6,0.3988346153846154,16649.5,17.26576923076923,75.21538461538461,27.165384615384614,1.0165384615384616,0.8126923076923076,northeast,False,0.04044423076923076,673.3762201923075
D716,6346.76,0.40013846153846155,16054.5,17.321153846153848,77.20384615384616,27.657692307692308,0.9176923076923077,0.7903846153846155,northeast,True,0.041748076923076916,670.2445009615384
D1607,6457.71,0.3995,16261.8,17.29346153846154,77.46153846153847,27.426923076923078,1.0034615384615384,0.5296153846153846,northeast,False,0.04110961538461538,668.5163434615384
D683,6624.97,0.3983346153846154,16723.1,17.24423076923077,74.30384615384615,27.23846153846154,1.0803846153846153,0.8592307692307692,northeast,False,0.03994423076923076,667.9913655769228
D1674,6680.4,0.39803846153846156,16844.5,17.231153846153845,75.25769230769231,27.38076923076923,0.9503846153846154,0.8315384615384616,northeast,False,0.039648076923076925,667.8520317307692
D1138,6035.79,0.40250384615384616,15136.6,17.424230769230768,77.75384615384615,27.9,0.9726923076923076,0.8619230769230769,northeast,False,0.04411346153846152,667.7278219230766
D228,6222.62,0.4013576923076923,15537.2,17.373076923076923,73.6076923076923,27.0,0.8592307692307692,0.83,northeast,True,0.042967307692307666,667.5916530769227
D1214,6238.32,0.4009846153846154,15639.6,17.35923076923077,73.4423076923077,26.653846153846153,0.9265384615384615,0.5499999999999999,northeast,False,0.042594230769230745,666.1567315384611
D1401,6327.01,0.4003038461538461,15872.6,17.32923076923077,77.92307692307692,27.903846153846153,0.7796153846153846,0.5992307692307692,northeast,True,0.04191346153846148,665.2756096153837
D142,5860.46,0.40424230769230773,14505.4,17.500384615384615,79.24615384615385,28.88076923076923,0.7976923076923078,0.7446153846153846,northeast,True,0.045851923076923096,665.1004850000003
D871,6539.42,0.39842692307692307,16583.9,17.247692307692308,76.55,27.31153846153846,1.0134615384615384,0.7953846153846154,northeast,False,0.04003653846153843,663.9619501923072
D925,5126.95,0.410968,12622.5,17.7916,82.73200000000001,29.164,1.036,0.902,northeast,False,0.05257761538461536,663.6609501923074
D110,6190.64,0.400552,15718.300000000001,17.34,76.38,27.355999999999998,0.7959999999999999,0.902,northeast,True,0.04216161538461538,662.7089191
D1247,5778.88,0.40402307692307693,14500.300000000001,17.490384615384617,78.84615384615384,27.96923076923077,0.9061538461538461,0.5126923076923077,northeast,True,0.04563269230769229,661.6877282692305
D1175,7006.25,0.3955692307692308,17765.8,17.123076923076923,74.83461538461539,27.196153846153848,0.8792307692307693,0.5969230769230769,northeast,True,0.037178846153846146,660.5119449999999
D1574,6928.0599999999995,0.3960961538461539,17509.4,17.146538461538462,75.02692307692308,26.746153846153845,0.6211538461538461,0.5661538461538462,northeast,True,0.03770576923076924,660.2053957692309
D147,6308.2300000000005,0.3994115384615385,16078.9,17.291153846153847,75.57307692307693,27.22307692307692,1.0153846153846156,0.4696153846153846,northeast,False,0.041021153846153846,659.575030576923
D1933,6495.05,0.3981,16576.8,17.234615384615385,75.36538461538461,27.134615384615383,0.8165384615384615,0.8130769230769231,northeast,True,0.03970961538461537,658.258352307692
D1530,6543.48,0.3981846153846154,16537.0,17.237692307692306,75.84615384615384,27.103846153846156,1.0392307692307692,0.8296153846153846,northeast,False,0.039794230769230776,658.0771942307694
D1728,6707.53,0.3971692307692308,16969.5,17.193461538461538,73.32307692307693,26.799999999999997,1.0576923076923077,0.7788461538461539,northeast,False,0.038778846153846136,658.057629807692
D833,6160.8,0.4015384615384615,15248.1,17.38153846153846,49.96153846153846,14.830769230769231,3.6273076923076926,3.1149999999999998,southeast,False,0.04314807692307687,657.9261917307684
D740,6236.97,0.4003730769230769,15652.8,17.331153846153846,77.65384615384616,27.47307692307692,0.7157692307692307,0.5761538461538461,northeast,True,0.04198269230769225,657.1466861538452
D527,6186.35,0.4002576923076923,15664.800000000001,17.325769230769232,76.37307692307692,27.29615384615385,0.9415384615384615,0.7411538461538462,northeast,False,0.041867307692307676,655.8430015384613
D093,5632.95,0.4051692307692308,13998.5,17.53923076923077,75.83846153846153,27.792307692307695,0.9223076923076923,0.7103846153846154,northeast,True,0.04677884615384614,654.8336778846152
D408,6250.7,0.39963076923076923,15874.4,17.301153846153845,80.72692307692309,28.696153846153848,0.7507692307692307,0.8046153846153847,northeast,True,0.041240384615384595,654.6663615384612
D1532,2795.2,0.4670727272727273,6021.2,20.22,60.88181818181818,18.481818181818184,3.899090909090909,3.6727272727272724,northeast,True,0.10868234265734267,654.3981216083916
D1689,5859.37,0.4020461538461539,14891.1,17.405,79.38461538461539,28.41923076923077,0.8073076923076924,0.7234615384615384,northeast,False,0.04365576923076925,650.0824251923079
D1604,5901.49,0.4017846153846154,14962.4,17.393846153846155,79.96153846153847,29.123076923076926,0.9165384615384615,0.7253846153846154,northeast,False,0.04339423076923077,649.2818384615384
D1868,6750.97,0.39620769230769226,17152.0,17.15153846153846,74.21153846153847,27.18846153846154,1.1553846153846155,0.6630769230769231,northeast,False,0.03781730769230762,648.6424615384603
D1920,6049.99,0.4009807692307692,15228.7,17.35884615384615,75.74230769230769,27.226923076923075,0.78,0.6111538461538462,northeast,False,0.04259038461538456,648.5961901923068
D1162,6019.31,0.40061153846153846,15339.5,17.34269230769231,76.38461538461539,26.79615384615385,0.9234615384615386,0.8211538461538462,northeast,False,0.042221153846153825,647.6513894230766
D246,6150.01,0.39963076923076923,15661.5,17.299615384615386,75.4076923076923,27.092307692307692,1.0134615384615384,0.8457692307692308,northeast,False,0.041240384615384595,645.8862836538458
D1852,6406.76,0.3981192307692308,16256.7,17.23384615384615,76.43461538461538,26.98846153846154,1.0726923076923076,0.8184615384615385,northeast,False,0.03972884615384614,645.8599332692306
D552,6192.01,0.3995423076923077,15630.0,17.29576923076923,74.85,26.642307692307693,1.0757692307692308,0.8723076923076923,northeast,False,0.04115192307692306,643.2045576923074
D1928,5889.85,0.40149615384615384,14883.4,17.381153846153847,80.83076923076922,28.47307692307692,0.981923076923077,0.5153846153846154,northeast,False,0.0431057692307692,641.5604057692302
D508,6103.81,0.40012692307692305,15348.1,17.320769230769233,74.28461538461539,27.234615384615385,0.9400000000000001,0.4807692307692308,northeast,False,0.04173653846153841,640.5765659615377
D002,5764.68,0.40255384615384615,14502.3,17.42576923076923,75.56923076923077,27.28076923076923,1.0203846153846154,0.5742307692307692,northeast,False,0.04416346153846151,640.4717682692303
D1097,6465.65,0.39763076923076923,16300.2,17.214615384615385,73.4423076923077,26.41923076923077,1.1084615384615384,0.6423076923076922,northeast,False,0.039240384615384594,639.626117307692
D395,6013.1,0.4010153846153846,14997.5,17.36076923076923,75.74230769230769,27.89230769230769,0.9326923076923077,0.5057692307692307,northeast,False,0.04262499999999997,639.2684374999995
D1652,6133.97,0.4000230769230769,15345.6,17.31576923076923,77.0,27.33076923076923,1.0526923076923078,0.8642307692307691,northeast,False,0.04163269230769229,638.8786430769228
D1663,6415.83,0.3975153846153846,16281.3,17.209230769230768,74.02307692307691,26.746153846153845,0.7738461538461539,0.5,northeast,True,0.039124999999999965,637.0058624999994
D373,5979.34,0.40113461538461537,14894.9,17.36576923076923,74.28076923076922,26.842307692307692,0.8588461538461538,0.8165384615384615,northeast,True,0.04274423076923073,636.6710428846147
D1518,6884.57,0.39453076923076924,17602.8,17.07846153846154,73.66153846153847,26.61923076923077,1.0226923076923078,0.8288461538461539,northeast,False,0.0361403846153846,636.1719623076921
D150,6305.13,0.39826538461538463,15952.1,17.241153846153846,78.71153846153847,27.323076923076922,0.9092307692307693,0.7934615384615384,northeast,False,0.039874999999999994,636.0899874999999
D863,6319.1,0.39795,16077.5,17.227307692307694,75.13076923076923,27.49230769230769,0.8796153846153847,0.9507692307692307,northeast,False,0.03955961538461539,636.0197163461539
D1761,6547.2,0.39641538461538456,16712.3,17.16076923076923,71.51923076923077,26.26153846153846,0.7626923076923077,0.7692307692307693,northeast,True,0.03802499999999992,635.4852074999986
D088,5899.23,0.4011769230769231,14845.4,17.36653846153846,76.93076923076923,27.54615384615385,1.0496153846153846,0.47961538461538467,northeast,False,0.04278653846153846,635.183278076923
D1119,7291.23,0.39235000000000003,18674.9,16.98576923076923,68.97307692307692,25.25769230769231,1.0134615384615384,0.8669230769230769,northeast,False,0.033959615384615394,634.1924213461541
D069,6653.15,0.3955730769230769,17017.4,17.123461538461537,77.33461538461539,26.930769230769233,0.995,0.666923076923077,northeast,False,0.03718269230769228,632.7527480769227
D1711,5895.6900000000005,0.40130769230769225,14741.0,17.372692307692308,76.82307692307693,27.534615384615385,0.8892307692307693,0.7215384615384616,northeast,False,0.042917307692307616,632.6440326923066
D1810,3070.81,0.4510111111111111,6827.8,19.524444444444445,57.34444444444445,16.61111111111111,4.7588888888888885,4.199999999999999,southeast,False,0.09262072649572645,632.395796367521
D1719,5063.94,0.40915,12457.2,17.713,77.37,27.075,0.9199999999999999,1.049,northeast,True,0.050759615384615375,632.3226807692307
D024,3781.2,0.4294153846153846,8900.5,18.59,54.138461538461534,16.25384615384615,4.223076923076923,3.784615384615385,southeast,False,0.07102499999999995,632.1580124999996
D1932,6730.74,0.3952538461538462,17137.4,17.111153846153847,73.10000000000001,26.323076923076922,0.8592307692307692,0.8384615384615385,northeast,False,0.03686346153846154,631.7438857692308
D1193,6242.97,0.3984884615384615,15723.1,17.250384615384615,73.21923076923078,26.746153846153845,1.1861538461538461,0.6230769230769231,northeast,False,0.040098076923076875,630.46607326923
D1820,6428.17,0.3971192307692307,16243.0,17.191538461538464,75.50384615384615,27.48846153846154,0.875,0.8042307692307692,northeast,False,0.038728846153846086,629.072648076922
D366,6801.5,0.3948230769230769,17254.2,17.092307692307692,71.3,25.93846153846154,0.6065384615384615,0.818076923076923,northeast,True,0.03643269230769225,628.6169596153836
D206,6526.94,0.3966,16440.3,17.16846153846154,77.75384615384615,28.299999999999997,1.065,0.8507692307692308,northeast,False,0.03820961538461537,628.177539807692
D500,6355.13,0.39742692307692307,16039.0,17.205384615384613,78.4076923076923,28.034615384615385,1.0834615384615385,0.9742307692307693,northeast,False,0.03903653846153843,626.1070403846148
D261,6206.2,0.3985961538461539,15566.6,17.25653846153846,77.8923076923077,27.72307692307692,0.9419230769230769,0.8557692307692307,northeast,False,0.04020576923076924,625.8671273076925
D368,4535.18,0.41423529411764703,11161.5,17.93235294117647,78.7764705882353,27.66470588235294,1.3841176470588237,0.8411764705882353,northeast,False,0.055844909502262396,623.3129574095018
D1387,6497.29,0.39626153846153844,16458.7,17.154615384615383,73.33076923076922,26.826923076923077,0.8642307692307691,0.5323076923076923,northeast,False,0.037871153846153804,623.3099598076916
D419,6205.29,0.3984153846153846,15543.9,17.247692307692308,76.13076923076923,27.665384615384614,1.0265384615384616,0.5361538461538461,northeast,False,0.04002499999999998,622.1445974999996
D664,6923.3099999999995,0.39368461538461536,17620.1,17.04346153846154,70.43846153846154,25.6,1.0150000000000001,0.5473076923076923,northeast,False,0.03529423076923072,621.887875576922
D592,6525.22,0.3960192307692308,16502.7,17.14346153846154,74.86538461538461,26.71153846153846,0.9561538461538461,0.8099999999999999,northeast,False,0.03762884615384615,620.977559423077
D954,6077.57,0.3990346153846154,15268.3,17.27423076923077,79.11153846153846,27.70384615384615,1.0692307692307692,0.5673076923076923,northeast,False,0.04064423076923074,620.5683086538456
D785,6743.46,0.3943653846153846,17214.8,17.071923076923078,71.61538461538461,26.576923076923077,0.7176923076923077,0.571923076923077,northeast,True,0.03597499999999998,619.3024299999996
D127,6657.29,0.39523461538461535,16768.3,17.110384615384614,75.17692307692307,26.903846153846153,1.0196153846153846,0.9134615384615384,northeast,False,0.03684423076923071,617.8151148076913
D1132,5550.4,0.4023269230769231,14008.2,17.41653846153846,74.03461538461539,27.16923076923077,0.8053846153846155,0.8803846153846154,northeast,True,0.043936538461538444,615.4718180769229
D961,6197.78,0.3974192307692308,15766.4,17.20423076923077,73.36538461538461,26.85,1.0488461538461538,0.6799999999999999,northeast,False,0.039028846153846164,615.3444000000002
D1017,6089.19,0.39806538461538465,15482.2,17.232692307692307,76.81538461538462,27.734615384615385,0.8607692307692307,0.7988461538461539,northeast,True,0.039675000000000016,614.2562850000003
D553,6237.76,0.3968923076923077,15953.2,17.181538461538462,77.33846153846153,27.884615384615383,1.0965384615384615,0.5942307692307692,northeast,False,0.03850192307692307,614.2288792307692
D533,5899.57,0.4002076923076923,14666.0,17.325384615384614,72.18461538461538,26.611538461538462,0.7750000000000001,0.905,northeast,True,0.04181730769230768,613.2926346153845
D296,6828.22,0.39313846153846155,17510.2,17.01846153846154,76.57307692307693,27.01153846153846,0.6834615384615385,0.5861538461538461,northeast,True,0.03474807692307691,608.4457765384614
D1103,7005.28,0.3918115384615385,18170.9,16.96153846153846,74.54230769230769,26.9,0.8988461538461539,0.9530769230769232,northeast,False,0.03342115384615385,607.2924444230771
D464,2950.31,0.45222222222222225,6469.0,19.57888888888889,106.32222222222222,28.466666666666665,1.521111111111111,2.2633333333333336,southeast,True,0.09383183760683761,606.9981574786325
D1084,5925.92,0.39872692307692303,14965.0,17.261153846153846,76.38846153846154,27.36923076923077,1.066153846153846,0.5596153846153846,northeast,False,0.040336538461538396,603.6362980769221
D969,6490.97,0.3949769230769231,16484.5,17.1,74.78846153846153,27.092307692307692,0.8176923076923077,0.5211538461538462,northeast,True,0.036586538461538476,603.110793269231
D834,5921.389999999999,0.3984576923076923,15015.0,17.24923076923077,74.52692307692308,27.06153846153846,1.0469230769230768,0.7976923076923076,northeast,False,0.04006730769230765,601.6106249999993
D1631,6770.53,0.3928884615384615,17391.7,17.00807692307692,74.12692307692308,26.76923076923077,0.9246153846153846,0.5611538461538461,northeast,False,0.03449807692307688,599.9802044230762
D423,4431.96,0.41515,10489.8,17.97142857142857,51.63571428571429,14.65,4.298571428571429,2.3742857142857146,southeast,False,0.05675961538461538,595.3970134615383
D1109,6165.5599999999995,0.3959653846153846,15814.5,17.14076923076923,76.75769230769231,27.107692307692307,0.8253846153846154,0.4673076923076923,northeast,True,0.03757499999999997,594.2298374999995
D1303,6119.63,0.39653846153846156,15563.1,17.165769230769232,72.96538461538461,26.334615384615383,1.0134615384615384,0.5907692307692307,northeast,False,0.03814807692307692,593.7023359615384
D512,6511.57,0.3937269230769231,16797.9,17.04576923076923,70.71538461538461,26.48076923076923,1.0776923076923077,0.9096153846153846,northeast,False,0.03533653846153845,593.5796394230767
D1281,5720.82,0.3997153846153846,14321.1,17.303846153846152,74.95769230769231,27.60769230769231,0.8038461538461538,0.6323076923076923,northeast,False,0.041324999999999945,591.8194574999992
D404,5412.23,0.40236190476190475,13447.8,17.41857142857143,73.89047619047619,26.357142857142858,0.9700000000000001,0.6523809523809524,northeast,True,0.043971520146520116,591.3202086263732
D1520,4453.54,0.4124388888888889,10928.8,17.854444444444443,82.67777777777778,28.08888888888889,0.9511111111111111,0.931111111111111,northeast,True,0.05404850427350427,590.6852935042734
D159,5931.3,0.3974884615384615,15075.9,17.206923076923076,76.37692307692308,27.896153846153844,0.9130769230769231,0.8073076923076924,northeast,True,0.039098076923076874,589.4386978846146
D485,3201.16,0.4385636363636364,7351.2,18.984545454545454,53.054545454545455,15.3,4.809090909090909,4.0,southeast,False,0.08017325174825174,589.3696082517482
D361,6423.36,0.39440384615384616,16349.1,17.073076923076925,73.6076923076923,26.76923076923077,0.785,0.5988461538461538,northeast,True,0.03601346153846152,588.7876840384613
D1160,6480.41,0.3941038461538462,16445.2,17.060769230769232,69.75384615384615,25.957692307692305,1.0288461538461537,0.4969230769230769,northeast,False,0.035713461538461555,587.315017692308
D1120,6385.12,0.39440000000000003,16307.5,17.073846153846155,73.67692307692309,27.01153846153846,0.941923076923077,0.5503846153846154,northeast,False,0.03600961538461539,587.2268028846155
D1481,6213.73,0.3953615384615385,15793.1,17.116153846153846,74.12307692307692,26.66923076923077,0.7280769230769231,0.635,northeast,True,0.03697115384615385,583.8891298076924
D1692,6123.17,0.39587307692307694,15568.3,17.138076923076923,74.50769230769231,27.292307692307695,0.8815384615384616,0.7384615384615384,northeast,False,0.0374826923076923,583.5417986538461
D847,6013.67,0.3966423076923077,15230.5,17.17076923076923,75.70384615384616,27.384615384615383,1.1753846153846153,0.7796153846153846,northeast,False,0.038251923076923044,582.5959144230765
D739,6484.18,0.39381923076923075,16419.3,17.048076923076923,74.4076923076923,26.01923076923077,0.9069230769230769,0.7457692307692307,northeast,False,0.035428846153846116,581.7168536538455
D1365,5667.26,0.3983730769230769,14529.1,17.24576923076923,79.33461538461538,27.76923076923077,0.9138461538461539,0.8907692307692308,northeast,True,0.03998269230769225,580.9125348076915
D561,5731.28,0.39884230769230766,14354.4,17.265384615384615,77.20384615384616,27.46923076923077,0.7903846153846155,0.5792307692307692,northeast,True,0.040451923076923024,580.6630846153838
D1847,5968.95,0.3964846153846154,15221.2,17.16423076923077,77.58076923076922,27.423076923076923,1.1746153846153846,0.5623076923076924,northeast,False,0.03809423076923074,579.839905384615
D1157,3344.89,0.43331818181818177,7737.2,18.758181818181818,53.872727272727275,15.445454545454545,4.7272727272727275,3.6645454545454546,southeast,False,0.07492779720279713,579.7313525174819
D154,3794.1,0.4234928571428571,8897.0,18.33285714285714,53.90714285714286,14.785714285714286,4.401428571428571,2.4792857142857145,southeast,False,0.06510247252747248,579.2166980769226
D1497,2949.88,0.44556000000000007,6613.9,19.288,56.14,16.169999999999998,3.726,4.025,southeast,True,0.08716961538461543,576.531119192308
D1275,5852.61,0.39745,14723.8,17.20423076923077,74.92307692307692,26.299999999999997,0.893076923076923,0.6530769230769231,northeast,False,0.03905961538461539,575.105965
D832,6128.85,0.3953576923076923,15501.1,17.11576923076923,75.41538461538461,27.23076923076923,0.8780769230769232,0.6261538461538462,northeast,True,0.03696730769230766,573.0339332692303
D661,4372.34,0.4117823529411765,10713.3,17.826470588235296,83.33529411764707,28.958823529411767,1.1029411764705883,0.7052941176470588,northeast,False,0.05339196832579185,572.0041742647057
D1024,4553.64,0.41025333333333336,11021.3,17.759999999999998,53.833333333333336,15.513333333333332,3.6693333333333333,3.658666666666667,southeast,True,0.05186294871794872,571.5971167051282
D1215,4412.1,0.41115,10796.6,17.798,81.77000000000001,28.544999999999998,1.223,0.931,northeast,False,0.05275961538461538,569.6244634615384
D692,6518.53,0.39264615384615387,16614.4,16.997307692307693,76.27307692307691,26.91923076923077,0.8973076923076923,0.6338461538461538,northeast,False,0.03425576923076923,569.1390523076923
D1354,6016.28,0.39572307692307696,15231.2,17.129615384615384,72.45384615384616,25.99230769230769,0.7776923076923077,0.5111538461538462,northeast,True,0.03733269230769232,568.6217030769233
D862,5995.21,0.39535,15317.5,17.114615384615384,75.74615384615385,27.092307692307692,1.001923076923077,0.5461538461538461,northeast,False,0.03695961538461534,566.1289086538454
D756,6125.1900000000005,0.394632,15614.6,17.083199999999998,76.3,26.944000000000003,1.1632,0.588,northeast,False,0.036241615384615344,565.8983275846148
D612,6406.86,0.39242916666666666,16532.4,16.9875,74.9875,26.09583333333333,1.1441666666666668,0.8175,northeast,False,0.034038782051282024,562.7427603846149
D783,6620.26,0.39153461538461537,16942.1,16.948846153846155,75.51153846153846,26.71153846153846,0.7046153846153846,0.7865384615384615,northeast,True,0.03314423076923073,561.532872115384
D1856,5317.49,0.4000695652173913,13451.199999999999,17.31826086956522,70.86521739130436,25.891304347826086,0.9513043478260869,0.8917391304347827,northeast,True,0.04167918060200665,560.6349941137117
D829,6048.37,0.39479615384615385,15399.5,17.090769230769233,72.53076923076922,26.465384615384615,0.8134615384615386,0.5992307692307692,northeast,True,0.036405769230769214,560.6306432692305
D243,6318.57,0.3928384615384616,16258.2,17.00576923076923,70.93076923076923,26.31153846153846,1.0896153846153847,0.8134615384615385,northeast,False,0.03444807692307694,560.0637242307696
D1733,5887.5,0.39545,15040.8,17.119230769230768,74.46538461538461,27.13076923076923,0.7207692307692307,0.7619230769230769,northeast,True,0.037059615384615385,557.4062630769231
D199,6863.81,0.38953076923076924,17801.6,16.861538461538462,71.91538461538461,26.38076923076923,0.6688461538461539,0.4788461538461538,northeast,True,0.031140384615384598,554.3486707692304
D1651,6207.62,0.3923076923076923,16178.8,16.982692307692307,76.65384615384616,27.323076923076922,0.7976923076923076,0.5630769230769231,northeast,True,0.03391730769230766,548.7413376923072
D161,5918.55,0.39473461538461535,15036.2,17.088076923076922,73.21153846153847,26.542307692307695,0.9400000000000001,0.8669230769230769,northeast,False,0.03634423076923071,546.4791226923069
D869,6390.08,0.3916115384615385,16432.399999999998,16.95346153846154,72.04615384615384,26.326923076923077,1.0007692307692309,0.8099999999999999,northeast,False,0.03322115384615387,545.9032884615389
D812,6066.55,0.39335,15555.9,17.029230769230768,72.9423076923077,26.6,1.0965384615384617,0.7053846153846154,northeast,False,0.03495961538461534,543.8282809615378
D1148,5961.2699999999995,0.39406153846153846,15240.4,17.058461538461536,75.53076923076922,27.723076923076924,0.9869230769230769,0.46846153846153843,northeast,False,0.035671153846153825,543.6426530769228
D469,5620.35,0.3970461538461538,14055.7,17.188076923076924,70.56153846153846,25.623076923076926,0.7642307692307693,0.72,northeast,True,0.03865576923076919,543.3338955769225
D1870,6592.43,0.3904846153846154,16912.7,16.904615384615383,72.95769230769231,26.542307692307695,0.66,0.7265384615384616,northeast,True,0.032094230769230736,542.8000967307687
D278,6125.14,0.3926423076923077,15673.0,16.997307692307693,76.14615384615385,27.103846153846156,0.8696153846153846,0.7234615384615384,northeast,True,0.03425192307692304,536.8303903846148
D715,3824.88,0.4173833333333334,9080.4,18.07,47.53333333333333,13.799999999999999,3.455833333333333,3.9908333333333332,southeast,True,0.058992948717948746,535.6795715384618
D1576,5925.88,0.3937461538461538,15111.4,17.046153846153846,76.76153846153846,27.549999999999997,0.9973076923076923,0.5573076923076923,northeast,False,0.03535576923076916,534.2751711538451
D116,5436.2,0.39698076923076925,13831.6,17.18423076923077,72.53461538461539,27.115384615384617,0.635,0.855,northeast,True,0.03859038461538461,533.7667638461538
D457,3768.58,0.41677857142857144,9117.9,18.04357142857143,79.20714285714287,27.414285714285715,1.1521428571428571,0.5557142857142857,northeast,False,0.058388186813186804,532.377648543956
D1438,5906.41,0.39371153846153845,15015.1,17.045,75.83846153846153,27.35,1.1365384615384615,0.7423076923076923,northeast,False,0.03532115384615381,530.350657115384
D289,5505.38,0.39600769230769234,14030.0,17.142692307692307,75.24230769230769,27.6,1.0273076923076923,0.7861538461538462,northeast,False,0.0376173076923077,527.770826923077
D1540,5243.83,0.397955,13216.6,17.227,71.22,25.630000000000003,1.109,0.54,northeast,False,0.039564615384615365,522.9096956923074
D277,6403.15,0.38969230769230767,16560.3,16.87,71.44615384615385,26.076923076923077,0.7815384615384615,0.7234615384615384,northeast,True,0.03130192307692303,518.3692367307684
D837,5586.39,0.3939807692307692,14288.1,17.05576923076923,75.71923076923078,27.411538461538463,1.0496153846153846,0.7053846153846154,northeast,False,0.03559038461538455,508.51897442307603
D916,5612.13,0.39359999999999995,14430.3,17.038076923076922,70.1576923076923,26.25769230769231,0.9661538461538461,0.5984615384615385,northeast,False,0.03520961538461531,508.0853128846143
D134,6145.45,0.39036923076923075,15813.1,16.900384615384617,74.25769230769231,26.803846153846152,1.0157692307692308,0.5423076923076923,northeast,False,0.03197884615384611,505.6846921153839
D795,4882.5,0.399355,12187.0,17.2885,74.595,26.32,0.9804999999999999,0.6940000000000001,northeast,False,0.04096461538461538,499.2357676923076
D1185,5244.11,0.39520416666666663,13544.6,17.10875,72.9375,26.291666666666668,1.32,0.8758333333333334,northeast,False,0.036813782051281996,498.62795237179415
D194,6834.83,0.38647692307692305,17718.3,16.730384615384615,72.6923076923077,25.996153846153845,0.9976923076923078,0.8453846153846154,northeast,False,0.028086538461538413,497.645714423076
D1769,5193.06,0.3960227272727273,13216.3,17.144545454545455,76.10909090909091,26.6,0.9322727272727274,0.9550000000000001,northeast,True,0.037632342657342666,497.3603302622378
D1956,5290.12,0.39494615384615384,13515.2,17.096923076923076,74.33846153846153,26.430769230769233,0.8107692307692307,0.568076923076923,northeast,True,0.0365557692307692,494.0585323076919
D1366,4384.76,0.40354117647058824,10931.3,17.467058823529413,73.13529411764705,25.552941176470586,0.9494117647058824,0.7623529411764706,northeast,True,0.0451507918552036,493.55685100678704
D1410,6081.81,0.38982692307692307,15639.5,16.876923076923077,70.32692307692308,25.73076923076923,1.1311538461538462,0.8038461538461538,northeast,False,0.03143653846153843,491.65174326923034
D1680,5813.08,0.39111538461538464,14942.9,16.93076923076923,72.78076923076922,26.346153846153847,1.209230769230769,0.5123076923076924,northeast,False,0.032725000000000004,489.00640250000004
D1714,4551.46,0.4014777777777778,11307.3,17.38111111111111,72.46111111111111,25.961111111111112,0.9777777777777779,0.7322222222222222,northeast,True,0.043087393162393184,487.2020807051284
D301,6001.75,0.3896538461538462,15579.9,16.86769230769231,73.15384615384616,26.484615384615385,1.0426923076923076,0.5115384615384616,northeast,False,0.031263461538461546,487.081604423077
D787,3295.79,0.4203357142857143,7842.6,18.197142857142858,75.82857142857142,26.635714285714283,1.0714285714285714,0.5642857142857143,northeast,True,0.061945329670329674,485.81244247252755
D1653,6047.61,0.38938846153846157,15645.6,16.856153846153845,73.95,26.71153846153846,0.8061538461538462,0.536923076923077,northeast,True,0.030998076923076934,484.9835123076925
D1359,5995.12,0.38950769230769233,15523.6,16.861538461538462,70.81538461538462,26.576923076923077,0.8326923076923076,0.4988461538461539,northeast,True,0.031117307692307694,483.0526376923077
D819,2933.54,0.42949000000000004,6741.7,18.594,47.46,14.290000000000001,4.5,3.907,southeast,False,0.0710996153846154,479.33227703846165
D1917,5207.95,0.3944653846153846,13276.7,17.076538461538462,72.31538461538462,26.97307692307692,1.0142307692307693,0.6369230769230769,northeast,False,0.03607499999999997,478.9569524999996
D855,6580.05,0.38630769230769235,17111.3,16.723846153846154,69.73846153846154,25.446153846153848,1.0261538461538462,0.6123076923076923,northeast,False,0.027917307692307713,477.70142711538494
D1019,6282.07,0.38759615384615387,16234.6,16.778076923076924,74.60384615384615,26.588461538461537,1.0746153846153847,0.8553846153846154,northeast,False,0.02920576923076923,474.14398115384614
D1876,2623.96,0.43471000000000004,6124.6,18.818,82.41999999999999,27.48,1.641,1.423,northeast,False,0.0763196153846154,467.42711638461554
D1322,6323.79,0.3867884615384615,16434.0,16.74423076923077,71.12692307692308,25.876923076923074,0.7953846153846154,0.7923076923076924,northeast,True,0.028398076923076887,466.69399615384555
D1034,3819.15,0.40750714285714285,9444.4,17.642857142857142,77.05714285714285,26.514285714285712,0.9800000000000001,0.9685714285714286,northeast,True,0.04911675824175821,463.8783115384612
D1073,4616.68,0.39673684210526317,11704.4,17.175263157894737,68.26842105263158,25.163157894736845,0.8268421052631579,0.7842105263157895,northeast,True,0.03834645748987853,448.82227704453425
D1502,4692.5,0.39585499999999996,11965.6,17.1365,75.245,26.485000000000003,1.1655,0.9205,northeast,False,0.03746461538461532,448.2866018461531
D1605,5851.84,0.3877884615384615,15236.3,16.787307692307692,73.56538461538462,26.673076923076923,0.676923076923077,0.6415384615384615,northeast,True,0.029398076923076888,447.91791942307634
D1482,3001.7599999999998,0.4206083333333333,7179.2,18.208333333333332,79.51666666666667,27.083333333333332,0.9783333333333334,0.615,northeast,True,0.06221794871794867,446.67509743589704
D1023,5920.28,0.3871846153846154,15452.6,16.761153846153846,77.82307692307693,27.226923076923075,1.0253846153846153,0.8296153846153846,northeast,False,0.028794230769230766,444.94573038461533
D629,6147.35,0.38606153846153846,15984.7,16.711923076923078,72.20769230769231,26.388461538461538,0.9846153846153847,0.44884615384615384,northeast,False,0.027671153846153818,442.31509288461496
D895,3795.0299999999997,0.404675,9469.7,17.518125,73.18125,26.3125,1.04,1.040625,northeast,True,0.04628461538461537,438.3014223076922
D1128,6320.43,0.3848307692307692,16527.7,16.66,70.24230769230769,25.176923076923078,0.9880769230769231,0.8580769230769231,northeast,False,0.02644038461538456,436.9987448076914
D1144,5623.54,0.38809615384615387,14661.7,16.800384615384615,71.51538461538462,25.657692307692308,1.036153846153846,0.5492307692307692,northeast,False,0.02970576923076923,435.53707673076923
D1664,5936.37,0.3862576923076923,15622.7,16.720384615384617,70.15384615384616,25.265384615384615,1.0123076923076924,0.7676923076923077,northeast,False,0.027867307692307663,435.362587884615
D1107,6545.92,0.38303846153846155,17203.4,16.581923076923076,68.65,25.26153846153846,0.9738461538461538,0.6515384615384616,northeast,False,0.02464807692307691,424.03072653846135
D1289,2177.58,0.4390222222222222,5133.0,19.005555555555556,80.83333333333333,26.688888888888886,1.5044444444444445,0.9300000000000002,northeast,False,0.08063183760683756,413.8832224358972
D227,5431.37,0.38734999999999997,14081.2,16.768076923076926,70.41538461538461,26.323076923076922,0.7796153846153846,0.5557692307692308,northeast,False,0.028959615384615334,407.78613615384546
D1588,2823.38,0.41789,6844.9,18.091,75.44,25.79,1.076,1.009,northeast,True,0.059499615384615345,407.26891734615356
D280,2675.5299999999997,0.4217,6392.4,18.255454545454544,75.69090909090909,26.154545454545453,1.3927272727272728,1.1318181818181818,northeast,False,0.06330961538461538,404.70038538461534
D393,2953.11,0.41286428571428574,7335.9,17.872857142857143,75.30714285714285,26.557142857142857,1.1185714285714285,0.6642857142857144,northeast,True,0.0544739010989011,399.61509107142854
D900,6286.4,0.38246538461538465,16445.8,16.555,66.48461538461538,24.834615384615386,1.123076923076923,0.7226923076923076,northeast,False,0.024075000000000013,395.9326350000002
D418,5337.26,0.3867291666666666,13892.7,16.74083333333333,67.31666666666666,24.962500000000002,0.8416666666666667,0.6058333333333333,northeast,True,0.028338782051281985,393.7021974038453
D153,3070.95,0.41117272727272725,7445.9,17.8,73.75454545454545,25.927272727272726,1.2263636363636363,0.5309090909090909,northeast,False,0.05278234265734261,393.0120451923073
D1450,6732.91,0.38032307692307693,17744.6,16.46423076923077,70.67307692307692,25.111538461538462,1.0696153846153846,0.5542307692307692,northeast,False,0.021932692307692292,389.18685192307663
D011,5683.76,0.38458846153846155,14795.2,16.64846153846154,74.31923076923077,26.819230769230767,0.8138461538461539,0.8134615384615385,northeast,True,0.026198076923076907,387.6057876923075
D990,2116.12,0.43672222222222223,4851.3,18.905555555555555,93.36666666666666,30.488888888888887,1.2222222222222223,1.0477777777777777,northeast,True,0.0783318376068376,380.0112437820512
D539,2495.69,0.42106000000000005,5981.8,18.227,81.65,26.619999999999997,1.488,0.6439999999999999,northeast,False,0.0626696153846154,374.87710530769243
D394,6021.22,0.3814192307692308,15881.8,16.511923076923075,70.66923076923078,25.326923076923077,1.0134615384615384,0.8769230769230769,northeast,False,0.02302884615384615,365.73952884615375
D047,4551.62,0.38940454545454545,11537.5,16.85818181818182,70.60454545454546,25.795454545454547,1.24,1.0386363636363638,northeast,False,0.03101416083916081,357.82588068181786
D1859,4415.95,0.3895476190476191,11286.8,16.863809523809522,73.5047619047619,26.142857142857142,0.9623809523809524,0.8876190476190476,northeast,True,0.03115723443223445,351.6654735897437
D877,4080.29,0.3901882352941176,10424.3,16.89,64.96470588235294,23.31764705882353,1.296470588235294,0.6247058823529412,northeast,False,0.031797850678732975,331.4703348303161
D1683,3976.65,0.3889578947368421,10174.7,16.837894736842106,70.93157894736842,26.357894736842105,1.2226315789473685,0.8478947368421053,northeast,False,0.030567510121457475,311.0152452327934
D1471,6926.0,0.37458823529411767,18343.4,16.21470588235294,40.51176470588236,10.270588235294117,4.258823529411765,2.300588235294118,midwest,False,0.016197850678733028,297.12365414027147
D1153,4773.9800000000005,0.38140526315789475,12893.6,16.51,76.20526315789475,25.278947368421054,0.8578947368421053,0.6189473684210526,southeast,True,0.02301487854251011,296.7446379757084
D1661,3731.85,0.387,9699.9,16.753333333333334,38.544444444444444,9.333333333333334,4.616666666666666,2.667777777777778,midwest,False,0.028609615384615372,277.51040826923065
D031,2509.82,0.4020166666666667,6178.1,17.4025,71.30833333333334,24.983333333333334,0.9175,1.1583333333333334,northeast,True,0.04362628205128205,269.52753314102563
D979,7692.99,0.37090526315789474,21179.5,16.056842105263158,43.44210526315789,10.88421052631579,4.2642105263157895,2.667894736842105,midwest,False,0.0125148785425101,265.0588700910927
D1587,3732.92,0.3834,9995.4,16.59846153846154,73.36923076923077,24.27692307692308,1.1415384615384616,0.6538461538461539,southeast,False,0.02500961538461538,249.98110961538455
D239,7237.83,0.3710846153846154,19573.3,16.06576923076923,72.28076923076922,24.549999999999997,0.9626923076923077,0.9130769230769231,southeast,False,0.012694230769230763,248.4679871153845
D425,7470.79,0.37062307692307694,20264.3,16.043846153846154,72.72692307692309,24.715384615384615,1.0326923076923078,0.7884615384615384,southeast,False,0.012232692307692306,247.88694673076918
D1074,8120.73,0.3689,22041.2,15.969444444444443,41.849999999999994,10.472222222222221,4.167222222222223,2.433888888888889,midwest,False,0.010509615384615367,231.64453461538423
D1331,6041.57,0.37210000000000004,16506.4,16.108695652173914,69.35652173913044,23.93913043478261,0.8091304347826087,0.6547826086956522,southeast,True,0.013709615384615403,226.29639538461572
D659,2067.38,0.40168888888888893,5174.0,17.38888888888889,74.14444444444445,25.799999999999997,1.0388888888888888,1.0566666666666666,northeast,True,0.04329850427350429,224.0264611111112
D1922,3843.68,0.3804,10125.5,16.467272727272725,42.91818181818182,10.672727272727274,4.405454545454545,3.851818181818182,midwest,False,0.022009615384615377,222.858360576923
D1971,6799.9,0.3702153846153846,18463.5,16.027692307692305,71.73846153846154,24.54615384615385,0.946923076923077,0.7476923076923078,southeast,False,0.011824999999999974,218.33088749999953
D1041,6148.94,0.37129166666666663,16775.7,16.073333333333334,73.77499999999999,24.53333333333333,0.9320833333333334,0.5716666666666667,southeast,True,0.012901282051281993,216.42803730769134
D1794,7026.07,0.36961923076923076,19137.4,15.999615384615385,70.14615384615385,24.161538461538463,1.0307692307692309,0.8826923076923077,southeast,False,0.011228846153846117,214.8909203846147
D923,2868.88,0.38730000000000003,7400.9,16.767000000000003,67.07,22.21,1.082,0.671,southeast,True,0.028909615384615395,213.95717250000007
D605,8011.65,0.3681384615384615,21823.8,15.937307692307693,70.39615384615385,23.834615384615386,1.0338461538461539,0.543076923076923,southeast,False,0.009748076923076887,212.74008115384535
D007,7277.35,0.3689807692307693,19805.2,15.97269230769231,70.03076923076922,23.9,0.9853846153846154,0.7111538461538461,southeast,False,0.01059038461538464,209.74468538461588
D1676,7318.66,0.36863076923076926,19951.9,15.958461538461538,74.83846153846153,24.892307692307693,0.8203846153846153,0.5603846153846154,southeast,True,0.010240384615384623,204.31512980769247
D1595,9561.01,0.3659615384615385,26389.2,15.842692307692309,38.746153846153845,9.86923076923077,3.428076923076923,2.1865384615384618,midwest,False,0.007571153846153866,199.79669307692362
D1569,3146.88,0.38253846153846155,8245.3,16.56153846153846,72.06153846153846,23.569230769230767,1.0138461538461538,1.06,southeast,True,0.02414807692307691,199.10813865384603
D1413,2669.09,0.3868181818181818,6981.8,16.745454545454546,71.5,23.781818181818185,1.3709090909090909,0.7236363636363636,southeast,False,0.028427797202797145,198.4771945104891
D1896,3644.8199999999997,0.3790111111111111,9604.7,16.406666666666666,37.44444444444444,8.955555555555556,4.768888888888889,4.637777777777778,midwest,False,0.020620726495726438,198.05589177350373
D1213,6898.08,0.3690538461538461,18528.4,15.976923076923079,73.06153846153846,24.78076923076923,0.7461538461538461,0.7511538461538462,southeast,True,0.010663461538461483,197.57688076922975
D443,4553.08,0.37453333333333333,12206.5,16.211666666666666,35.291666666666664,9.058333333333334,4.764166666666667,3.750833333333334,midwest,False,0.01614294871794869,197.0489035256407
D720,6836.53,0.3688961538461539,18668.100000000002,15.97,70.03076923076922,23.63076923076923,0.681923076923077,0.6353846153846153,southeast,True,0.010505769230769235,196.12275057692318
D1237,7080.55,0.36835833333333334,19447.9,15.947083333333333,74.55,24.570833333333336,0.9183333333333333,0.8795833333333333,southeast,True,0.009967948717948705,193.85566987179462
D1759,5159.68,0.3723384615384615,13803.2,16.11846153846154,40.361538461538466,9.830769230769231,3.573846153846154,2.732307692307692,midwest,True,0.013948076923076869,192.52809538461463
D918,3904.77,0.3766666666666667,10469.2,16.306,68.66666666666667,23.04,0.9673333333333333,0.7253333333333334,southeast,False,0.018276282051282067,191.33805205128223
D1479,3097.63,0.3819909090909091,8010.0,16.537272727272725,64.4090909090909,20.918181818181818,0.8636363636363636,0.7772727272727273,southeast,True,0.023600524475524465,189.04020104895096
D1889,4029.77,0.3749230769230769,10705.4,16.23153846153846,65.27692307692308,22.53076923076923,1.0138461538461538,1.139230769230769,southeast,False,0.016532692307692276,176.9890842307689
D181,2359.69,0.387,6127.900000000001,16.753333333333334,66.15555555555555,22.200000000000003,1.261111111111111,0.7311111111111112,southeast,False,0.028609615384615372,175.31686211538457
D725,7019.219999999999,0.3674576923076923,19236.1,15.907307692307691,70.99615384615385,23.903846153846153,0.7396153846153847,0.9015384615384616,southeast,True,0.00906730769230768,174.41963749999974
D1179,6976.139999999999,0.36745,19250.0,15.907499999999999,68.82083333333334,22.97083333333333,1.0374999999999999,0.6441666666666667,southeast,False,0.00905961538461536,174.39759615384568
D1270,4120.03,0.3742111111111111,10997.7,16.200000000000003,35.233333333333334,8.455555555555556,4.857777777777778,2.395555555555555,midwest,False,0.015820726495726467,173.991603782051
D1199,7068.96,0.3674269230769231,19250.7,15.906538461538462,67.59230769230768,23.33076923076923,0.6934615384615385,0.8161538461538461,southeast,True,0.009036538461538457,173.95969096153837
D1546,9628.93,0.3649346153846154,26510.7,15.797692307692309,38.87307692307692,9.8,3.5880769230769234,2.0719230769230768,midwest,False,0.006544230769230774,173.4921386538463
D244,2886.57,0.3808777777777778,7617.7,16.48777777777778,68.6888888888889,22.08888888888889,0.9422222222222223,0.83,southeast,True,0.022487393162393177,171.3022148931625
D255,3837.81,0.37515,10216.0,16.240000000000002,38.230000000000004,9.14,4.543,2.776,midwest,False,0.016759615384615345,171.21623076923038
D1816,6636.16,0.3676615384615385,18273.0,15.916153846153845,68.35,23.81153846153846,0.9911538461538462,0.7257692307692308,southeast,False,0.009271153846153846,169.41179423076923
D903,6877.55,0.36725555555555556,18916.3,15.898888888888889,42.30555555555556,10.383333333333333,3.5761111111111115,3.731111111111111,midwest,True,0.008865170940170919,167.69623305555515
D209,6542.03,0.367652,18063.9,15.9148,69.716,23.436,1.0056,0.5696,southeast,False,0.00926161538461534,167.30089414615307
D1926,7965.43,0.36596923076923077,21762.1,15.842692307692307,73.55384615384615,24.549999999999997,1.0376923076923077,0.7788461538461539,southeast,False,0.0075788461538461305,164.93160788461486
D315,7634.05,0.36603461538461535,20810.9,15.845769230769232,66.46538461538461,22.58076923076923,0.9569230769230769,0.7842307692307693,southeast,False,0.007644230769230709,159.08332211538337
D1586,7203.2,0.36633461538461537,19831.1,15.857692307692307,72.13076923076923,24.442307692307693,0.7665384615384615,0.6142307692307692,southeast,True,0.007944230769230731,157.54283480769155
D1345,5817.08,0.36826923076923074,15893.199999999999,15.942307692307692,68.62692307692308,23.63076923076923,0.856153846153846,0.84,southeast,False,0.0098788461538461,157.00647769230682
D1963,7254.67,0.3662,19875.2,15.852692307692308,69.33461538461539,23.6,1.0611538461538461,0.8065384615384615,southeast,False,0.007809615384615387,155.21766769230774
D152,7495.94,0.36588461538461536,20703.7,15.839230769230769,72.85384615384615,24.376923076923074,0.9923076923076923,0.5746153846153846,southeast,False,0.007494230769230725,155.15830557692217
D784,7632.22,0.36575769230769234,21045.2,15.832692307692307,70.63846153846154,24.0,1.043076923076923,0.9380769230769231,southeast,False,0.007367307692307701,155.04646384615404
D1590,4157.21,0.3721058823529412,11223.3,16.108823529411765,71.5529411764706,24.288235294117644,1.407058823529412,1.038235294117647,southeast,False,0.013715497737556537,153.93314575791828
D1447,6794.400000000001,0.36649230769230773,18700.1,15.86576923076923,73.89615384615385,24.54615384615385,0.8130769230769231,0.8049999999999999,southeast,True,0.00810192307692309,151.50677173076946
D994,6830.139999999999,0.3664192307692308,18728.8,15.861923076923079,67.79230769230769,23.676923076923078,0.9415384615384615,0.6546153846153846,southeast,False,0.008028846153846136,150.37065384615352
D1778,4095.87,0.37193571428571426,10927.4,16.10214285714286,73.57857142857142,24.514285714285712,1.2192857142857143,0.9,southeast,True,0.01354532967032962,148.0152354395599
D1423,9947.21,0.3636884615384615,27281.0,15.744615384615384,40.276923076923076,10.25,3.589230769230769,2.0534615384615384,midwest,False,0.005298076923076878,144.5368365384603
D1305,7018.04,0.36588846153846155,19176.8,15.840769230769231,71.08461538461539,24.684615384615384,0.9184615384615384,0.485,southeast,False,0.007498076923076913,143.78912153846133
D856,4798.03,0.36918333333333336,13241.1,15.981666666666667,41.21666666666666,9.891666666666667,3.3891666666666667,3.4858333333333333,midwest,True,0.010792948717948725,142.91051326923088
D830,7310.44,0.3653076923076923,20282.3,15.81423076923077,66.44615384615385,22.926923076923078,0.9923076923076923,0.8488461538461538,southeast,False,0.006917307692307639,140.29890980769122
D1496,2770.75,0.3771777777777778,7312.0,16.326666666666668,62.98888888888889,20.244444444444444,1.001111111111111,1.271111111111111,southeast,True,0.01878739316239314,137.37341880341864
D354,10439.43,0.3631576923076923,28674.1,15.721153846153847,38.05,9.796153846153846,3.578076923076923,2.9992307692307696,midwest,False,0.004767307692307654,136.6982574999989
D1947,8003.58,0.36458888888888885,22052.6,15.783333333333335,37.69444444444444,9.405555555555557,4.297777777777778,3.4916666666666667,midwest,False,0.006198504273504213,136.69313534187899
D122,7775.68,0.36474999999999996,21450.3,15.791538461538462,71.78461538461539,24.28076923076923,0.8634615384615384,0.7273076923076923,southeast,False,0.006359615384615325,136.4156578846141
D1306,11155.39,0.3628,30884.1,15.705384615384617,39.49615384615385,9.826923076923077,3.366923076923077,3.1123076923076924,midwest,False,0.004409615384615373,136.18700249999964
D098,3991.09,0.37070625,10818.199999999999,16.0475,65.84375,22.80625,0.93375,1.068125,southeast,False,0.012315865384615376,133.23549490384605
D066,4308.2,0.3699,11442.4,16.013636363636365,38.45454545454545,8.872727272727273,4.3109090909090915,3.7536363636363634,midwest,False,0.011509615384615368,131.6976230769229
D946,6709.86,0.3654833333333334,18545.2,15.821111111111113,39.96666666666667,10.100000000000001,4.153888888888889,2.518888888888889,midwest,False,0.007092948717948744,131.54015256410304
D168,7319.94,0.3648769230769231,20164.5,15.794615384615383,65.86153846153846,22.45384615384615,0.8892307692307693,0.4788461538461538,southeast,True,0.00648653846153846,130.79780480769227
D1309,10069.83,0.3630884615384616,27761.3,15.717692307692309,37.53846153846154,9.615384615384615,3.479230769230769,2.1561538461538463,midwest,False,0.004698076923076944,130.42472288461596
D403,7222.17,0.3647538461538461,19924.5,15.791153846153845,69.11923076923077,23.534615384615385,0.91,0.5576923076923077,southeast,False,0.006363461538461457,126.7887894230753
D1824,2866.39,0.37524,7516.3,16.244999999999997,62.15,21.05,1.565,0.8880000000000001,southeast,False,0.01684961538461538,126.64676411538458
D1467,6927.2,0.3650192307692308,19011.0,15.801153846153845,69.0923076923077,23.626923076923074,1.0761538461538462,0.8534615384615385,southeast,False,0.00662884615384618,126.02099423076972
D970,6964.14,0.36484230769230774,19273.0,15.794615384615383,69.13846153846154,23.207692307692305,0.8153846153846154,0.6488461538461539,southeast,True,0.006451923076923105,124.34791346153901
D679,7023.57,0.36478846153846156,19410.1,15.792307692307693,67.96538461538461,23.20384615384615,0.8573076923076923,0.9019230769230769,southeast,True,0.006398076923076923,124.18731288461538
D1129,7441.1,0.36444615384615386,20473.2,15.776923076923076,70.91923076923078,23.676923076923078,0.8553846153846153,0.825,southeast,True,0.006055769230769226,123.98097461538451
D1811,6097.46,0.36581600000000003,16681.1,15.836400000000001,68.036,23.011999999999997,1.1668,0.8368000000000001,southeast,False,0.007425615384615392,123.8674327923078
D1958,6285.11,0.36561176470588236,17151.4,15.82764705882353,37.199999999999996,9.429411764705883,4.011764705882353,3.8,midwest,False,0.00722138009049772,123.8567784841626
D1866,7012.64,0.3647115384615385,19349.3,15.788076923076924,68.95769230769231,23.430769230769233,0.765,0.6046153846153847,southeast,True,0.0063211538461538375,122.30990211538445
D1296,6384.1,0.365008695652174,17683.8,15.800434782608697,70.66521739130435,23.76086956521739,1.1056521739130434,0.6660869565217391,southeast,False,0.006618311036789337,117.03688871237527
D1433,6810.49,0.3645153846153846,19092.6,15.779230769230768,68.86923076923077,23.888461538461538,0.7980769230769231,0.5923076923076923,southeast,True,0.006124999999999936,116.94217499999877
D1943,7517.099999999999,0.3639769230769231,20718.5,15.756923076923076,69.11923076923077,23.71923076923077,0.9653846153846154,0.7996153846153846,southeast,True,0.005586538461538448,115.74469711538434
D535,6954.87,0.3643961538461538,19240.8,15.774230769230769,68.83461538461539,23.496153846153845,0.9507692307692307,0.7965384615384615,southeast,False,0.006005769230769176,115.55580461538355
D148,7222.93,0.3641846153846154,19937.7,15.766153846153847,69.46153846153847,23.700000000000003,1.0292307692307692,0.5623076923076923,southeast,False,0.005794230769230746,115.52363480769185
D025,10232.34,0.36244615384615386,28359.7,15.689615384615385,39.58076923076923,10.192307692307692,3.4826923076923078,3.078461538461539,midwest,False,0.004055769230769224,115.02039865384596
D006,8328.66,0.3633692307692308,23011.1,15.72923076923077,70.64615384615385,23.465384615384615,0.7403846153846154,0.5480769230769231,southeast,True,0.004978846153846139,114.56872673076889
D1091,6797.16,0.3642388888888889,18825.2,15.767777777777777,36.81666666666667,9.094444444444445,4.200555555555556,3.5155555555555558,midwest,False,0.005848504273504251,110.09926264957224
D1612,7113.32,0.3638692307692307,19624.6,15.751538461538463,65.87307692307692,22.680769230769233,1.0338461538461539,0.5257692307692308,southeast,False,0.005478846153846084,107.52016423076786
D750,2283.57,0.37583,6137.3,16.27,61.77,20.75,0.9560000000000001,0.6060000000000001,southeast,True,0.01743961538461536,107.03215149999984
D1490,6048.96,0.36463333333333336,16865.4,15.784166666666666,67.32916666666667,22.858333333333334,0.9508333333333333,0.6904166666666667,southeast,False,0.006242948717948726,105.28982730769246
D1942,9640.18,0.3622153846153846,26735.8,15.680769230769231,38.823076923076925,9.792307692307691,2.898846153846154,3.003076923076923,midwest,True,0.0038249999999999673,102.26443499999912
D563,6898.63,0.36373076923076925,19076.3,15.746153846153845,67.8423076923077,23.542307692307695,1.0657692307692308,0.5980769230769231,southeast,False,0.005340384615384608,101.8747790384614
D813,10899.15,0.3617346153846154,30363.4,15.659230769230769,39.73461538461538,10.149999999999999,3.481923076923077,2.816153846153846,midwest,False,0.0033442307692307383,101.54221653846061
D1554,7626.26,0.3631,21128.899999999998,15.718846153846155,70.28846153846153,24.103846153846156,0.9346153846153846,0.8473076923076923,southeast,False,0.00470961538461534,99.50899249999904
D1562,6800.469999999999,0.36367307692307693,18781.3,15.742692307692307,69.24230769230769,23.388461538461538,0.7938461538461539,0.6342307692307692,southeast,True,0.005282692307692294,99.21582903846128
D509,10021.09,0.36193461538461535,27724.5,15.669230769230769,38.95384615384615,9.71923076923077,3.399230769230769,2.931923076923077,midwest,False,0.0035442307692307162,98.26202596153699
D1475,4023.18,0.3674,10863.8,15.905000000000001,66.00714285714285,21.900000000000002,1.2792857142857144,0.9092857142857144,southeast,False,0.009009615384615366,97.87865961538441
D1521,7141.14,0.36328076923076924,19867.5,15.726153846153846,70.28461538461539,23.746153846153845,0.7826923076923078,0.8150000000000001,southeast,True,0.004890384615384602,97.15971634615359
D945,2885.9100000000003,0.37070000000000003,7869.0,16.046363636363637,66.02727272727272,21.327272727272728,1.2,0.8945454545454545,southeast,False,0.012309615384615391,96.86436346153852
D893,4098.42,0.36696249999999997,11133.1,15.885625000000001,66.64375,22.79375,1.33,0.775,southeast,False,0.00857211538461533,95.43421778846094
D1643,6887.87,0.3631461538461539,19064.5,15.72,67.82307692307693,23.28076923076923,0.9334615384615385,0.8134615384615385,southeast,False,0.004755769230769258,90.66636250000052
D568,7127.86,0.3628576923076923,19785.2,15.70923076923077,66.25769230769231,22.88076923076923,0.8965384615384616,0.5173076923076922,southeast,True,0.004467307692307687,88.38657615384605
D956,6615.8,0.3631769230769231,18293.9,15.72269230769231,70.42307692307692,23.642307692307693,0.7419230769230769,0.5161538461538462,southeast,True,0.004786538461538481,87.56445596153883
D198,8126.61,0.3622576923076923,22587.1,15.681153846153846,69.32692307692308,23.20384615384615,0.8519230769230769,0.7023076923076922,southeast,True,0.003867307692307642,87.35126557692193
D1064,7511.61,0.36244230769230773,20872.2,15.69,72.4076923076923,24.376923076923074,0.698076923076923,0.5446153846153846,southeast,True,0.004051923076923092,84.57254884615416
D1738,7605.15,0.36229230769230764,21275.5,15.683846153846154,69.51538461538462,23.384615384615383,1.0023076923076923,0.7123076923076923,southeast,False,0.0039019230769229973,83.01536442307523
D944,7196.04,0.36250000000000004,20105.6,15.69346153846154,66.74615384615385,23.00769230769231,0.8296153846153846,0.823076923076923,southeast,True,0.004109615384615406,82.6262830769235
D523,5195.64,0.36412857142857147,14142.5,15.763571428571428,40.51428571428572,10.435714285714285,4.503571428571428,3.8907142857142856,midwest,False,0.00573818681318683,81.15230700549473
D1706,7007.58,0.3625769230769231,19371.5,15.696153846153846,64.83076923076922,22.246153846153845,0.7515384615384615,0.6846153846153846,southeast,True,0.004186538461538436,81.09952980769181
D1143,6677.14,0.36273846153846157,18505.5,15.703846153846154,70.22307692307692,23.823076923076922,0.9219230769230768,0.5942307692307692,southeast,True,0.004348076923076927,80.46333750000007
D1339,7291.64,0.3623538461538462,20175.9,15.686153846153845,64.93461538461538,22.215384615384615,0.6911538461538461,0.7426923076923077,southeast,True,0.003963461538461555,79.96640365384648
D1599,7464.93,0.36222692307692306,20819.100000000002,15.679615384615385,68.47307692307692,23.753846153846155,0.7084615384615385,0.5026923076923077,southeast,True,0.003836538461538419,79.87327788461451
D1633,6696.9,0.3626615384615385,18516.5,15.7,67.91153846153847,23.134615384615383,0.9696153846153847,0.7930769230769231,southeast,False,0.004271153846153841,79.0868201923076
D974,3420.19,0.3668571428571429,9217.300000000001,15.881428571428572,66.09285714285714,21.907142857142855,1.1864285714285714,1.145,southeast,False,0.008466758241758243,78.04065074175827
D322,10418.91,0.3609576923076923,28961.4,15.62576923076923,39.11923076923077,9.86153846153846,3.6173076923076923,2.292307692307692,midwest,False,0.0025673076923076743,74.35282499999948
D1440,6622.08,0.3623692307692308,18446.7,15.686923076923078,65.76153846153846,22.557692307692307,1.07,0.5584615384615385,southeast,False,0.003978846153846138,73.39658134615357
D761,6358.47,0.362475,17506.9,15.69125,38.1625,9.3875,4.31875,2.58125,midwest,False,0.004084615384615353,71.50895307692254
D1851,2510.17,0.3686909090909091,6777.1,15.960909090909091,64.0909090909091,20.7,1.190909090909091,0.9381818181818182,southeast,False,0.010300524475524486,69.807684423077
D1480,3783.65,0.3651384615384616,10330.4,15.806153846153848,62.76923076923077,20.823076923076922,0.9930769230769231,1.1192307692307693,southeast,True,0.00674807692307694,69.71033384615401
D305,7169.7300000000005,0.3618846153846154,19903.5,15.666923076923077,65.56153846153846,22.984615384615385,0.8730769230769231,0.8338461538461538,southeast,True,0.0034942307692307772,69.54742211538478
D601,7632.73,0.36159615384615384,21136.7,15.654230769230768,69.87307692307692,23.292307692307695,1.0915384615384616,0.9057692307692308,southeast,False,0.0032057692307692065,67.75938249999949
D359,7155.22,0.3617730769230769,19764.6,15.661153846153846,69.31153846153846,23.665384615384614,0.885,0.6023076923076923,southeast,True,0.003382692307692281,66.85756038461486
D433,6672.71,0.36199230769230767,18511.5,15.67,65.35000000000001,23.06153846153846,0.9926923076923077,0.6926923076923077,southeast,False,0.0036019230769230304,66.67699903846068
D1995,7284.53,0.36150000000000004,20167.2,15.649615384615384,67.23076923076923,22.930769230769233,0.9888461538461539,0.735,southeast,False,0.003109615384615405,62.7122353846158
D489,7101.2,0.361526923076923,19796.0,15.650384615384617,68.29230769230769,22.98846153846154,0.7046153846153846,0.49038461538461536,southeast,True,0.003136538461538385,62.09091538461387
D1114,7772.7699999999995,0.3612884615384615,21317.0,15.639615384615384,68.25769230769231,23.02692307692308,1.0611538461538461,0.8692307692307693,southeast,False,0.0028980769230768644,61.77830576922952
D250,6108.1,0.3620230769230769,16934.3,15.670769230769231,67.38846153846154,23.365384615384617,0.7173076923076922,0.7011538461538461,southeast,True,0.0036326923076922535,61.51710134615293
D1051,7486.68,0.36128461538461537,21081.7,15.640384615384615,68.87307692307692,23.246153846153845,1.0688461538461538,0.5850000000000001,southeast,False,0.0028942307692307323,61.01530480769153
D514,10343.61,0.3604653846153846,28898.9,15.603846153846153,36.74230769230769,9.503846153846153,2.6573076923076924,2.138076923076923,midwest,True,0.002074999999999938,59.96521749999821
D1362,6952.25,0.3614538461538462,19246.6,15.646538461538462,66.22692307692309,23.042307692307695,0.8823076923076923,0.5003846153846154,southeast,False,0.0030634615384615427,58.961218846153926
D004,6652.29,0.3614653846153846,18691.7,15.646923076923077,67.6,23.053846153846152,0.7188461538461539,0.6265384615384615,southeast,True,0.003074999999999939,57.47697749999886
D369,3669.69,0.3640727272727273,10005.8,15.760909090909092,63.40909090909091,21.918181818181818,1.5,0.6372727272727272,southeast,False,0.005682342657342687,56.856384160839454
D197,6435.68,0.36151923076923076,18143.8,15.649999999999999,67.46923076923078,22.77692307692308,0.7219230769230769,0.8415384615384617,southeast,True,0.003128846153846121,56.769158846153246
D1890,7332.34,0.36115,20369.5,15.633076923076922,70.33846153846153,23.576923076923077,0.7257692307692308,0.5019230769230769,southeast,True,0.002759615384615388,56.21198557692315
D1613,7753.37,0.3609576923076923,21631.1,15.62576923076923,71.22307692307692,23.61923076923077,0.8061538461538462,0.6923076923076923,southeast,True,0.0025673076923076743,55.53368942307653
D652,7234.13,0.36114999999999997,20111.0,15.633846153846154,66.49615384615385,22.957692307692305,0.7230769230769231,0.7230769230769231,southeast,True,0.0027596153846153326,55.49862499999895
D794,4696.63,0.36258333333333337,13012.5,15.694444444444445,67.18333333333334,22.483333333333334,0.8666666666666667,0.7361111111111112,southeast,True,0.00419294871794873,54.56074519230785
D530,6817.45,0.3612423076923077,18987.6,15.63846153846154,65.66538461538461,22.58076923076923,0.9765384615384616,0.8061538461538462,southeast,False,0.0028519230769230575,54.15117461538424
D1232,6073.99,0.36159615384615384,16885.0,15.654230769230768,67.01923076923077,22.91923076923077,1.0126923076923076,0.8061538461538462,southeast,False,0.0032057692307692065,54.12941346153805
D1046,7216.07,0.36108461538461534,20087.9,15.631153846153847,66.6,22.73846153846154,0.8261538461538461,0.5734615384615385,southeast,True,0.002694230769230699,54.12143826922936
D821,10864.66,0.36016923076923074,30066.3,15.591923076923077,40.07692307692308,10.253846153846155,3.495,2.042692307692308,midwest,False,0.0017788461538461031,53.48332211538309
D1992,6669.59,0.3612222222222222,18538.9,15.636111111111111,41.083333333333336,10.166666666666666,3.315,3.4166666666666665,midwest,True,0.002831837606837584,52.49915420940129
D1262,7070.14,0.3610615384615385,19644.7,15.630384615384616,63.66538461538461,22.450000000000003,0.8403846153846154,0.9561538461538461,southeast,False,0.002671153846153851,52.474015961538555
D1849,7616.79,0.36085384615384614,21252.5,15.622307692307693,67.23461538461538,23.35,0.9442307692307692,0.5319230769230769,southeast,False,0.0024634615384614977,52.35471634615298
D1512,10083.6,0.3602461538461539,28172.7,15.594615384615384,38.50769230769231,9.734615384615385,2.9334615384615383,2.983846153846154,midwest,True,0.0018557692307692442,52.28202980769269
D1427,5693.97,0.36159285714285716,15585.3,15.652142857142858,34.97857142857143,8.828571428571427,3.2464285714285714,3.794285714285714,midwest,True,0.003202472527472522,49.911495082417495
D1044,6725.54,0.3610346153846154,18828.1,15.629615384615384,65.41153846153847,22.515384615384615,0.7073076923076923,0.6726923076923078,southeast,True,0.00264423076923076,49.78584134615367
D665,7415.69,0.36078076923076924,20664.2,15.618076923076924,67.6076923076923,23.115384615384617,1.0769230769230769,0.5761538461538461,southeast,False,0.0023903846153846,49.39538576923045
D562,7608.41,0.36058888888888885,21244.3,15.610555555555557,38.0,9.8,4.091111111111111,3.5805555555555557,midwest,False,0.0021985042735042093,46.70568433760547
D133,7437.09,0.36060000000000003,20801.7,15.61153846153846,70.66538461538461,23.457692307692305,0.7857692307692308,0.8423076923076922,southeast,True,0.002209615384615393,45.96375634615403
D844,5600.35,0.36128571428571427,15422.0,15.63904761904762,69.31904761904762,23.65714285714286,1.208095238095238,0.8471428571428571,southeast,False,0.002895329670329627,44.65177417582351
D786,4208.9,0.36206875,11606.4,15.675,62.3125,21.44375,0.98125,0.660625,southeast,True,0.0036783653846153563,42.69257999999967
D1181,6580.75,0.36059615384615384,18501.1,15.610000000000001,66.92307692307692,22.569230769230767,0.9884615384615384,0.8142307692307693,southeast,False,0.0022057692307692056,40.809157115384146
D1815,9444.97,0.3599269230769231,26418.5,15.58076923076923,41.857692307692304,10.565384615384614,2.876153846153846,3.0326923076923076,midwest,True,0.0015365384615384503,40.59304134615355
D790,6877.19,0.3604653846153846,19123.9,15.604615384615386,64.0923076923077,21.838461538461537,1.013076923076923,0.5923076923076923,southeast,False,0.002074999999999938,39.68209249999882
D1363,10710.46,0.35971538461538466,29698.1,15.571538461538463,36.61153846153846,9.430769230769231,2.7399999999999998,2.1330769230769233,midwest,True,0.0013250000000000206,39.34998250000061
D950,9963.4,0.359764,27684.9,15.572000000000001,39.468,10.052,3.918,2.3644,midwest,False,0.0013736153846153343,38.02840456153707
D1258,5818.7,0.36064761904761905,16267.0,15.611904761904762,69.13333333333333,22.81904761904762,0.9376190476190477,0.62,southeast,True,0.0022572344322344118,36.718432509157175
D012,6401.92,0.3604153846153846,17939.1,15.602307692307694,67.20769230769231,23.58076923076923,0.8007692307692308,0.7407692307692307,southeast,True,0.0020249999999999435,36.326677499998986
D1572,10387.51,0.35964999999999997,28825.7,15.570384615384615,38.35,9.953846153846154,2.6934615384615386,2.8453846153846154,midwest,True,0.0012596153846153313,36.30929519230616
D1821,6764.0,0.3602653846153846,18973.4,15.596153846153847,67.8,23.165384615384614,1.0223076923076921,0.7853846153846155,southeast,False,0.00187499999999996,35.57512499999925
D1537,10743.75,0.3595384615384616,30107.1,15.56423076923077,35.18846153846154,8.98076923076923,3.334230769230769,3.0907692307692307,midwest,False,0.001148076923076946,34.56526673076992
D391,10497.34,0.3595692307692308,29277.2,15.566538461538462,37.276923076923076,9.846153846153847,2.9853846153846155,2.9026923076923077,midwest,True,0.0011788461538461692,34.51331461538506
D770,7089.7699999999995,0.3600576923076923,20070.9,15.586153846153847,68.04615384615384,23.01153846153846,0.745,0.5473076923076923,southeast,True,0.0016673076923076624,33.464365961537865
D1030,4336.17,0.36097999999999997,12007.5,15.627,78.89,19.73,1.575,1.3980000000000001,midwest,True,0.002589615384615329,31.094806730768564
D1228,3731.83,0.3613928571428571,10287.1,15.645714285714286,64.25714285714285,21.764285714285712,1.2707142857142857,0.6728571428571428,southeast,False,0.0030024725274724884,30.886735137362237
D1225,7120.22,0.35989615384615387,19917.2,15.579230769230769,70.46538461538461,23.884615384615383,0.7461538461538461,0.628076923076923,southeast,True,0.0015057692307692272,29.990706923076853
D682,6450.98,0.3600230769230769,18000.3,15.585769230769232,66.62307692307692,22.29615384615385,1.0192307692307692,0.6507692307692309,southeast,False,0.0016326923076922517,29.388951346152837
D020,9711.69,0.3594076923076923,27293.7,15.558461538461538,37.59615384615385,9.588461538461539,3.4796153846153848,2.941923076923077,midwest,False,0.0010173076923076785,27.766090961538083
D339,7432.05,0.3596923076923077,20654.0,15.571153846153846,69.4,22.91923076923077,0.9173076923076924,0.4919230769230769,southeast,False,0.0013019230769230616,26.889919230768914
D082,6957.41,0.359773076923077,19442.2,15.575,65.20769230769231,22.523076923076925,0.7992307692307693,0.7203846153846154,southeast,True,0.0013826923076923348,26.882580384615913
D922,7829.37,0.3595846153846154,21676.8,15.566538461538462,69.54615384615384,23.49230769230769,0.9788461538461538,0.7984615384615386,southeast,False,0.001194230769230753,25.887101538461184
D1880,6849.42,0.3596923076923077,19141.6,15.571153846153846,69.76153846153846,24.215384615384615,1.0515384615384615,0.8303846153846154,southeast,False,0.0013019230769230616,24.920890769230475
D436,6277.24,0.3597533333333333,17596.7,15.573333333333332,35.44666666666667,8.82,4.244666666666666,3.5613333333333332,midwest,False,0.0013629487179486754,23.983399705127457
D1905,10588.41,0.3591384615384615,29404.8,15.547307692307694,38.607692307692304,10.015384615384615,3.418846153846154,2.9738461538461536,midwest,False,0.0007480769230768791,21.997052307691014
D887,7349.26,0.3594461538461538,20419.3,15.56,65.25769230769231,22.926923076923078,0.74,0.5584615384615385,southeast,True,0.0010557692307691657,21.558068653844824
D384,8995.97,0.3592086956521739,25127.0,15.549565217391304,39.3304347826087,10.043478260869565,3.401304347826087,2.1921739130434785,midwest,True,0.0008183110367892543,20.561701421403594
D1456,6529.61,0.35952352941176474,18045.1,15.563529411764705,39.06470588235294,9.6,4.161764705882353,2.7076470588235293,midwest,False,0.0011331447963801033,20.4477111651586
D145,10327.94,0.35907307692307694,28789.2,15.545,37.715384615384615,9.688461538461539,3.575384615384615,2.1169230769230767,midwest,False,0.0006826923076923008,19.654165384615187
D087,10439.0,0.3590307692307692,29289.9,15.543846153846154,37.73076923076923,9.607692307692307,2.798076923076923,3.126923076923077,midwest,True,0.0006403846153845705,18.756801346152532
D003,6980.0,0.3593346153846154,19261.0,15.555,65.55,22.415384615384614,0.9384615384615385,0.8338461538461538,southeast,False,0.0009442307692307805,18.186828846154064
D019,10235.63,0.35902307692307694,28634.9,15.541538461538462,37.32692307692308,9.461538461538462,2.7280769230769226,3.3053846153846154,midwest,True,0.0006326923076923063,18.117080961538424
D1307,7435.5,0.35924230769230764,20981.2,15.552307692307693,67.3576923076923,23.076923076923077,0.9784615384615385,0.5223076923076924,southeast,False,0.0008519230769230002,17.874368461536854
D1177,9592.21,0.35904800000000003,26841.8,15.543199999999999,37.628,9.636000000000001,4.122,2.4772,midwest,False,0.0006576153846153954,17.65158063076952
D840,7748.83,0.35917307692307693,21837.1,15.549615384615386,69.06153846153846,23.253846153846155,0.8292307692307692,0.5988461538461538,southeast,True,0.0007826923076922898,17.0917301923073
D995,10031.09,0.3589076923076923,28151.1,15.536923076923076,38.43846153846154,9.742307692307692,3.454615384615385,2.161923076923077,midwest,False,0.000517307692307678,14.562780576922675
D1449,6639.83,0.3590692307692308,18619.1,15.544230769230769,69.25769230769231,23.184615384615384,0.9988461538461538,0.8526923076923077,southeast,False,0.0006788461538461688,12.6395044230772
D1812,7122.71,0.3589538461538462,19875.5,15.539230769230768,66.6923076923077,22.75,1.211153846153846,0.47961538461538467,southeast,False,0.0005634615384615405,11.199079807692348
D1116,7201.29,0.35894230769230767,20262.7,15.538076923076924,66.31923076923077,22.592307692307692,0.98,0.663076923076923,southeast,False,0.0005519230769230332,11.183451730768345
D1832,10234.14,0.3587769230769231,28453.9,15.531538461538462,40.13076923076923,10.196153846153846,3.4873076923076924,2.1384615384615384,midwest,False,0.00038653846153846594,10.998526730769356
D1226,10688.75,0.35874230769230764,29915.7,15.529230769230768,37.792307692307695,9.661538461538461,2.8265384615384614,1.9676923076923076,midwest,True,0.00035192307692299973,10.528025192305384
D742,7054.78,0.3589153846153846,19923.2,15.536538461538461,64.45,22.123076923076926,0.9138461538461539,0.5361538461538461,southeast,False,0.0005249999999999422,10.459679999998848
D1375,7209.05,0.35881538461538465,20173.1,15.533846153846154,66.46153846153847,22.615384615384617,0.9880769230769231,0.5507692307692308,southeast,False,0.0004250000000000087,8.573567500000175
D689,10342.1,0.3585884615384615,28651.1,15.52346153846154,40.36538461538461,10.3,2.836153846153846,3.0507692307692307,midwest,True,0.00019807692307688418,5.675121730768116
D1936,7743.99,0.35860384615384616,21664.8,15.523076923076921,68.56538461538462,22.834615384615386,0.8430769230769232,0.856923076923077,southeast,False,0.0002134615384615235,4.624601538461214
D140,9921.3,0.35854615384615385,27540.1,15.521923076923077,39.41923076923077,10.246153846153845,3.395,2.0896153846153847,midwest,False,0.00015576923076920934,4.289900192307102
D1355,7781.92,0.358524,21789.6,15.5196,66.176,22.432,1.0664,0.6212,southeast,False,0.00013361538461537092,2.911425784615086
D1838,6386.61,0.35855384615384617,17783.5,15.521923076923077,64.31923076923077,22.423076923076923,0.9346153846153846,0.97,southeast,False,0.000163461538461529,2.906918269230601
D1344,11128.74,0.35846538461538463,31192.6,15.518076923076922,37.77307692307692,9.803846153846154,3.6184615384615384,2.036538461538462,midwest,False,7.499999999999174e-05,2.3394449999997424
D1636,6009.8,0.35851363636363637,16824.3,15.519545454545455,67.25,23.154545454545453,1.0618181818181818,0.6659090909090909,southeast,False,0.00012325174825172924,2.0736243881115684
D1822,7176.59,0.35848846153846153,20222.1,15.518461538461539,68.18076923076923,23.403846153846153,1.0473076923076923,0.7061538461538461,southeast,False,9.80769230768952e-05,1.9833213461532821
D599,5676.9800000000005,0.2810692307692308,20377.6,12.168076923076923,38.18846153846154,16.665384615384617,0.2665384615384615,0.08923076923076924,southeast,False,-0.07732115384615385,0.0
D615,8919.06,0.3016923076923077,29443.6,13.059615384615386,48.83461538461539,14.688461538461537,0.9323076923076924,0.5723076923076923,midwest,False,-0.056698076923076934,0.0
D600,5693.72,0.28084615384615386,20390.9,12.15846153846154,40.888461538461534,17.161538461538463,0.2907692307692308,0.17730769230769233,southeast,True,-0.07754423076923078,0.0
D614,8226.97,0.2987423076923077,27594.4,12.93153846153846,47.392307692307696,14.411538461538461,0.9665384615384615,0.7953846153846154,midwest,False,-0.05964807692307694,0.0
D602,4165.91,0.299624,14043.8,12.970799999999999,44.668,21.468000000000004,0.33240000000000003,0.1116,northeast,False,-0.05876638461538464,0.0
D606,7191.860000000001,0.3563961538461538,20288.5,15.428846153846154,66.88076923076923,23.02692307692308,0.9903846153846154,0.4915384615384616,southeast,False,-0.0019942307692308314,0.0
D598,8229.04,0.2952192307692308,27816.2,12.779615384615385,46.565384615384616,14.115384615384615,0.8157692307692308,0.7742307692307692,midwest,True,-0.06317115384615385,0.0
D597,7540.1900000000005,0.23977307692307692,31613.0,10.37923076923077,26.75769230769231,10.046153846153846,0.28,0.17230769230769233,midwest,False,-0.11861730769230772,0.0
D613,4959.52,0.27605833333333335,17879.1,11.95125,38.579166666666666,16.783333333333335,0.27708333333333335,0.13208333333333333,southeast,True,-0.08233205128205129,0.0
D610,10325.09,0.35436923076923077,29092.8,15.340384615384615,40.25384615384615,10.142307692307693,3.5488461538461538,1.9823076923076923,midwest,False,-0.004021153846153869,0.0
D565,2370.44,0.31926666666666664,7401.0,13.821666666666667,47.6,21.15,0.355,0.26333333333333336,northeast,True,-0.039123717948717995,0.0
D607,3202.3599999999997,0.29207692307692307,11009.6,12.643076923076924,41.30769230769231,17.123076923076923,0.31,0.16692307692307692,southeast,False,-0.06631346153846157,0.0
D582,9326.08,0.3043653846153846,30891.2,13.174230769230768,45.723076923076924,14.215384615384616,0.9653846153846154,0.8576923076923078,midwest,False,-0.054025000000000045,0.0
D588,8279.99,0.29245,28377.7,12.66,45.20384615384615,13.603846153846153,1.0426923076923076,0.7219230769230769,midwest,False,-0.06594038461538465,0.0
D608,10480.86,0.34384230769230767,30433.7,14.884615384615385,72.75384615384615,18.915384615384617,1.5684615384615386,1.8888461538461538,midwest,False,-0.014548076923076969,0.0
D616,11157.93,0.35397307692307695,31663.9,15.32346153846154,37.03076923076923,9.373076923076923,3.338846153846154,2.0773076923076923,midwest,False,-0.004417307692307693,0.0
D587,5182.6,0.2830576923076923,18562.0,12.253076923076922,38.62307692307692,17.073076923076922,0.21653846153846154,0.175,southeast,False,-0.07533269230769235,0.0
D586,5192.05,0.30492692307692304,17255.3,13.199615384615385,42.776923076923076,20.884615384615383,0.26,0.12000000000000001,northeast,False,-0.0534634615384616,0.0
D617,6976.28,0.3528423076923077,19798.6,15.274999999999999,60.45769230769231,21.299999999999997,0.7776923076923077,0.533076923076923,southeast,True,-0.005548076923076961,0.0
D583,4147.43,0.2419125,17078.7,10.473749999999999,26.49375,9.625,0.31625000000000003,0.13625,midwest,True,-0.11647788461538464,0.0
D618,5778.25,0.27595384615384616,20942.3,11.946538461538463,40.29230769230769,17.484615384615385,0.22384615384615386,0.21307692307692308,southeast,True,-0.08243653846153848,0.0
D620,5420.51,0.2836884615384615,19123.4,12.280384615384616,42.49230769230769,18.792307692307695,0.3426923076923077,0.21038461538461536,southeast,False,-0.07470192307692314,0.0
D621,8032.24,0.305684,26595.6,13.2328,47.36,14.403999999999998,1.1416,0.6876000000000001,midwest,False,-0.05270638461538463,0.0
D622,7024.32,0.3533269230769231,19995.2,15.295384615384616,61.20384615384615,21.365384615384617,1.0553846153846154,0.5334615384615384,southeast,False,-0.0050634615384615445,0.0
D623,6891.070000000001,0.35759230769230765,19400.1,15.47923076923077,67.3423076923077,22.49230769230769,1.011153846153846,0.5119230769230769,southeast,False,-0.0007980769230769846,0.0
D625,10329.49,0.3462230769230769,29650.4,14.987692307692308,73.16538461538461,19.361538461538462,1.0657692307692308,1.356923076923077,midwest,True,-0.012167307692307727,0.0
D626,9848.76,0.353512,27846.0,15.303199999999999,35.86,9.176,3.8596,3.4824,midwest,False,-0.0048783846153846455,0.0
D627,8718.05,0.29598846153846153,29288.8,12.813846153846155,43.73076923076923,13.176923076923078,0.9634615384615385,0.5788461538461539,midwest,False,-0.062401923076923105,0.0
D628,7496.25,0.3553384615384615,21097.7,15.383076923076922,64.32692307692308,21.98846153846154,0.8876923076923077,0.765,southeast,False,-0.0030519230769231465,0.0
D684,8816.39,0.2965884615384615,29856.5,12.840384615384616,45.32692307692308,13.680769230769231,0.8296153846153846,0.5942307692307692,midwest,True,-0.061801923076923115,0.0
D685,8969.88,0.2973,30175.6,12.87076923076923,45.69615384615384,13.665384615384616,0.9165384615384615,0.5992307692307692,midwest,False,-0.06109038461538463,0.0
D686,10267.84,0.34737307692307695,29512.4,15.038076923076924,72.0,18.56153846153846,1.5707692307692307,1.7446153846153847,midwest,False,-0.011017307692307687,0.0
D687,8921.3,0.2930423076923077,30419.0,12.686153846153847,46.776923076923076,13.915384615384616,1.0096153846153846,0.6,midwest,False,-0.06534807692307693,0.0
D688,8794.44,0.3037115384615384,29117.7,13.147692307692308,50.71923076923077,15.38076923076923,0.8430769230769232,0.7742307692307692,midwest,True,-0.05467884615384622,0.0
D690,7888.07,0.297825,26613.8,12.894166666666665,48.300000000000004,14.483333333333334,1.1408333333333334,0.9070833333333334,midwest,False,-0.06056538461538463,0.0
D1205,4648.09,0.3161346153846154,14899.4,13.68423076923077,48.34615384615385,22.123076923076926,0.20884615384615385,0.12000000000000001,northeast,True,-0.042255769230769236,0.0
D666,9036.22,0.2994461538461538,30302.3,12.962692307692306,45.54615384615385,13.438461538461537,0.7784615384615385,0.5896153846153847,midwest,True,-0.05894423076923083,0.0
D668,6761.84,0.24277307692307692,27897.3,10.50923076923077,30.134615384615383,11.153846153846153,0.3046153846153846,0.16615384615384615,midwest,False,-0.11561730769230771,0.0
D672,7432.43,0.23937692307692307,31308.6,10.362692307692308,27.049999999999997,10.357692307692307,0.2826923076923077,0.215,midwest,False,-0.11901346153846157,0.0
D675,4237.11,0.3114807692307692,13633.6,13.483846153846153,44.81923076923077,20.984615384615385,0.2353846153846154,0.16923076923076924,northeast,False,-0.04690961538461541,0.0
D677,11307.28,0.3464846153846154,32914.9,14.99923076923077,35.90769230769231,9.111538461538462,3.369230769230769,2.1076923076923078,midwest,False,-0.011905769230769248,0.0
D680,10320.15,0.3459346153846154,29877.2,14.975769230769231,76.96538461538461,20.13076923076923,1.2615384615384615,1.738846153846154,midwest,True,-0.012455769230769242,0.0
D651,9669.31,0.3516346153846154,27624.8,15.222307692307691,37.12307692307692,9.569230769230769,2.8430769230769233,2.023846153846154,midwest,True,-0.00675576923076926,0.0
D654,3969.93,0.28254736842105266,14272.6,12.230526315789474,38.66842105263158,16.810526315789474,0.3342105263157895,0.15368421052631578,southeast,True,-0.07584301619433198,0.0
D655,6797.98,0.23745384615384615,28451.7,10.280000000000001,28.38076923076923,10.738461538461538,0.21384615384615385,0.16269230769230772,midwest,True,-0.12093653846153848,0.0
D656,5066.52,0.30897307692307696,16438.9,13.374615384615385,45.41538461538461,21.180769230769233,0.25846153846153846,0.19384615384615383,northeast,False,-0.04941730769230768,0.0
D658,6766.61,0.23788461538461542,28464.5,10.298076923076923,29.765384615384615,11.2,0.2673076923076923,0.2276923076923077,midwest,False,-0.12050576923076922,0.0
D662,7461.85,0.35728846153846155,20943.8,15.467692307692309,70.6576923076923,23.611538461538462,1.1153846153846154,0.6823076923076924,southeast,False,-0.0011019230769230837,0.0
D663,5377.91,0.27656153846153847,19547.9,11.973076923076924,39.06153846153846,17.453846153846154,0.2830769230769231,0.1523076923076923,southeast,True,-0.08182884615384617,0.0
D639,3441.54,0.31323,11105.4,13.5585,47.605000000000004,21.935,0.25,0.1665,northeast,True,-0.04516038461538463,0.0
D643,4818.74,0.31203461538461535,15637.6,13.508076923076922,46.46153846153846,21.403846153846153,0.3511538461538461,0.1896153846153846,northeast,False,-0.046355769230769284,0.0
D691,4906.58,0.3114884615384615,15840.7,13.484615384615385,44.603846153846156,21.623076923076926,0.31,0.17807692307692308,northeast,False,-0.04690192307692315,0.0
D591,7891.6,0.29995,26302.7,12.983846153846153,45.17307692307692,13.661538461538461,1.0338461538461539,0.5480769230769231,midwest,False,-0.058440384615384644,0.0
D593,8475.58,0.29749230769230767,28476.4,12.878076923076922,49.18076923076923,14.915384615384616,1.0576923076923077,0.746923076923077,midwest,False,-0.06089807692307697,0.0
D595,9347.23,0.2965307692307692,31649.0,12.83769230769231,48.00384615384615,13.926923076923078,0.7184615384615385,0.5538461538461539,midwest,True,-0.06185961538461543,0.0
D1230,4968.63,0.3038730769230769,16437.1,13.154230769230768,45.23461538461538,20.98846153846154,0.2734615384615385,0.14653846153846153,northeast,True,-0.054517307692307726,0.0
D1231,6464.8,0.24785384615384617,26435.6,10.730384615384615,29.26923076923077,11.007692307692308,0.2226923076923077,0.2,midwest,True,-0.11053653846153846,0.0
D1235,7282.99,0.35462307692307693,20681.0,15.350384615384616,65.17307692307692,22.315384615384616,0.8350000000000001,0.6223076923076923,southeast,False,-0.0037673076923077087,0.0
D576,5489.8,0.2891,19030.2,12.514999999999999,41.99615384615385,18.346153846153847,0.3242307692307692,0.18346153846153845,southeast,True,-0.06929038461538461,0.0
D579,8936.43,0.29875384615384615,29984.399999999998,12.932692307692308,44.88461538461539,13.853846153846153,1.0423076923076924,0.5119230769230769,midwest,False,-0.05963653846153849,0.0
D580,10511.85,0.35264615384615383,29784.3,15.26576923076923,39.53846153846154,10.076923076923077,3.5865384615384617,1.9961538461538462,midwest,False,-0.005744230769230807,0.0
D581,8386.8,0.29881153846153846,28299.6,12.934615384615386,47.388461538461534,14.503846153846155,1.0150000000000001,0.4957692307692308,midwest,False,-0.05957884615384618,0.0
D1194,6951.13,0.29660000000000003,23600.7,12.84,45.90952380952381,13.952380952380953,1.0714285714285714,0.7004761904761905,midwest,False,-0.06179038461538461,0.0
D1195,6817.96,0.3525384615384616,19306.8,15.262307692307692,62.607692307692304,21.834615384615386,0.9684615384615385,0.5384615384615384,southeast,False,-0.00585192307692306,0.0
D1196,7331.32,0.3523038461538462,20849.5,15.251153846153844,65.24230769230769,22.273076923076925,1.0061538461538462,0.6507692307692307,southeast,False,-0.006086538461538449,0.0
D120,8533.52,0.30197307692307696,28439.7,13.072692307692307,48.150000000000006,14.600000000000001,0.7553846153846154,0.45038461538461544,midwest,True,-0.05641730769230768,0.0
D1200,5525.85,0.27884615384615385,19937.5,12.071538461538463,39.76153846153846,17.307692307692307,0.20423076923076924,0.2696153846153846,southeast,True,-0.07954423076923078,0.0
D1178,4826.28,0.3036115384615385,15931.8,13.143076923076924,40.853846153846156,19.596153846153847,0.1992307692307692,0.11153846153846156,northeast,True,-0.05477884615384615,0.0
D1203,5294.62,0.27666153846153846,19328.7,11.977692307692308,42.46923076923077,18.51923076923077,0.295,0.17653846153846153,southeast,False,-0.08172884615384618,0.0
D1182,5688.05,0.28060384615384615,20327.6,12.147692307692306,39.61538461538461,17.423076923076923,0.23653846153846156,0.14461538461538462,southeast,False,-0.07778653846153849,0.0
D1186,7244.03,0.2406115384615385,30199.7,10.416538461538462,27.215384615384615,10.442307692307692,0.38576923076923075,0.2276923076923077,midwest,False,-0.11777884615384615,0.0
D1187,5591.2699999999995,0.28770384615384614,19658.4,12.455384615384615,42.75,18.75384615384615,0.2530769230769231,0.16538461538461538,southeast,True,-0.0706865384615385,0.0
D1188,4879.42,0.2808,17537.5,12.156153846153845,39.43076923076923,17.48076923076923,0.23038461538461538,0.13923076923076924,southeast,True,-0.07759038461538464,0.0
D1189,8677.92,0.29723076923076924,29095.5,12.866923076923078,45.88461538461539,13.926923076923076,0.7507692307692307,0.7942307692307692,midwest,True,-0.061159615384615396,0.0
D119,2066.13,0.32267999999999997,6429.6,13.968,41.519999999999996,19.39,0.442,0.17400000000000002,northeast,False,-0.03571038461538467,0.0
D1191,10428.99,0.3573115384615385,29456.4,15.467692307692307,37.95384615384615,9.576923076923077,3.4292307692307693,2.93,midwest,False,-0.0010788461538461247,0.0
D1192,7991.79,0.3058961538461539,26568.6,13.242692307692307,46.21153846153846,14.169230769230769,0.7980769230769231,0.8292307692307692,midwest,True,-0.052494230769230765,0.0
D631,4852.86,0.30282692307692305,16124.9,13.108846153846153,41.88461538461539,19.657692307692308,0.25346153846153846,0.16038461538461538,northeast,True,-0.05556346153846159,0.0
D632,5683.69,0.30414736842105267,18679.0,13.16578947368421,50.1578947368421,15.510526315789473,0.9352631578947368,0.6457894736842105,midwest,True,-0.05424301619433197,0.0
D633,4995.3,0.3118692307692308,16172.4,13.50076923076923,46.23076923076923,21.16923076923077,0.3223076923076923,0.1253846153846154,northeast,False,-0.04652115384615385,0.0
D634,5067.35,0.27981923076923076,18242.7,12.112692307692308,37.76923076923077,16.942307692307693,0.36346153846153845,0.20076923076923076,southeast,False,-0.07857115384615387,0.0
D637,9224.1,0.2992961538461538,31012.2,12.956153846153846,48.51153846153846,14.407692307692308,0.9507692307692307,0.7738461538461539,midwest,False,-0.059094230769230816,0.0
D638,7107.62,0.3494470588235294,20539.6,15.12764705882353,76.42941176470588,19.594117647058823,1.8688235294117648,2.1670588235294117,midwest,False,-0.00894332579185525,0.0
D1202,5298.78,0.27625,19321.3,11.959999999999999,38.25,16.76923076923077,0.23423076923076921,0.12846153846153846,southeast,True,-0.08214038461538464,0.0
D475,10612.27,0.3531923076923077,30112.0,15.289615384615384,38.84230769230769,9.946153846153846,3.2811538461538463,2.1992307692307693,midwest,False,-0.005198076923076944,0.0
D1295,8396.62,0.30059615384615385,28087.6,13.011923076923077,49.61538461538461,14.823076923076922,0.7246153846153847,0.5796153846153846,midwest,True,-0.05779423076923079,0.0
D1297,2358.59,0.28313076923076924,8411.7,12.255384615384616,40.676923076923075,17.83076923076923,0.25384615384615383,0.23461538461538461,southeast,True,-0.0752596153846154,0.0
D1298,10123.74,0.3553,28510.3,15.38076923076923,37.76538461538461,9.415384615384616,2.8634615384615385,3.2473076923076927,midwest,True,-0.0030903846153846337,0.0
D454,6350.03,0.35375384615384614,17849.5,15.314615384615385,62.31923076923077,21.542307692307695,1.081923076923077,0.7515384615384615,southeast,False,-0.0046365384615384975,0.0
D455,7563.889999999999,0.29843749999999997,25310.3,12.918750000000001,47.725,14.620833333333332,0.9595833333333333,0.5341666666666667,midwest,True,-0.05995288461538467,0.0
D456,8912.98,0.3454291666666667,26250.7,14.952916666666667,76.09166666666667,19.720833333333335,1.6483333333333334,1.4041666666666668,midwest,False,-0.012961217948717962,0.0
D458,4962.93,0.29905625,16594.4,12.945625,48.75625,14.41875,1.34125,1.04375,midwest,False,-0.059334134615384615,0.0
D459,8520.07,0.2992576923076923,28175.9,12.954615384615384,51.78846153846154,15.634615384615385,1.0503846153846153,0.8126923076923076,midwest,False,-0.05913269230769236,0.0
D462,3883.6,0.31049615384615387,12486.8,13.441153846153847,47.78076923076923,22.5,0.27653846153846157,0.13692307692307693,northeast,False,-0.04789423076923077,0.0
D463,5468.23,0.2798307692307692,19719.9,12.115,39.55,17.25,0.30538461538461537,0.17730769230769233,southeast,False,-0.07855961538461542,0.0
D465,5087.97,0.3038230769230769,16968.7,13.152692307692309,43.58076923076923,20.46923076923077,0.18807692307692306,0.14,northeast,True,-0.05456730769230772,0.0
D1293,5724.23,0.28297307692307694,20483.5,12.25076923076923,41.565384615384616,18.053846153846152,0.2726923076923077,0.22423076923076923,southeast,True,-0.0754173076923077,0.0
D1243,10380.99,0.3470153846153846,30319.6,15.023846153846154,73.63846153846154,19.75,1.2019230769230769,1.3992307692307693,midwest,True,-0.011375000000000024,0.0
D641,7180.08,0.24411923076923078,29780.9,10.568076923076923,27.98076923076923,10.603846153846153,0.3553846153846154,0.165,midwest,False,-0.11427115384615386,0.0
D1248,6356.15,0.35683461538461536,18065.2,15.447692307692307,65.12307692307692,22.915384615384614,1.1296153846153847,0.8796153846153847,southeast,False,-0.0015557692307692772,0.0
D125,4897.57,0.30898461538461536,15966.8,13.376153846153848,43.17307692307692,20.85,0.32384615384615384,0.13423076923076924,northeast,False,-0.04940576923076928,0.0
D1250,10534.18,0.3450230769230769,30619.2,14.936153846153845,74.9,19.61923076923077,1.5123076923076924,1.3953846153846154,midwest,False,-0.013367307692307762,0.0
D1251,9860.66,0.35329230769230774,28457.4,15.294230769230769,76.60384615384615,20.173076923076923,1.1876923076923076,1.786923076923077,midwest,True,-0.0050980769230769,0.0
D1252,6098.8,0.24129615384615383,25403.5,10.445,28.307692307692307,10.796153846153846,0.3076923076923077,0.25846153846153846,midwest,False,-0.11709423076923081,0.0
D128,2417.54,0.27725384615384613,8920.9,12.002307692307692,35.86923076923077,15.446153846153846,0.45769230769230773,0.12615384615384617,southeast,False,-0.08113653846153851,0.0
D1280,9441.3,0.3549769230769231,26620.1,15.366923076923078,82.58461538461538,21.315384615384616,1.2953846153846154,1.141923076923077,midwest,True,-0.0034134615384615596,0.0
D1282,10352.35,0.35495,29203.0,15.36576923076923,38.32692307692308,9.673076923076923,3.608076923076923,3.0146153846153845,midwest,False,-0.0034403846153846507,0.0
D1283,9930.91,0.35547307692307695,28079.9,15.387307692307692,38.13076923076923,9.850000000000001,3.496153846153846,2.120769230769231,midwest,False,-0.0029173076923076913,0.0
D1284,8407.72,0.29565384615384616,28691.8,12.798461538461538,47.15384615384615,14.36923076923077,0.818076923076923,0.841923076923077,midwest,True,-0.06273653846153848,0.0
D1286,2451.64,0.3148666666666667,7805.9,13.630833333333333,48.958333333333336,20.908333333333335,0.38666666666666666,0.1825,northeast,True,-0.043523717948717955,0.0
D1287,6681.97,0.35817692307692306,18706.8,15.506153846153845,69.72307692307692,23.29615384615385,0.8923076923076922,0.5115384615384616,southeast,True,-0.000213461538461579,0.0
D1291,8886.91,0.3001923076923077,29697.5,12.995384615384616,48.603846153846156,14.723076923076924,0.9976923076923078,0.7769230769230769,midwest,False,-0.058198076923076936,0.0
D506,8102.96,0.30046538461538463,27202.1,13.006923076923076,47.41153846153846,14.38846153846154,0.8703846153846153,0.5261538461538462,midwest,False,-0.057925000000000004,0.0
D507,8279.21,0.29298461538461534,28649.4,12.683076923076923,45.12307692307692,13.776923076923076,0.8500000000000001,0.5319230769230769,midwest,True,-0.0654057692307693,0.0
D1246,7293.03,0.3553423076923077,20614.5,15.383846153846154,64.98076923076923,22.74230769230769,0.9392307692307693,0.9411538461538461,southeast,False,-0.003048076923076959,0.0
D1324,10802.31,0.35680384615384614,30520.2,15.445384615384615,38.934615384615384,9.523076923076923,3.453461538461539,3.081538461538462,midwest,False,-0.0015865384615385003,0.0
D1325,5699.89,0.27862692307692305,20405.4,12.062307692307693,38.28076923076923,17.092307692307692,0.2926923076923077,0.16807692307692307,southeast,False,-0.07976346153846159,0.0
D1326,10105.41,0.3504615384615385,28814.0,15.171923076923076,37.86153846153846,9.753846153846153,2.662692307692308,2.132307692307692,midwest,True,-0.007928846153846147,0.0
D1327,8678.32,0.2943346153846154,29555.7,12.742692307692307,44.21923076923077,13.53076923076923,1.0207692307692309,0.7546153846153847,midwest,False,-0.06405576923076922,0.0
D1328,9171.039999999999,0.30588076923076923,30116.9,13.242307692307692,48.75,14.903846153846153,0.8119230769230769,0.8084615384615385,midwest,True,-0.052509615384615405,0.0
D1329,5718.0,0.28031923076923076,20520.1,12.134615384615385,38.996153846153845,17.053846153846152,0.31,0.18307692307692308,southeast,True,-0.07807115384615387,0.0
D434,2483.65,0.3096,8105.7,13.403571428571428,38.542857142857144,18.364285714285717,0.44857142857142857,0.18571428571428572,northeast,False,-0.04879038461538465,0.0
D435,9918.17,0.35128846153846155,28504.0,15.208076923076923,39.78846153846154,10.107692307692307,3.6303846153846155,2.9553846153846157,midwest,False,-0.007101923076923089,0.0
D437,5674.54,0.2763,20536.6,11.961153846153847,37.40769230769231,16.634615384615383,0.25384615384615383,0.2530769230769231,southeast,True,-0.08209038461538465,0.0
D438,5857.7699999999995,0.2819307692307692,20777.1,12.203846153846154,41.29230769230769,17.842307692307692,0.2692307692307692,0.13846153846153847,southeast,True,-0.07645961538461543,0.0
D440,8660.92,0.29282307692307696,29443.4,12.676923076923078,46.23846153846154,14.034615384615384,0.9942307692307693,0.543076923076923,midwest,False,-0.06556730769230767,0.0
D444,3215.66,0.31176875,10422.4,13.49625,44.90625,20.4,0.36375,0.174375,northeast,False,-0.046621634615384655,0.0
D445,10587.710000000001,0.33811153846153846,31156.7,14.637692307692307,68.46923076923078,18.034615384615385,1.2146153846153847,1.8057692307692308,midwest,True,-0.020278846153846175,0.0
D1318,4646.18,0.30193461538461536,15324.8,13.07,47.45,22.196153846153848,0.2846153846153846,0.09846153846153846,northeast,True,-0.05645576923076928,0.0
D132,6648.95,0.2415923076923077,27589.0,10.459999999999999,27.93846153846154,10.792307692307693,0.2665384615384615,0.22115384615384615,midwest,True,-0.11679807692307695,0.0
D473,7627.35,0.35733461538461536,21206.8,15.469615384615386,65.22307692307692,22.542307692307695,1.055,0.8103846153846154,southeast,False,-0.0010557692307692768,0.0
D479,4984.07,0.30396153846153845,16474.1,13.159615384615384,45.27307692307692,21.184615384615384,0.3246153846153846,0.2726923076923077,northeast,False,-0.05442884615384619,0.0
D480,8707.960000000001,0.30248846153846154,29037.2,13.093846153846155,47.22692307692308,14.315384615384614,0.9696153846153847,0.5103846153846153,midwest,False,-0.0559019230769231,0.0
D481,8539.34,0.29893846153846154,28443.0,12.941923076923077,47.111538461538466,14.103846153846153,1.0092307692307692,0.8303846153846154,midwest,False,-0.0594519230769231,0.0
D482,6706.85,0.24096153846153845,27937.5,10.430769230769231,28.157692307692308,10.692307692307692,0.2380769230769231,0.1473076923076923,midwest,True,-0.11742884615384619,0.0
D483,4886.59,0.3033576923076923,16234.6,13.131538461538462,45.184615384615384,20.984615384615385,0.2373076923076923,0.18423076923076923,northeast,True,-0.055032692307692366,0.0
D1299,6772.72,0.23615,28780.7,10.223076923076924,26.073076923076922,10.061538461538463,0.24538461538461537,0.1992307692307692,midwest,False,-0.12224038461538464,0.0
D1300,4676.99,0.31475384615384616,15028.9,13.626538461538463,48.69615384615384,22.292307692307695,0.22846153846153847,0.17076923076923076,northeast,False,-0.04363653846153848,0.0
D1304,7861.51,0.3549115384615385,22325.8,15.363076923076923,68.16153846153847,23.673076923076923,0.9934615384615385,0.5953846153846154,southeast,False,-0.003478846153846138,0.0
D131,10296.69,0.34629615384615386,29816.9,14.99076923076923,78.60384615384615,20.38076923076923,1.5434615384615387,1.886153846153846,midwest,False,-0.012094230769230774,0.0
D1311,6830.0,0.35193846153846153,19510.4,15.23423076923077,65.98461538461538,22.73846153846154,1.0746153846153847,0.9861538461538462,southeast,False,-0.006451923076923105,0.0
D1312,7204.37,0.2468653846153846,29319.6,10.686538461538463,32.176923076923075,12.107692307692307,0.3396153846153846,0.2326923076923077,midwest,False,-0.11152500000000004,0.0
D1313,7087.63,0.35678846153846155,19990.8,15.445,64.10384615384615,22.180769230769233,1.0776923076923077,0.8011538461538461,southeast,False,-0.0016019230769230841,0.0
D467,4979.5,0.3057615384615385,16445.0,13.236153846153845,44.426923076923075,20.9,0.28,0.14076923076923079,northeast,False,-0.052628846153846165,0.0
D468,5659.13,0.2750769230769231,20663.8,11.90846153846154,39.684615384615384,17.611538461538462,0.29923076923076924,0.1992307692307692,southeast,False,-0.08331346153846153,0.0
D470,4480.66,0.27977391304347826,16046.6,12.110869565217392,44.1,18.534782608695654,0.40304347826086956,0.16521739130434782,southeast,False,-0.07861647157190638,0.0
D1321,4352.7,0.31354615384615386,13859.6,13.57346153846154,46.68846153846154,21.996153846153845,0.32,0.18807692307692306,northeast,False,-0.044844230769230775,0.0
D1253,7118.86,0.23597692307692306,29955.8,10.215769230769231,27.71153846153846,10.492307692307692,0.3353846153846154,0.18384615384615385,midwest,False,-0.12241346153846158,0.0
D1254,6353.09,0.2420153846153846,26391.6,10.47653846153846,29.565384615384616,11.126923076923077,0.24461538461538462,0.2276923076923077,midwest,False,-0.11637500000000003,0.0
D1256,7606.38,0.24128461538461538,31599.7,10.445769230769232,30.200000000000003,11.523076923076925,0.2423076923076923,0.15423076923076923,midwest,True,-0.11710576923076926,0.0
D1257,6301.05,0.2443153846153846,26055.9,10.575769230769232,28.43846153846154,10.953846153846154,0.2234615384615385,0.15692307692307692,midwest,True,-0.11407500000000004,0.0
D126,9877.55,0.35549230769230766,27654.7,15.38923076923077,39.48461538461538,10.142307692307693,3.6653846153846152,2.1038461538461535,midwest,False,-0.0028980769230769754,0.0
D1261,5638.7,0.2739576923076923,20641.4,11.860000000000001,38.09230769230769,16.946153846153845,0.3869230769230769,0.1930769230769231,southeast,False,-0.08443269230769235,0.0
D1218,5180.11,0.2756653846153846,18793.0,11.932692307692308,36.44230769230769,15.984615384615385,0.24884615384615383,0.17653846153846153,southeast,True,-0.08272500000000005,0.0
D1221,7272.12,0.3545230769230769,20579.0,15.34769230769231,66.3076923076923,22.676923076923078,0.9603846153846154,0.8842307692307693,southeast,False,-0.003867307692307753,0.0
D1222,9531.69,0.34984615384615386,27234.1,15.143846153846154,35.16153846153846,8.934615384615386,3.6680769230769235,2.879230769230769,midwest,False,-0.008544230769230776,0.0
D1224,4540.76,0.30332692307692305,15094.8,13.129999999999999,41.184615384615384,19.296153846153846,0.24961538461538463,0.17730769230769233,northeast,False,-0.05506346153846159,0.0
D1227,7252.3,0.3547230769230769,20491.7,15.35576923076923,64.5576923076923,22.303846153846152,0.8342307692307693,0.5980769230769231,southeast,True,-0.0036673076923077197,0.0
D1208,6985.62,0.24237307692307694,29042.7,10.49076923076923,27.61923076923077,10.507692307692308,0.3038461538461539,0.25384615384615383,midwest,False,-0.1160173076923077,0.0
D1209,5999.12,0.3574615384615385,16833.9,15.475769230769231,65.7,23.042307692307695,0.8615384615384615,0.7611538461538461,southeast,True,-0.0009288461538461412,0.0
D121,7219.24,0.2403076923076923,30337.1,10.402692307692309,29.153846153846153,11.05,0.31153846153846154,0.11538461538461539,midwest,False,-0.11808269230769233,0.0
D1210,7037.13,0.24330384615384615,28969.2,10.532692307692308,30.13076923076923,11.399999999999999,0.29,0.18653846153846151,midwest,False,-0.11508653846153849,0.0
D1265,10063.31,0.3550923076923077,28299.7,15.372307692307693,39.57692307692308,9.788461538461538,2.700384615384615,2.9934615384615384,midwest,True,-0.0032980769230769313,0.0
D1212,9078.14,0.2894423076923077,31407.5,12.530384615384616,44.19615384615384,13.523076923076925,0.9692307692307692,0.5946153846153845,midwest,False,-0.06894807692307692,0.0
D1216,4337.26,0.3093384615384615,14032.8,13.391538461538461,44.111538461538466,20.634615384615383,0.20346153846153847,0.08961538461538462,northeast,True,-0.04905192307692313,0.0
D1217,4811.19,0.31486538461538466,15327.7,13.631153846153847,50.13076923076923,22.43846153846154,0.3334615384615385,0.17846153846153845,northeast,False,-0.04352499999999998,0.0
D566,5466.32,0.2824653846153846,19416.6,12.228461538461538,38.99230769230769,17.26923076923077,0.27807692307692305,0.08461538461538462,southeast,False,-0.07592500000000002,0.0
D567,7835.07,0.30205454545454546,25944.8,13.075909090909091,47.10454545454545,14.086363636363638,1.011818181818182,0.5918181818181818,midwest,False,-0.056335839160839174,0.0
D571,5198.92,0.2770153846153846,18769.3,11.992692307692307,39.83846153846154,17.63076923076923,0.2169230769230769,0.21884615384615383,southeast,True,-0.08137500000000003,0.0
D572,7298.33,0.3570307692307692,20587.7,15.455769230769231,63.33846153846154,21.857692307692307,1.013076923076923,0.5934615384615385,southeast,False,-0.0013596153846154313,0.0
D573,5875.0,0.28099615384615384,20882.0,12.164230769230768,40.9076923076923,17.823076923076922,0.3373076923076923,0.15692307692307692,southeast,False,-0.0773942307692308,0.0
D574,8838.18,0.2952346153846154,30056.7,12.780000000000001,46.62307692307692,14.046153846153846,0.8788461538461537,0.78,midwest,True,-0.06315576923076927,0.0
D1207,4501.9,0.31251923076923077,14331.3,13.529615384615385,47.361538461538466,22.361538461538462,0.21346153846153845,0.20076923076923078,northeast,True,-0.04587115384615387,0.0
D556,7052.24,0.35051923076923075,20403.2,15.173846153846153,65.37307692307692,22.03846153846154,0.7765384615384616,0.816923076923077,southeast,True,-0.007871153846153889,0.0
D557,6178.08,0.34711875,17554.5,15.0275,72.9625,18.4125,1.3575,1.590625,midwest,True,-0.011271634615384662,0.0
D558,8998.29,0.3034269230769231,29885.8,13.135384615384615,49.80769230769231,14.98076923076923,0.926923076923077,0.5319230769230769,midwest,False,-0.054963461538461544,0.0
D560,7244.35,0.2335307692307692,30710.5,10.109615384615385,24.78076923076923,9.461538461538462,0.2373076923076923,0.14346153846153847,midwest,True,-0.12485961538461543,0.0
D564,5072.04,0.28543636363636365,17841.7,12.356363636363636,41.65,18.022727272727273,0.33636363636363636,0.17681818181818182,southeast,False,-0.07295402097902098,0.0
D1211,8306.92,0.28808076923076925,28984.9,12.470769230769232,45.965384615384615,13.838461538461539,1.1207692307692307,0.7811538461538461,midwest,False,-0.07030961538461539,0.0
D1273,4416.14,0.3109041666666667,14332.2,13.457916666666668,48.416666666666664,22.270833333333332,0.35041666666666665,0.18458333333333332,northeast,False,-0.047486217948717935,0.0
D1274,3868.16,0.2397,16112.8,10.377142857142857,25.664285714285715,9.671428571428573,0.31,0.22428571428571428,midwest,True,-0.11869038461538464,0.0
D1277,6516.72,0.35770384615384615,18344.8,15.485000000000001,64.68846153846154,22.52692307692308,0.7580769230769231,0.7653846153846153,southeast,True,-0.0006865384615384884,0.0
D1279,5453.2300000000005,0.28148076923076926,19416.5,12.184615384615386,40.06923076923077,17.823076923076922,0.2026923076923077,0.15384615384615385,southeast,True,-0.07690961538461538,0.0
D484,5079.6900000000005,0.31041538461538465,16512.6,13.437307692307693,44.25769230769231,20.78076923076923,0.3257692307692308,0.1676923076923077,northeast,True,-0.04797499999999999,0.0
D491,6197.41,0.24576956521739132,25195.7,10.639130434782608,30.808695652173913,11.595652173913043,0.3695652173913043,0.1673913043478261,midwest,False,-0.11262081939799332,0.0
D493,8121.38,0.24202307692307692,33846.1,10.47653846153846,28.91923076923077,10.915384615384616,0.29846153846153844,0.18692307692307694,midwest,False,-0.11636730769230771,0.0
D497,5712.400000000001,0.27552692307692306,20765.7,11.926923076923078,40.16153846153846,17.31153846153846,0.24884615384615383,0.18769230769230769,southeast,False,-0.08286346153846158,0.0
D499,10604.53,0.34833461538461535,30313.5,15.078846153846154,35.15,9.038461538461538,3.4569230769230765,2.108846153846154,midwest,False,-0.010055769230769285,0.0
D501,5618.7,0.30210625,18732.0,13.076875,47.11875,14.4375,1.24125,0.700625,midwest,False,-0.05628413461538462,0.0
D505,10703.36,0.35095384615384617,30346.6,15.193076923076923,39.55384615384616,9.842307692307692,2.6903846153846156,2.9569230769230765,midwest,True,-0.007436538461538467,0.0
D545,3260.6,0.2887375,11249.1,12.499375,40.7625,17.125,0.26,0.211875,southeast,True,-0.06965288461538466,0.0
D546,5551.63,0.27929615384615386,20015.899999999998,12.09,37.542307692307695,16.607692307692307,0.35461538461538467,0.1926923076923077,southeast,False,-0.07909423076923078,0.0
D547,4236.92,0.30935769230769233,13902.9,13.392692307692307,45.00384615384615,21.25769230769231,0.1673076923076923,0.14307692307692307,northeast,True,-0.049032692307692305,0.0
D548,10216.47,0.3483807692307692,29493.7,15.081153846153846,77.66538461538461,20.200000000000003,1.6080769230769232,1.3246153846153845,midwest,False,-0.010009615384615422,0.0
D526,6581.57,0.3556192307692308,18718.6,15.393846153846154,67.48461538461538,23.299999999999997,1.0311538461538463,0.6292307692307693,southeast,False,-0.00277115384615384,0.0
D550,7876.37,0.2400076923076923,32982.9,10.389615384615384,29.073076923076922,10.86923076923077,0.3096153846153846,0.17346153846153844,midwest,False,-0.11838269230769233,0.0
D554,3369.72,0.2912133333333333,11534.5,12.606,41.07333333333334,17.959999999999997,0.36000000000000004,0.3093333333333333,southeast,False,-0.06717705128205131,0.0
D555,3681.92,0.30792631578947366,11933.7,13.33,43.305263157894736,20.25263157894737,0.2115789473684211,0.16105263157894736,northeast,True,-0.05046406882591098,0.0
D531,7547.68,0.3543807692307693,21523.9,15.34153846153846,66.58076923076922,22.35,0.9576923076923076,0.7626923076923077,southeast,False,-0.0040096153846153615,0.0
D532,7167.11,0.24217307692307694,29849.1,10.482692307692307,28.16923076923077,10.8,0.2753846153846154,0.20038461538461538,midwest,False,-0.1162173076923077,0.0
D534,4741.61,0.3115730769230769,15603.4,13.487307692307693,45.62307692307692,21.6,0.2823076923076923,0.2196153846153846,northeast,False,-0.04681730769230774,0.0
D536,10162.07,0.3561884615384615,28641.5,15.420384615384616,38.05,10.042307692307693,3.6576923076923076,2.926153846153846,midwest,False,-0.002201923076923129,0.0
D537,8168.36,0.30486153846153846,26894.6,13.197692307692307,51.30384615384616,15.38076923076923,0.8584615384615385,0.8053846153846155,midwest,True,-0.05352884615384618,0.0
D540,9003.13,0.29365,30372.1,12.711923076923076,46.97692307692308,13.803846153846154,0.7823076923076923,0.808076923076923,midwest,True,-0.06474038461538462,0.0
D541,4453.03,0.3077,14572.7,13.32,44.58461538461539,20.846153846153847,0.3046153846153846,0.12923076923076923,northeast,False,-0.050690384615384665,0.0
D543,6436.51,0.34873846153846155,18467.5,15.096153846153847,61.723076923076924,21.365384615384617,0.9184615384615384,0.5015384615384615,southeast,True,-0.009651923076923086,0.0
D515,10180.34,0.3523153846153846,28927.8,15.251153846153848,37.31923076923077,9.557692307692308,3.5907692307692307,2.025384615384615,midwest,False,-0.006075000000000053,0.0
D516,8480.53,0.30015000000000003,28340.4,12.99423076923077,48.87307692307692,14.642307692307693,1.0523076923076924,0.8738461538461538,midwest,False,-0.05824038461538461,0.0
D519,6928.08,0.24802307692307693,28117.1,10.736153846153845,31.503846153846155,11.88846153846154,0.23884615384615385,0.23461538461538461,midwest,False,-0.11036730769230771,0.0
D521,4959.34,0.24788421052631582,19899.0,10.732105263157894,29.326315789473682,10.868421052631579,0.24526315789473685,0.12315789473684209,midwest,False,-0.11050617408906882,0.0
D549,4006.99,0.2997,13367.3,12.974166666666667,43.050000000000004,12.525,1.0875000000000001,0.8850000000000001,midwest,True,-0.058690384615384616,0.0
D857,9077.37,0.34872307692307697,26348.4,15.096538461538461,80.78461538461539,20.234615384615385,1.268076923076923,1.3353846153846154,midwest,True,-0.00966730769230767,0.0
D860,9446.14,0.30211153846153843,31593.7,13.07846153846154,48.16923076923077,14.584615384615384,1.0988461538461538,0.5611538461538461,midwest,False,-0.05627884615384621,0.0
D1004,6955.2,0.35718076923076925,19908.7,15.463076923076924,67.81923076923077,23.357692307692307,0.8746153846153847,0.6169230769230769,southeast,False,-0.0012096153846153923,0.0
D1007,6822.0199999999995,0.23808695652173914,28660.1,10.307391304347826,28.8,10.769565217391303,0.2965217391304348,0.29043478260869565,midwest,True,-0.1203034280936455,0.0
D1009,5587.7,0.23555,23527.6,10.197916666666666,28.945833333333336,10.758333333333333,0.2525,0.19874999999999998,midwest,True,-0.12284038461538463,0.0
D101,5642.85,0.2762576923076923,20570.8,11.958846153846155,40.55384615384616,17.9,0.31961538461538463,0.23769230769230767,southeast,False,-0.08213269230769232,0.0
D1012,4773.79,0.27807727272727273,17117.7,12.037272727272727,40.22727272727273,17.654545454545453,0.31727272727272726,0.22454545454545458,southeast,False,-0.08031311188811191,0.0
D841,5242.4800000000005,0.27823461538461536,18944.0,12.045384615384616,39.75769230769231,17.576923076923077,0.37423076923076926,0.11576923076923076,southeast,False,-0.08015576923076928,0.0
D842,6784.44,0.35320769230769233,19128.9,15.29,66.59615384615384,22.407692307692308,0.9623076923076923,0.6776923076923077,southeast,False,-0.005182692307692305,0.0
D843,7324.82,0.23571153846153844,30939.0,10.203846153846154,27.253846153846155,10.015384615384615,0.27576923076923077,0.12307692307692308,midwest,False,-0.1226788461538462,0.0
D846,4902.55,0.3176846153846154,15562.3,13.752307692307692,45.98461538461538,21.28076923076923,0.2,0.13,northeast,False,-0.04070576923076924,0.0
D848,8509.67,0.2909769230769231,29472.7,12.596153846153847,44.70384615384615,14.057692307692308,0.9930769230769231,0.7269230769230769,midwest,False,-0.06741346153846156,0.0
D849,5246.6900000000005,0.28202307692307693,18863.1,12.20923076923077,40.52307692307692,17.876923076923077,0.2792307692307692,0.1623076923076923,southeast,True,-0.0763673076923077,0.0
D851,5845.84,0.28250384615384616,20776.6,12.228461538461538,39.19230769230769,17.015384615384615,0.32807692307692304,0.2561538461538462,southeast,False,-0.07588653846153848,0.0
D090,8981.45,0.29812307692307694,29993.4,12.90576923076923,44.98461538461538,13.46923076923077,0.9061538461538461,0.8338461538461538,midwest,False,-0.0602673076923077,0.0
D1155,8303.68,0.30070384615384615,27606.3,13.016923076923076,46.23461538461538,14.169230769230769,0.7496153846153847,0.5446153846153846,midwest,True,-0.057686538461538484,0.0
D092,8398.52,0.2925076923076923,28938.0,12.661923076923076,45.59615384615385,13.88076923076923,1.1307692307692307,0.8496153846153847,midwest,False,-0.06588269230769234,0.0
D095,8276.34,0.3079576923076923,27282.1,13.331538461538461,52.29615384615385,15.661538461538461,1.1503846153846153,0.5288461538461539,midwest,False,-0.05043269230769232,0.0
D096,9076.3,0.3023423076923077,30080.0,13.088461538461539,50.52307692307693,14.96923076923077,1.0046153846153847,0.8873076923076924,midwest,False,-0.05604807692307695,0.0
D099,10097.48,0.34796923076923075,29163.2,15.061923076923078,75.22692307692309,19.896153846153844,1.3657692307692306,1.281923076923077,midwest,False,-0.010421153846153886,0.0
D100,5797.72,0.2925315789473684,19590.8,12.663684210526316,42.03157894736842,12.705263157894738,1.2678947368421052,0.5942105263157894,midwest,False,-0.06585880566801622,0.0
D077,9087.32,0.30295,30176.9,13.115,50.71923076923077,15.465384615384616,0.961923076923077,0.8369230769230769,midwest,False,-0.05544038461538464,0.0
D078,2840.96,0.293175,9654.3,12.6925,39.791666666666664,16.541666666666668,0.445,0.2508333333333333,southeast,False,-0.06521538461538462,0.0
D080,6948.530000000001,0.2424769230769231,28572.8,10.497307692307693,28.111538461538462,10.453846153846154,0.22346153846153843,0.155,midwest,True,-0.11591346153846155,0.0
D083,10466.47,0.35728846153846155,29313.4,15.466923076923077,39.323076923076925,9.71923076923077,2.714230769230769,2.058846153846154,midwest,True,-0.0011019230769230837,0.0
D084,9905.21,0.3551346153846154,27966.9,15.37423076923077,38.823076923076925,9.761538461538462,3.575384615384615,2.8861538461538463,midwest,False,-0.0032557692307692565,0.0
D085,8373.38,0.29965384615384616,27857.7,12.973461538461539,52.01153846153846,15.78076923076923,0.8084615384615385,0.5138461538461538,midwest,True,-0.05873653846153848,0.0
D086,9807.18,0.3425115384615385,28900.0,14.827307692307691,77.82692307692308,20.384615384615383,1.6765384615384618,1.9249999999999998,midwest,False,-0.01587884615384616,0.0
D888,4096.03,0.2899263157894737,14191.0,12.550526315789474,44.305263157894736,19.19473684210526,0.40157894736842104,0.24473684210526317,southeast,True,-0.06846406882591094,0.0
D889,5271.16,0.3042692307692308,17329.1,13.173076923076923,44.638461538461534,20.56153846153846,0.26,0.14115384615384616,northeast,True,-0.05412115384615385,0.0
D891,9714.42,0.34345384615384617,28322.5,14.86923076923077,71.41538461538461,18.81153846153846,1.459230769230769,1.2892307692307694,midwest,False,-0.014936538461538473,0.0
D091,4476.74,0.3112333333333333,14263.9,13.473333333333334,47.38333333333333,13.625,1.4433333333333334,1.0325,midwest,False,-0.04715705128205133,0.0
D1052,7648.69,0.2964346153846154,25868.7,12.832307692307692,42.92307692307692,13.180769230769231,0.7476923076923078,0.4930769230769231,midwest,True,-0.06195576923076923,0.0
D1053,4701.67,0.30656153846153844,15587.8,13.27076923076923,45.400000000000006,21.326923076923077,0.26269230769230767,0.15576923076923077,northeast,False,-0.0518288461538462,0.0
D1054,9637.08,0.34547692307692307,27943.2,14.955769230769231,75.35,19.353846153846153,1.4442307692307692,1.7773076923076923,midwest,False,-0.012913461538461568,0.0
D1055,10751.44,0.35401923076923075,30457.2,15.326153846153847,37.36923076923077,9.623076923076923,3.5003846153846156,3.0288461538461537,midwest,False,-0.004371153846153886,0.0
D827,5822.7699999999995,0.3041526315789474,18972.9,13.166842105263157,45.62105263157895,13.41578947368421,0.7621052631578947,0.5810526315789474,midwest,True,-0.05423775303643724,0.0
D828,4751.79,0.2452777777777778,19367.9,10.618888888888888,28.761111111111113,10.644444444444444,0.41555555555555557,0.26166666666666666,midwest,False,-0.11311260683760685,0.0
D1035,5534.4,0.3026153846153846,18295.9,13.101153846153846,43.46923076923077,20.153846153846153,0.3230769230769231,0.16692307692307692,northeast,False,-0.05577500000000002,0.0
D1036,10166.36,0.34599230769230765,29450.4,14.978076923076923,78.97692307692309,20.273076923076925,1.5373076923076923,1.8888461538461538,midwest,False,-0.012398076923076984,0.0
D1039,8136.5,0.30097727272727276,26984.9,13.02818181818182,47.41363636363636,14.154545454545454,1.1695454545454547,0.5968181818181818,midwest,False,-0.05741311188811188,0.0
D1040,3365.14,0.3166,10795.1,13.706842105263158,45.36842105263158,20.678947368421053,0.4963157894736842,0.22947368421052633,northeast,False,-0.041790384615384646,0.0
D1042,5108.69,0.2858230769230769,17874.8,12.373846153846156,40.77307692307692,18.103846153846153,0.2226923076923077,0.11038461538461539,southeast,True,-0.07256730769230774,0.0
D811,8114.7,0.29928846153846156,27215.1,12.955769230769231,49.24230769230769,14.911538461538461,0.965,0.7611538461538461,midwest,False,-0.05910192307692308,0.0
D815,10291.15,0.34604999999999997,29612.3,14.981153846153846,32.84615384615385,8.161538461538461,3.450384615384616,2.168076923076923,midwest,False,-0.01234038461538467,0.0
D817,8786.87,0.2985807692307692,29676.4,12.925,45.650000000000006,13.703846153846154,0.8557692307692307,0.89,midwest,True,-0.05980961538461543,0.0
D818,7187.2,0.24113846153846152,29966.8,10.437307692307693,29.696153846153848,11.353846153846153,0.30230769230769233,0.12884615384615386,midwest,False,-0.11725192307692311,0.0
D853,6304.18,0.28520384615384614,22115.8,12.345769230769232,41.2,17.93846153846154,0.2834615384615385,0.1423076923076923,southeast,False,-0.0731865384615385,0.0
D1029,9713.59,0.34373461538461536,28128.8,14.879999999999999,73.58076923076922,19.373076923076923,1.1815384615384614,1.2999999999999998,midwest,True,-0.014655769230769278,0.0
D1028,6063.36,0.27571923076923077,22199.0,11.936153846153845,37.29615384615385,16.103846153846153,0.22730769230769232,0.22615384615384615,southeast,True,-0.08267115384615387,0.0
D1027,10097.53,0.35141153846153844,28837.7,15.212307692307691,77.3423076923077,20.361538461538462,1.4849999999999999,1.2873076923076923,midwest,False,-0.0069788461538461966,0.0
D1026,9638.53,0.34790000000000004,27823.5,15.059615384615386,70.21538461538461,18.742307692307694,1.4742307692307692,1.8688461538461536,midwest,False,-0.010490384615384596,0.0
D1025,6658.36,0.35741923076923077,18669.8,15.472307692307693,64.16923076923078,22.25,0.7365384615384615,0.6007692307692307,southeast,True,-0.0009711538461538716,0.0
D1021,4350.9,0.29745,14699.300000000001,12.876923076923077,42.71923076923077,20.23846153846154,0.2980769230769231,0.24153846153846154,northeast,False,-0.060940384615384646,0.0
D1018,2367.06,0.2978454545454545,7964.6,12.893636363636364,42.31818181818182,17.581818181818182,0.30727272727272725,0.22636363636363638,southeast,False,-0.060544930069930114,0.0
D822,4592.31,0.30866923076923075,14906.0,13.363076923076923,45.81153846153846,21.73846153846154,0.26999999999999996,0.14076923076923079,northeast,True,-0.04972115384615389,0.0
D873,8578.55,0.30135,28451.0,13.045,49.19230769230769,14.576923076923077,0.8580769230769231,0.8111538461538461,midwest,True,-0.05704038461538463,0.0
D872,7477.89,0.2961423076923077,25119.0,12.819230769230769,45.18076923076923,14.042307692307693,0.9511538461538461,0.573076923076923,midwest,False,-0.062248076923076934,0.0
D870,7615.05,0.24102692307692308,31822.1,10.433076923076923,29.43846153846154,10.896153846153847,0.3142307692307692,0.20461538461538462,midwest,False,-0.11736346153846156,0.0
D868,6740.95,0.304595,22157.8,13.184999999999999,50.995,14.965,1.2555,0.8705,midwest,False,-0.053795384615384634,0.0
D866,4545.86,0.3020923076923077,15162.6,13.078076923076923,45.138461538461534,21.096153846153847,0.19230769230769232,0.2353846153846154,northeast,True,-0.05629807692307692,0.0
D865,10373.81,0.34887307692307695,29711.7,15.103076923076923,34.86923076923077,8.346153846153847,3.3938461538461535,2.965384615384615,midwest,False,-0.009517307692307686,0.0
D1031,5938.95,0.30267058823529414,19625.7,13.101764705882353,42.241176470588236,12.458823529411765,1.2076470588235295,1.0035294117647058,midwest,False,-0.0557197963800905,0.0
D823,10497.18,0.35651153846153844,29622.6,15.433461538461538,83.35769230769232,21.52692307692308,1.5461538461538462,1.746923076923077,midwest,False,-0.0018788461538462031,0.0
D874,5489.62,0.2836961538461539,19374.8,12.281538461538462,43.34615384615385,18.911538461538463,0.3119230769230769,0.2623076923076923,southeast,False,-0.07469423076923076,0.0
D023,7506.57,0.29927916666666665,25136.0,12.957500000000001,47.49166666666667,14.291666666666666,1.1704166666666667,0.63,midwest,False,-0.05911121794871799,0.0
D1724,8937.27,0.29605000000000004,30288.6,12.81576923076923,45.88461538461539,13.75,0.8842307692307692,0.5703846153846154,midwest,False,-0.0623403846153846,0.0
D1726,10426.27,0.34663846153846156,30212.2,15.004999999999999,78.21153846153847,20.357692307692307,1.1634615384615385,1.9642307692307692,midwest,True,-0.011751923076923076,0.0
D1727,4153.75,0.3285272727272727,12661.2,14.22181818181818,55.627272727272725,15.654545454545454,0.9145454545454544,0.6872727272727274,midwest,True,-0.029863111888111915,0.0
D1729,6703.04,0.3004227272727273,22179.6,13.004545454545456,50.70454545454545,15.30909090909091,1.2472727272727273,0.9163636363636364,midwest,False,-0.05796765734265735,0.0
D173,7483.67,0.24028461538461537,31029.5,10.401538461538461,28.15,10.573076923076922,0.25346153846153846,0.11730769230769231,midwest,False,-0.11810576923076926,0.0
D1730,5653.63,0.2800076923076923,20330.8,12.121923076923078,39.642307692307696,17.4,0.3030769230769231,0.1930769230769231,southeast,True,-0.07838269230769235,0.0
D1731,4249.02,0.31551666666666667,13558.1,13.659166666666666,50.225,14.816666666666668,1.1683333333333332,0.71,midwest,True,-0.04287371794871797,0.0
D022,4750.0599999999995,0.35810000000000003,13298.8,15.501666666666667,39.025,9.216666666666667,4.423333333333333,2.5625,midwest,False,-0.000290384615384609,0.0
D1715,5791.32,0.2814076923076923,20556.4,12.182307692307692,39.41538461538461,16.85,0.1846153846153846,0.1676923076923077,southeast,True,-0.07698269230769234,0.0
D1716,1883.37,0.3266909090909091,5722.3,14.142727272727273,50.75454545454545,22.318181818181817,0.7345454545454545,0.3709090909090909,northeast,False,-0.03169947552447555,0.0
D1717,4889.09,0.30274285714285715,16184.0,13.105714285714285,44.16428571428571,13.092857142857143,1.18,0.8728571428571429,midwest,True,-0.05564752747252749,0.0
D1718,5250.31,0.27905384615384615,18835.8,12.080384615384617,35.792307692307695,15.503846153846155,0.2873076923076923,0.22230769230769232,southeast,False,-0.07933653846153849,0.0
D1720,6916.71,0.23716153846153845,29064.899999999998,10.266153846153847,27.75,10.738461538461538,0.2846153846153846,0.20615384615384616,midwest,False,-0.12122884615384619,0.0
D1721,6776.9,0.23843076923076925,28386.9,10.322307692307692,28.26153846153846,10.76923076923077,0.28384615384615386,0.17653846153846153,midwest,False,-0.11995961538461539,0.0
D892,7909.99,0.29684615384615387,26793.7,12.850000000000001,49.94230769230769,14.573076923076922,0.966923076923077,0.5073076923076922,midwest,False,-0.06154423076923077,0.0
D1723,4998.17,0.24569047619047618,20572.6,10.635714285714286,31.490476190476187,11.761904761904763,0.2833333333333333,0.17952380952380953,midwest,True,-0.11269990842490846,0.0
D1704,4870.77,0.27895416666666667,17532.1,12.075416666666667,38.34583333333333,16.98333333333333,0.25666666666666665,0.15833333333333333,southeast,True,-0.07943621794871797,0.0
D1705,10471.86,0.3479423076923077,30104.4,15.062307692307693,34.11923076923077,8.71923076923077,3.298076923076923,3.195,midwest,False,-0.010448076923076921,0.0
D1708,7822.83,0.2945115384615385,26498.2,12.749615384615385,45.900000000000006,13.976923076923075,1.01,0.5561538461538462,midwest,False,-0.06387884615384615,0.0
D1709,5825.68,0.28295384615384617,20585.6,12.25,40.388461538461534,17.584615384615383,0.2792307692307692,0.2023076923076923,southeast,False,-0.07543653846153847,0.0
D171,5106.12,0.2804576923076923,18249.2,12.141153846153847,41.776923076923076,18.403846153846153,0.21846153846153846,0.18192307692307694,southeast,True,-0.07793269230769234,0.0
D1712,8543.369999999999,0.29678461538461537,28756.5,12.847307692307691,48.96153846153846,15.015384615384615,0.7980769230769231,0.7373076923076923,midwest,True,-0.06160576923076927,0.0
D1713,5546.97,0.3057576923076923,18209.7,13.23653846153846,45.53076923076923,21.23846153846154,0.26576923076923076,0.17307692307692307,northeast,False,-0.05263269230769235,0.0
D975,9123.63,0.34235,26666.100000000002,14.82,72.33846153846153,19.142307692307693,1.1892307692307693,1.153076923076923,midwest,True,-0.01604038461538465,0.0
D978,7798.69,0.29913076923076926,26243.8,12.948076923076922,46.01538461538462,14.065384615384614,1.1511538461538462,0.5696153846153846,midwest,False,-0.05925961538461538,0.0
D983,8346.2,0.30015,27604.0,12.993076923076924,48.08846153846154,14.71923076923077,0.7365384615384615,0.55,midwest,True,-0.058240384615384666,0.0
D984,5265.51,0.3099807692307692,17154.4,13.419615384615385,47.29615384615385,21.792307692307695,0.25961538461538464,0.14192307692307693,northeast,True,-0.04840961538461541,0.0
D987,5862.97,0.2853615384615385,20517.3,12.352307692307694,42.51538461538462,18.053846153846152,0.32384615384615384,0.2107692307692308,southeast,True,-0.07302884615384614,0.0
D988,9095.75,0.29426153846153846,30998.7,12.737307692307693,47.44615384615384,14.503846153846153,0.9646153846153845,0.7619230769230769,midwest,False,-0.06412884615384618,0.0
D1701,6758.72,0.34605769230769234,19611.4,14.980384615384615,59.94615384615384,21.411538461538463,0.7480769230769231,0.8073076923076924,southeast,True,-0.012332692307692295,0.0
D1722,8867.71,0.29746923076923076,29685.9,12.877307692307692,47.13461538461539,14.311538461538463,0.9569230769230769,0.7938461538461539,midwest,False,-0.060921153846153875,0.0
D894,2792.89,0.311125,9062.5,13.469375,43.9125,20.11875,0.465,0.08125,northeast,False,-0.047265384615384654,0.0
D074,7354.54,0.3567692307692308,20516.1,15.443846153846154,63.034615384615385,22.01923076923077,0.9726923076923076,0.7326923076923078,southeast,False,-0.0016211538461538555,0.0
D076,4783.46,0.3047346153846154,15849.8,13.192307692307692,44.684615384615384,20.700000000000003,0.23307692307692307,0.15692307692307692,northeast,True,-0.05365576923076926,0.0
D878,1931.33,0.33083999999999997,5830.2,14.322,45.56,20.2,0.383,0.304,northeast,True,-0.02755038461538467,0.0
D880,8227.09,0.3001576923076923,27595.4,12.993461538461538,49.30769230769231,14.78076923076923,0.8707692307692307,0.8103846153846154,midwest,True,-0.058232692307692346,0.0
D881,9437.5,0.35666538461538455,26389.8,15.44,37.09615384615385,9.569230769230769,3.603846153846154,2.2984615384615386,midwest,False,-0.0017250000000000876,0.0
D883,9204.119999999999,0.349608,26621.3,15.1352,72.992,19.012,1.4016,1.8152000000000001,midwest,False,-0.008782384615384664,0.0
D884,7036.28,0.3528461538461538,19886.5,15.274999999999999,64.56923076923077,22.353846153846156,0.8657692307692307,0.8223076923076923,southeast,True,-0.005544230769230829,0.0
D885,5983.19,0.35653999999999997,16754.7,15.436000000000002,67.315,22.605,1.0585,0.6559999999999999,southeast,True,-0.0018503846153846704,0.0
D886,9575.960000000001,0.2967961538461539,32590.3,12.848076923076924,47.20769230769231,14.538461538461538,0.7988461538461539,0.4773076923076923,midwest,True,-0.06159423076923076,0.0
D992,7131.280000000001,0.24088846153846152,29881.5,10.427692307692308,28.53846153846154,10.626923076923077,0.2053846153846154,0.16884615384615384,midwest,True,-0.11750192307692311,0.0
D993,5450.65,0.3103769230769231,17812.5,13.43576923076923,46.57692307692308,21.51153846153846,0.22653846153846155,0.1803846153846154,northeast,True,-0.04801346153846153,0.0
D005,5764.26,0.2803730769230769,20792.6,12.138846153846155,39.44615384615384,17.126923076923077,0.3253846153846153,0.245,southeast,True,-0.07801730769230775,0.0
D997,6930.51,0.34936842105263155,19761.1,15.12421052631579,77.63157894736842,19.80526315789474,1.398421052631579,1.7478947368421054,midwest,True,-0.009021963562753088,0.0
D948,10920.27,0.34322692307692304,31962.4,14.858461538461539,77.7,19.78076923076923,1.6180769230769232,1.8092307692307692,midwest,False,-0.015163461538461598,0.0
D933,5442.04,0.28099230769230765,19202.0,12.162307692307694,41.146153846153844,17.76923076923077,0.2523076923076923,0.21846153846153846,southeast,False,-0.07739807692307699,0.0
D932,9009.54,0.30294615384615386,29885.0,13.113846153846152,53.78846153846154,15.899999999999999,0.8684615384615384,0.8115384615384615,midwest,True,-0.05544423076923077,0.0
D931,9297.56,0.33672692307692303,27915.8,14.576153846153847,70.02692307692308,18.815384615384616,1.4584615384615385,1.298846153846154,midwest,False,-0.021663461538461604,0.0
D930,9305.08,0.29156923076923075,31708.0,12.622692307692308,43.815384615384616,13.253846153846155,0.9092307692307693,0.5273076923076924,midwest,False,-0.06682115384615389,0.0
D928,7079.13,0.35091153846153844,20153.2,15.190384615384614,62.900000000000006,21.246153846153845,0.9657692307692307,0.8461538461538461,southeast,False,-0.007478846153846197,0.0
D071,10365.28,0.35123076923076924,29383.8,15.205,33.71923076923077,8.48076923076923,2.9457692307692307,2.198846153846154,midwest,True,-0.007159615384615403,0.0
D070,3173.21,0.2512,12683.2,10.874545454545455,29.354545454545452,11.127272727272727,0.28090909090909094,0.16272727272727272,midwest,False,-0.10719038461538466,0.0
D947,8546.51,0.3031846153846154,28324.2,13.124615384615385,50.43076923076923,15.180769230769231,1.0623076923076924,0.5557692307692308,midwest,False,-0.05520576923076925,0.0
D951,5654.54,0.28153846153846157,20074.6,12.187307692307693,41.08846153846154,18.23076923076923,0.31961538461538463,0.2030769230769231,southeast,False,-0.07685192307692307,0.0
D942,9330.29,0.3515692307692308,26527.6,15.21923076923077,38.42307692307692,9.784615384615385,2.8653846153846154,2.9269230769230767,midwest,True,-0.006821153846153838,0.0
D941,9746.8,0.3550346153846154,27426.0,15.369615384615384,38.90384615384615,10.05,3.3242307692307693,2.106923076923077,midwest,False,-0.0033557692307692455,0.0
D940,6684.18,0.3563846153846154,18981.0,15.428461538461537,69.67692307692307,23.542307692307695,0.8507692307692308,0.4719230769230769,southeast,True,-0.0020057692307692276,0.0
D937,4342.69,0.3144730769230769,13972.0,13.614230769230769,48.53846153846154,22.907692307692308,0.2665384615384615,0.12538461538461537,northeast,False,-0.04391730769230773,0.0
D991,3023.37,0.32276153846153843,9474.4,13.972307692307691,47.684615384615384,21.06153846153846,0.3723076923076923,0.10384615384615385,northeast,False,-0.035628846153846205,0.0
D957,7706.37,0.29788846153846155,25937.1,12.896153846153847,44.91538461538461,13.903846153846153,1.1157692307692308,0.7703846153846154,midwest,False,-0.06050192307692309,0.0
D955,9379.73,0.35785384615384613,26130.7,15.491923076923078,38.292307692307695,9.603846153846153,3.4303846153846154,3.0519230769230767,midwest,False,-0.0005365384615385049,0.0
D953,5802.9400000000005,0.2759576923076923,21195.3,11.946923076923078,40.70769230769231,17.834615384615383,0.24346153846153845,0.21115384615384616,southeast,True,-0.08243269230769235,0.0
D943,7147.79,0.35608076923076926,20442.7,15.415000000000001,71.45384615384616,23.265384615384615,1.083846153846154,1.0276923076923077,southeast,False,-0.002309615384615382,0.0
D699,5052.97,0.3036115384615385,16707.5,13.14269230769231,43.426923076923075,20.342307692307692,0.28692307692307695,0.19153846153846155,northeast,False,-0.05477884615384615,0.0
D701,9749.17,0.35100769230769235,27937.0,15.19576923076923,37.55384615384615,9.423076923076923,3.460384615384615,2.051153846153846,midwest,False,-0.007382692307692285,0.0
D702,7557.77,0.30287692307692304,25029.3,13.112307692307693,48.51153846153846,14.899999999999999,0.745,0.6223076923076923,midwest,True,-0.055513461538461595,0.0
D1146,5027.83,0.3095,16230.4,13.398076923076925,45.95384615384615,21.299999999999997,0.2203846153846154,0.12269230769230768,northeast,True,-0.04889038461538464,0.0
D737,8084.89,0.29635,27135.0,12.82846153846154,47.17307692307692,14.411538461538461,1.011153846153846,0.6319230769230769,midwest,False,-0.062040384615384636,0.0
D738,5598.2,0.27674615384615386,20284.6,11.980384615384615,40.184615384615384,18.003846153846155,0.32769230769230767,0.16730769230769232,southeast,False,-0.08164423076923077,0.0
D743,2187.09,0.3111769230769231,7060.9,13.470769230769232,46.400000000000006,20.123076923076926,0.29846153846153844,0.19615384615384615,northeast,True,-0.047213461538461565,0.0
D744,3218.28,0.31155,10595.5,13.488,45.69,20.72,0.325,0.27199999999999996,northeast,True,-0.046840384615384645,0.0
D749,5805.63,0.2810923076923077,20744.0,12.168461538461539,39.75,17.273076923076925,0.24461538461538462,0.16653846153846155,southeast,True,-0.07729807692307694,0.0
D751,10038.7,0.354026923076923,28402.6,15.325384615384614,38.142307692307696,9.55,3.501153846153846,3.1938461538461542,midwest,False,-0.0043634615384616215,0.0
D1134,6758.78,0.23895,28393.6,10.34423076923077,29.00769230769231,11.023076923076925,0.2907692307692308,0.20807692307692308,midwest,False,-0.11944038461538464,0.0
D1135,5058.31,0.3032423076923077,16781.5,13.127307692307692,42.26538461538462,19.68076923076923,0.16653846153846155,0.22076923076923077,northeast,True,-0.05514807692307694,0.0
D1136,8038.01,0.29914999999999997,26935.8,12.95,46.073076923076925,14.346153846153847,1.021923076923077,0.8130769230769231,midwest,False,-0.05924038461538467,0.0
D1137,5028.23,0.281008,17926.8,12.1648,40.704,17.896,0.33,0.28759999999999997,southeast,False,-0.07738238461538466,0.0
D114,7044.09,0.23906153846153846,29367.100000000002,10.348461538461539,28.36923076923077,10.646153846153847,0.20923076923076925,0.17038461538461538,midwest,True,-0.11932884615384617,0.0
D105,3454.78,0.3239235294117647,10807.5,14.025294117647059,47.682352941176475,21.95294117647059,0.32588235294117646,0.29705882352941176,northeast,True,-0.03446685520361992,0.0
D1145,3609.76,0.25230714285714284,14230.0,10.922142857142857,29.764285714285712,10.742857142857144,0.35642857142857143,0.2978571428571429,midwest,False,-0.1060832417582418,0.0
D112,9538.52,0.3454,27466.7,14.952692307692306,73.42692307692307,19.826923076923077,1.1761538461538463,2.0634615384615382,midwest,True,-0.012990384615384654,0.0
D1122,4830.74,0.29933461538461537,16217.4,12.958461538461538,42.05,19.665384615384617,0.20192307692307693,0.0923076923076923,northeast,True,-0.05905576923076927,0.0
D1123,4928.98,0.30155,16503.5,13.054615384615385,45.61538461538461,20.9,0.28923076923076924,0.19884615384615384,northeast,False,-0.056840384615384654,0.0
D1125,6628.51,0.23787307692307694,27900.7,10.296153846153846,26.53846153846154,10.161538461538461,0.3153846153846154,0.14615384615384613,midwest,True,-0.1205173076923077,0.0
D1126,5682.91,0.3015058823529412,18459.0,13.052941176470588,47.911764705882355,13.74705882352941,1.2205882352941178,0.8711764705882353,midwest,False,-0.05688450226244346,0.0
D1130,6649.85,0.34704230769230765,19455.5,15.024230769230769,66.05,22.33076923076923,1.0353846153846153,0.5246153846153846,southeast,False,-0.011348076923076988,0.0
D1131,4942.58,0.30683846153846156,16331.6,13.282307692307691,45.5,20.934615384615384,0.2742307692307692,0.19192307692307692,northeast,False,-0.05155192307692308,0.0
D1133,9959.11,0.3453576923076923,29005.2,14.95,74.0576923076923,19.31153846153846,1.2484615384615385,1.948846153846154,midwest,True,-0.013032692307692328,0.0
D714,5047.17,0.31613846153846153,16174.9,13.686538461538463,48.33846153846154,22.16923076923077,0.23807692307692305,0.15576923076923077,northeast,True,-0.042251923076923104,0.0
D717,9195.1,0.34374230769230774,27025.3,14.879999999999999,74.16538461538461,19.242307692307694,1.3896153846153847,1.8407692307692307,midwest,False,-0.014648076923076903,0.0
D719,4833.47,0.3004423076923077,16079.1,13.006153846153847,43.55,20.342307692307692,0.3334615384615385,0.125,northeast,False,-0.05794807692307696,0.0
D722,8341.04,0.2996,27902.2,12.968076923076923,49.62692307692308,14.623076923076923,0.7992307692307693,0.5723076923076923,midwest,True,-0.05879038461538466,0.0
D724,5282.61,0.24496842105263159,21457.6,10.604736842105263,29.289473684210527,10.889473684210527,0.24473684210526317,0.2789473684210526,midwest,True,-0.11342196356275305,0.0
D726,5243.41,0.3016846153846154,17439.6,13.059615384615386,42.965384615384615,19.58076923076923,0.3076923076923077,0.12615384615384617,northeast,False,-0.056705769230769254,0.0
D1141,9058.22,0.29703846153846153,30900.3,12.858076923076924,46.31923076923077,14.273076923076925,0.8546153846153846,0.52,midwest,True,-0.06135192307692311,0.0
D644,8307.08,0.29226153846153846,28580.1,12.65230769230769,48.69615384615384,14.473076923076924,0.9915384615384616,0.5323076923076923,midwest,False,-0.06612884615384618,0.0
D645,8892.55,0.30102307692307695,29846.9,13.031153846153845,48.30769230769231,14.207692307692309,0.7707692307692308,0.4869230769230769,midwest,True,-0.05736730769230769,0.0
D646,10522.2,0.3520692307692308,30000.7,15.241538461538463,78.38846153846154,20.71923076923077,1.146153846153846,1.9615384615384615,midwest,True,-0.0063211538461538375,0.0
D648,4854.12,0.3124423076923077,15554.9,13.525384615384613,47.58461538461539,22.323076923076922,0.3346153846153846,0.13807692307692307,northeast,False,-0.04594807692307695,0.0
D649,6012.08,0.2859769230769231,21085.4,12.379615384615384,41.11923076923077,17.676923076923078,0.30153846153846153,0.14346153846153847,southeast,False,-0.07241346153846157,0.0
D703,4297.05,0.31003846153846154,13910.6,13.421153846153846,47.95769230769231,22.523076923076925,0.2907692307692308,0.22692307692307695,northeast,True,-0.0483519230769231,0.0
D704,3159.8,0.246125,12871.3,10.655833333333334,27.8,10.200000000000001,0.44333333333333336,0.16166666666666665,midwest,False,-0.11226538461538463,0.0
D706,9060.99,0.3074153846153846,29564.8,13.307692307692308,51.26923076923077,15.203846153846154,0.9761538461538461,0.8203846153846153,midwest,False,-0.05097500000000005,0.0
D709,4690.9,0.3123076923076923,15263.9,13.518846153846154,47.16923076923077,21.61923076923077,0.16846153846153847,0.17153846153846153,northeast,True,-0.04608269230769235,0.0
D710,4441.96,0.31472727272727274,14329.1,13.624545454545455,44.38181818181818,21.322727272727274,0.24863636363636363,0.1990909090909091,northeast,False,-0.043663111888111894,0.0
D711,4774.97,0.28115769230769233,16991.5,12.171153846153846,37.87692307692308,16.411538461538463,0.3334615384615385,0.1280769230769231,southeast,False,-0.07723269230769231,0.0
D712,7056.24,0.35533461538461536,19852.7,15.382307692307693,66.16923076923078,22.784615384615385,0.9384615384615385,0.8346153846153845,southeast,False,-0.0030557692307692785,0.0
D713,6927.34,0.3535923076923077,19550.4,15.305769230769231,63.45769230769231,22.042307692307695,0.7373076923076923,0.6592307692307693,southeast,True,-0.004798076923076933,0.0
D1165,8767.47,0.29683076923076923,29758.6,12.85153846153846,44.81153846153847,13.95,1.0269230769230768,0.4957692307692308,midwest,False,-0.06155961538461541,0.0
D1168,10822.81,0.3548923076923077,30520.9,15.363076923076923,36.81923076923077,9.580769230769231,2.858461538461538,2.9669230769230768,midwest,True,-0.003498076923076965,0.0
D698,4809.68,0.27741153846153843,17165.9,12.009615384615385,40.23846153846154,17.584615384615383,0.3057692307692308,0.1630769230769231,southeast,False,-0.0809788461538462,0.0
D697,4550.31,0.30695,14891.1,13.287307692307694,43.95769230769231,20.161538461538463,0.2726923076923077,0.17307692307692307,northeast,False,-0.05144038461538464,0.0
D696,9578.130000000001,0.35773076923076924,27192.5,15.487307692307693,37.40769230769231,9.61923076923077,3.4334615384615383,3.2453846153846153,midwest,False,-0.0006596153846153974,0.0
D695,6100.62,0.28145384615384617,21834.3,12.18423076923077,40.357692307692304,17.51923076923077,0.27192307692307693,0.20346153846153847,southeast,False,-0.07693653846153847,0.0
D693,5361.89,0.27176923076923076,19761.6,11.765384615384615,39.40384615384615,17.084615384615383,0.22615384615384615,0.21807692307692308,southeast,False,-0.08662115384615388,0.0
D1161,8492.52,0.2971615384615385,28397.9,12.86423076923077,46.61538461538461,14.246153846153845,0.8888461538461538,0.6265384615384615,midwest,True,-0.06122884615384616,0.0
D1159,4859.31,0.3070230769230769,15822.6,13.290000000000001,43.45769230769231,20.076923076923077,0.23692307692307693,0.13153846153846155,northeast,True,-0.05136730769230774,0.0
D1156,8527.79,0.3016615384615384,28707.8,13.05923076923077,51.888461538461534,15.457692307692307,1.1111538461538462,0.73,midwest,False,-0.05672884615384621,0.0
D1169,5820.04,0.3537785714285714,16505.6,15.314285714285713,72.11428571428571,18.692857142857143,1.297857142857143,2.2385714285714284,midwest,True,-0.004611813186813252,0.0
D1154,8056.88,0.30260000000000004,26814.9,13.099615384615383,49.934615384615384,15.265384615384615,0.7661538461538462,0.5457692307692308,midwest,True,-0.0557903846153846,0.0
D1151,6886.6,0.24439615384615385,28190.4,10.579615384615384,27.81153846153846,10.850000000000001,0.21423076923076925,0.22,midwest,True,-0.11399423076923079,0.0
D1150,5198.51,0.3056423076923077,17140.4,13.230384615384615,45.099999999999994,21.134615384615383,0.25076923076923074,0.1323076923076923,northeast,True,-0.052748076923076925,0.0
D1149,4907.52,0.30683461538461543,16080.8,13.282307692307691,43.58846153846154,20.542307692307695,0.27692307692307694,0.22346153846153843,northeast,True,-0.05155576923076921,0.0
D1176,9718.94,0.34113846153846156,28240.5,14.767692307692307,75.13461538461539,19.092307692307692,1.1515384615384616,1.8996153846153847,midwest,True,-0.01725192307692308,0.0
D1173,6493.95,0.2407608695652174,26981.6,10.423043478260869,28.317391304347826,10.54782608695652,0.29695652173913045,0.23391304347826086,midwest,True,-0.11762951505016725,0.0
D1172,4026.87,0.2413375,16757.600000000002,10.4475,30.2375,11.85,0.38625,0.264375,midwest,False,-0.11705288461538463,0.0
D117,5752.21,0.28635,20158.8,12.396153846153847,40.92307692307692,18.223076923076924,0.23384615384615384,0.20807692307692308,southeast,False,-0.07204038461538464,0.0
D1323,11222.52,0.35756923076923075,31515.7,15.479615384615384,38.06153846153846,9.76923076923077,2.83,3.203076923076923,midwest,True,-0.0008211538461538881,0.0
D805,6149.81,0.3149842105263158,19478.399999999998,13.635263157894736,58.10526315789474,16.978947368421053,1.2605263157894737,0.7547368421052632,midwest,False,-0.04340617408906883,0.0
D806,6306.0,0.3551153846153846,17887.5,15.373076923076923,63.13461538461539,21.746153846153845,1.0546153846153847,0.515,southeast,False,-0.003275000000000028,0.0
D807,4553.89,0.30675,15120.4,13.279615384615385,46.715384615384615,21.29615384615385,0.2576923076923077,0.23769230769230767,northeast,True,-0.051640384615384616,0.0
D808,10466.28,0.3419615384615385,30638.3,14.803846153846154,73.28076923076922,19.296153846153846,1.2373076923076924,1.8676923076923078,midwest,True,-0.016428846153846155,0.0
D788,7623.47,0.3539038461538461,21564.4,15.32076923076923,65.37307692307692,22.642307692307693,0.7603846153846153,0.5776923076923077,southeast,True,-0.004486538461538514,0.0
D791,9596.08,0.3380961538461538,28445.6,14.635769230769231,73.72692307692309,19.426923076923078,1.4603846153846154,1.356153846153846,midwest,False,-0.020294230769230814,0.0
D792,7622.77,0.3028217391304348,25444.5,13.108695652173912,47.643478260869564,14.360869565217392,1.2121739130434783,0.6865217391304348,midwest,False,-0.05556864548494983,0.0
D796,6721.29,0.3445423076923077,19481.5,14.914230769230768,60.61923076923077,21.523076923076925,0.8453846153846154,0.7757692307692309,southeast,True,-0.013848076923076935,0.0
D799,6529.8,0.3546192307692308,18547.9,15.35153846153846,62.63076923076923,21.676923076923078,1.0153846153846153,0.8846153846153846,southeast,False,-0.0037711538461538407,0.0
D800,4748.94,0.3017230769230769,15884.199999999999,13.06076923076923,42.93846153846154,20.215384615384615,0.155,0.1676923076923077,northeast,True,-0.05666730769230771,0.0
D772,6718.7,0.35736153846153845,18895.6,15.468461538461538,65.18076923076923,21.68846153846154,1.0065384615384616,0.8453846153846154,southeast,False,-0.0010288461538461857,0.0
D773,5072.54,0.28482307692307696,17957.1,12.329230769230769,40.92307692307692,17.792307692307695,0.31576923076923075,0.195,southeast,False,-0.07356730769230768,0.0
D774,11504.060000000001,0.35759230769230765,32121.1,15.481153846153846,39.79230769230769,10.353846153846153,2.8123076923076926,3.2903846153846152,midwest,True,-0.0007980769230769846,0.0
D776,4272.3,0.3034,14154.5,13.133846153846154,44.54230769230769,20.896153846153844,0.23461538461538461,0.32,northeast,True,-0.054990384615384635,0.0
D777,10384.53,0.33945,30486.100000000002,14.695,73.59615384615384,19.353846153846153,1.4896153846153848,1.3299999999999998,midwest,False,-0.018940384615384664,0.0
D732,5524.150000000001,0.27584230769230766,20099.8,11.941538461538462,39.91538461538461,17.284615384615385,0.2380769230769231,0.20153846153846156,southeast,True,-0.08254807692307697,0.0
D1048,4801.42,0.3138115384615385,15394.2,13.583846153846155,47.96153846153846,22.907692307692308,0.27461538461538465,0.10692307692307691,northeast,False,-0.04457884615384616,0.0
D836,3295.64,0.28603529411764705,11635.9,12.382352941176471,40.317647058823525,17.476470588235294,0.3588235294117647,0.16058823529411764,southeast,False,-0.07235509049773758,0.0
D835,2340.95,0.29125454545454543,8143.4,12.609090909090908,39.654545454545456,17.263636363636365,0.22454545454545452,0.13727272727272727,southeast,True,-0.0671358391608392,0.0
D831,6386.34,0.35425384615384614,18143.1,15.336153846153847,63.20384615384615,21.97307692307692,0.9307692307692308,0.6230769230769231,southeast,False,-0.004136538461538497,0.0
D1059,5907.25,0.28168076923076923,21157.4,12.194230769230769,40.76538461538462,17.26153846153846,0.18730769230769231,0.25038461538461537,southeast,True,-0.0767096153846154,0.0
D1058,10550.37,0.35595769230769225,29697.6,15.409615384615384,37.38076923076923,9.184615384615386,3.402307692307692,3.019615384615385,midwest,False,-0.0024326923076923856,0.0
D1057,6722.07,0.246408,27358.6,10.6668,30.215999999999998,11.456,0.3508,0.146,midwest,False,-0.11198238461538465,0.0
D779,5328.8,0.30664230769230766,17674.1,13.274999999999999,46.026923076923076,21.215384615384615,0.3119230769230769,0.17730769230769233,northeast,False,-0.05174807692307698,0.0
D769,4727.73,0.3110153846153846,15286.7,13.464615384615383,45.65384615384615,21.50769230769231,0.175,0.13884615384615384,northeast,True,-0.047375000000000056,0.0
D768,10708.31,0.3450384615384615,31051.9,14.937307692307693,75.66153846153847,19.492307692307694,1.606153846153846,1.8376923076923077,midwest,False,-0.013351923076923122,0.0
D767,7182.52,0.24103076923076922,29716.6,10.434615384615386,29.00769230769231,10.788461538461538,0.27576923076923077,0.115,midwest,False,-0.11735961538461542,0.0
D1085,9553.26,0.3518307692307693,27175.7,15.23,35.16538461538461,8.988461538461538,2.958076923076923,2.0596153846153844,midwest,True,-0.006559615384615358,0.0
D1081,7350.29,0.35559999999999997,20808.6,15.393076923076924,62.315384615384616,21.52692307692308,0.8573076923076923,0.7792307692307693,southeast,True,-0.0027903846153846668,0.0
D108,4621.14,0.3037115384615384,15199.0,13.147307692307692,43.25384615384615,19.83076923076923,0.28923076923076924,0.2526923076923077,northeast,False,-0.05467884615384622,0.0
D1079,4981.86,0.31081538461538466,16096.4,13.455769230769231,44.33461538461539,20.746153846153845,0.36961538461538457,0.13730769230769233,northeast,False,-0.04757499999999998,0.0
D781,5487.35,0.3126884615384615,17461.7,13.536923076923076,45.09615384615385,20.965384615384615,0.33192307692307693,0.20730769230769233,northeast,False,-0.04570192307692311,0.0
D1056,6683.89,0.23964615384615387,27832.5,10.373461538461537,27.915384615384614,10.653846153846153,0.2276923076923077,0.16692307692307692,midwest,True,-0.11874423076923077,0.0
D734,4820.05,0.30944230769230774,15814.0,13.396153846153847,45.23461538461538,21.02692307692308,0.31884615384615383,0.15692307692307692,northeast,False,-0.0489480769230769,0.0
D1061,8116.28,0.30226153846153847,27031.9,13.084615384615384,50.47692307692308,15.188461538461537,0.8415384615384615,0.7611538461538461,midwest,False,-0.05612884615384617,0.0
D1062,10106.31,0.34113076923076924,29891.2,14.767692307692307,75.85384615384615,19.56153846153846,1.5450000000000002,1.9484615384615382,midwest,False,-0.0172596153846154,0.0
D1063,6715.56,0.34575769230769227,19597.5,14.968076923076923,60.55769230769231,20.634615384615383,1.0069230769230768,0.7823076923076923,southeast,False,-0.012632692307692373,0.0
D1067,7045.58,0.23391153846153845,30232.8,10.126153846153848,25.85,9.73076923076923,0.3076923076923077,0.18923076923076923,midwest,False,-0.12447884615384619,0.0
D107,2889.41,0.3088066666666667,9357.7,13.369333333333334,42.92666666666666,20.279999999999998,0.24000000000000002,0.21333333333333335,northeast,True,-0.049583717948717965,0.0
D1072,6972.25,0.24118461538461536,29019.0,10.44076923076923,27.83076923076923,10.580769230769231,0.2557692307692308,0.20884615384615385,midwest,True,-0.11720576923076928,0.0
D1078,4862.33,0.3128961538461539,15718.9,13.544615384615385,48.82692307692308,22.503846153846155,0.29115384615384615,0.10923076923076923,northeast,True,-0.04549423076923076,0.0
D1100,6365.94,0.2399269230769231,26336.1,10.386923076923077,28.246153846153845,11.157692307692308,0.29615384615384616,0.21423076923076925,midwest,False,-0.11846346153846155,0.0
D1102,10661.26,0.3494769230769231,30598.0,15.128846153846155,73.68461538461538,19.092307692307692,1.5246153846153847,1.7546153846153845,midwest,False,-0.008913461538461565,0.0
D1104,6963.99,0.35507692307692307,19520.4,15.372307692307693,67.10384615384615,22.815384615384616,1.05,0.6038461538461538,southeast,False,-0.0033134615384615707,0.0
D111,5389.6,0.28356923076923074,19027.5,12.275769230769232,40.79230769230769,17.361538461538462,0.215,0.15,southeast,True,-0.0748211538461539,0.0
D1112,2106.54,0.27899999999999997,7470.2,12.07818181818182,46.35454545454545,18.563636363636363,0.4309090909090909,0.2581818181818182,southeast,False,-0.07939038461538467,0.0
D1117,8846.93,0.30023846153846157,29676.6,12.997307692307693,49.25384615384615,14.896153846153847,0.9134615384615384,0.5642307692307692,midwest,False,-0.05815192307692307,0.0
D764,5586.2,0.2822192307692308,19855.4,12.216923076923077,41.51153846153846,18.31923076923077,0.31346153846153846,0.10038461538461538,southeast,True,-0.07617115384615386,0.0
D804,4990.5199999999995,0.3055653846153846,16362.2,13.228076923076923,45.184615384615384,20.93846153846154,0.31346153846153846,0.18153846153846157,northeast,False,-0.05282500000000001,0.0
D803,4889.11,0.30820769230769235,16055.5,13.34153846153846,44.176923076923075,20.25,0.2830769230769231,0.20423076923076922,northeast,False,-0.05018269230769229,0.0
D802,5302.63,0.2754846153846154,19308.8,11.92653846153846,36.03076923076923,16.5,0.2784615384615385,0.22153846153846152,southeast,True,-0.08290576923076926,0.0
D801,5463.18,0.3552238095238095,15363.8,15.377619047619048,63.852380952380955,22.023809523809526,1.21,0.9509523809523809,southeast,False,-0.003166575091575141,0.0
D759,7541.59,0.35773076923076924,21076.0,15.48653846153846,64.40384615384616,22.207692307692305,0.7742307692307692,0.5392307692307692,southeast,True,-0.0006596153846153974,0.0
D758,7714.92,0.292912,26450.2,12.6796,48.152,14.395999999999999,0.8204,0.5096,midwest,True,-0.06547838461538463,0.0
D757,7509.15,0.35218076923076924,21469.6,15.245384615384616,63.388461538461534,22.073076923076922,0.7396153846153847,0.818076923076923,southeast,True,-0.006209615384615397,0.0
D755,8985.47,0.29925769230769234,30216.2,12.955,44.638461538461534,13.600000000000001,0.9838461538461539,0.6588461538461539,midwest,False,-0.0591326923076923,0.0
D765,6714.66,0.3059789473684211,22014.7,13.24578947368421,49.357894736842105,14.678947368421051,1.3063157894736843,0.8063157894736842,midwest,False,-0.052411437246963566,0.0
D753,5073.3,0.30129285714285714,16969.9,13.043571428571429,45.978571428571435,13.585714285714285,1.1178571428571429,0.6100000000000001,midwest,True,-0.0570975274725275,0.0
D752,5003.72,0.27025,18373.5,11.698076923076922,35.48846153846154,15.649999999999999,0.30153846153846153,0.2246153846153846,southeast,False,-0.08814038461538465,0.0
D1099,4600.71,0.31253461538461536,14900.8,13.529230769230768,44.21923076923077,20.857692307692307,0.24115384615384614,0.17653846153846153,northeast,True,-0.04585576923076928,0.0
D1098,5248.01,0.30265384615384616,17340.9,13.101923076923075,42.861538461538466,20.115384615384617,0.34076923076923077,0.17846153846153845,northeast,False,-0.055736538461538476,0.0
D1096,9545.52,0.2967461538461538,32277.5,12.844615384615384,45.4076923076923,13.684615384615386,1.0273076923076923,0.8403846153846154,midwest,False,-0.06164423076923081,0.0
D1095,8645.92,0.29817307692307693,28930.0,12.90846153846154,42.784615384615385,12.934615384615386,1.0103846153846154,0.6188461538461538,midwest,False,-0.06021730769230771,0.0
D1094,5009.55,0.24708888888888886,20191.4,10.697222222222223,29.616666666666667,11.2,0.3638888888888889,0.1888888888888889,midwest,False,-0.11130149572649578,0.0
D766,5754.9400000000005,0.2824884615384616,20483.6,12.229615384615386,40.5923076923077,17.884615384615383,0.22730769230769232,0.1926923076923077,southeast,True,-0.07590192307692306,0.0
D754,5462.67,0.3023923076923077,18093.3,13.090769230769231,43.90384615384615,20.549999999999997,0.31653846153846155,0.14615384615384616,northeast,False,-0.055998076923076956,0.0
D182,5306.88,0.28040384615384617,19119.5,12.137692307692307,41.17307692307692,17.876923076923077,0.26384615384615384,0.15307692307692308,southeast,False,-0.07798653846153847,0.0
D1825,9131.34,0.3454307692307692,26601.100000000002,14.952307692307691,72.25,19.3,1.5634615384615385,1.8584615384615384,midwest,False,-0.01295961538461543,0.0
D1828,8431.83,0.2990846153846154,28433.4,12.946923076923078,46.5923076923077,14.173076923076923,0.8961538461538462,0.84,midwest,True,-0.059305769230769245,0.0
D183,6475.33,0.23883461538461537,26967.5,10.339230769230769,27.950000000000003,10.603846153846153,0.23346153846153847,0.14576923076923076,midwest,False,-0.11955576923076927,0.0
D1830,10326.82,0.3492538461538462,29613.8,15.120000000000001,78.05,20.29615384615385,1.3819230769230768,1.186923076923077,midwest,False,-0.009136538461538446,0.0
D1593,6992.44,0.23929615384615385,29355.6,10.360000000000001,30.26923076923077,11.246153846153845,0.2703846153846154,0.09846153846153846,midwest,False,-0.11909423076923079,0.0
D1594,4695.8,0.3078961538461539,15291.4,13.329230769230769,48.08461538461539,22.23076923076923,0.29615384615384616,0.21769230769230768,northeast,True,-0.050494230769230763,0.0
D1597,8539.3,0.2968538461538462,29044.2,12.85153846153846,46.4076923076923,14.2,0.9757692307692308,0.865,midwest,False,-0.06153653846153845,0.0
D1598,8891.98,0.3015730769230769,29482.8,13.055384615384614,47.573076923076925,14.503846153846155,0.8438461538461539,0.5615384615384615,midwest,True,-0.05681730769230775,0.0
D160,9199.91,0.29760384615384616,30783.0,12.883076923076922,47.58461538461539,14.488461538461538,0.9346153846153846,0.8057692307692308,midwest,False,-0.060786538461538475,0.0
D1600,7144.03,0.24516923076923075,29505.9,10.613076923076923,30.842307692307692,11.319230769230769,0.25230769230769234,0.18923076923076923,midwest,False,-0.11322115384615389,0.0
D1603,8862.61,0.29603846153846153,29893.2,12.81576923076923,45.30384615384616,13.88846153846154,1.0138461538461538,0.8346153846153845,midwest,False,-0.06235192307692311,0.0
D1869,8683.55,0.3008730769230769,28917.6,13.024615384615384,49.81923076923077,15.419230769230769,0.905,0.8226923076923077,midwest,True,-0.05751730769230773,0.0
D187,9621.289999999999,0.3452076923076923,28026.3,14.943076923076923,80.85769230769232,20.865384615384617,1.186923076923077,1.8542307692307693,midwest,True,-0.013182692307692312,0.0
D1871,6203.97,0.30415000000000003,20394.5,13.165555555555555,48.75,14.194444444444445,0.9333333333333333,0.6511111111111111,midwest,True,-0.05424038461538461,0.0
D390,6270.6,0.2408346153846154,25949.1,10.42653846153846,27.03846153846154,10.28076923076923,0.27115384615384613,0.17846153846153845,midwest,True,-0.11755576923076924,0.0
D1854,7493.389999999999,0.24158076923076924,30869.1,10.458461538461538,27.800000000000004,10.649999999999999,0.28192307692307694,0.1846153846153846,midwest,False,-0.1168096153846154,0.0
D1853,10102.11,0.34763846153846156,29088.3,15.048076923076923,75.91923076923078,20.15,1.2557692307692307,1.9842307692307695,midwest,True,-0.010751923076923076,0.0
D185,4963.389999999999,0.27333846153846153,18148.2,11.831923076923077,38.00769230769231,17.03076923076923,0.31923076923076926,0.22884615384615387,southeast,False,-0.08505192307692311,0.0
D1641,4836.96,0.31136923076923073,15666.7,13.47923076923077,44.45,21.31153846153846,0.21346153846153845,0.19461538461538463,northeast,False,-0.04702115384615391,0.0
D1867,4085.41,0.28382631578947365,14410.6,12.286842105263156,38.921052631578945,17.221052631578946,0.34789473684210526,0.21736842105263157,southeast,False,-0.07456406882591099,0.0
D1865,4687.64,0.3071076923076923,15313.1,13.295,43.48846153846154,20.634615384615383,0.28192307692307694,0.16846153846153847,northeast,False,-0.051282692307692335,0.0
D1864,8316.84,0.30359230769230766,27601.4,13.142307692307693,48.75,14.919230769230769,0.99,0.5557692307692308,midwest,False,-0.05479807692307698,0.0
D1873,6871.46,0.35157307692307693,19409.6,15.219615384615384,66.77307692307691,23.084615384615386,0.7796153846153846,0.8276923076923077,southeast,True,-0.006817307692307706,0.0
D1861,3720.7,0.3182111111111111,11692.1,13.774444444444445,49.044444444444444,13.88888888888889,1.0566666666666666,0.7711111111111111,midwest,False,-0.04017927350427353,0.0
D1860,4700.85,0.308744,15471.4,13.365599999999999,43.516000000000005,20.671999999999997,0.374,0.11359999999999999,northeast,False,-0.04964638461538462,0.0
D186,4968.13,0.3067615384615384,16312.2,13.279615384615385,44.46923076923077,20.930769230769233,0.39192307692307693,0.20923076923076925,northeast,False,-0.05162884615384622,0.0
D1858,9077.73,0.35473999999999994,25704.3,15.3568,35.384,9.064,3.234,1.9516,midwest,False,-0.003650384615384694,0.0
D1592,4878.83,0.3090076923076923,15875.4,13.376153846153844,46.03076923076923,21.534615384615385,0.32384615384615384,0.12653846153846154,northeast,False,-0.04938269230769232,0.0
D1591,10047.04,0.3509076923076923,28710.2,15.190384615384614,38.353846153846156,9.792307692307691,2.833076923076923,2.7642307692307693,midwest,True,-0.007482692307692329,0.0
D1589,7046.88,0.24266538461538462,29333.3,10.50346153846154,29.842307692307692,11.084615384615384,0.2576923076923077,0.12076923076923077,midwest,True,-0.11572500000000002,0.0
D1585,1675.59,0.3271222222222222,5198.400000000001,14.16,45.044444444444444,19.833333333333332,0.3622222222222222,0.2,northeast,False,-0.031268162393162435,0.0
D1862,5302.12,0.27379615384615386,19439.6,11.852307692307694,38.16153846153846,16.803846153846152,0.3057692307692308,0.19538461538461538,southeast,False,-0.08459423076923078,0.0
D1814,6460.16,0.24119615384615384,26957.7,10.441153846153847,29.092307692307692,10.95,0.305,0.16807692307692307,midwest,False,-0.1171942307692308,0.0
D1817,10477.07,0.3528807692307692,29840.1,15.275769230769232,81.28461538461539,20.73846153846154,1.429230769230769,1.8615384615384616,midwest,False,-0.005509615384615418,0.0
D1644,6541.47,0.23945,27484.5,10.36576923076923,28.503846153846155,10.76923076923077,0.2980769230769231,0.12615384615384617,midwest,False,-0.11894038461538464,0.0
D1646,9415.58,0.35472692307692305,26557.0,15.356538461538461,39.330769230769235,9.961538461538462,3.7084615384615387,2.121153846153846,midwest,False,-0.0036634615384615876,0.0
D1800,5609.75,0.2741269230769231,20440.2,11.866923076923078,37.13076923076923,16.573076923076922,0.28076923076923077,0.1526923076923077,southeast,True,-0.08426346153846154,0.0
D1801,8753.56,0.2973538461538462,29647.0,12.872692307692308,45.25769230769231,13.576923076923077,1.1123076923076924,0.7373076923076923,midwest,False,-0.06103653846153845,0.0
D1802,5422.88,0.2861923076923077,19312.5,12.388846153846155,42.8423076923077,18.43076923076923,0.3142307692307692,0.22692307692307695,southeast,False,-0.07219807692307695,0.0
D1803,7587.41,0.29721304347826083,25513.0,12.867391304347825,43.665217391304346,13.421739130434782,0.9582608695652174,0.7526086956521738,midwest,True,-0.06117734113712381,0.0
D1804,9977.39,0.3479538461538461,28535.5,15.063076923076922,75.42307692307692,19.700000000000003,1.5311538461538463,1.348076923076923,midwest,False,-0.010436538461538525,0.0
D1805,4513.24,0.31458461538461535,14490.7,13.618076923076924,46.26153846153846,22.23846153846154,0.30000000000000004,0.2326923076923077,northeast,False,-0.04380576923076929,0.0
D1806,8155.04,0.30093846153846154,27207.5,13.026538461538461,49.965384615384615,14.823076923076922,1.0203846153846154,0.8165384615384615,midwest,False,-0.057451923076923095,0.0
D1807,3618.02,0.305925,11971.9,13.244,46.89,20.759999999999998,0.358,0.20550000000000002,northeast,False,-0.052465384615384636,0.0
D1628,7305.94,0.2398846153846154,30558.2,10.384615384615385,25.365384615384617,9.588461538461539,0.28884615384615386,0.14807692307692308,midwest,False,-0.11850576923076925,0.0
D1629,5492.97,0.27668461538461536,19960.0,11.978076923076923,38.46153846153846,16.476923076923075,0.3142307692307692,0.16115384615384618,southeast,False,-0.08170576923076928,0.0
D1630,8538.42,0.3000038461538462,28632.7,12.986923076923079,48.52307692307692,14.323076923076924,0.8392307692307692,0.7607692307692309,midwest,True,-0.05838653846153846,0.0
D1616,8306.64,0.29651153846153844,28116.6,12.836538461538462,47.87692307692308,14.38076923076923,0.9869230769230769,0.5461538461538462,midwest,False,-0.0618788461538462,0.0
D1846,5492.24,0.2799608695652174,19758.7,12.119130434782608,41.2695652173913,17.63478260869565,0.34391304347826085,0.14565217391304347,southeast,False,-0.07842951505016726,0.0
D1840,10630.81,0.3515384615384616,30553.0,15.218461538461538,39.36153846153846,10.192307692307692,2.777307692307692,1.9807692307692308,midwest,True,-0.006851923076923061,0.0
D184,5692.53,0.2768576923076923,20663.5,11.985384615384616,40.4076923076923,17.68846153846154,0.2926923076923077,0.13499999999999998,southeast,False,-0.08153269230769233,0.0
D1839,9497.81,0.35375384615384614,27119.0,15.315,37.27307692307692,9.711538461538462,2.753076923076923,2.0753846153846154,midwest,True,-0.0046365384615384975,0.0
D1834,9208.7,0.29609615384615384,31145.6,12.817692307692308,46.99230769230769,14.342307692307692,0.9238461538461539,0.46076923076923076,midwest,False,-0.062294230769230796,0.0
D1833,2911.35,0.2909933333333333,10001.0,12.597333333333333,41.406666666666666,17.586666666666666,0.372,0.16133333333333333,southeast,False,-0.06739705128205131,0.0
D1626,7499.75,0.2419653846153846,31123.6,10.474615384615383,28.376923076923074,10.715384615384616,0.2784615384615385,0.09115384615384615,midwest,False,-0.11642500000000003,0.0
D1635,3900.43,0.24828666666666666,15709.3,10.748666666666667,28.853333333333335,11.18,0.2946666666666667,0.21600000000000003,midwest,True,-0.11010371794871798,0.0
D1624,7003.4400000000005,0.2419923076923077,29067.4,10.476153846153846,28.35,10.646153846153847,0.2353846153846154,0.13384615384615384,midwest,True,-0.11639807692307694,0.0
D1623,5149.36,0.2888576923076923,17957.9,12.506538461538462,41.465384615384615,18.43076923076923,0.3,0.15692307692307692,southeast,False,-0.06953269230769232,0.0
D1621,6321.65,0.2406,26346.5,10.414615384615384,29.91923076923077,11.261538461538462,0.25423076923076926,0.1503846153846154,midwest,True,-0.11779038461538463,0.0
D162,5410.05,0.28218846153846155,19259.5,12.216153846153846,40.79615384615385,17.673076923076923,0.24615384615384617,0.165,southeast,True,-0.07620192307692308,0.0
D1619,7650.22,0.29355,26025.600000000002,12.70923076923077,44.94230769230769,13.680769230769231,1.066923076923077,0.856923076923077,midwest,False,-0.06484038461538466,0.0
D1617,8149.87,0.30261923076923075,26994.2,13.100000000000001,50.91923076923077,15.092307692307692,0.8892307692307693,0.7946153846153846,midwest,True,-0.05577115384615389,0.0
D1640,11205.26,0.3347,33443.1,14.488846153846152,70.47307692307692,18.403846153846153,1.4,1.3599999999999999,midwest,False,-0.02369038461538464,0.0
D1639,8395.97,0.2926884615384615,28622.6,12.669615384615385,43.56153846153846,13.373076923076923,1.0188461538461537,0.5303846153846155,midwest,False,-0.06570192307692313,0.0
D1625,9149.58,0.3008769230769231,30561.6,13.025769230769232,48.44615384615384,14.461538461538462,1.021923076923077,0.7492307692307693,midwest,False,-0.05751346153846154,0.0
D1541,6867.0,0.3507461538461539,19473.7,15.183461538461538,60.026923076923076,21.165384615384614,1.0115384615384615,0.8215384615384616,southeast,False,-0.007644230769230764,0.0
D1542,6696.92,0.24273846153846154,28019.9,10.50923076923077,28.088461538461537,10.723076923076924,0.28807692307692306,0.12769230769230772,midwest,False,-0.1156519230769231,0.0
D1919,4473.349999999999,0.28798636363636365,15885.3,12.466818181818182,44.18181818181818,18.831818181818182,0.3513636363636364,0.27409090909090905,southeast,False,-0.07040402097902099,0.0
D1921,4571.389999999999,0.3124166666666667,14576.1,13.525,44.800000000000004,13.174999999999999,1.0541666666666667,0.9491666666666667,midwest,False,-0.04597371794871796,0.0
D1923,10125.67,0.3513230769230769,28778.4,15.209999999999999,39.32692307692308,9.973076923076924,2.793461538461538,3.083076923076923,midwest,True,-0.007067307692307734,0.0
D1924,5998.48,0.28365,21270.2,12.279230769230768,43.434615384615384,18.56153846153846,0.32230769230769235,0.22192307692307692,southeast,False,-0.07474038461538463,0.0
D1927,7504.05,0.35446153846153844,21367.4,15.345384615384615,61.892307692307696,21.573076923076922,1.0203846153846154,0.8200000000000001,southeast,False,-0.003928846153846199,0.0
D1929,5646.42,0.2822692307692308,20236.8,12.218846153846155,40.9076923076923,18.015384615384615,0.2476923076923077,0.15615384615384617,southeast,True,-0.07612115384615387,0.0
D1930,5202.36,0.2882769230769231,18202.2,12.48,43.13461538461539,18.41923076923077,0.2784615384615385,0.20692307692307693,southeast,True,-0.07011346153846154,0.0
D1527,5029.55,0.3039730769230769,16748.5,13.159230769230769,44.892307692307696,20.753846153846155,0.16461538461538464,0.20961538461538462,northeast,True,-0.05441730769230774,0.0
D1907,8201.19,0.2923192307692308,27998.9,12.655384615384616,44.83076923076923,13.961538461538462,0.8426923076923077,0.7523076923076922,midwest,False,-0.06607115384615386,0.0
D1908,5859.09,0.2869653846153846,20470.2,12.422307692307694,43.603846153846156,19.015384615384615,0.24346153846153845,0.23192307692307693,southeast,True,-0.07142500000000002,0.0
D1910,9114.619999999999,0.2984269230769231,30502.2,12.919230769230769,47.0,14.538461538461538,0.948076923076923,0.5342307692307693,midwest,False,-0.05996346153846155,0.0
D1911,5405.84,0.2804692307692308,19429.4,12.141153846153847,40.388461538461534,18.007692307692306,0.2530769230769231,0.10884615384615384,southeast,True,-0.07792115384615383,0.0
D1913,6639.25,0.24465769230769233,27245.9,10.59,27.926923076923078,10.561538461538463,0.26999999999999996,0.18769230769230769,midwest,False,-0.11373269230769231,0.0
D1855,5073.04,0.3163269230769231,16252.4,13.693461538461538,47.46153846153846,21.9,0.2373076923076923,0.2580769230769231,northeast,False,-0.04206346153846152,0.0
D1976,6857.650000000001,0.30237619047619047,22915.9,13.09,44.214285714285715,13.514285714285714,1.1652380952380952,0.7042857142857143,midwest,False,-0.05601419413919417,0.0
D1975,3761.19,0.3212363636363636,11708.1,13.906363636363636,46.872727272727275,13.5,1.0345454545454544,1.038181818181818,midwest,True,-0.03715402097902104,0.0
D1972,5205.53,0.283184,18497.1,12.2588,44.004,18.692,0.2152,0.15039999999999998,southeast,True,-0.07520638461538465,0.0
D1970,4652.56,0.3047153846153846,15442.8,13.190384615384614,43.51153846153846,20.99230769230769,0.15615384615384614,0.16653846153846155,northeast,True,-0.05367500000000003,0.0
D1968,4962.95,0.2995884615384615,16503.9,12.968846153846155,42.99230769230769,20.25769230769231,0.30692307692307697,0.08538461538461539,northeast,False,-0.05880192307692311,0.0
D1967,2487.8,0.28444615384615385,8628.4,12.313076923076922,42.146153846153844,17.576923076923077,0.3376923076923077,0.18307692307692308,southeast,False,-0.07394423076923079,0.0
D1966,5159.7,0.30996153846153846,16841.3,13.418846153846154,45.83461538461539,20.99230769230769,0.3480769230769231,0.15730769230769232,northeast,False,-0.04842884615384618,0.0
D1914,9265.58,0.34731923076923077,26862.8,15.035769230769231,75.3923076923077,19.873076923076926,1.4911538461538463,1.22,midwest,False,-0.01107115384615387,0.0
D1582,6600.95,0.24496153846153845,27152.8,10.60423076923077,28.23846153846154,10.688461538461537,0.29846153846153844,0.23384615384615384,midwest,False,-0.11342884615384619,0.0
D1580,9827.95,0.3493115384615385,28104.7,15.122692307692308,39.49615384615385,10.246153846153845,2.7811538461538463,2.121538461538462,midwest,True,-0.009078846153846132,0.0
D158,8623.289999999999,0.2976192307692308,28949.6,12.882692307692308,48.0,14.538461538461538,1.01,0.8453846153846154,midwest,False,-0.060771153846153836,0.0
D1579,6483.81,0.23582916666666667,27224.3,10.209166666666667,27.083333333333332,10.366666666666667,0.41208333333333336,0.25916666666666666,midwest,False,-0.12256121794871797,0.0
D1578,9561.18,0.34439615384615385,27580.6,14.90846153846154,72.99615384615385,18.642307692307693,1.4676923076923076,1.205,midwest,False,-0.013994230769230787,0.0
D1577,9396.42,0.3578769230769231,26446.4,15.492307692307692,40.38076923076923,10.246153846153845,3.3673076923076923,2.992692307692308,midwest,False,-0.000513461538461546,0.0
D1916,5555.39,0.2729076923076923,20281.8,11.813846153846155,39.55769230769231,16.7,0.32961538461538464,0.16384615384615384,southeast,False,-0.08548269230769234,0.0
D1915,8200.73,0.29912307692307694,27512.9,12.94923076923077,45.72692307692308,13.807692307692308,0.9569230769230769,0.4926923076923077,midwest,False,-0.0592673076923077,0.0
D1906,9504.63,0.29621153846153847,32110.5,12.822307692307692,44.81153846153846,13.734615384615385,0.9923076923076923,0.7384615384615384,midwest,False,-0.06217884615384617,0.0
D1857,5020.9800000000005,0.3078269230769231,16339.6,13.325384615384614,45.12307692307692,21.034615384615385,0.3130769230769231,0.08615384615384616,northeast,True,-0.05056346153846153,0.0
D1560,4365.4,0.2995173913043478,14487.7,12.966521739130435,41.59130434782609,19.369565217391305,0.3239130434782609,0.2308695652173913,northeast,False,-0.05887299331103685,0.0
D1564,8105.23,0.2964038461538462,27636.2,12.831923076923077,47.98461538461538,14.511538461538462,0.9153846153846155,0.7388461538461539,midwest,True,-0.061986538461538454,0.0
D1566,7073.41,0.3554230769230769,20100.5,15.386923076923077,66.3423076923077,22.246153846153845,1.0765384615384614,0.5015384615384615,southeast,False,-0.0029673076923077413,0.0
D1567,4398.53,0.3134909090909091,14121.9,13.57090909090909,45.836363636363636,13.409090909090908,1.2827272727272727,1.1045454545454545,midwest,False,-0.04489947552447554,0.0
D1570,6178.54,0.2808076923076923,22057.2,12.155000000000001,38.776923076923076,16.638461538461538,0.31846153846153846,0.18,southeast,False,-0.07758269230769232,0.0
D1571,5097.14,0.30094,16949.6,13.027333333333333,43.980000000000004,13.379999999999999,1.2166666666666666,1.0426666666666666,midwest,False,-0.05745038461538465,0.0
D1892,8911.48,0.2999576923076923,29461.3,12.985384615384616,49.59615384615385,14.911538461538461,0.7742307692307692,0.7873076923076923,midwest,True,-0.058432692307692324,0.0
D1894,10207.39,0.3540923076923077,28795.9,15.329615384615384,37.16153846153846,9.45,2.846538461538462,2.1111538461538464,midwest,True,-0.004298076923076932,0.0
D1895,4229.21,0.27601363636363635,15350.4,11.94909090909091,37.67272727272727,16.472727272727273,0.33954545454545454,0.22227272727272726,southeast,True,-0.08237674825174829,0.0
D1900,4585.74,0.30809615384615385,14955.1,13.337307692307691,48.99230769230769,22.484615384615385,0.3046153846153846,0.17038461538461538,northeast,False,-0.050294230769230786,0.0
D1901,11277.15,0.35084615384615386,32270.4,15.187307692307693,36.06153846153846,9.103846153846153,3.584230769230769,2.0103846153846154,midwest,False,-0.007544230769230775,0.0
D1557,8835.22,0.3016192307692308,29554.3,13.056153846153846,46.473076923076924,14.138461538461538,0.9042307692307693,0.591923076923077,midwest,False,-0.05677115384615383,0.0
D1559,7352.96,0.24107307692307692,30625.6,10.43576923076923,26.54615384615385,10.065384615384614,0.2423076923076923,0.14346153846153847,midwest,True,-0.11731730769230772,0.0
D156,3857.11,0.30512,12617.3,13.2075,42.375,19.305,0.32599999999999996,0.1805,northeast,False,-0.053270384615384636,0.0
D1539,5461.52,0.2869291666666667,19134.7,12.42125,40.574999999999996,17.704166666666666,0.30791666666666667,0.22208333333333333,southeast,False,-0.07146121794871796,0.0
D1536,6736.41,0.35207307692307693,19260.2,15.241153846153846,61.66923076923077,21.303846153846152,1.031153846153846,0.7853846153846155,southeast,False,-0.006317307692307705,0.0
D1535,7358.68,0.2434230769230769,30368.2,10.536923076923076,27.734615384615385,10.323076923076922,0.20923076923076925,0.23846153846153847,midwest,True,-0.11496730769230773,0.0
D1534,6381.92,0.2841346153846154,22687.5,12.299615384615386,40.40384615384615,17.626923076923077,0.245,0.14923076923076922,southeast,False,-0.07425576923076926,0.0
D1533,4586.41,0.3124782608695652,14710.3,13.527391304347827,43.81739130434782,21.09565217391304,0.3465217391304348,0.27304347826086955,northeast,False,-0.04591212374581943,0.0
D188,7295.03,0.2433423076923077,30209.5,10.533846153846154,29.46153846153846,11.342307692307692,0.23153846153846153,0.13346153846153846,midwest,True,-0.11504807692307695,0.0
D1879,4255.13,0.3098208333333333,13754.1,13.411666666666667,47.300000000000004,22.025000000000002,0.33749999999999997,0.23583333333333334,northeast,True,-0.048569551282051315,0.0
D1878,6150.84,0.35788846153846154,17255.399999999998,15.493846153846155,65.41153846153847,22.353846153846156,1.0561538461538462,0.6130769230769231,southeast,False,-0.0005019230769230942,0.0
D1884,10308.15,0.3546461538461539,29187.9,15.352692307692308,34.98461538461539,9.03076923076923,3.601153846153846,3.060769230769231,midwest,False,-0.0037442307692307497,0.0
D1610,2211.01,0.3107615384615385,7157.1,13.453076923076923,44.392307692307696,19.46923076923077,0.28692307692307695,0.23076923076923078,northeast,True,-0.04762884615384616,0.0
D1608,10769.43,0.3518038461538462,30740.5,15.229615384615384,37.90769230769231,9.330769230769231,2.8573076923076925,2.9203846153846156,midwest,True,-0.006586538461538449,0.0
D1606,10150.51,0.3508307692307693,28911.2,15.187692307692307,36.603846153846156,9.442307692307692,3.77,2.01,midwest,False,-0.007559615384615359,0.0
D1891,6787.4,0.24089615384615384,28514.7,10.428461538461537,31.41923076923077,11.546153846153846,0.3403846153846154,0.21653846153846154,midwest,True,-0.1174942307692308,0.0
D189,7025.03,0.35194615384615385,20113.8,15.235000000000001,62.603846153846156,21.696153846153848,1.05,0.5130769230769231,southeast,False,-0.006444230769230785,0.0
D1888,10070.38,0.3489807692307692,29082.6,15.107692307692307,74.73846153846154,19.626923076923077,1.188076923076923,2.0288461538461537,midwest,True,-0.009409615384615433,0.0
D1886,9699.59,0.3516653846153846,27714.8,15.223461538461539,37.66538461538462,9.63076923076923,3.496923076923077,2.9873076923076924,midwest,False,-0.0067250000000000365,0.0
D1885,4805.32,0.30867307692307694,15774.9,13.361923076923075,46.86538461538461,21.653846153846153,0.22576923076923078,0.13730769230769233,northeast,True,-0.0497173076923077,0.0
D1877,4605.21,0.31234,14874.5,13.52,45.608000000000004,21.511999999999997,0.2836,0.19400000000000003,northeast,False,-0.04605038461538463,0.0
D045,6144.73,0.2421681818181818,25299.8,10.48409090909091,28.595454545454547,10.6,0.31,0.11818181818181818,midwest,False,-0.11622220279720283,0.0
D049,5209.58,0.3037384615384615,17180.7,13.149615384615384,44.11538461538461,20.484615384615385,0.24730769230769234,0.17423076923076924,northeast,True,-0.054651923076923126,0.0
D050,10399.04,0.35719230769230764,29665.7,15.462307692307691,41.41538461538461,10.28076923076923,3.4099999999999997,2.849615384615385,midwest,False,-0.001198076923076996,0.0
D051,8196.68,0.33927619047619045,23947.7,14.687142857142858,67.23809523809524,17.714285714285715,1.4704761904761905,2.263333333333333,midwest,True,-0.019114194139194185,0.0
D907,9221.369999999999,0.3033192307692308,30582.1,13.131153846153847,51.58076923076923,15.580769230769231,1.0230769230769232,0.6015384615384615,midwest,False,-0.05507115384615385,0.0
D909,7579.71,0.35552307692307694,21408.2,15.390384615384615,61.573076923076925,21.52692307692308,0.9246153846153846,0.6011538461538461,southeast,False,-0.0028673076923076968,0.0
D911,7165.65,0.3559076923076923,20090.5,15.407692307692308,65.60384615384615,22.446153846153848,1.0376923076923077,0.7311538461538463,southeast,False,-0.0024826923076923246,0.0
D912,6849.1,0.2355076923076923,29176.5,10.194615384615386,27.434615384615384,10.603846153846153,0.3069230769230769,0.10692307692307693,midwest,False,-0.12288269230769233,0.0
D914,8593.23,0.3553434782608696,24320.8,15.38304347826087,40.41304347826087,10.26086956521739,3.40695652173913,3.241304347826087,midwest,True,-0.0030469063545150443,0.0
D915,4313.79,0.3153423076923077,13828.3,13.650769230769232,44.29615384615385,21.31153846153846,0.24423076923076922,0.14576923076923076,northeast,False,-0.04304807692307694,0.0
D919,7008.85,0.23916153846153845,29402.2,10.353461538461538,29.29615384615385,11.03076923076923,0.2026923076923077,0.1576923076923077,midwest,True,-0.11922884615384619,0.0
D920,8346.34,0.3072,27159.7,13.298461538461538,54.01923076923077,16.246153846153845,0.9761538461538461,0.6515384615384616,midwest,False,-0.051190384615384665,0.0
D1000,4667.66,0.30624615384615383,15332.6,13.257692307692308,44.38076923076923,20.542307692307695,0.27692307692307694,0.25,northeast,False,-0.052144230769230804,0.0
D896,10516.87,0.3397076923076923,30997.4,14.706153846153846,73.75384615384615,18.907692307692308,1.141923076923077,1.3807692307692307,midwest,True,-0.018682692307692317,0.0
D897,5703.16,0.2758307692307692,20757.1,11.94076923076923,36.97692307692308,16.296153846153846,0.2746153846153846,0.1546153846153846,southeast,True,-0.08255961538461543,0.0
D1813,9746.92,0.35523076923076924,27992.8,15.378076923076922,80.89230769230768,20.746153846153845,1.156153846153846,1.1934615384615386,midwest,True,-0.0031596153846153996,0.0
D1755,5810.11,0.2802269230769231,20722.0,12.13076923076923,37.55769230769231,16.796153846153846,0.2580769230769231,0.19692307692307692,southeast,False,-0.07816346153846154,0.0
D1754,8421.77,0.29745,28431.3,12.876538461538463,48.073076923076925,14.419230769230769,0.9488461538461539,0.7715384615384615,midwest,False,-0.060940384615384646,0.0
D1753,8754.09,0.3446230769230769,25358.7,14.918846153846154,77.23076923076923,19.407692307692308,1.185,1.9315384615384614,midwest,True,-0.013767307692307718,0.0
D1752,9938.3,0.357844,27901.5,15.491200000000001,40.452,10.272,4.0288,3.3112,midwest,False,-0.000546384615384643,0.0
D1751,5632.91,0.2863269230769231,19749.7,12.395,42.33076923076923,18.284615384615385,0.36423076923076925,0.22730769230769232,southeast,False,-0.07206346153846155,0.0
D1777,9241.54,0.29941923076923077,30767.1,12.961923076923076,47.98461538461538,14.430769230769231,0.7623076923076924,0.7957692307692308,midwest,True,-0.05897115384615387,0.0
D1775,9511.85,0.3565846153846154,26539.8,15.436153846153847,38.580769230769235,9.661538461538461,3.455,2.9588461538461535,midwest,False,-0.0018057692307692497,0.0
D898,7600.47,0.29181538461538464,26135.600000000002,12.632692307692308,47.0,14.392307692307693,0.9653846153846154,0.5792307692307692,midwest,False,-0.066575,0.0
D1772,5257.01,0.30604000000000003,17129.4,13.25,46.873333333333335,14.173333333333334,0.9640000000000001,0.748,midwest,True,-0.052350384615384604,0.0
D177,6586.86,0.3540384615384615,18743.3,15.327307692307691,59.67307692307692,21.25,1.0688461538461538,0.7834615384615385,southeast,False,-0.004351923076923114,0.0
D1767,6044.96,0.2812,21543.5,12.172307692307694,41.142307692307696,17.826923076923077,0.24653846153846154,0.105,southeast,False,-0.07719038461538463,0.0
D1766,6084.74,0.28760384615384615,21151.9,12.450384615384614,42.46153846153846,18.434615384615384,0.2403846153846154,0.2119230769230769,southeast,True,-0.07078653846153848,0.0
D1764,9044.43,0.2932423076923077,31010.9,12.694230769230769,45.13076923076923,13.573076923076922,0.9769230769230769,0.5515384615384615,midwest,False,-0.06514807692307695,0.0
D904,4764.36,0.3043692307692308,15794.3,13.17576923076923,44.32692307692308,20.234615384615385,0.2653846153846154,0.18346153846153845,northeast,False,-0.05402115384615386,0.0
D902,5482.24,0.28337307692307695,19406.5,12.266923076923076,40.48461538461538,17.423076923076923,0.23692307692307693,0.10884615384615384,southeast,False,-0.07501730769230769,0.0
D901,7151.96,0.35831538461538465,20026.7,15.511538461538462,70.10384615384615,23.588461538461537,0.7100000000000001,0.5880769230769232,southeast,True,-7.499999999999174e-05,0.0
D1773,8539.95,0.30375769230769234,28161.4,13.149999999999999,48.56923076923077,14.784615384615384,1.1534615384615385,0.8976923076923077,midwest,False,-0.0546326923076923,0.0
D028,5834.58,0.28397307692307694,20688.1,12.293846153846154,41.59615384615385,18.0,0.2476923076923077,0.09153846153846154,southeast,False,-0.0744173076923077,0.0
D032,7561.63,0.35578846153846155,21364.4,15.401153846153846,63.76153846153846,21.838461538461537,1.0769230769230769,0.7292307692307692,southeast,False,-0.002601923076923085,0.0
D033,4627.81,0.3021384615384615,15563.5,13.08,42.01923076923077,20.003846153846155,0.28384615384615386,0.1123076923076923,northeast,True,-0.056251923076923116,0.0
D035,5101.32,0.28347307692307694,18270.4,12.272692307692306,39.94230769230769,17.615384615384617,0.34192307692307694,0.19576923076923075,southeast,False,-0.0749173076923077,0.0
D036,4814.46,0.306,15783.9,13.245000000000001,45.40384615384615,21.557692307692307,0.4034615384615385,0.1053846153846154,northeast,False,-0.052390384615384644,0.0
D037,9837.67,0.3530653846153846,27850.9,15.283076923076923,37.13846153846154,9.184615384615386,3.675,2.977307692307692,midwest,False,-0.005325000000000024,0.0
D038,6909.32,0.3576884615384615,19395.0,15.485000000000001,67.16923076923078,23.08076923076923,0.928076923076923,0.6392307692307693,southeast,True,-0.0007019230769231277,0.0
D959,4565.11,0.31554230769230773,14720.0,13.661153846153846,47.41538461538461,22.115384615384617,0.26076923076923075,0.2569230769230769,northeast,True,-0.042848076923076905,0.0
D960,11244.69,0.3556576923076923,32058.2,15.396923076923077,80.68076923076923,20.996153846153845,1.2196153846153845,1.4211538461538462,midwest,True,-0.0027326923076923526,0.0
D963,6782.36,0.35157692307692306,19386.8,15.219615384615384,62.54230769230769,21.934615384615384,0.783076923076923,0.7088461538461538,southeast,True,-0.006813461538461574,0.0
D966,10509.0,0.35641153846153845,29429.7,15.428461538461537,36.76538461538461,9.319230769230769,2.668846153846154,2.0934615384615385,midwest,True,-0.001978846153846192,0.0
D972,5089.67,0.23811,21197.7,10.306999999999999,25.689999999999998,9.72,0.33649999999999997,0.12250000000000001,midwest,True,-0.12028038461538465,0.0
D906,9119.35,0.29772692307692306,30835.3,12.890769230769232,47.66923076923077,14.223076923076924,0.9253846153846155,0.7246153846153847,midwest,False,-0.06066346153846158,0.0
D1732,2207.08,0.32222,6849.2,13.949000000000002,47.339999999999996,21.169999999999998,0.4,0.125,northeast,False,-0.03617038461538463,0.0
D934,7905.76,0.29425384615384614,26538.3,12.739230769230769,46.06153846153847,13.8,1.0669230769230769,0.7884615384615384,midwest,False,-0.0641365384615385,0.0
D042,9885.51,0.33963846153846156,29102.8,14.702307692307691,72.27307692307691,18.361538461538462,1.6873076923076922,1.286153846153846,midwest,False,-0.018751923076923083,0.0
D926,7372.03,0.2436307692307692,30236.4,10.54653846153846,29.111538461538462,11.115384615384615,0.23038461538461538,0.14076923076923079,midwest,True,-0.11475961538461543,0.0
D921,8570.88,0.3069961538461538,28128.3,13.290000000000001,49.43846153846154,14.626923076923077,1.0030769230769232,0.5019230769230769,midwest,False,-0.05139423076923083,0.0
D026,4837.82,0.3054423076923077,15824.2,13.222307692307693,44.8423076923077,21.165384615384614,0.2784615384615385,0.2053846153846154,northeast,True,-0.05294807692307696,0.0
D065,10147.38,0.35471153846153847,28691.9,15.354615384615386,37.26538461538461,9.26923076923077,3.581538461538462,1.991153846153846,midwest,False,-0.0036788461538461714,0.0
D063,8384.78,0.2995923076923077,28121.2,12.97,48.684615384615384,14.553846153846154,1.1123076923076924,0.5061538461538462,midwest,False,-0.058798076923076925,0.0
D061,9515.47,0.34124166666666667,27831.7,14.771666666666667,71.54583333333333,18.658333333333335,1.43875,2.03625,midwest,True,-0.017148717948717973,0.0
D059,7234.97,0.35785384615384613,20221.4,15.49076923076923,62.63461538461539,21.65,1.02,0.6126923076923076,southeast,False,-0.0005365384615385049,0.0
D068,4605.6,0.31123125,14859.2,13.47375,47.1375,14.24375,0.965,0.941875,midwest,True,-0.047159134615384624,0.0
D056,8194.7,0.299144,27547.4,12.95,45.54,14.02,1.188,0.8228,midwest,False,-0.05924638461538462,0.0
D053,6937.52,0.23769615384615386,29147.4,10.289230769230768,27.303846153846152,10.36153846153846,0.37153846153846154,0.2507692307692308,midwest,False,-0.12069423076923078,0.0
D015,4711.46,0.31389230769230764,15161.1,13.588076923076924,47.66538461538461,21.98846153846154,0.27115384615384613,0.1123076923076923,northeast,True,-0.044498076923077,0.0
D013,7609.88,0.3494269230769231,21729.2,15.126153846153844,66.01153846153846,22.54615384615385,0.9869230769230769,0.7953846153846154,southeast,False,-0.008963461538461559,0.0
D010,5362.14,0.2797346153846154,19211.1,12.108461538461539,36.815384615384616,16.584615384615383,0.32923076923076927,0.07884615384615384,southeast,False,-0.07865576923076922,0.0
D008,9891.3,0.3505576923076923,28564.6,15.175384615384615,79.20384615384616,20.234615384615385,1.4392307692307693,1.8911538461538462,midwest,False,-0.007832692307692346,0.0
D001,7233.7,0.23797692307692309,30526.4,10.303076923076922,26.323076923076922,9.961538461538462,0.25153846153846154,0.15423076923076923,midwest,True,-0.12041346153846155,0.0
D1703,4828.2,0.3097615384615385,15682.7,13.409615384615384,45.29230769230769,21.115384615384617,0.29307692307692307,0.19961538461538458,northeast,False,-0.04862884615384616,0.0
D058,8936.31,0.3034307692307692,29502.9,13.13576923076923,48.23461538461538,14.669230769230769,0.821923076923077,0.7326923076923078,midwest,True,-0.05495961538461541,0.0
D1673,9520.29,0.35441538461538463,26965.6,15.342692307692309,35.57692307692308,9.365384615384615,2.8046153846153845,3.0276923076923077,midwest,True,-0.003975000000000006,0.0
D1675,9720.73,0.30001153846153844,32490.0,12.987692307692308,48.30384615384616,14.457692307692307,1.0192307692307692,0.6603846153846155,midwest,False,-0.0583788461538462,0.0
D1677,4952.89,0.3082133333333334,16094.9,13.342,52.333333333333336,15.686666666666667,0.912,0.6913333333333332,midwest,True,-0.050177051282051244,0.0
D1681,3341.91,0.246,13310.800000000001,10.65,29.083333333333332,10.35,0.46249999999999997,0.1708333333333333,midwest,False,-0.11239038461538464,0.0
D1682,9785.18,0.3572384615384615,27461.6,15.465,40.065384615384616,10.223076923076924,2.668846153846154,1.956923076923077,midwest,True,-0.0011519230769231337,0.0
D1684,7281.55,0.24001153846153847,30418.9,10.390384615384615,28.861538461538462,10.8,0.23461538461538461,0.26384615384615384,midwest,False,-0.11837884615384617,0.0
D1686,4764.1,0.312,15455.4,13.506923076923076,48.49230769230769,22.53846153846154,0.22499999999999998,0.18076923076923077,northeast,True,-0.04639038461538464,0.0
D1687,8743.43,0.2930269230769231,29734.100000000002,12.684615384615386,43.43076923076923,13.253846153846155,0.9411538461538461,0.7557692307692307,midwest,False,-0.06536346153846156,0.0
D1779,9144.460000000001,0.3582,25625.5,15.506153846153847,39.95769230769231,10.188461538461537,3.664230769230769,2.235,midwest,False,-0.00019038461538462004,0.0
D1780,9620.56,0.29989615384615387,32039.9,12.983461538461539,49.892307692307696,15.046153846153846,1.0723076923076922,0.6257692307692307,midwest,False,-0.05849423076923077,0.0
D1781,3535.94,0.35021428571428576,9987.3,15.16,61.885714285714286,20.55,1.3864285714285713,0.6971428571428572,southeast,False,-0.008176098901098883,0.0
D1782,10374.29,0.35587307692307696,29369.9,15.405384615384616,38.457692307692305,9.75,2.7015384615384614,2.2153846153846155,midwest,True,-0.00251730769230768,0.0
D1783,10230.23,0.35482307692307696,28858.1,15.360000000000001,38.176923076923075,9.680769230769231,3.5446153846153843,3.031538461538461,midwest,False,-0.003567307692307675,0.0
D1784,8612.92,0.29935769230769227,28887.2,12.960384615384616,48.107692307692304,14.430769230769231,0.9450000000000001,0.9165384615384616,midwest,False,-0.05903269230769237,0.0
D1785,7694.07,0.23690384615384613,32379.2,10.256153846153845,25.434615384615384,9.623076923076923,0.2553846153846154,0.20153846153846156,midwest,True,-0.1214865384615385,0.0
D1757,7383.91,0.24265,30468.8,10.503846153846155,29.826923076923077,11.261538461538462,0.29653846153846153,0.20269230769230767,midwest,False,-0.11574038461538463,0.0
D1658,8657.05,0.29113846153846157,29783.8,12.602692307692308,44.66538461538461,13.350000000000001,1.0392307692307692,0.5392307692307692,midwest,False,-0.06725192307692307,0.0
D1657,5904.23,0.2821730769230769,21009.3,12.214615384615383,40.98076923076923,17.66923076923077,0.2876923076923077,0.24192307692307694,southeast,True,-0.07621730769230772,0.0
D1656,9109.05,0.2956884615384615,30867.9,12.80076923076923,49.357692307692304,14.926923076923078,1.0576923076923077,0.4880769230769231,midwest,False,-0.06270192307692313,0.0
D1654,6924.66,0.23841538461538464,29262.8,10.32,28.146153846153844,10.53076923076923,0.22230769230769232,0.17153846153846153,midwest,True,-0.119975,0.0
D1650,6635.72,0.35728076923076924,18473.2,15.466153846153846,65.51923076923077,22.411538461538463,0.7657692307692308,0.5884615384615385,southeast,True,-0.0011096153846154033,0.0
D165,10021.25,0.35767692307692306,28058.3,15.482307692307693,35.573076923076925,9.134615384615385,3.4719230769230767,2.9665384615384616,midwest,False,-0.0007134615384615794,0.0
D1649,10606.17,0.3480923076923077,30572.5,15.068846153846154,36.276923076923076,9.153846153846153,3.539230769230769,2.038076923076923,midwest,False,-0.010298076923076938,0.0
D1786,5834.82,0.28081923076923077,20920.9,12.156923076923077,42.05769230769231,18.457692307692305,0.3446153846153846,0.13115384615384615,southeast,False,-0.07757115384615387,0.0
D1818,5812.56,0.2823807692307692,20910.5,12.223461538461539,39.426923076923075,17.257692307692306,0.23807692307692305,0.1426923076923077,southeast,True,-0.07600961538461543,0.0
D1670,5403.61,0.3500785714285714,15374.9,15.154285714285715,70.77142857142857,18.02857142857143,1.2671428571428571,1.554285714285714,midwest,True,-0.008311813186813233,0.0
D167,9562.77,0.35451923076923075,27081.5,15.346923076923076,38.69615384615385,9.876923076923077,2.675,2.988076923076923,midwest,True,-0.0038711538461538852,0.0
D1669,8818.31,0.29983846153846155,29408.8,12.98,45.50769230769231,14.011538461538462,0.9642307692307692,0.7361538461538462,midwest,False,-0.058551923076923085,0.0
D1667,8439.61,0.29228461538461536,28717.7,12.653461538461539,43.073076923076925,13.599999999999998,0.9646153846153845,0.5823076923076923,midwest,False,-0.06610576923076927,0.0
D1666,6942.36,0.3488076923076923,19919.3,15.100000000000001,61.20384615384615,21.08076923076923,0.9299999999999999,0.505,southeast,False,-0.00958269230769232,0.0
D1665,5527.9800000000005,0.27666153846153846,20018.0,11.977692307692308,40.76153846153846,17.06923076923077,0.3446153846153846,0.18500000000000003,southeast,False,-0.08172884615384618,0.0
D166,8458.82,0.29796923076923076,28275.1,12.897692307692306,48.96923076923077,14.561538461538463,1.1342307692307692,0.5042307692307693,midwest,False,-0.060421153846153874,0.0
D1647,8375.09,0.2966846153846154,28410.2,12.842692307692307,45.3,13.603846153846153,1.0184615384615385,0.6130769230769231,midwest,False,-0.06170576923076926,0.0
D1760,11528.41,0.3550384615384615,32393.0,15.36923076923077,38.71153846153846,9.796153846153846,3.6111538461538464,2.261923076923077,midwest,False,-0.0033519230769231134,0.0
D1763,9476.65,0.3025230769230769,31357.3,13.095384615384615,50.48076923076923,14.973076923076924,0.92,0.7884615384615384,midwest,True,-0.055867307692307744,0.0
D1743,8710.210000000001,0.3506666666666667,24843.8,15.180476190476192,35.785714285714285,9.095238095238095,4.077619047619048,2.354761904761905,midwest,False,-0.007723717948717956,0.0
D1744,7706.72,0.24130384615384617,31948.5,10.447307692307692,28.96153846153846,11.034615384615384,0.2853846153846154,0.19076923076923077,midwest,True,-0.11708653846153846,0.0
D1745,5959.96,0.28268846153846156,21187.5,12.237692307692308,40.61923076923077,18.28846153846154,0.20038461538461538,0.19192307692307692,southeast,True,-0.07570192307692308,0.0
D1746,10733.71,0.3578192307692308,29867.1,15.490384615384615,35.65,9.134615384615385,3.4450000000000003,3.104230769230769,midwest,False,-0.0005711538461538601,0.0
D1748,10438.02,0.3575653846153846,29461.2,15.479615384615384,39.78076923076923,10.188461538461537,3.602692307692308,2.1203846153846153,midwest,False,-0.0008250000000000202,0.0
D1749,5453.28,0.2775961538461539,19641.600000000002,12.016923076923076,41.19615384615384,17.984615384615385,0.22884615384615387,0.2353846153846154,southeast,True,-0.08079423076923076,0.0
D175,5102.36,0.3077615384615384,16717.6,13.323076923076924,45.05384615384616,20.653846153846153,0.4088461538461538,0.13153846153846155,northeast,False,-0.05062884615384622,0.0
D1750,9786.87,0.3572961538461538,27306.7,15.466153846153846,37.15,9.6,2.8803846153846155,3.101923076923077,midwest,True,-0.0010942307692308195,0.0
D1734,5089.47,0.31123076923076926,16447.2,13.472307692307691,44.91153846153846,21.834615384615386,0.27076923076923076,0.1926923076923077,northeast,False,-0.04715961538461538,0.0
D1737,4177.54,0.31525833333333336,13236.4,13.648333333333333,49.291666666666664,13.9,1.2633333333333334,1.1608333333333334,midwest,False,-0.043132051282051276,0.0
D1739,3044.94,0.25164545454545456,12087.4,10.894545454545455,29.863636363636363,10.572727272727272,0.5009090909090909,0.2727272727272727,midwest,False,-0.10674493006993008,0.0
D174,9412.08,0.3488230769230769,27041.7,15.100769230769231,80.89615384615385,20.765384615384615,1.1592307692307693,1.9807692307692308,midwest,True,-0.009567307692307736,0.0
D1740,10810.94,0.3573192307692308,30256.6,15.468846153846155,37.80769230769231,9.465384615384615,3.5015384615384613,2.897307692307692,midwest,False,-0.0010711538461538606,0.0
D170,8521.09,0.3012115384615385,28418.1,13.039230769230768,52.69615384615384,15.826923076923077,0.8057692307692308,0.5115384615384616,midwest,True,-0.05717884615384616,0.0
D1696,5022.88,0.2746346153846154,18385.4,11.88846153846154,37.857692307692304,16.376923076923077,0.28846153846153844,0.21884615384615386,southeast,True,-0.08375576923076922,0.0
D1695,5193.84,0.3037346153846154,17303.8,13.148846153846154,42.55769230769231,20.161538461538463,0.3538461538461538,0.1676923076923077,northeast,False,-0.05465576923076926,0.0
D1694,9771.44,0.34913076923076924,28096.2,15.113461538461538,38.815384615384616,10.088461538461539,3.5784615384615384,2.011923076923077,midwest,False,-0.009259615384615394,0.0
D1691,9158.76,0.35113076923076925,26359.2,15.201153846153847,76.64615384615385,20.569230769230767,1.2384615384615385,1.8949999999999998,midwest,True,-0.007259615384615392,0.0
D1690,5882.87,0.30908125,19100.0,13.38,46.16875,14.0125,1.033125,0.75875,midwest,True,-0.049309134615384664,0.0
D169,4675.28,0.3024653846153846,15663.7,13.093076923076923,43.3423076923077,20.446153846153848,0.2380769230769231,0.18846153846153849,northeast,False,-0.05592500000000006,0.0
D1688,5322.37,0.2870576923076923,18684.8,12.427307692307693,42.16923076923077,18.703846153846154,0.20076923076923076,0.14346153846153847,southeast,True,-0.07133269230769235,0.0
D1741,9102.43,0.30119615384615384,30233.899999999998,13.038846153846153,49.45769230769231,14.95,0.9919230769230769,0.48923076923076925,midwest,False,-0.0571942307692308,0.0
D1798,5167.78,0.28098076923076926,18439.1,12.164230769230768,40.25,17.623076923076923,0.20192307692307693,0.21153846153846154,southeast,True,-0.07740961538461538,0.0
D1797,4794.63,0.3139576923076923,15411.4,13.59153846153846,45.33076923076923,21.423076923076923,0.21423076923076925,0.061153846153846156,northeast,False,-0.04443269230769231,0.0
D1795,8599.75,0.3455076923076923,25008.0,14.957692307692307,75.21923076923078,19.45,1.228076923076923,1.7550000000000001,midwest,True,-0.012882692307692345,0.0
D1793,7145.85,0.3532884615384615,20255.3,15.294230769230769,63.21153846153846,21.792307692307695,0.9861538461538462,0.9538461538461539,southeast,False,-0.005101923076923143,0.0
D179,7304.1900000000005,0.3531923076923077,20627.4,15.289615384615384,63.73846153846154,21.846153846153847,1.0011538461538463,0.6007692307692308,southeast,False,-0.005198076923076944,0.0
D1789,9377.29,0.35209230769230765,26603.0,15.241923076923078,40.815384615384616,10.5,2.7119230769230773,1.9869230769230768,midwest,True,-0.0062980769230769895,0.0
D1700,7034.7699999999995,0.35807692307692307,19753.4,15.500384615384615,67.86153846153846,23.51923076923077,0.8561538461538463,0.9107692307692308,southeast,True,-0.000313461538461568,0.0
D1742,6670.15,0.2417,27587.2,10.463076923076924,27.588461538461537,10.503846153846155,0.37269230769230766,0.11307692307692307,midwest,False,-0.11669038461538464,0.0
D180,8749.29,0.2983692307692308,29300.0,12.91576923076923,47.33846153846154,14.411538461538461,1.0907692307692307,0.49346153846153845,midwest,False,-0.06002115384615386,0.0
D1406,7196.78,0.2400923076923077,30081.6,10.393846153846154,28.384615384615383,11.088461538461539,0.34076923076923077,0.09653846153846155,midwest,False,-0.11829807692307695,0.0
D1408,8295.76,0.3440521739130435,24269.5,14.89391304347826,75.41739130434782,19.59565217391304,1.598695652173913,2.2195652173913043,midwest,False,-0.014338210702341148,0.0
D1409,11054.52,0.3522076923076923,31297.3,15.246923076923078,35.465384615384615,9.26923076923077,3.415,1.9,midwest,False,-0.006182692307692361,0.0
D353,9711.789999999999,0.34602307692307693,28103.2,14.98,75.35000000000001,19.68846153846154,1.5176923076923077,1.3707692307692307,midwest,False,-0.012367307692307705,0.0
D357,8581.53,0.2979538461538462,28852.0,12.89846153846154,48.91153846153846,14.753846153846155,0.8276923076923077,0.5273076923076924,midwest,True,-0.06043653846153846,0.0
D358,6810.39,0.23976153846153844,28328.9,10.379999999999999,30.365384615384617,11.503846153846155,0.3403846153846154,0.22153846153846152,midwest,False,-0.1186288461538462,0.0
D139,6509.36,0.2433653846153846,26763.5,10.534615384615384,30.18846153846154,11.788461538461538,0.23423076923076921,0.16115384615384618,midwest,True,-0.11502500000000004,0.0
D1392,7260.48,0.24051923076923076,30124.6,10.413076923076924,29.184615384615384,10.696153846153846,0.30615384615384617,0.14346153846153847,midwest,False,-0.11787115384615388,0.0
D1395,10729.7,0.35471923076923073,30220.3,15.35576923076923,37.81153846153846,9.576923076923077,2.8680769230769227,2.004230769230769,midwest,True,-0.0036711538461539073,0.0
D1396,9016.85,0.30517307692307694,29568.6,13.210769230769232,49.353846153846156,14.88076923076923,1.0261538461538462,0.8053846153846155,midwest,False,-0.0532173076923077,0.0
D1397,5428.93,0.27126923076923076,19945.7,11.743461538461538,37.41538461538461,16.442307692307693,0.2403846153846154,0.16615384615384615,southeast,True,-0.08712115384615388,0.0
D1402,2735.15,0.3190235294117647,8577.3,13.809411764705882,51.411764705882355,23.447058823529414,0.2929411764705882,0.19588235294117648,northeast,False,-0.03936685520361993,0.0
D1403,4676.74,0.29059615384615384,16225.4,12.578846153846154,41.74230769230769,19.315384615384616,0.1926923076923077,0.1757692307692308,northeast,True,-0.0677942307692308,0.0
D346,8617.97,0.3005884615384615,28856.6,13.013076923076921,50.6576923076923,15.25,0.8384615384615385,0.8865384615384616,midwest,True,-0.05780192307692311,0.0
D347,4702.33,0.3037,15709.5,13.146538461538462,43.02307692307692,20.15,0.20038461538461538,0.11538461538461539,northeast,True,-0.05469038461538461,0.0
D1953,5143.9,0.3121384615384616,16674.4,13.512692307692307,48.26538461538462,21.984615384615385,0.2803846153846154,0.20038461538461538,northeast,False,-0.04625192307692305,0.0
D1370,3188.63,0.31432000000000004,10130.3,13.608,46.64,13.86,1.339,0.732,midwest,False,-0.044070384615384595,0.0
D137,9750.29,0.35223076923076924,28041.6,15.247692307692308,76.74230769230769,20.45384615384615,1.4934615384615384,1.8853846153846152,midwest,False,-0.006159615384615402,0.0
D1369,8540.75,0.29906153846153843,28602.2,12.94576923076923,45.81153846153846,14.134615384615385,1.044230769230769,0.6026923076923076,midwest,False,-0.059328846153846204,0.0
D1367,11173.93,0.3506653846153846,31891.7,15.179615384615385,39.815384615384616,10.28076923076923,3.458846153846154,2.714230769230769,midwest,False,-0.007725000000000037,0.0
D345,4785.3,0.3098384615384615,15622.8,13.413076923076924,47.16923076923077,21.661538461538463,0.27076923076923076,0.17076923076923078,northeast,False,-0.04855192307692313,0.0
D344,6818.46,0.3511346153846154,19674.3,15.200384615384614,66.79615384615384,22.85,0.8773076923076922,0.7953846153846154,southeast,False,-0.00725576923076926,0.0
D343,6702.86,0.24252307692307692,27723.8,10.49923076923077,27.407692307692308,10.26923076923077,0.2723076923076923,0.14346153846153847,midwest,True,-0.11586730769230771,0.0
D348,8498.85,0.3033576923076923,28147.9,13.132307692307693,50.24230769230769,15.13076923076923,1.0653846153846154,0.7069230769230769,midwest,False,-0.055032692307692366,0.0
D341,6999.83,0.2420192307692308,28855.899999999998,10.477307692307694,30.442307692307693,11.288461538461538,0.27153846153846156,0.12692307692307692,midwest,True,-0.11637115384615385,0.0
D340,9555.98,0.30115000000000003,31887.3,13.036538461538461,48.05,14.896153846153847,0.8223076923076923,0.7838461538461539,midwest,True,-0.05724038461538461,0.0
D338,3367.73,0.3188736842105263,10667.5,13.804736842105264,46.652631578947364,22.236842105263158,0.33842105263157896,0.12999999999999998,northeast,False,-0.03951670040485833,0.0
D1389,6384.62,0.24043846153846155,26658.5,10.40846153846154,28.234615384615385,10.634615384615385,0.29384615384615387,0.21692307692307694,midwest,False,-0.1179519230769231,0.0
D1388,4370.3099999999995,0.29859583333333334,14635.2,12.926250000000001,42.6875,19.662499999999998,0.3225,0.22833333333333336,northeast,False,-0.0597945512820513,0.0
D1385,8845.8,0.3000653846153846,29807.2,12.990384615384615,49.869230769230775,15.053846153846154,1.0007692307692309,0.8350000000000001,midwest,False,-0.058325000000000016,0.0
D1384,3563.34,0.28803125,12404.800000000001,12.47,39.03125,17.31875,0.325625,0.16062500000000002,southeast,False,-0.07035913461538462,0.0
D349,7885.99,0.29506,26689.4,12.7724,48.008,14.26,1.1223999999999998,0.6228,midwest,False,-0.06333038461538465,0.0
D342,2287.06,0.32428181818181817,7212.1,14.037272727272727,45.690909090909095,20.599999999999998,0.33545454545454545,0.11181818181818182,northeast,False,-0.03410856643356647,0.0
D276,8863.08,0.29785,30099.2,12.894615384615385,45.573076923076925,13.876923076923077,0.9007692307692309,0.5103846153846153,midwest,False,-0.060540384615384635,0.0
D279,10721.54,0.35396538461538457,30493.5,15.323846153846155,37.58846153846154,9.73076923076923,3.4092307692307693,2.976923076923077,midwest,False,-0.004425000000000068,0.0
D326,4434.24,0.30773461538461533,14644.1,13.321923076923078,44.08076923076923,20.923076923076923,0.2476923076923077,0.17461538461538462,northeast,False,-0.05065576923076931,0.0
D327,9709.46,0.3531961538461538,27541.7,15.290384615384616,35.65769230769231,9.0,2.8415384615384616,3.1773076923076924,midwest,True,-0.005194230769230812,0.0
D328,5336.74,0.3111153846153846,17357.4,13.468076923076923,46.59615384615385,21.446153846153848,0.2873076923076923,0.19153846153846155,northeast,True,-0.04727500000000001,0.0
D329,7663.2699999999995,0.35708260869565217,21617.9,15.457826086956521,39.65217391304348,10.02608695652174,4.105652173913044,3.6613043478260874,midwest,False,-0.0013077759197324679,0.0
D330,6865.8,0.3484038461538462,19757.3,15.081538461538461,63.09615384615385,21.623076923076926,0.9276923076923077,0.7930769230769231,southeast,False,-0.009986538461538463,0.0
D333,6671.23,0.24635,27197.1,10.665000000000001,28.665384615384614,10.776923076923076,0.315,0.14653846153846153,midwest,False,-0.11204038461538463,0.0
D334,4724.51,0.30876538461538466,15465.3,13.366923076923078,47.28076923076923,21.346153846153847,0.3380769230769231,0.17923076923076925,northeast,False,-0.049624999999999975,0.0
D336,7026.33,0.23905,29574.7,10.34769230769231,26.773076923076925,10.215384615384616,0.27961538461538465,0.15307692307692308,midwest,True,-0.11934038461538463,0.0
D316,4373.19,0.3062153846153846,14423.8,13.255384615384616,44.61923076923077,20.692307692307693,0.2519230769230769,0.19307692307692306,northeast,True,-0.05217500000000003,0.0
D317,10744.1,0.3548653846153846,30209.5,15.362692307692308,37.284615384615385,9.592307692307692,3.3646153846153846,2.1923076923076925,midwest,False,-0.003525000000000056,0.0
D318,3597.91,0.31738,11268.1,13.738999999999999,50.72,14.180000000000001,0.976,0.674,midwest,True,-0.04101038461538464,0.0
D319,7151.21,0.2368923076923077,30397.7,10.25576923076923,29.923076923076923,11.346153846153847,0.24884615384615383,0.17538461538461542,midwest,True,-0.12149807692307693,0.0
D320,8762.91,0.30380769230769233,29016.100000000002,13.153076923076924,53.099999999999994,16.065384615384616,0.9638461538461538,0.8223076923076923,midwest,False,-0.054582692307692304,0.0
D1404,6148.12,0.2782,22310.0,12.043846153846154,38.78846153846154,16.953846153846154,0.24423076923076922,0.21923076923076923,southeast,True,-0.08019038461538464,0.0
D306,9836.18,0.34799615384615384,28532.7,15.065384615384614,84.01153846153846,20.846153846153847,1.2223076923076923,1.2846153846153845,midwest,True,-0.010394230769230794,0.0
D304,7175.21,0.2439653846153846,29420.6,10.56076923076923,29.407692307692308,10.923076923076923,0.20038461538461538,0.13,midwest,True,-0.11442500000000003,0.0
D303,5802.93,0.29233125,19378.3,12.654375,46.11875,13.39375,0.99625,0.890625,midwest,True,-0.06605913461538465,0.0
D302,4767.45,0.31149230769230773,15318.2,13.484615384615385,45.51923076923077,21.484615384615385,0.29,0.1346153846153846,northeast,False,-0.0468980769230769,0.0
D300,4524.77,0.3031384615384615,14994.800000000001,13.122692307692308,45.176923076923075,21.24230769230769,0.2957692307692308,0.21884615384615386,northeast,True,-0.055251923076923115,0.0
D299,8750.19,0.2951576923076923,29534.7,12.77730769230769,49.11923076923077,14.626923076923077,0.9507692307692307,0.6007692307692307,midwest,False,-0.06323269230769235,0.0
D298,7128.56,0.24282307692307692,29493.4,10.511923076923077,30.803846153846152,11.557692307692308,0.33653846153846156,0.155,midwest,False,-0.11556730769230772,0.0
D321,5050.86,0.31274615384615384,16131.199999999999,13.538461538461538,47.06153846153846,21.815384615384616,0.3346153846153846,0.19461538461538463,northeast,False,-0.0456442307692308,0.0
D313,7336.72,0.35613846153846157,20645.2,15.41576923076923,63.388461538461534,22.034615384615385,0.928076923076923,0.59,southeast,False,-0.002251923076923068,0.0
D312,7271.21,0.23925384615384615,30304.9,10.356923076923076,26.76923076923077,10.226923076923075,0.28923076923076924,0.1676923076923077,midwest,False,-0.11913653846153849,0.0
D311,7177.78,0.35229615384615387,20393.7,15.251153846153848,63.45769230769231,22.21153846153846,0.7380769230769231,0.5092307692307693,southeast,True,-0.0060942307692307685,0.0
D310,4572.24,0.3128153846153846,14715.7,13.542307692307693,46.25384615384615,21.661538461538463,0.35461538461538467,0.15923076923076926,northeast,False,-0.04557500000000003,0.0
D309,5510.98,0.27961153846153847,19843.3,12.103846153846153,41.70769230769231,18.134615384615383,0.2996153846153846,0.0996153846153846,southeast,False,-0.07877884615384617,0.0
D308,5300.86,0.27455384615384615,19456.3,11.885,38.073076923076925,16.83076923076923,0.2784615384615385,0.26076923076923075,southeast,False,-0.08383653846153849,0.0
D307,5695.86,0.2760423076923077,20644.4,11.95,37.315384615384616,16.38076923076923,0.25038461538461537,0.1769230769230769,southeast,True,-0.08234807692307694,0.0
D325,5780.88,0.2815576923076923,20614.3,12.18923076923077,39.603846153846156,17.35,0.3253846153846153,0.15846153846153846,southeast,False,-0.07683269230769235,0.0
D314,7803.97,0.35709615384615384,21909.2,15.458461538461538,70.02692307692308,23.496153846153845,0.7834615384615385,0.8842307692307693,southeast,True,-0.0012942307692307975,0.0
D409,5946.39,0.2842,21066.8,12.303076923076922,41.15384615384615,18.384615384615383,0.3261538461538462,0.18384615384615385,southeast,False,-0.07419038461538463,0.0
D413,7613.71,0.3009608695652174,25213.3,13.027826086956521,46.9,14.078260869565218,1.1317391304347826,0.8839130434782608,midwest,False,-0.057429515050167246,0.0
D414,7747.8,0.351156,22027.5,15.201199999999998,64.628,21.752,0.9740000000000001,0.9924000000000001,southeast,True,-0.007234384615384615,0.0
D415,4698.35,0.3055846153846154,15552.1,13.22923076923077,44.79230769230769,21.053846153846152,0.25,0.14384615384615385,northeast,True,-0.05280576923076924,0.0
D416,6950.46,0.2391307692307692,29002.8,10.351923076923075,27.926923076923078,10.600000000000001,0.2980769230769231,0.18115384615384617,midwest,False,-0.11925961538461544,0.0
D385,6823.4,0.23711153846153848,28840.7,10.26423076923077,28.146153846153844,10.734615384615385,0.22153846153846152,0.17538461538461536,midwest,True,-0.12127884615384615,0.0
D387,5101.21,0.3185576923076923,15981.1,13.789230769230768,47.34615384615385,22.303846153846152,0.3523076923076923,0.08884615384615385,northeast,False,-0.03983269230769232,0.0
D388,7406.89,0.24445769230769232,30497.1,10.582307692307692,31.08076923076923,11.426923076923078,0.2530769230769231,0.19576923076923075,midwest,True,-0.11393269230769232,0.0
D027,5755.51,0.2823307692307692,20509.7,12.221923076923076,42.08461538461539,18.553846153846152,0.3046153846153846,0.17538461538461536,southeast,False,-0.07605961538461542,0.0
D392,10847.37,0.3565576923076923,30602.7,15.436153846153847,41.40384615384615,10.576923076923077,2.729230769230769,1.9988461538461537,midwest,True,-0.0018326923076923407,0.0
D397,2942.17,0.29912500000000003,9933.8,12.950000000000001,41.40833333333333,17.608333333333334,0.2833333333333333,0.18583333333333332,southeast,True,-0.05926538461538461,0.0
D398,7952.7699999999995,0.2982576923076923,26620.9,12.911538461538461,46.3,13.88846153846154,0.7792307692307693,0.5957692307692308,midwest,True,-0.06013269230769236,0.0
D1376,4829.03,0.3083153846153846,15728.2,13.347307692307693,47.53076923076923,21.784615384615385,0.29115384615384615,0.10307692307692308,northeast,True,-0.050075000000000036,0.0
D1378,5338.92,0.28565769230769233,18796.2,12.364615384615385,38.86923076923077,17.603846153846153,0.2623076923076923,0.17115384615384616,southeast,False,-0.0727326923076923,0.0
D1379,6533.28,0.30032777777777775,21796.4,13.001111111111111,48.900000000000006,14.244444444444444,1.1894444444444445,1.0,midwest,False,-0.05806260683760689,0.0
D1371,6732.41,0.35782692307692304,18980.8,15.490384615384615,71.61538461538461,24.02692307692308,0.9653846153846154,0.5488461538461539,southeast,False,-0.000563461538461596,0.0
D1342,9833.95,0.34092692307692307,29016.1,14.758846153846154,75.63461538461539,19.607692307692307,1.1157692307692306,1.386153846153846,midwest,True,-0.017463461538461567,0.0
D1341,3440.36,0.31493000000000004,11017.900000000001,13.633,47.21,14.069999999999999,1.387,0.631,midwest,False,-0.043460384615384595,0.0
D1337,6915.37,0.3515692307692308,19717.5,15.22,64.47307692307692,22.361538461538462,1.008846153846154,0.7938461538461539,southeast,False,-0.006821153846153838,0.0
D1336,5641.57,0.27560384615384614,20501.7,11.930769230769231,38.23461538461539,16.61923076923077,0.27692307692307694,0.11730769230769231,southeast,False,-0.0827865384615385,0.0
D1335,6960.05,0.35601153846153843,19486.6,15.411923076923076,66.38461538461539,22.596153846153847,0.8976923076923077,0.7684615384615385,southeast,False,-0.0023788461538462036,0.0
D1334,2971.31,0.31932857142857146,9345.8,13.822857142857144,45.40714285714286,20.650000000000002,0.30142857142857143,0.2642857142857143,northeast,False,-0.03906181318681318,0.0
D1333,8972.91,0.3558653846153846,25218.4,15.405384615384616,39.638461538461534,10.088461538461539,2.9342307692307696,2.915769230769231,midwest,True,-0.002525000000000055,0.0
D138,6511.8,0.23836153846153846,27513.7,10.319230769230769,27.634615384615383,10.284615384615384,0.2361538461538462,0.15653846153846154,midwest,False,-0.12002884615384618,0.0
D450,6204.51,0.27815769230769233,22332.8,12.041153846153845,40.76923076923077,17.742307692307694,0.3,0.1630769230769231,southeast,False,-0.08023269230769231,0.0
D449,3784.06,0.29951904761904763,12494.8,12.965238095238094,43.71904761904762,20.0,0.22428571428571428,0.2219047619047619,northeast,True,-0.05887133699633701,0.0
D448,7678.9,0.24507692307692308,31389.8,10.609615384615385,30.984615384615385,11.7,0.26346153846153847,0.16384615384615384,midwest,True,-0.11331346153846156,0.0
D1351,5088.47,0.24832222222222222,20529.7,10.750555555555556,29.872222222222224,11.116666666666667,0.3188888888888889,0.17666666666666664,midwest,False,-0.11006816239316242,0.0
D1350,4616.22,0.3120769230769231,14795.5,13.51076923076923,44.526923076923076,21.21923076923077,0.22846153846153844,0.16807692307692307,northeast,True,-0.04631346153846155,0.0
D135,7395.2,0.35536923076923077,20948.0,15.383461538461537,66.34615384615384,22.726923076923075,1.0334615384615384,0.6880769230769231,southeast,False,-0.003021153846153868,0.0
D383,3788.98,0.30666666666666664,12390.0,13.277142857142858,44.03809523809524,19.95714285714286,0.41190476190476194,0.1657142857142857,northeast,False,-0.051723717948717995,0.0
D1380,8766.91,0.2987192307692308,29462.3,12.931923076923077,49.723076923076924,15.003846153846155,0.8476923076923076,0.5376923076923077,midwest,True,-0.059671153846153846,0.0
D452,1952.1699999999998,0.29744444444444446,6578.2,12.876666666666667,37.333333333333336,15.322222222222223,0.38555555555555554,0.26333333333333336,southeast,True,-0.06094594017094018,0.0
D1372,9443.86,0.29549615384615385,32198.1,12.793076923076923,44.900000000000006,13.757692307692308,0.9615384615384616,0.6380769230769231,midwest,False,-0.06289423076923079,0.0
D1373,4583.06,0.30031538461538465,15093.4,13.00076923076923,44.86538461538461,20.423076923076923,0.2642307692307692,0.145,northeast,True,-0.05807499999999999,0.0
D1374,2502.02,0.3102933333333333,8120.6,13.431333333333333,47.486666666666665,21.533333333333335,0.18266666666666667,0.2846666666666667,northeast,True,-0.04809705128205133,0.0
D1356,7799.64,0.2976115384615384,26268.5,12.883846153846154,48.66153846153846,14.98076923076923,0.801923076923077,0.89,midwest,True,-0.06077884615384621,0.0
D1357,7031.19,0.23977692307692308,29277.4,10.37923076923077,27.803846153846152,10.684615384615386,0.28846153846153844,0.1396153846153846,midwest,False,-0.11861346153846156,0.0
D136,5795.07,0.27919615384615387,20949.0,12.085769230769232,39.36153846153846,17.26153846153846,0.24538461538461537,0.1846153846153846,southeast,True,-0.07919423076923077,0.0
D1361,7270.96,0.3563115384615385,20355.1,15.425384615384615,71.10384615384615,24.123076923076926,0.8453846153846154,0.5973076923076923,southeast,True,-0.0020788461538461256,0.0
D1364,8757.98,0.2961923076923077,29894.0,12.821923076923078,45.95769230769231,14.061538461538463,1.0126923076923076,0.5942307692307692,midwest,False,-0.06219807692307694,0.0
D376,8311.09,0.30058076923076926,27767.3,13.013846153846155,49.2,14.938461538461537,1.0361538461538462,0.6288461538461539,midwest,False,-0.057809615384615376,0.0
D377,4498.38,0.30238846153846155,14968.1,13.090384615384616,43.099999999999994,20.273076923076925,0.31038461538461537,0.16269230769230766,northeast,True,-0.05600192307692309,0.0
D378,10442.56,0.3565269230769231,29151.0,15.43423076923077,38.65384615384615,9.892307692307693,2.861923076923077,2.191923076923077,midwest,True,-0.0018634615384615638,0.0
D379,10684.94,0.3544769230769231,30400.5,15.345769230769232,35.496153846153845,9.1,2.8084615384615383,3.2403846153846154,midwest,True,-0.00391346153846156,0.0
D380,9274.05,0.29442307692307695,31462.6,12.746153846153845,41.81923076923077,12.673076923076923,0.8311538461538461,0.731923076923077,midwest,True,-0.06396730769230768,0.0
D381,8942.29,0.29296153846153844,30488.0,12.682307692307692,45.22692307692308,13.457692307692309,1.0426923076923076,0.8515384615384616,midwest,False,-0.0654288461538462,0.0
D382,7012.1,0.3561346153846153,19723.9,15.416153846153845,66.91923076923078,22.996153846153845,0.8053846153846155,0.5588461538461538,southeast,True,-0.002255769230769311,0.0
D407,5963.26,0.2972047619047619,20186.9,12.867142857142856,47.88095238095238,14.176190476190476,1.269047619047619,0.6819047619047619,midwest,False,-0.06118562271062272,0.0
D406,5117.35,0.27618846153846155,18739.5,11.955384615384615,38.68076923076923,17.346153846153847,0.2076923076923077,0.16384615384615384,southeast,True,-0.08220192307692309,0.0
D400,3675.55,0.3186052631578947,11612.0,13.792105263157895,46.43684210526315,21.91578947368421,0.3589473684210526,0.3,northeast,False,-0.039785121457489914,0.0
D432,9515.15,0.35279615384615387,27261.0,15.272307692307692,80.67692307692307,20.76153846153846,1.2153846153846155,1.1326923076923077,midwest,True,-0.005594230769230768,0.0
D428,5130.8099999999995,0.27678846153846154,18426.1,11.981923076923076,38.33461538461539,16.68076923076923,0.3584615384615385,0.14153846153846156,southeast,False,-0.0816019230769231,0.0
D426,8642.85,0.2981615384615385,29238.8,12.907692307692308,48.12307692307692,14.392307692307693,0.7638461538461538,0.8042307692307692,midwest,True,-0.06022884615384616,0.0
D424,5058.64,0.3114615384615385,16389.0,13.483076923076924,44.93076923076923,20.819230769230767,0.27384615384615385,0.18153846153846154,northeast,False,-0.04692884615384613,0.0
D421,4311.13,0.305,14243.1,13.204230769230769,42.88461538461539,20.442307692307693,0.19384615384615383,0.0923076923076923,northeast,True,-0.053390384615384645,0.0
D1353,4700.5,0.32241153846153847,14663.5,13.955769230769231,48.22692307692308,22.069230769230767,0.27384615384615385,0.21461538461538462,northeast,False,-0.03597884615384617,0.0
D417,4389.56,0.3051115384615385,14593.1,13.208076923076923,41.95769230769231,20.450000000000003,0.3315384615384615,0.19884615384615384,northeast,False,-0.05327884615384615,0.0
D375,8273.05,0.30153076923076927,27720.4,13.053461538461537,49.51538461538462,14.515384615384615,1.04,0.8542307692307692,midwest,False,-0.05685961538461537,0.0
D374,5803.83,0.30976875,18685.3,13.41,48.13125,14.275,0.964375,0.65875,midwest,True,-0.04862163461538466,0.0
D372,10249.81,0.3512115384615385,29172.3,15.204615384615384,38.86153846153846,9.846153846153847,2.8884615384615384,2.1203846153846153,midwest,True,-0.007178846153846119,0.0
D371,7318.44,0.2385307692307692,30634.5,10.325769230769229,27.611538461538462,10.365384615384615,0.23153846153846155,0.2253846153846154,midwest,True,-0.11985961538461543,0.0
D370,4461.91,0.30712307692307694,14693.1,13.295384615384616,43.53846153846154,20.465384615384615,0.22307692307692306,0.07692307692307693,northeast,True,-0.051267307692307695,0.0
D367,9511.09,0.3422230769230769,27848.2,14.815,74.46923076923078,20.115384615384617,1.3015384615384618,1.1615384615384614,midwest,True,-0.01616730769230773,0.0
D360,7075.86,0.3521269230769231,20067.4,15.24423076923077,61.92307692307692,21.615384615384617,1.0365384615384614,0.5792307692307692,southeast,False,-0.006263461538461523,0.0
D420,9201.380000000001,0.29396923076923076,31428.4,12.726153846153846,46.31923076923077,14.096153846153847,0.7330769230769231,0.5326923076923077,midwest,True,-0.06442115384615388,0.0
D1989,2073.82,0.2913888888888889,7096.5,12.614444444444445,39.422222222222224,17.022222222222222,0.42333333333333334,0.30000000000000004,southeast,False,-0.06700149572649572,0.0
D1991,4237.47,0.3167,13585.1,13.710769230769232,47.33846153846154,21.88076923076923,0.3126923076923077,0.12384615384615386,northeast,True,-0.04169038461538466,0.0
D1498,6441.53,0.2413923076923077,26856.0,10.45,27.76923076923077,10.61923076923077,0.24923076923076926,0.11423076923076922,midwest,False,-0.11699807692307693,0.0
D1501,7235.46,0.24224615384615383,30024.3,10.48653846153846,29.51153846153846,11.165384615384616,0.2561538461538462,0.19423076923076923,midwest,True,-0.1161442307692308,0.0
D1503,8130.75,0.29451923076923076,27299.4,12.749615384615385,44.83076923076923,13.776923076923076,1.0192307692307692,0.6088461538461538,midwest,False,-0.06387115384615388,0.0
D1504,9241.7,0.29933846153846155,30764.9,12.958461538461538,45.7,14.13076923076923,0.961923076923077,0.7988461538461539,midwest,False,-0.059051923076923085,0.0
D1506,5333.66,0.27828846153846154,19154.8,12.047307692307694,36.63076923076923,16.176923076923078,0.3226923076923077,0.20423076923076924,southeast,False,-0.0801019230769231,0.0
D1978,7350.8,0.35744615384615386,20492.4,15.474230769230768,67.79615384615384,23.126923076923074,1.0246153846153847,0.5296153846153846,southeast,False,-0.0009442307692307805,0.0
D1980,9727.92,0.3555846153846154,27424.0,15.393076923076924,37.65769230769231,9.38076923076923,3.277307692307692,3.13,midwest,False,-0.0028057692307692506,0.0
D1982,6973.1,0.23897307692307693,29385.9,10.345,28.161538461538463,10.673076923076923,0.28153846153846157,0.21230769230769234,midwest,True,-0.11941730769230771,0.0
D1983,7049.02,0.35454615384615384,19900.2,15.349230769230768,64.00769230769231,21.715384615384615,1.073846153846154,0.578076923076923,southeast,False,-0.003844230769230794,0.0
D1984,3666.28,0.2864,13037.6,12.398235294117647,36.9,16.052941176470586,0.2964705882352941,0.2752941176470588,southeast,True,-0.07199038461538465,0.0
D1985,5412.92,0.28325,19111.3,12.261538461538462,39.861538461538466,17.56153846153846,0.33076923076923076,0.2153846153846154,southeast,False,-0.07514038461538464,0.0
D1987,7538.96,0.2398730769230769,31353.2,10.385384615384615,27.665384615384614,10.584615384615384,0.2330769230769231,0.16807692307692307,midwest,True,-0.11851730769230773,0.0
D1493,7998.16,0.30033076923076923,26441.4,13.003076923076922,45.55384615384616,13.834615384615384,1.066153846153846,0.8623076923076923,midwest,False,-0.058059615384615404,0.0
D275,7343.280000000001,0.2421576923076923,30341.6,10.483076923076924,31.353846153846156,11.7,0.21,0.13538461538461538,midwest,True,-0.11623269230769234,0.0
D1472,10393.789999999999,0.3434846153846154,30208.1,14.869615384615384,75.51923076923077,19.534615384615385,1.158076923076923,1.3265384615384617,midwest,True,-0.01490576923076925,0.0
D222,4693.87,0.31457307692307696,15074.5,13.617692307692307,46.684615384615384,21.603846153846156,0.18576923076923077,0.12846153846153846,northeast,False,-0.04381730769230768,0.0
D221,7528.16,0.35555384615384616,21347.7,15.392307692307693,66.27692307692308,22.680769230769233,0.9988461538461538,0.8946153846153846,southeast,False,-0.0028365384615384737,0.0
D220,5532.22,0.2771692307692308,19933.9,11.998846153846156,38.29615384615385,16.73076923076923,0.25,0.1973076923076923,southeast,True,-0.08122115384615386,0.0
D1492,6633.28,0.3560461538461538,18800.9,15.413076923076924,65.23076923076923,22.569230769230767,1.145,0.8903846153846153,southeast,False,-0.0023442307692308484,0.0
D1489,6766.6,0.3542576923076923,19091.2,15.336153846153847,64.78846153846153,22.034615384615385,1.1099999999999999,0.7142307692307692,southeast,False,-0.004132692307692365,0.0
D1485,5039.49,0.30914615384615385,16468.6,13.381923076923076,45.69615384615384,21.373076923076926,0.3930769230769231,0.13153846153846155,northeast,False,-0.04924423076923079,0.0
D224,5676.74,0.27873846153846155,20520.8,12.066538461538462,41.29230769230769,17.942307692307693,0.32499999999999996,0.11730769230769231,southeast,False,-0.07965192307692309,0.0
D1483,6761.5,0.24004999999999999,28359.0,10.391153846153847,27.542307692307695,10.53076923076923,0.195,0.13576923076923075,midwest,True,-0.11834038461538465,0.0
D1478,10015.5,0.3568923076923077,28210.3,15.449615384615385,38.11153846153846,9.823076923076924,2.7507692307692304,2.0342307692307693,midwest,True,-0.001498076923076963,0.0
D234,6937.58,0.24211153846153846,28673.0,10.48076923076923,27.915384615384614,10.3,0.30653846153846154,0.2023076923076923,midwest,False,-0.11627884615384618,0.0
D233,9853.51,0.35282307692307696,27837.5,15.27346153846154,37.48076923076923,9.507692307692308,2.9107692307692306,2.974615384615385,midwest,True,-0.005567307692307677,0.0
D231,10643.36,0.35512307692307693,29836.4,15.373076923076923,40.62692307692308,10.13846153846154,3.5403846153846152,2.894615384615385,midwest,False,-0.0032673076923077082,0.0
D229,6850.17,0.23925000000000002,28795.9,10.356923076923076,27.888461538461538,10.565384615384614,0.22230769230769232,0.17346153846153844,midwest,True,-0.11914038461538462,0.0
D226,9043.12,0.29438461538461536,30717.4,12.743846153846153,43.46923076923077,13.223076923076924,1.0046153846153847,0.553076923076923,midwest,False,-0.06400576923076928,0.0
D225,8417.8,0.2980153846153846,28570.7,12.901538461538461,51.31153846153846,15.26923076923077,0.72,0.5257692307692308,midwest,True,-0.06037500000000001,0.0
D1484,5220.58,0.3124346153846154,16932.6,13.524615384615384,47.33846153846154,21.826923076923077,0.26153846153846155,0.09461538461538462,northeast,False,-0.04595576923076922,0.0
D1954,8529.960000000001,0.35692857142857143,24227.3,15.452380952380953,35.63333333333333,9.047619047619047,3.3819047619047615,2.7561904761904765,midwest,True,-0.00146181318681321,0.0
D1957,8216.28,0.29268076923076924,28016.5,12.67,45.43846153846154,13.919230769230769,0.8742307692307693,0.5453846153846154,midwest,False,-0.0657096153846154,0.0
D1959,3383.2599999999998,0.30276875,11118.6,13.106875,41.49375,18.74375,0.34187500000000004,0.2125,northeast,False,-0.05562163461538466,0.0
D196,5026.87,0.30564615384615385,16555.5,13.231538461538461,45.48461538461538,20.911538461538463,0.3246153846153846,0.1580769230769231,northeast,False,-0.05274423076923079,0.0
D1960,5878.67,0.27842692307692307,21052.5,12.053461538461537,39.25769230769231,16.823076923076922,0.3034615384615385,0.13807692307692307,southeast,False,-0.07996346153846157,0.0
D1962,4516.0,0.29932142857142857,14976.800000000001,12.957857142857142,49.32857142857143,14.192857142857141,1.0292857142857144,0.6814285714285714,midwest,True,-0.05906895604395607,0.0
D1964,6933.04,0.35560769230769235,19779.2,15.394615384615385,64.27307692307691,21.98846153846154,0.9423076923076923,0.91,southeast,False,-0.0027826923076922916,0.0
D1934,4743.38,0.30941153846153846,15390.0,13.393461538461539,42.24230769230769,20.126923076923074,0.21,0.1176923076923077,northeast,True,-0.04897884615384618,0.0
D1941,6739.23,0.29816190476190474,22501.5,12.908095238095237,48.16190476190476,14.347619047619048,0.952857142857143,1.0033333333333334,midwest,True,-0.0602284798534799,0.0
D1944,7290.61,0.2399230769230769,30524.3,10.386538461538462,28.146153846153844,10.653846153846153,0.1980769230769231,0.19692307692307692,midwest,True,-0.11846730769230773,0.0
D1945,2896.12,0.29245,9897.1,12.65857142857143,40.69285714285714,17.164285714285715,0.2542857142857143,0.1407142857142857,southeast,False,-0.06594038461538465,0.0
D1948,8111.47,0.29822692307692306,27300.0,12.909615384615384,47.47692307692308,14.411538461538461,0.791923076923077,0.588076923076923,midwest,True,-0.06016346153846158,0.0
D1950,10552.56,0.3571,29607.3,15.458461538461538,40.5,10.284615384615384,2.796923076923077,2.1326923076923077,midwest,True,-0.0012903846153846654,0.0
D1544,5412.47,0.2754653846153846,19844.9,11.92653846153846,39.52307692307692,17.05,0.21923076923076923,0.17615384615384616,southeast,True,-0.08292500000000003,0.0
D1547,6643.860000000001,0.3571115384615385,18807.9,15.459999999999999,70.21153846153847,23.484615384615385,1.008076923076923,0.5192307692307693,southeast,False,-0.0012788461538461582,0.0
D1988,4536.75,0.3001615384615385,15433.4,12.99423076923077,41.19615384615384,19.184615384615384,0.3288461538461539,0.23,northeast,False,-0.05822884615384616,0.0
D1524,5098.99,0.27722692307692304,18377.899999999998,12.000384615384615,41.11538461538461,17.98846153846154,0.24615384615384617,0.19076923076923077,southeast,False,-0.0811634615384616,0.0
D1519,7689.89,0.24190384615384616,32166.8,10.471923076923076,26.476923076923075,10.046153846153846,0.3523076923076923,0.23076923076923078,midwest,False,-0.11648653846153847,0.0
D1511,5291.85,0.2847192307692308,18681.6,12.326153846153847,43.465384615384615,18.707692307692305,0.2823076923076923,0.22884615384615387,southeast,False,-0.07367115384615386,0.0
D1510,5257.86,0.3100307692307692,17112.9,13.420769230769231,45.01153846153846,21.426923076923078,0.2742307692307692,0.21769230769230768,northeast,True,-0.04835961538461542,0.0
D151,8557.02,0.3485769230769231,24648.8,15.089230769230769,79.7423076923077,20.79615384615385,1.7426923076923078,1.54,midwest,False,-0.009813461538461521,0.0
D1509,9894.67,0.35521153846153847,28023.5,15.377692307692307,37.93076923076923,9.423076923076923,3.416923076923077,2.2342307692307695,midwest,False,-0.003178846153846171,0.0
D1999,10567.42,0.3438730769230769,31112.2,14.886538461538462,71.93461538461538,18.98076923076923,1.4323076923076923,1.2950000000000002,midwest,False,-0.014517307692307746,0.0
D1548,6994.59,0.3568230769230769,19716.4,15.446923076923078,69.99615384615385,24.123076923076926,0.9965384615384616,0.46923076923076923,southeast,False,-0.001567307692307729,0.0
D1996,4871.5,0.2848478260869565,17172.4,12.331739130434782,42.36521739130435,18.213043478260868,0.34521739130434786,0.21434782608695652,southeast,False,-0.07354255852842811,0.0
D1994,8871.87,0.3010769230769231,29809.7,13.032692307692308,45.67307692307692,13.819230769230769,1.0173076923076922,0.566923076923077,midwest,False,-0.05731346153846156,0.0
D1526,5423.8,0.2851076923076923,18975.0,12.341923076923077,39.926923076923075,17.573076923076922,0.2873076923076923,0.16269230769230766,southeast,False,-0.07328269230769235,0.0
D1525,4642.36,0.3133153846153846,14892.9,13.563076923076922,46.48846153846154,21.700000000000003,0.3188461538461539,0.11846153846153847,northeast,False,-0.04507500000000003,0.0
D1553,5242.05,0.2824884615384615,18772.5,12.22923076923077,44.41153846153846,19.123076923076923,0.36615384615384616,0.16115384615384618,southeast,False,-0.07590192307692312,0.0
D1552,6087.78,0.3541590909090909,17388.4,15.33090909090909,63.32727272727273,21.71818181818182,1.2759090909090909,0.9568181818181819,southeast,False,-0.004231293706293715,0.0
D155,2769.36,0.3152833333333333,8911.0,13.648333333333333,45.083333333333336,20.794444444444444,0.2683333333333333,0.32611111111111113,northeast,True,-0.043107051282051334,0.0
D1549,8607.39,0.29697307692307695,28941.100000000002,12.855384615384615,45.61923076923077,14.13076923076923,1.0780769230769232,0.5757692307692308,midwest,False,-0.06141730769230769,0.0
D1998,5345.4800000000005,0.28126923076923077,18987.4,12.17576923076923,41.08846153846154,17.692307692307693,0.3142307692307692,0.14807692307692308,southeast,False,-0.07712115384615387,0.0
D238,7245.43,0.3514730769230769,20633.0,15.215384615384616,63.369230769230775,21.896153846153844,0.8619230769230769,0.786923076923077,southeast,True,-0.00691730769230775,0.0
D242,9291.2,0.34626538461538464,26895.0,14.990384615384615,80.45384615384616,20.423076923076923,1.2465384615384614,1.8738461538461537,midwest,True,-0.012124999999999997,0.0
D248,5517.73,0.24172272727272726,23005.3,10.464545454545455,29.5,10.972727272727273,0.28545454545454546,0.2863636363636364,midwest,True,-0.11666765734265738,0.0
D1441,7942.8,0.3024846153846154,26064.1,13.09423076923077,46.646153846153844,14.423076923076923,1.080769230769231,0.5023076923076923,midwest,False,-0.05590576923076923,0.0
D1431,4635.25,0.3073,15126.1,13.303846153846154,45.1576923076923,21.323076923076922,0.2865384615384615,0.08384615384615385,northeast,False,-0.05109038461538462,0.0
D1434,10047.69,0.3511923076923077,28943.5,15.203461538461537,77.1076923076923,19.873076923076926,1.3038461538461539,1.935,midwest,True,-0.007198076923076946,0.0
D1436,4732.79,0.30404615384615385,15603.1,13.161923076923076,44.73076923076923,20.72307692307692,0.3761538461538461,0.09846153846153846,northeast,False,-0.054344230769230784,0.0
D1439,5434.5,0.2873769230769231,19051.3,12.441923076923077,42.857692307692304,18.746153846153845,0.2876923076923077,0.12076923076923077,southeast,False,-0.07101346153846155,0.0
D288,8437.72,0.29836538461538464,28558.3,12.916153846153845,47.62692307692308,14.238461538461538,1.153076923076923,0.7546153846153847,midwest,False,-0.060024999999999995,0.0
D292,9378.4,0.34708846153846157,27003.8,15.024615384615384,74.87692307692308,19.75,1.1811538461538462,1.8965384615384617,midwest,True,-0.01130192307692307,0.0
D293,6671.26,0.24186538461538462,27806.6,10.470769230769232,28.41923076923077,10.684615384615386,0.2753846153846154,0.17730769230769233,midwest,True,-0.11652500000000002,0.0
D294,3645.04,0.35564,10195.1,15.395,67.01,17.22,1.373,2.379,midwest,True,-0.0027503846153846268,0.0
D1417,9297.39,0.3030115384615385,30747.7,13.118461538461538,49.573076923076925,14.73076923076923,0.7442307692307693,0.7538461538461539,midwest,True,-0.05537884615384614,0.0
D1419,5068.53,0.31163461538461534,16438.7,13.48923076923077,45.26923076923077,21.326923076923077,0.30192307692307696,0.18576923076923077,northeast,True,-0.046755769230769295,0.0
D1420,5398.2,0.2858769230769231,18957.4,12.374615384615385,42.53846153846154,18.48076923076923,0.2811538461538462,0.16192307692307692,southeast,False,-0.07251346153846155,0.0
D1473,7600.04,0.2378346153846154,32123.5,10.295,27.01153846153846,10.180769230769231,0.2569230769230769,0.15115384615384617,midwest,False,-0.12055576923076924,0.0
D274,8419.11,0.29235,28652.5,12.65576923076923,46.176923076923075,13.765384615384615,1.018846153846154,0.485,midwest,False,-0.06604038461538464,0.0
D272,9515.119999999999,0.3448576923076923,27533.100000000002,14.928461538461537,71.67692307692309,18.996153846153845,1.491153846153846,1.9,midwest,False,-0.013532692307692329,0.0
D271,6638.94,0.3494730769230769,18928.5,15.129615384615384,68.8923076923077,23.123076923076926,1.0611538461538461,0.7969230769230768,southeast,False,-0.008917307692307752,0.0
D268,5115.45,0.3009769230769231,17107.1,13.029615384615385,43.138461538461534,20.242307692307694,0.2723076923076923,0.19653846153846155,northeast,True,-0.05741346153846155,0.0
D267,5184.0,0.2981846153846154,17496.9,12.908076923076923,43.43846153846154,19.91923076923077,0.3634615384615385,0.19076923076923077,northeast,False,-0.06020576923076926,0.0
D1415,4130.44,0.30664615384615385,13475.8,13.273846153846154,44.823076923076925,20.86923076923077,0.29038461538461535,0.12961538461538463,northeast,False,-0.05174423076923079,0.0
D1414,11095.56,0.35551923076923075,31253.2,15.39076923076923,37.75,9.665384615384616,3.7503846153846156,2.8369230769230773,midwest,False,-0.0028711538461538844,0.0
D1422,6010.8099999999995,0.28405,21222.7,12.296923076923076,39.70769230769231,17.23846153846154,0.29307692307692307,0.21576923076923077,southeast,False,-0.07434038461538461,0.0
D286,5104.84,0.3091769230769231,16608.2,13.385,46.62692307692308,20.78846153846154,0.3484615384615385,0.1469230769230769,northeast,False,-0.04921346153846151,0.0
D285,7518.35,0.3564769230769231,21300.1,15.431923076923077,65.82307692307693,22.465384615384615,0.9653846153846154,0.7242307692307691,southeast,False,-0.0019134615384615583,0.0
D284,4642.8,0.27451,16853.6,11.884,39.21,16.935,0.3905,0.316,southeast,False,-0.08388038461538466,0.0
D282,11117.470000000001,0.3526461538461539,31522.3,15.26576923076923,38.4,9.653846153846153,2.8438461538461537,3.005769230769231,midwest,True,-0.0057442307692307515,0.0
D281,9047.69,0.29526153846153846,30726.2,12.781923076923077,46.784615384615385,13.892307692307693,0.8261538461538461,0.7488461538461538,midwest,True,-0.06312884615384617,0.0
D143,6468.08,0.24215384615384616,26774.5,10.483846153846153,29.73846153846154,11.11153846153846,0.23038461538461538,0.2611538461538462,midwest,True,-0.11623653846153847,0.0
D1428,2536.47,0.25205555555555553,10063.0,10.911111111111111,30.944444444444443,10.422222222222222,0.3711111111111111,0.2644444444444444,midwest,False,-0.1063348290598291,0.0
D1424,5321.13,0.2836692307692308,18988.8,12.279615384615385,40.70769230769231,17.507692307692306,0.3373076923076923,0.10653846153846154,southeast,False,-0.07472115384615385,0.0
D1411,5855.36,0.2739,21376.5,11.857307692307693,38.86153846153846,16.68846153846154,0.3142307692307692,0.22730769230769232,southeast,False,-0.08449038461538466,0.0
D1474,7326.04,0.3556615384615384,20534.6,15.395384615384614,67.25769230769231,22.41923076923077,0.9969230769230768,0.5246153846153846,southeast,False,-0.0027288461538462205,0.0
D1477,5555.99,0.2873230769230769,19517.2,12.437692307692307,41.06153846153846,17.526923076923076,0.30923076923076925,0.12961538461538463,southeast,False,-0.07106730769230774,0.0
D200,10237.02,0.3364576923076923,30603.2,14.564615384615385,69.90384615384616,18.323076923076922,1.2503846153846152,1.2723076923076921,midwest,True,-0.021932692307692347,0.0
D201,8869.06,0.29459615384615384,29794.8,12.75423076923077,45.86923076923077,13.984615384615385,1.0834615384615385,0.8315384615384616,midwest,False,-0.0637942307692308,0.0
D207,8355.86,0.29977692307692305,27772.0,12.975769230769231,47.965384615384615,14.711538461538462,0.9857692307692307,0.7634615384615385,midwest,False,-0.058613461538461586,0.0
D208,2472.74,0.29545,8389.3,12.789166666666667,38.875,16.375,0.2525,0.3475,southeast,True,-0.06294038461538465,0.0
D211,10010.46,0.35421153846153847,28409.6,15.333846153846155,37.15384615384615,9.557692307692308,3.405384615384615,3.2119230769230773,midwest,False,-0.004178846153846172,0.0
D216,9485.6,0.3437230769230769,27651.0,14.879615384615384,77.44615384615385,20.073076923076922,1.5538461538461539,1.3203846153846153,midwest,False,-0.01466730769230773,0.0
D217,6874.26,0.3551730769230769,19366.6,15.374615384615385,64.17692307692307,22.36923076923077,0.8034615384615384,0.5688461538461538,southeast,True,-0.0032173076923077137,0.0
D218,4904.58,0.30543076923076923,16218.4,13.221923076923076,48.38461538461539,21.734615384615385,0.25846153846153846,0.08115384615384615,northeast,False,-0.05295961538461541,0.0
D1463,4579.5,0.35346470588235296,13001.3,15.301764705882352,69.13529411764705,22.305882352941175,1.1135294117647059,1.0305882352941176,southeast,False,-0.00492567873303168,0.0
D1466,5132.45,0.2843269230769231,18127.8,12.308461538461538,42.534615384615385,18.253846153846155,0.3288461538461538,0.09846153846153846,southeast,False,-0.07406346153846155,0.0
D1468,7096.58,0.34949615384615385,20387.2,15.130384615384616,63.353846153846156,22.08076923076923,0.9807692307692307,0.75,southeast,False,-0.008894230769230793,0.0
D259,7869.68,0.30046923076923077,26320.8,13.006538461538462,46.03076923076923,14.146153846153847,1.021923076923077,0.6015384615384616,midwest,False,-0.05792115384615387,0.0
D262,6681.15,0.2383269230769231,28053.8,10.317307692307692,29.50769230769231,11.157692307692308,0.22499999999999998,0.16076923076923075,midwest,True,-0.12006346153846154,0.0
D236,4562.37,0.3027153846153846,15221.5,13.104615384615384,41.45,19.86923076923077,0.2857692307692308,0.12076923076923077,northeast,False,-0.05567500000000003,0.0
D235,5712.5,0.23751666666666668,23973.0,10.2825,29.116666666666664,10.691666666666668,0.24083333333333334,0.28708333333333336,midwest,True,-0.12087371794871796,0.0
D1451,6918.17,0.23727692307692308,29200.9,10.271538461538462,27.265384615384615,10.296153846153846,0.2753846153846154,0.21307692307692308,midwest,False,-0.12111346153846156,0.0
D1448,8746.65,0.2966884615384615,29373.4,12.84423076923077,46.63076923076923,14.103846153846153,0.765,0.8223076923076923,midwest,True,-0.061701923076923126,0.0
D1446,5659.7,0.28111153846153847,20215.9,12.169230769230769,38.36538461538461,16.911538461538463,0.3584615384615385,0.20192307692307693,southeast,False,-0.07727884615384617,0.0
D1445,5970.08,0.27861923076923073,21379.0,12.061923076923078,40.46923076923077,17.457692307692305,0.24807692307692308,0.13576923076923078,southeast,False,-0.07977115384615391,0.0
D1443,7132.5199999999995,0.24301923076923077,29463.6,10.521153846153847,28.75,10.723076923076924,0.2830769230769231,0.11153846153846153,midwest,False,-0.11537115384615387,0.0
D1442,5315.08,0.28339615384615385,18861.2,12.268461538461539,40.36538461538461,17.534615384615385,0.34461538461538466,0.0996153846153846,southeast,False,-0.07499423076923079,0.0
D263,5239.67,0.30688076923076923,17112.1,13.284615384615384,45.24615384615384,21.692307692307693,0.39230769230769236,0.19884615384615384,northeast,False,-0.051509615384615404,0.0
D1461,6728.0,0.34905384615384616,19222.9,15.110384615384616,61.58461538461539,21.123076923076926,0.965,0.5038461538461538,southeast,False,-0.00933653846153848,0.0
D1460,7009.14,0.35683461538461536,19747.1,15.447307692307692,65.1,22.184615384615384,1.0353846153846153,0.5038461538461538,southeast,False,-0.0015557692307692772,0.0
D1459,4749.76,0.3087615384615384,15622.6,13.366538461538461,45.315384615384616,21.638461538461538,0.38884615384615384,0.15692307692307692,northeast,False,-0.04962884615384622,0.0
D1458,4689.39,0.3104346153846154,15181.9,13.43923076923077,43.30769230769231,20.52692307692308,0.33,0.09538461538461539,northeast,False,-0.04795576923076922,0.0
D1455,8484.710000000001,0.30486153846153846,27926.0,13.197692307692307,52.315384615384616,15.850000000000001,1.0426923076923076,0.7284615384615385,midwest,False,-0.05352884615384618,0.0
D1454,5876.03,0.27684230769230767,21174.2,11.984615384615385,37.21923076923077,16.607692307692307,0.27692307692307694,0.1126923076923077,southeast,False,-0.08154807692307697,0.0
D266,4019.56,0.35509999999999997,11513.1,15.370909090909093,76.21818181818182,19.263636363636365,1.7300000000000002,2.3236363636363637,midwest,False,-0.003290384615384667,0.0
D264,6974.92,0.29845,23377.9,12.919545454545455,49.690909090909095,14.427272727272726,1.0268181818181819,0.989090909090909,midwest,True,-0.059940384615384645,0.0
D1462,9575.73,0.3545884615384616,27226.8,15.350000000000001,38.86153846153846,9.961538461538462,3.2226923076923075,3.0330769230769232,midwest,False,-0.003801923076923064,0.0
