driver_id,week,month,hard_brakes_per_100km,hard_accels_per_100km,speeding_per_100km,sharp_turns_per_100km,phone_use_per_100km,high_severity_events,total_events_per_100km,fuel_per_100km,co2_kg,co2_per_km,idle_time_pct,idle_fuel_pct,idle_during_delivery_pct,daily_steps,daily_floors,daily_lifting_events,avg_package_weight_kg,daily_walk_minutes,total_km,total_hours,daily_hours,daily_km,trips_per_day,night_driving_pct,n_working_days,age,experience_years,shift,region,has_eco_training,has_safety_training,total_events_per_100km_trend,fuel_per_100km_trend,daily_hours_trend,daily_steps_trend,co2_per_km_trend
D001,1,1,0.24,0.24,0.0,0.0,0.0,2,1.92,12.26,118.25,0.2832,30.0,13.6,31.9,1037,12.8,3.8,6.7,8.6,417.6,10.4,2.1,83.5,5.4,63.0,5,52,0,rotating,southeast,False,True,,,,,
D001,2,1,0.4,0.4,0.13,0.13,0.13,0,1.75,13.68,235.09,0.316,48.7,22.1,35.4,2384,58.7,5.0,5.9,19.7,743.9,19.3,3.2,124.0,8.7,55.8,6,52,0,rotating,southeast,False,True,,,,,
D001,3,1,0.9,0.67,0.45,0.22,0.0,2,2.92,11.7,120.17,0.2703,28.1,10.7,30.4,1114,24.7,4.3,6.2,9.2,444.5,10.0,3.3,148.2,8.0,79.2,3,52,0,rotating,southeast,False,True,,,,,
D001,4,1,0.4,0.2,0.1,0.4,0.0,2,1.89,12.2,282.88,0.2819,39.0,14.9,40.1,1525,24.7,5.5,6.9,12.6,1003.4,21.0,3.5,167.2,7.7,52.2,6,52,0,rotating,southeast,False,True,,,,,
D001,5,2,0.56,0.38,0.19,0.0,0.19,0,1.88,11.36,139.73,0.2624,22.2,9.5,31.6,1343,27.3,2.7,5.2,11.1,532.5,10.8,3.6,177.5,8.3,0.0,3,52,0,rotating,southeast,False,True,-0.040000000000000036,-0.9000000000000004,1.5,306.0,-0.020799999999999985
D001,6,2,0.72,0.36,0.36,0.54,0.18,0,2.71,13.02,166.64,0.3007,37.6,18.0,34.6,1386,35.6,3.8,6.2,11.5,554.1,14.5,2.9,110.8,6.8,47.1,5,52,0,rotating,southeast,False,True,0.96,-0.6600000000000001,-0.30000000000000027,-998.0,-0.01529999999999998
D001,7,2,0.61,0.81,0.0,0.3,0.1,1,2.44,12.7,289.03,0.2935,33.3,14.1,37.7,1473,24.4,5.2,5.8,12.2,984.9,22.3,4.5,197.0,9.6,56.2,5,52,0,rotating,southeast,False,True,-0.48,1.0,1.2000000000000002,359.0,0.0232
D001,8,2,0.44,0.0,0.29,0.0,0.44,1,2.06,12.04,188.87,0.2782,31.6,14.7,35.5,1320,14.5,5.5,6.5,10.9,679.0,16.4,4.1,169.8,8.8,31.4,4,52,0,rotating,southeast,False,True,0.17000000000000015,-0.16000000000000014,0.5999999999999996,-205.0,-0.003699999999999981
D001,9,2,0.17,0.17,0.09,0.35,0.0,1,1.04,12.27,328.39,0.2833,32.6,12.5,33.3,1871,35.0,4.3,6.0,15.5,1159.0,26.5,4.4,193.2,10.0,15.0,6,52,0,rotating,southeast,False,True,-0.8399999999999999,0.9100000000000001,0.8000000000000003,528.0,0.020899999999999974
D001,10,3,0.61,0.76,0.3,0.15,0.0,4,2.12,12.55,191.38,0.29,51.4,23.1,30.6,1503,30.5,7.2,6.6,12.6,659.9,16.0,4.0,165.0,10.2,26.8,4,52,0,rotating,southeast,False,True,-0.5899999999999999,-0.46999999999999886,1.1,117.0,-0.010700000000000043
D001,11,3,0.28,0.84,0.0,0.84,0.0,3,3.06,11.03,91.52,0.2548,39.2,17.3,29.6,1689,49.0,5.0,6.4,13.9,359.2,7.7,3.8,179.6,9.5,36.8,2,52,0,rotating,southeast,False,True,0.6200000000000001,-1.67,-0.7000000000000002,216.0,-0.03869999999999996
D001,12,3,0.55,0.0,0.14,0.55,0.27,4,2.18,13.38,226.45,0.3091,54.3,24.2,27.4,1961,44.4,4.6,5.8,16.2,732.5,18.2,3.6,146.5,9.6,37.5,5,52,0,rotating,southeast,False,True,0.1200000000000001,1.3400000000000016,-0.49999999999999956,641.0,0.030899999999999983
D001,13,3,1.05,0.35,0.7,0.35,0.0,0,4.57,13.32,87.53,0.3076,42.7,20.2,41.8,1274,17.0,4.5,6.2,10.6,284.5,7.5,3.7,142.2,7.5,0.0,2,52,0,rotating,southeast,False,True,3.5300000000000002,1.0500000000000007,-0.7000000000000002,-597.0,0.02429999999999999
D001,14,4,0.56,0.34,0.11,0.67,0.0,2,2.58,11.65,239.64,0.2692,33.3,15.1,27.9,1774,18.8,5.6,5.9,14.7,890.1,21.4,4.3,178.0,9.8,20.4,5,52,0,rotating,southeast,False,True,0.45999999999999996,-0.9000000000000004,0.2999999999999998,271.0,-0.020799999999999985
D001,15,4,0.63,0.76,0.0,0.51,0.0,0,2.78,10.43,190.48,0.2409,25.6,12.7,39.2,1036,14.8,3.8,5.8,8.7,790.6,17.5,3.5,158.1,7.4,56.8,5,52,0,rotating,southeast,False,True,-0.28000000000000025,-0.5999999999999996,-0.2999999999999998,-653.0,-0.013900000000000023
D001,16,4,0.39,0.39,0.19,0.97,0.19,3,3.88,12.98,154.79,0.2999,42.8,19.5,37.8,2712,66.7,9.7,7.6,22.4,516.1,12.8,4.3,172.0,10.3,0.0,3,52,0,rotating,southeast,False,True,1.6999999999999997,-0.40000000000000036,0.6999999999999997,751.0,-0.009199999999999986
D001,17,4,0.42,0.14,0.0,0.42,0.42,3,3.39,11.92,195.06,0.2754,50.0,21.1,45.4,1736,37.0,6.8,6.1,14.4,708.3,16.3,4.1,177.1,9.0,33.3,4,52,0,rotating,southeast,False,True,-1.1800000000000002,-1.4000000000000004,0.39999999999999947,462.0,-0.032200000000000006
D002,1,1,2.36,1.24,1.24,1.12,0.62,10,8.44,27.04,503.51,0.6246,179.1,42.6,38.4,3225,69.0,7.2,6.2,26.5,806.1,21.6,3.6,134.4,10.2,0.0,6,33,1,day,northeast,True,False,,,,,
D002,2,1,1.87,0.62,1.45,1.04,0.62,5,7.68,23.59,262.42,0.545,121.0,33.8,33.3,2179,59.5,4.8,5.7,18.0,481.5,13.2,3.3,120.4,8.5,0.0,4,33,1,day,northeast,True,False,,,,,
D002,3,1,3.54,0.39,2.75,1.97,0.39,4,10.23,21.89,128.55,0.5057,113.6,32.1,40.9,2623,82.0,5.0,6.0,21.6,254.2,7.1,3.6,127.1,9.5,0.0,2,33,1,day,northeast,True,False,,,,,
D002,4,1,1.89,0.47,1.73,1.57,0.31,7,8.64,23.85,350.54,0.5508,120.4,35.8,35.1,2893,76.3,4.5,5.8,23.8,636.4,20.7,3.5,106.1,9.2,0.0,6,33,1,day,northeast,True,False,,,,,
D002,5,1,2.23,0.48,1.76,0.8,1.12,5,7.18,16.27,235.41,0.3758,69.5,18.7,32.3,1554,42.5,3.8,6.6,12.8,626.4,14.8,3.7,156.6,8.5,0.0,4,33,1,day,northeast,True,False,-1.2599999999999998,-10.77,0.10000000000000009,-1671.0,-0.24880000000000002
D002,6,2,1.95,0.84,0.98,1.25,0.56,5,7.67,21.68,359.25,0.5008,113.5,31.8,36.0,2807,64.0,6.8,6.7,23.1,717.3,18.1,3.6,143.5,9.2,0.0,5,33,1,day,northeast,True,False,-0.009999999999999787,-1.9100000000000001,0.30000000000000027,628.0,-0.04420000000000002
D002,7,2,1.0,1.4,2.61,2.41,0.4,4,8.83,23.55,271.15,0.544,118.6,34.5,38.5,1714,27.5,3.2,5.7,14.2,498.4,14.2,3.6,124.6,9.0,0.0,4,33,1,day,northeast,True,False,-1.4000000000000004,1.6600000000000001,0.0,-909.0,0.0383
D002,8,2,1.42,1.42,0.85,1.42,0.0,8,6.4,20.6,334.35,0.4759,103.6,30.3,29.3,2052,43.0,5.7,6.5,16.9,702.6,19.3,3.2,117.1,7.7,0.0,6,33,1,day,northeast,True,False,-2.24,-3.25,-0.2999999999999998,-841.0,-0.07489999999999997
D002,9,2,1.67,1.48,0.74,2.59,1.11,6,9.07,19.3,240.82,0.4459,143.0,31.8,35.5,1595,32.5,3.8,6.1,13.2,540.1,12.8,3.2,135.0,8.0,0.0,4,33,1,day,northeast,True,False,1.8900000000000006,3.030000000000001,-0.5,41.0,0.0701
D002,10,3,2.39,1.2,1.63,2.06,0.65,10,10.54,20.73,440.63,0.4788,105.3,35.0,34.5,2440,52.9,6.7,6.7,20.1,920.2,27.8,4.0,131.5,9.6,0.0,7,33,1,day,northeast,True,False,2.869999999999999,-0.9499999999999993,0.3999999999999999,-367.0,-0.02200000000000002
D002,11,3,2.32,1.86,2.48,1.39,0.93,9,10.68,20.49,305.87,0.4733,125.5,38.8,34.5,2585,68.0,4.7,5.8,21.3,646.2,19.4,3.2,107.7,9.2,0.0,6,33,1,day,northeast,True,False,1.8499999999999996,-3.0600000000000023,-0.3999999999999999,871.0,-0.07070000000000004
D002,12,3,1.93,1.5,1.5,1.29,0.43,6,9.85,23.71,255.69,0.5478,123.1,39.9,35.2,3314,79.0,5.8,5.7,27.2,466.8,15.3,3.8,116.7,10.2,0.0,4,33,1,day,northeast,True,False,3.4499999999999993,3.1099999999999994,0.5999999999999996,1262.0,0.07189999999999996
D002,13,3,2.62,1.31,1.46,1.89,0.29,6,9.76,18.81,298.17,0.4344,100.5,35.8,35.1,2661,63.0,6.2,6.3,21.9,686.4,19.5,4.9,171.6,10.5,0.0,4,33,1,day,northeast,True,False,0.6899999999999995,-0.490000000000002,1.7000000000000002,1066.0,-0.01150000000000001
D002,14,4,2.66,1.33,1.33,1.77,0.3,4,9.61,20.81,325.27,0.4808,125.3,36.8,32.2,2922,70.0,6.2,6.0,24.1,676.5,17.9,4.5,169.1,10.5,0.0,4,33,1,day,northeast,True,False,-0.9299999999999997,0.0799999999999983,0.5,482.0,0.0020000000000000018
D002,15,4,2.72,1.29,1.43,2.58,0.57,11,11.46,23.57,379.9,0.5444,153.6,43.4,36.3,2083,50.6,3.6,5.9,17.1,697.8,19.4,2.8,99.7,7.1,0.0,7,33,1,day,northeast,True,False,0.7800000000000011,3.080000000000002,-0.40000000000000036,-502.0,0.0711
D002,16,4,2.93,0.79,2.14,2.48,0.45,15,11.5,21.89,448.37,0.5057,144.4,41.0,36.0,2506,58.9,5.0,5.8,20.7,886.7,24.4,3.5,126.7,9.7,0.0,7,33,1,day,northeast,True,False,1.6500000000000004,-1.8200000000000003,-0.2999999999999998,-808.0,-0.042099999999999915
D002,17,4,2.9,0.88,2.64,2.64,1.01,8,12.97,17.73,325.27,0.4096,115.2,37.5,37.6,2446,65.2,6.8,7.1,20.2,794.2,19.7,3.9,158.8,9.4,0.0,5,33,1,day,northeast,True,False,3.210000000000001,-1.0799999999999983,-1.0000000000000004,-215.0,-0.02479999999999999
D002,18,5,1.97,1.31,2.3,1.97,0.98,2,11.49,21.68,152.53,0.5008,125.1,39.3,39.0,1480,38.5,2.8,6.0,12.2,304.6,10.0,2.5,76.2,6.0,0.0,4,33,1,day,northeast,True,False,1.8800000000000008,0.870000000000001,-2.0,-1442.0,0.020000000000000018
D002,19,5,3.16,1.23,1.93,1.4,0.7,8,11.06,17.61,231.74,0.4068,110.2,33.6,36.7,1709,35.6,3.8,5.7,14.1,569.7,15.1,3.0,113.9,7.4,0.0,5,33,1,day,northeast,True,False,-0.40000000000000036,-5.960000000000001,0.20000000000000018,-374.0,-0.1376
D002,20,5,3.99,1.04,2.22,2.07,0.59,8,14.34,21.75,339.69,0.5023,118.4,36.1,29.1,2026,41.3,3.5,5.7,16.7,676.2,18.8,3.1,112.7,8.0,0.0,6,33,1,day,northeast,True,False,2.84,-0.14000000000000057,-0.3999999999999999,-480.0,-0.0034000000000000696
D002,21,5,4.21,1.68,1.68,3.03,1.01,15,15.31,22.18,304.55,0.5123,137.7,42.0,30.3,2065,54.0,5.0,6.3,17.0,594.5,17.0,3.4,118.9,8.0,0.0,5,33,1,day,northeast,True,False,2.34,4.449999999999999,-0.5,-381.0,0.10269999999999996
D002,22,5,3.42,1.5,2.56,1.28,0.85,7,11.75,24.91,269.21,0.5754,156.3,45.9,35.4,2714,77.5,4.0,5.8,22.3,467.9,14.3,3.6,117.0,8.5,0.0,4,33,1,day,northeast,True,False,0.2599999999999998,3.2300000000000004,1.1,1234.0,0.0746
D002,23,6,2.76,1.58,1.97,1.58,0.59,5,9.87,22.92,268.33,0.5295,129.2,39.1,37.1,2681,52.5,5.5,5.8,22.1,506.8,15.2,3.8,126.7,10.0,0.0,4,33,1,day,northeast,True,False,-1.1900000000000013,5.310000000000002,0.7999999999999998,972.0,0.12269999999999998
D002,24,6,2.72,1.12,2.24,1.6,0.32,7,11.02,23.4,338.46,0.5406,151.6,44.6,34.1,2213,37.3,4.7,6.3,18.2,626.1,18.2,3.0,104.3,7.2,0.0,6,33,1,day,northeast,True,False,-3.3200000000000003,1.6499999999999986,-0.10000000000000009,187.0,0.0383
D002,25,6,3.07,1.54,3.07,1.75,0.44,4,12.72,19.35,203.83,0.447,96.4,33.0,39.5,3334,76.7,6.0,6.0,27.4,456.0,13.5,4.5,152.0,10.7,0.0,3,33,1,day,northeast,True,False,-2.59,-2.8299999999999983,1.1,1269.0,-0.06529999999999997
D002,26,6,3.18,1.39,1.79,2.39,0.6,7,12.13,21.52,249.85,0.497,109.5,37.2,35.7,2165,29.2,4.4,6.0,17.9,502.7,15.6,3.1,100.5,8.4,0.0,5,33,1,day,northeast,True,False,0.3800000000000008,-3.3900000000000006,-0.5,-549.0,-0.07840000000000003
D003,1,1,1.0,0.86,0.86,0.43,0.14,4,4.73,14.09,227.03,0.3256,49.3,13.4,21.7,676,2.7,4.0,6.1,5.6,697.3,11.2,3.7,232.4,8.7,100.0,3,29,2,night,midwest,True,True,,,,,
D003,2,1,1.29,0.82,0.18,0.82,0.41,14,4.75,13.34,525.89,0.3081,41.5,11.8,31.5,862,14.3,4.3,6.9,7.2,1706.7,28.3,4.0,243.8,9.1,100.0,7,29,2,night,midwest,True,True,,,,,
D003,3,1,1.19,0.49,0.32,0.7,0.43,11,4.48,13.01,557.03,0.3005,39.0,10.8,38.6,623,8.7,2.8,6.0,5.2,1853.6,29.1,4.9,308.9,8.8,100.0,6,29,2,night,midwest,True,True,,,,,
D003,4,1,1.04,1.04,0.47,1.14,0.47,2,5.01,12.8,312.61,0.2957,34.4,10.1,32.4,815,5.2,4.2,6.5,6.8,1057.2,18.0,3.6,211.4,7.4,100.0,5,29,2,night,midwest,True,True,,,,,
D003,5,2,1.0,0.91,0.63,0.91,0.36,6,4.8,14.38,366.78,0.3322,40.6,11.9,42.5,674,10.7,4.0,7.0,5.7,1104.0,19.3,3.2,184.0,7.5,100.0,6,29,2,night,midwest,True,True,0.0699999999999994,0.2900000000000009,-0.5,-2.0,0.006599999999999995
D003,6,2,0.58,1.02,0.87,1.16,0.29,3,4.93,13.63,216.98,0.3149,54.2,16.4,41.0,713,11.5,5.5,7.4,6.0,689.1,11.9,3.0,172.3,8.0,100.0,4,29,2,night,midwest,True,True,0.17999999999999972,0.2900000000000009,-1.0,-149.0,0.006800000000000028
D003,7,2,0.76,0.65,0.47,0.59,0.29,9,3.88,13.09,514.39,0.3023,46.7,13.8,31.6,601,6.6,3.7,6.8,5.0,1701.5,28.8,4.1,243.1,8.4,100.0,7,29,2,night,midwest,True,True,-0.6000000000000005,0.08000000000000007,-0.8000000000000007,-22.0,0.0018000000000000238
D003,8,2,1.1,0.44,0.73,0.88,0.44,10,4.92,13.35,420.19,0.3084,44.5,13.5,27.9,1156,25.6,5.2,6.1,9.6,1362.6,24.4,4.9,272.5,10.0,100.0,5,29,2,night,midwest,True,True,-0.08999999999999986,0.5499999999999989,1.3000000000000003,341.0,0.012699999999999989
D003,9,2,1.37,1.03,0.51,0.77,0.09,7,5.05,14.68,396.3,0.3392,56.1,16.1,42.6,786,12.4,3.6,6.1,6.6,1168.4,20.7,4.1,233.7,9.6,100.0,5,29,2,night,midwest,True,True,0.25,0.29999999999999893,0.8999999999999995,112.0,0.007000000000000006
D003,10,3,1.38,1.05,0.49,0.89,0.41,11,5.92,11.46,326.61,0.2647,34.0,11.5,33.3,835,16.8,3.6,6.0,7.0,1234.1,20.6,4.1,246.8,8.6,100.0,5,29,2,night,midwest,True,True,0.9900000000000002,-2.17,1.0999999999999996,122.0,-0.05020000000000002
D003,11,3,0.93,0.39,0.39,1.09,0.16,4,3.96,13.43,399.24,0.3102,51.4,16.7,34.5,812,9.0,4.5,6.6,6.8,1287.0,23.4,3.9,214.5,7.8,100.0,6,29,2,night,midwest,True,True,0.08000000000000007,0.33999999999999986,-0.19999999999999973,211.0,0.007899999999999963
D003,12,3,1.28,0.96,0.96,0.32,0.32,1,4.8,14.1,101.8,0.3258,64.9,18.7,38.2,702,9.0,3.0,7.0,5.9,312.5,5.3,2.6,156.2,7.5,100.0,2,29,2,night,midwest,True,True,-0.1200000000000001,0.75,-2.3000000000000003,-454.0,0.01739999999999997
D003,13,3,0.76,0.98,0.65,0.65,0.65,3,4.79,11.41,242.06,0.2635,44.1,12.1,31.0,685,6.5,3.8,6.3,5.7,918.8,14.6,3.6,229.7,8.0,100.0,4,29,2,night,midwest,True,True,-0.2599999999999998,-3.2699999999999996,-0.49999999999999956,-101.0,-0.07569999999999999
D003,14,4,1.26,1.07,0.58,0.97,0.1,2,4.76,13.55,322.15,0.313,49.3,15.9,36.2,960,13.2,3.4,5.8,8.0,1029.1,18.7,3.7,205.8,7.6,100.0,5,29,2,night,midwest,True,True,-1.1600000000000001,2.09,-0.39999999999999947,125.0,0.04830000000000001
D003,15,4,0.94,0.82,0.23,0.76,0.47,7,4.34,12.92,508.45,0.2985,60.8,16.7,27.7,1118,22.0,3.7,5.5,9.3,1703.2,29.5,4.2,243.3,9.3,100.0,7,29,2,night,midwest,True,True,0.3799999999999999,-0.5099999999999998,0.30000000000000027,306.0,-0.011699999999999988
D003,16,4,1.13,0.42,0.63,0.99,0.35,3,4.51,11.94,391.85,0.2759,38.9,12.1,33.9,854,10.0,2.8,5.7,7.1,1420.1,23.2,4.6,284.0,9.4,100.0,5,29,2,night,midwest,True,True,-0.29000000000000004,-2.16,1.9999999999999996,152.0,-0.0499
D003,17,4,0.82,0.74,0.59,0.52,0.45,8,4.45,12.66,394.18,0.2925,46.5,14.4,33.1,892,15.6,2.4,5.5,7.4,1347.8,23.3,4.7,269.6,8.6,100.0,5,29,2,night,midwest,True,True,-0.33999999999999986,1.25,1.1,207.0,0.02899999999999997
D003,18,5,1.28,0.73,0.73,0.82,0.27,5,4.74,12.39,314.0,0.2861,45.5,16.3,35.9,1059,19.2,3.2,6.2,8.8,1097.5,20.7,4.1,219.5,9.0,100.0,5,29,2,night,midwest,True,True,-0.019999999999999574,-1.1600000000000001,0.39999999999999947,99.0,-0.02689999999999998
D003,19,5,0.73,0.82,0.64,0.91,0.27,6,4.55,14.12,358.88,0.3262,81.8,24.1,37.2,1187,21.0,3.0,5.6,9.8,1100.1,20.6,3.4,183.4,9.0,100.0,6,29,2,night,midwest,True,True,0.20999999999999996,1.1999999999999993,-0.8000000000000003,69.0,0.027700000000000002
D003,20,5,1.21,0.35,0.35,0.95,0.09,4,3.62,12.86,344.4,0.2971,50.1,14.2,31.6,748,5.2,2.8,5.3,6.2,1159.3,20.4,4.1,231.9,9.2,100.0,5,29,2,night,midwest,True,True,-0.8899999999999997,0.9199999999999999,-0.5,-106.0,0.021199999999999997
D003,21,5,0.99,0.68,0.84,0.53,0.46,6,4.41,12.05,366.0,0.2782,37.9,11.8,41.7,689,8.3,3.0,6.3,5.7,1315.4,20.9,3.5,219.2,7.3,100.0,6,29,2,night,midwest,True,True,-0.040000000000000036,-0.6099999999999994,-1.2000000000000002,-203.0,-0.01429999999999998
D003,22,5,1.27,0.79,0.32,1.11,0.64,2,5.08,11.74,170.66,0.2712,45.6,13.1,36.7,764,4.0,3.7,6.5,6.4,629.4,9.5,3.2,209.8,7.0,100.0,3,29,2,night,midwest,True,True,0.33999999999999986,-0.6500000000000004,-0.8999999999999995,-295.0,-0.014900000000000024
D003,23,6,1.04,0.32,0.72,0.72,0.16,5,4.18,11.82,339.92,0.273,40.8,12.9,35.5,865,9.2,3.0,6.1,7.2,1245.1,20.9,4.2,249.0,8.0,100.0,5,29,2,night,midwest,True,True,-0.3700000000000001,-2.299999999999999,0.8000000000000003,-322.0,-0.05319999999999997
D003,24,6,0.99,0.3,1.28,0.89,0.2,5,4.93,12.4,290.32,0.2865,41.2,12.1,34.4,847,14.0,4.2,6.5,7.1,1013.4,16.3,4.1,253.4,8.5,100.0,4,29,2,night,midwest,True,True,1.3099999999999996,-0.4599999999999991,0.0,99.0,-0.010599999999999998
D003,25,6,0.97,0.81,0.65,0.81,0.27,6,4.69,13.17,564.43,0.3042,51.5,15.9,37.8,972,13.7,3.6,5.8,8.1,1855.6,32.4,4.6,265.1,9.4,100.0,7,29,2,night,midwest,True,True,0.28000000000000025,1.1199999999999992,1.0999999999999996,283.0,0.026000000000000023
D003,26,6,1.26,0.78,0.48,0.68,0.0,7,4.75,12.36,294.69,0.2856,31.8,10.8,35.5,754,14.3,3.8,6.7,6.3,1031.8,18.1,3.0,172.0,6.8,100.0,6,29,2,night,midwest,True,True,-0.33000000000000007,0.6199999999999992,-0.20000000000000018,-10.0,0.014400000000000024
D004,1,1,0.14,0.0,0.14,0.14,0.0,0,0.82,12.39,208.27,0.2862,40.2,16.3,33.3,1702,29.2,3.6,5.8,14.0,727.6,16.8,3.4,145.5,8.0,0.0,5,21,0,day,southeast,False,False,,,,,
D004,2,1,0.25,0.75,0.25,0.37,0.12,2,2.86,13.39,248.76,0.3094,44.6,16.8,34.7,1075,18.7,3.3,5.9,8.9,804.0,17.9,3.0,134.0,7.3,0.0,6,21,0,day,southeast,False,False,,,,,
D004,3,1,0.79,0.13,0.0,0.4,0.13,1,1.85,12.4,217.09,0.2864,34.7,15.0,34.3,1725,31.2,2.8,5.4,14.3,758.1,17.2,3.4,151.6,8.4,0.0,5,21,0,day,southeast,False,False,,,,,
D004,4,1,0.12,0.58,0.23,0.35,0.0,2,2.8,12.07,239.04,0.2787,33.1,14.1,38.1,1203,21.2,4.4,6.2,10.0,857.6,19.0,3.8,171.5,9.0,0.0,5,21,0,day,southeast,False,False,,,,,
D004,5,2,0.78,0.0,0.26,0.0,0.0,0,1.3,12.82,114.18,0.2961,55.6,22.5,28.4,1730,40.0,2.7,5.0,14.3,385.6,10.3,3.4,128.5,8.3,0.0,3,21,0,day,southeast,False,False,0.4800000000000001,0.4299999999999997,0.0,28.0,0.009899999999999964
D004,6,2,0.0,0.0,0.0,1.07,0.0,0,1.07,13.37,28.85,0.3089,24.7,13.6,53.8,696,12.0,1.0,4.3,5.8,93.4,2.9,2.9,93.4,5.0,0.0,1,21,0,day,southeast,False,False,-1.7899999999999998,-0.02000000000000135,-0.10000000000000009,-379.0,-0.0005000000000000004
D004,7,2,0.68,0.34,0.26,0.09,0.09,3,2.13,12.65,342.83,0.2922,42.7,18.3,34.6,1367,20.9,5.1,6.2,11.4,1173.3,27.2,3.9,167.6,8.4,0.0,7,21,0,day,southeast,False,False,0.2799999999999998,0.25,0.5,-358.0,0.005800000000000027
D004,8,2,0.54,0.36,0.27,0.09,0.36,2,2.62,12.33,315.45,0.2848,36.8,15.3,37.8,1197,24.9,4.6,6.3,9.9,1107.7,24.6,3.5,158.2,7.4,0.0,7,21,0,day,southeast,False,False,-0.17999999999999972,0.2599999999999998,-0.2999999999999998,-6.0,0.006099999999999994
D004,9,2,0.54,0.0,0.33,0.33,0.0,2,2.17,12.82,272.3,0.296,55.4,20.4,37.2,1005,14.3,3.8,5.6,8.4,919.8,18.5,3.1,153.3,7.3,0.0,6,21,0,day,southeast,False,False,0.8699999999999999,0.0,-0.2999999999999998,-725.0,-9.999999999998899e-05
D004,10,3,0.2,0.2,0.2,0.1,0.1,1,1.33,11.4,257.77,0.2632,35.6,16.5,35.9,1391,27.3,4.0,6.0,11.5,979.2,22.9,3.8,163.2,9.0,0.0,6,21,0,day,southeast,False,False,0.26,-1.9699999999999989,0.8999999999999999,695.0,-0.04570000000000002
D004,11,3,0.98,0.14,0.0,0.14,0.28,4,2.39,11.55,189.84,0.2669,40.8,17.4,30.4,1381,18.8,4.2,6.2,11.5,711.3,16.8,3.4,142.3,8.0,0.0,5,21,0,day,southeast,False,False,0.26000000000000023,-1.0999999999999996,-0.5,14.0,-0.02529999999999999
D004,12,3,0.41,0.1,0.2,0.0,0.0,1,1.33,11.15,252.6,0.2575,33.3,14.7,38.5,1361,20.9,5.3,6.5,11.3,981.1,22.7,3.2,140.2,7.9,0.0,7,21,0,day,southeast,False,False,-1.29,-1.1799999999999997,-0.2999999999999998,164.0,-0.02729999999999999
D004,13,3,0.09,0.85,0.09,0.28,0.28,0,2.92,11.81,289.7,0.2729,35.2,15.2,40.6,1448,28.3,3.3,5.4,12.0,1061.6,23.9,3.4,151.7,8.6,0.0,7,21,0,day,southeast,False,False,0.75,-1.0099999999999998,0.2999999999999998,443.0,-0.02310000000000001
D004,14,4,0.35,0.58,0.12,0.7,0.0,3,2.44,11.2,222.5,0.2587,33.6,16.1,33.1,1177,19.6,3.6,5.9,9.8,860.1,19.3,3.9,172.0,8.2,0.0,5,21,0,day,southeast,False,False,1.1099999999999999,-0.20000000000000107,0.10000000000000009,-214.0,-0.004500000000000004
D004,15,4,0.59,0.49,0.0,0.39,0.1,0,2.35,10.51,247.63,0.2428,40.1,13.7,35.6,1338,24.0,4.8,6.2,11.1,1020.1,21.4,3.6,170.0,7.8,0.0,6,21,0,day,southeast,False,False,-0.040000000000000036,-1.040000000000001,0.20000000000000018,-43.0,-0.024100000000000038
D004,16,4,0.26,0.4,0.0,0.13,0.0,0,1.19,12.67,221.3,0.2928,51.0,20.4,34.4,1165,17.6,3.0,5.1,9.7,755.9,17.8,3.6,151.2,7.8,0.0,5,21,0,day,southeast,False,False,-0.14000000000000012,1.5199999999999996,0.3999999999999999,-196.0,0.0353
D004,17,4,0.18,0.26,0.0,0.09,0.26,1,1.32,11.97,313.51,0.2766,37.4,17.5,38.0,1574,37.4,3.9,5.9,13.0,1133.6,27.2,3.9,161.9,8.7,0.0,7,21,0,day,southeast,False,False,-1.5999999999999999,0.16000000000000014,0.5,126.0,0.0037000000000000366
D004,18,5,0.2,0.4,0.1,0.1,0.1,0,1.49,11.05,257.56,0.2551,29.8,12.8,42.5,1197,16.0,3.8,5.6,9.9,1009.5,21.5,4.3,201.9,9.0,0.0,5,21,0,day,southeast,False,False,-0.95,-0.14999999999999858,0.3999999999999999,20.0,-0.003599999999999992
D004,19,5,0.44,0.0,0.44,0.35,0.0,1,2.18,9.85,260.54,0.2275,34.6,16.8,30.7,1230,20.4,4.6,6.4,10.2,1145.1,23.1,4.6,229.0,9.6,0.0,5,21,0,day,southeast,False,False,-0.16999999999999993,-0.6600000000000001,0.9999999999999996,-108.0,-0.01529999999999998
D004,20,5,0.21,0.21,0.32,0.0,0.11,3,1.61,12.06,259.21,0.2785,40.5,18.2,33.8,1547,32.0,4.8,5.7,12.9,930.6,21.0,4.2,186.1,9.0,0.0,5,21,0,day,southeast,False,False,0.42000000000000015,-0.6099999999999994,0.6000000000000001,382.0,-0.01429999999999998
D004,21,5,0.31,0.0,0.0,0.15,0.0,2,1.54,10.65,159.46,0.2461,33.4,16.7,35.0,1649,32.5,5.5,6.0,13.7,647.9,14.8,3.7,162.0,8.8,0.0,4,21,0,day,southeast,False,False,0.21999999999999997,-1.3200000000000003,-0.19999999999999973,75.0,-0.0305
D004,22,6,0.83,0.97,0.0,0.28,0.0,3,2.64,12.79,212.29,0.2954,48.7,22.2,37.4,1771,25.2,3.2,5.4,14.7,718.7,18.2,3.6,143.7,9.0,0.0,5,21,0,day,southeast,False,False,1.1500000000000001,1.7399999999999984,-0.6999999999999997,574.0,0.0403
D004,23,6,0.24,0.36,0.24,0.24,0.12,4,2.77,11.19,214.39,0.2585,26.4,14.0,40.5,1508,33.7,4.0,5.8,12.5,829.3,20.7,3.5,138.2,8.0,0.0,6,21,0,day,southeast,False,False,0.5899999999999999,1.3399999999999999,-1.0999999999999996,278.0,0.031
D004,24,6,0.3,0.2,0.39,0.39,0.3,0,2.36,12.12,284.43,0.2799,45.4,19.1,40.8,1394,26.0,4.0,5.9,11.6,1016.1,24.9,4.1,169.4,8.7,0.0,6,21,0,day,southeast,False,False,0.7499999999999998,0.05999999999999872,-0.10000000000000053,-153.0,0.0013999999999999568
D004,25,6,0.54,0.81,0.14,0.95,0.0,3,3.12,13.17,224.16,0.3042,53.3,24.5,37.1,1642,28.8,4.4,5.6,13.6,737.0,18.7,3.7,147.4,9.0,0.0,5,21,0,day,southeast,False,False,1.58,2.5199999999999996,0.0,-7.0,0.05810000000000001
D004,26,6,0.43,0.43,0.35,0.35,0.09,5,2.42,12.21,326.5,0.282,38.7,17.9,39.8,2082,37.7,7.5,6.2,17.2,1157.6,27.2,4.5,192.9,10.7,0.0,6,21,0,day,southeast,False,False,-0.2200000000000002,-0.5799999999999983,0.8999999999999999,311.0,-0.013400000000000023
D005,1,1,1.53,1.42,0.77,0.99,0.11,2,5.8,17.08,360.5,0.3945,74.5,22.9,35.1,1182,16.7,5.0,6.2,9.9,913.7,20.0,3.3,152.3,7.5,100.0,6,33,12,night,southeast,False,True,,,,,
D005,2,1,0.87,0.75,0.12,1.5,0.75,2,5.87,15.33,283.67,0.3541,47.3,15.6,35.6,1645,39.0,6.8,6.5,13.6,801.2,17.6,4.4,200.3,9.5,100.0,4,33,12,night,southeast,False,True,,,,,
D005,3,1,0.93,0.82,0.31,0.31,0.21,7,3.6,16.06,360.54,0.3709,68.7,20.6,39.2,1679,33.7,4.2,5.5,13.9,972.1,22.5,3.8,162.0,8.5,100.0,6,33,12,night,southeast,False,True,,,,,
D005,4,1,0.92,0.79,0.79,0.79,0.13,2,5.24,17.62,310.72,0.4071,84.1,24.9,31.1,1633,42.4,5.2,5.8,13.6,763.2,17.6,3.5,152.6,9.0,100.0,5,33,12,night,southeast,False,True,,,,,
D005,5,1,1.09,1.18,0.49,0.69,0.49,4,5.53,14.29,334.37,0.3302,47.2,16.2,29.4,1688,29.2,3.2,5.7,14.0,1012.7,21.6,4.3,202.5,9.2,100.0,5,33,12,night,southeast,False,True,-0.2699999999999996,-2.789999999999999,1.0,506.0,-0.06430000000000002
D005,6,2,1.35,1.48,0.67,0.4,0.4,6,7.15,15.38,263.25,0.3554,73.1,23.5,30.4,1315,38.4,3.0,5.6,10.9,740.8,15.8,3.2,148.2,7.6,100.0,5,33,12,night,southeast,False,True,1.2800000000000002,0.05000000000000071,-1.2000000000000002,-330.0,0.0012999999999999678
D005,7,2,1.67,0.95,0.24,0.71,0.24,4,4.53,15.09,292.58,0.3486,44.2,15.2,36.4,1035,22.7,4.8,6.2,8.6,839.3,18.1,3.0,139.9,7.3,100.0,6,33,12,night,southeast,False,True,0.9300000000000002,-0.9699999999999989,-0.7999999999999998,-644.0,-0.022299999999999986
D005,8,2,1.45,2.18,1.21,0.97,0.48,3,7.26,19.6,187.18,0.4527,116.7,33.4,28.9,1411,24.7,5.3,6.4,11.7,413.5,10.1,3.4,137.8,8.7,100.0,3,33,12,night,southeast,False,True,2.0199999999999996,1.9800000000000004,-0.10000000000000009,-222.0,0.045599999999999974
D005,9,2,1.02,0.68,0.79,0.45,0.57,6,4.42,15.36,313.12,0.3549,55.5,19.4,36.4,1223,19.6,3.6,6.5,10.2,882.4,20.3,4.1,176.5,9.0,100.0,5,33,12,night,southeast,False,True,-1.1100000000000003,1.0700000000000003,-0.20000000000000018,-465.0,0.0247
D005,10,3,1.6,1.32,0.28,0.66,0.47,6,5.64,15.02,368.7,0.3469,80.5,26.0,39.5,1683,34.7,5.8,6.2,14.0,1062.9,23.2,3.9,177.2,9.8,100.0,6,33,12,night,southeast,False,True,-1.5100000000000007,-0.3600000000000012,0.6999999999999997,368.0,-0.008500000000000008
D005,11,3,2.1,0.84,0.42,0.42,0.0,3,5.24,14.76,162.67,0.3409,83.6,26.2,33.8,1119,21.3,3.7,6.0,9.3,477.2,10.8,3.6,159.1,8.0,100.0,3,33,12,night,southeast,False,True,0.71,-0.33000000000000007,0.6000000000000001,84.0,-0.00770000000000004
D005,12,3,1.42,0.79,0.79,0.94,0.94,5,7.24,13.97,205.17,0.3228,51.5,17.6,31.1,1296,36.0,4.8,6.9,10.7,635.7,13.6,3.4,158.9,8.8,100.0,4,33,12,night,southeast,False,True,-0.019999999999999574,-5.630000000000001,0.0,-115.0,-0.12990000000000002
D005,13,3,1.9,0.24,0.71,0.71,0.71,2,5.23,15.27,148.44,0.3528,55.6,21.1,42.5,1339,18.0,4.8,7.4,11.0,420.7,10.2,2.5,105.2,6.2,100.0,4,33,12,night,southeast,False,True,0.8100000000000005,-0.08999999999999986,-1.5999999999999996,116.0,-0.0020999999999999908
D005,14,4,1.26,0.63,0.36,0.54,0.36,5,4.3,15.16,390.57,0.3503,60.5,21.5,39.3,1798,35.3,5.0,6.0,14.9,1115.0,26.7,4.4,185.8,9.7,100.0,6,33,12,night,southeast,False,True,-1.3399999999999999,0.14000000000000057,0.5000000000000004,115.0,0.003400000000000014
D005,15,4,1.45,1.57,0.48,0.6,0.36,5,5.91,15.2,291.06,0.3512,58.4,20.7,35.2,1162,22.4,5.8,7.0,9.6,828.8,18.6,3.7,165.8,8.4,100.0,5,33,12,night,southeast,False,True,0.6699999999999999,0.4399999999999995,0.10000000000000009,43.0,0.010300000000000031
D005,16,4,1.04,1.16,0.13,0.78,0.39,6,4.79,15.97,285.12,0.369,100.7,27.7,34.0,1854,41.1,2.6,5.4,15.3,772.7,19.3,2.8,110.4,8.3,100.0,7,33,12,night,southeast,False,True,-2.45,2.0,-0.6000000000000001,558.0,0.04620000000000002
D005,17,4,1.98,1.08,0.18,0.54,0.0,4,5.05,14.12,180.8,0.3261,71.6,25.9,30.5,1941,35.0,5.8,6.5,16.0,554.5,14.5,3.6,138.6,8.2,100.0,4,33,12,night,southeast,False,True,-0.1800000000000006,-1.1500000000000004,1.1,602.0,-0.0267
D005,18,5,1.0,0.78,0.56,0.67,0.22,5,5.0,14.86,309.29,0.3433,61.1,21.3,34.0,1105,16.0,4.2,6.0,9.2,900.9,20.2,3.4,150.2,7.5,100.0,6,33,12,night,southeast,False,True,0.7000000000000002,-0.3000000000000007,-1.0000000000000004,-693.0,-0.007000000000000006
D005,19,5,0.76,1.14,0.38,0.19,0.38,3,4.16,16.09,196.51,0.3718,65.3,25.8,29.0,1677,37.0,5.0,6.2,13.9,528.6,14.2,3.5,132.2,8.2,100.0,4,33,12,night,southeast,False,True,-1.75,0.8900000000000006,-0.20000000000000018,515.0,0.020600000000000007
D005,20,5,1.22,1.22,0.66,0.89,0.33,2,5.86,16.18,337.81,0.3738,71.2,26.2,35.2,1742,30.3,3.7,5.9,14.4,903.7,23.2,3.9,150.6,8.3,100.0,6,33,12,night,southeast,False,True,1.0700000000000003,0.20999999999999908,1.1,-112.0,0.0048000000000000265
D005,21,5,1.79,0.38,0.57,0.47,0.66,5,4.99,14.89,365.33,0.3441,62.6,23.1,32.7,1621,27.3,6.5,6.5,13.4,1061.8,25.7,4.3,177.0,10.0,100.0,6,33,12,night,southeast,False,True,-0.05999999999999961,0.7700000000000014,0.6999999999999997,-320.0,0.018000000000000016
D005,22,5,1.28,1.03,0.39,0.77,0.39,6,5.52,14.85,267.38,0.3432,78.4,25.5,31.4,1318,16.5,7.0,7.0,11.0,779.2,16.1,4.0,194.8,10.0,100.0,4,33,12,night,southeast,False,True,0.5199999999999996,-0.009999999999999787,0.6000000000000001,213.0,-9.999999999998899e-05
D005,23,6,0.26,1.04,0.65,0.65,0.0,5,3.5,15.89,282.93,0.367,84.2,27.9,41.8,1235,26.7,3.7,5.9,10.2,771.0,17.4,2.9,128.5,6.8,100.0,6,33,12,night,southeast,False,True,-0.6600000000000001,-0.1999999999999993,-0.6000000000000001,-442.0,-0.0048000000000000265
D005,24,6,1.09,1.09,0.76,0.92,0.08,6,5.63,13.36,367.45,0.3086,52.0,17.9,30.6,1389,19.0,5.5,6.7,11.5,1190.7,25.2,4.2,198.5,8.7,100.0,6,33,12,night,southeast,False,True,-0.23000000000000043,-2.8200000000000003,0.30000000000000027,-353.0,-0.06520000000000004
D005,25,6,0.81,0.81,0.65,0.48,0.32,1,4.52,15.25,218.27,0.3522,62.2,22.5,30.1,1645,22.0,5.0,7.0,13.6,619.8,14.3,3.6,155.0,7.5,100.0,4,33,12,night,southeast,False,True,-0.47000000000000064,0.35999999999999943,-0.6999999999999997,24.0,0.008099999999999996
D005,26,6,1.68,0.84,0.47,0.47,0.19,12,5.23,16.8,415.41,0.3881,87.9,28.4,33.8,1687,28.6,4.6,6.0,14.0,1070.4,25.5,3.6,152.9,9.3,100.0,7,33,12,night,southeast,False,True,-0.28999999999999915,1.950000000000001,-0.3999999999999999,369.0,0.044899999999999995
D006,1,1,1.11,0.32,0.0,0.16,0.16,0,2.55,12.63,183.37,0.2918,50.8,19.9,38.3,2433,58.0,6.0,6.4,20.1,628.5,15.2,3.8,157.1,9.2,0.0,4,35,2,day,northeast,False,True,,,,,
D006,2,1,0.41,0.0,0.0,0.41,0.0,1,1.24,12.31,138.14,0.2844,30.2,12.2,26.7,1884,59.3,5.0,6.5,15.6,485.8,11.1,3.7,161.9,9.0,0.0,3,35,2,day,northeast,False,True,,,,,
D006,3,1,1.05,0.21,0.0,0.21,0.0,0,2.51,14.97,165.35,0.3457,57.6,25.5,33.6,2671,42.0,5.5,6.2,22.0,478.3,13.5,3.4,119.6,9.5,0.0,4,35,2,day,northeast,False,True,,,,,
D006,4,1,0.23,0.45,0.0,0.45,0.0,1,1.8,14.28,146.38,0.3298,35.3,18.1,32.8,1869,44.0,5.0,6.3,15.4,443.9,13.7,2.7,88.8,6.6,0.0,5,35,2,day,northeast,False,True,,,,,
D006,5,2,0.29,0.0,0.0,0.29,0.14,2,2.0,14.86,240.06,0.3432,40.6,18.9,39.4,2855,57.6,6.6,7.0,23.5,699.4,20.1,4.0,139.9,9.0,0.0,5,35,2,day,northeast,False,True,-0.5499999999999998,2.2299999999999986,0.20000000000000018,422.0,0.0514
D006,6,2,0.18,0.18,0.18,0.53,0.0,1,2.31,16.34,212.87,0.3776,63.3,27.8,33.9,2710,57.2,5.6,5.8,22.3,563.8,16.9,3.4,112.8,9.6,0.0,5,35,2,day,northeast,False,True,1.07,4.029999999999999,-0.30000000000000027,826.0,0.0932
D006,7,2,0.38,0.19,0.38,0.19,0.19,0,1.34,16.75,202.43,0.3868,60.4,27.5,35.2,2483,53.3,3.3,5.8,20.4,523.3,16.6,2.8,87.2,7.2,0.0,6,35,2,day,northeast,False,True,-1.1699999999999997,1.7799999999999994,-0.6000000000000001,-188.0,0.04109999999999997
D006,8,2,0.91,0.3,0.0,0.0,0.0,0,1.83,15.0,113.79,0.3464,57.6,24.5,29.7,3028,67.0,4.0,5.6,24.9,328.5,8.9,4.5,164.2,11.5,0.0,2,35,2,day,northeast,False,True,0.030000000000000027,0.7200000000000006,1.7999999999999998,1159.0,0.016600000000000004
D006,9,3,0.2,0.4,0.0,0.4,0.0,1,1.21,15.16,173.57,0.3501,54.4,26.3,33.5,2366,67.5,6.0,6.0,19.5,495.8,15.4,3.9,124.0,9.5,0.0,4,35,2,day,northeast,False,True,-0.79,0.3000000000000007,-0.10000000000000009,-489.0,0.006900000000000017
D006,10,3,0.63,0.63,0.0,0.32,0.95,2,4.43,18.7,136.41,0.4321,116.8,45.0,34.2,2019,55.5,6.0,7.1,16.7,315.7,9.7,2.4,78.9,6.8,0.0,4,35,2,day,northeast,False,True,2.1199999999999997,2.3599999999999994,-1.0,-691.0,0.05449999999999999
D006,11,3,0.47,0.0,0.0,0.47,0.47,0,1.42,13.53,66.25,0.3127,47.0,20.9,34.3,1762,43.3,4.7,6.3,14.5,211.9,6.3,2.1,70.6,6.7,0.0,3,35,2,day,northeast,False,True,0.07999999999999985,-3.2200000000000006,-0.6999999999999997,-721.0,-0.0741
D006,12,3,0.43,0.43,0.43,0.0,0.0,0,1.94,13.42,143.52,0.31,49.7,22.1,32.4,1696,41.5,6.5,7.1,14.0,463.0,13.0,3.2,115.8,9.2,0.0,4,35,2,day,northeast,False,True,0.10999999999999988,-1.58,-1.2999999999999998,-1332.0,-0.03639999999999999
D006,13,3,0.21,0.63,0.21,0.0,0.42,2,2.3,13.19,145.74,0.3048,39.3,18.7,26.2,2501,56.5,4.8,5.9,20.6,478.2,12.5,3.1,119.6,8.0,0.0,4,35,2,day,northeast,False,True,1.0899999999999999,-1.9700000000000006,-0.7999999999999998,135.0,-0.04530000000000001
D006,14,4,0.34,0.34,0.0,0.34,0.0,0,1.01,12.33,169.78,0.2847,33.7,18.5,44.8,2242,42.0,5.4,6.3,18.5,596.3,16.9,3.4,119.3,8.0,0.0,5,35,2,day,northeast,False,True,-3.42,-6.369999999999999,1.0,223.0,-0.14739999999999998
D006,15,4,0.3,0.45,0.15,0.15,0.15,2,2.11,12.75,195.36,0.2946,56.1,25.9,37.6,2664,52.4,6.0,6.4,21.9,663.1,16.4,3.3,132.6,8.8,0.0,5,35,2,day,northeast,False,True,0.69,-0.7799999999999994,1.1999999999999997,902.0,-0.018100000000000005
D006,16,4,0.33,0.16,0.33,0.49,0.16,1,2.61,11.41,161.77,0.2636,44.9,19.0,36.8,2328,48.0,5.2,6.2,19.1,613.7,13.5,3.4,153.4,9.0,0.0,4,35,2,day,northeast,False,True,0.6699999999999999,-2.01,0.19999999999999973,632.0,-0.0464
D006,17,4,0.0,0.0,0.0,0.0,0.0,0,0.0,10.55,43.89,0.2437,33.1,14.7,30.8,1734,57.0,2.0,5.2,14.3,180.1,4.1,2.1,90.1,5.0,0.0,2,35,2,day,northeast,False,True,-2.3,-2.639999999999999,-1.0,-767.0,-0.061100000000000015
D006,18,5,1.22,0.49,0.0,0.73,0.0,2,2.92,13.34,126.47,0.3081,58.1,24.4,36.1,1545,28.0,3.2,5.7,12.7,410.5,9.6,2.4,102.6,6.5,0.0,4,35,2,day,northeast,False,True,1.91,1.0099999999999998,-1.0,-697.0,0.023399999999999976
D006,19,5,0.45,0.0,0.0,0.67,0.0,3,2.01,11.4,118.09,0.2634,27.3,13.1,39.5,1785,37.3,3.3,5.6,14.7,448.4,11.5,3.8,149.5,9.0,0.0,3,35,2,day,northeast,False,True,-0.10000000000000009,-1.3499999999999996,0.5,-879.0,-0.03119999999999995
D006,20,5,0.24,0.24,0.0,0.0,0.48,0,1.19,12.94,125.25,0.299,55.5,28.7,41.4,2394,42.0,4.7,5.5,19.7,418.9,11.9,4.0,139.6,9.7,0.0,3,35,2,day,northeast,False,True,-1.42,1.5299999999999994,0.6000000000000001,66.0,0.03539999999999999
D006,21,5,0.23,0.45,0.0,0.0,0.0,0,1.36,13.62,138.67,0.3146,40.7,22.1,31.0,1614,35.0,4.2,5.9,13.3,440.8,13.6,3.4,110.2,8.0,0.0,4,35,2,day,northeast,False,True,1.36,3.0699999999999985,1.2999999999999998,-120.0,0.07089999999999999
D006,22,5,0.35,0.0,0.12,0.35,0.0,0,1.52,12.92,254.75,0.2985,57.8,25.6,33.6,2235,36.0,6.6,6.6,18.4,853.3,21.9,3.1,121.9,8.4,0.0,7,35,2,day,northeast,False,True,-1.4,-0.41999999999999993,0.7000000000000002,690.0,-0.009599999999999997
D006,23,6,0.29,0.29,0.29,0.29,0.0,3,2.06,14.64,114.99,0.3382,40.9,22.5,34.3,3235,79.3,5.7,6.3,26.6,340.0,11.4,3.8,113.3,9.7,0.0,3,35,2,day,northeast,False,True,0.050000000000000266,3.24,0.0,1450.0,0.07479999999999998
D006,24,6,0.4,0.4,0.0,0.4,0.0,0,1.19,13.15,76.6,0.3037,30.6,16.6,37.3,2819,49.0,5.5,6.5,23.2,252.2,7.5,3.7,126.1,10.0,0.0,2,35,2,day,northeast,False,True,0.0,0.21000000000000085,-0.2999999999999998,425.0,0.0047000000000000375
D006,25,6,0.79,0.13,0.26,0.66,0.0,1,2.64,12.4,216.86,0.2863,38.3,17.7,39.5,2595,66.0,6.6,6.6,21.4,757.4,19.2,3.8,151.5,10.4,0.0,5,35,2,day,northeast,False,True,1.28,-1.2199999999999989,0.3999999999999999,981.0,-0.028299999999999992
D006,26,6,0.61,0.61,0.15,0.46,0.0,1,3.04,11.18,169.67,0.2582,29.9,15.2,34.4,2002,44.4,4.0,6.3,16.5,657.0,17.4,3.5,131.4,8.4,0.0,5,35,2,day,northeast,False,True,1.52,-1.7400000000000002,0.3999999999999999,-233.0,-0.0403
D007,1,1,5.51,2.24,3.44,2.24,0.52,6,14.29,18.25,244.95,0.4217,40.9,13.8,30.6,1851,39.0,3.8,6.1,15.3,580.9,15.4,3.9,145.2,8.8,0.0,4,38,3,day,southeast,True,False,,,,,
D007,2,1,4.82,2.59,3.88,2.35,0.94,14,15.52,17.2,337.86,0.3973,48.5,14.7,37.3,1316,30.7,3.0,5.3,10.9,850.3,19.7,3.3,141.7,8.5,0.0,6,38,3,day,southeast,True,False,,,,,
D007,3,1,4.46,0.89,2.23,2.23,0.0,3,10.27,19.89,102.91,0.4594,62.0,17.3,31.3,1441,21.0,5.5,6.1,12.0,224.0,6.2,3.1,112.0,7.5,0.0,2,38,3,day,southeast,True,False,,,,,
D007,4,1,3.37,2.81,3.23,3.09,0.98,11,14.74,19.69,324.07,0.4548,77.4,20.0,30.5,1459,38.5,5.0,5.9,12.1,712.5,15.3,3.8,178.1,9.8,0.0,4,38,3,day,southeast,True,False,,,,,
D007,5,2,4.54,3.05,2.77,2.91,0.71,16,14.62,17.78,578.7,0.4107,44.9,12.5,37.5,1515,31.7,5.1,6.1,12.6,1408.9,30.7,4.4,201.3,9.7,0.0,7,38,3,day,southeast,True,False,0.33000000000000007,-0.46999999999999886,0.5000000000000004,-336.0,-0.01100000000000001
D007,6,2,3.71,2.78,3.44,3.04,0.79,20,14.43,19.89,347.05,0.4594,56.8,14.8,41.5,1345,21.6,4.6,6.6,11.1,755.4,16.4,3.3,151.1,7.4,0.0,5,38,3,day,southeast,True,False,-1.0899999999999999,2.6900000000000013,0.0,29.0,0.06209999999999999
D007,7,2,3.11,3.11,2.83,1.7,1.7,5,12.72,19.15,156.55,0.4424,56.6,16.5,36.8,1822,42.0,5.3,6.3,15.0,353.9,8.2,2.7,118.0,7.7,0.0,3,38,3,day,southeast,True,False,2.450000000000001,-0.740000000000002,-0.3999999999999999,381.0,-0.01699999999999996
D007,8,2,3.83,2.55,2.98,2.55,1.42,9,14.03,19.88,324.05,0.4591,61.3,18.7,28.7,2046,34.4,4.2,6.1,16.9,705.8,17.9,3.6,141.2,8.8,0.0,5,38,3,day,southeast,True,False,-0.7100000000000009,0.18999999999999773,-0.19999999999999973,587.0,0.004300000000000026
D007,9,2,4.05,2.46,2.89,3.76,0.29,14,14.74,18.37,293.65,0.4244,53.8,15.8,36.5,1003,12.0,3.6,6.1,8.3,691.9,16.7,3.3,138.4,7.2,0.0,5,38,3,day,southeast,True,False,0.120000000000001,0.5899999999999999,-1.1000000000000005,-512.0,0.01369999999999999
D007,10,3,4.43,2.8,1.63,2.56,0.93,7,12.81,15.19,150.57,0.3508,50.3,13.7,29.3,1178,14.7,3.3,5.5,9.8,429.2,10.1,3.4,143.1,8.3,0.0,3,38,3,day,southeast,True,False,-1.6199999999999992,-4.700000000000001,0.10000000000000009,-167.0,-0.10859999999999997
D007,11,3,5.17,2.9,2.39,1.89,1.01,11,14.36,15.71,288.06,0.363,52.6,16.4,33.1,1543,40.3,5.0,6.0,12.8,793.6,19.8,3.3,132.3,7.0,0.0,6,38,3,day,southeast,True,False,1.6399999999999988,-3.4399999999999977,0.5999999999999996,-279.0,-0.07940000000000003
D007,12,3,3.0,2.62,3.12,2.5,1.0,6,13.11,19.33,357.7,0.4465,84.7,22.8,31.7,1113,21.7,5.2,6.7,9.3,801.2,18.7,3.1,133.5,7.3,0.0,6,38,3,day,southeast,True,False,-0.9199999999999999,-0.5500000000000007,-0.5,-933.0,-0.0126
D007,13,3,3.09,2.9,3.28,2.7,1.06,13,13.61,17.26,413.0,0.3987,45.9,14.8,35.7,1416,25.4,3.9,5.8,11.7,1035.8,25.6,3.7,148.0,7.9,0.0,7,38,3,day,southeast,True,False,-1.1300000000000008,-1.1099999999999994,0.40000000000000036,413.0,-0.0257
D007,14,4,3.81,3.43,3.43,4.19,1.14,5,16.39,20.92,126.77,0.4833,99.1,26.8,37.7,1302,33.3,2.0,5.3,10.8,262.3,6.2,2.1,87.4,6.3,0.0,3,38,3,day,southeast,True,False,3.58,5.730000000000002,-1.2999999999999998,124.0,0.1325
D007,15,4,3.15,2.92,2.47,2.02,0.45,10,11.47,17.3,177.66,0.3997,57.2,16.6,39.5,1742,43.3,3.7,5.5,14.4,444.5,9.4,3.1,148.2,8.3,0.0,3,38,3,day,southeast,True,False,-2.889999999999999,1.5899999999999999,-0.19999999999999973,199.0,0.03670000000000001
D007,16,4,2.7,2.92,3.15,1.35,0.67,7,11.47,17.25,177.25,0.3986,40.9,12.6,35.1,1340,29.3,3.7,5.4,11.1,444.7,10.8,3.6,148.2,8.0,0.0,3,38,3,day,southeast,True,False,-1.6399999999999988,-2.0799999999999983,0.5,227.0,-0.0479
D007,17,4,3.02,3.26,2.05,1.81,0.6,11,11.59,16.25,311.04,0.3754,32.9,11.6,34.4,1259,23.3,3.8,6.0,10.4,828.6,20.4,3.4,138.1,8.0,0.0,6,38,3,day,southeast,True,False,-2.0199999999999996,-1.0100000000000016,-0.30000000000000027,-157.0,-0.023299999999999987
D007,18,4,4.48,2.24,3.13,2.69,0.9,7,14.32,15.61,161.19,0.3607,21.9,6.9,49.1,1149,21.0,4.0,6.1,9.6,446.9,9.1,4.6,223.4,11.0,0.0,2,38,3,day,southeast,True,False,-2.0700000000000003,-5.310000000000002,2.4999999999999996,-153.0,-0.12259999999999999
D007,19,5,4.77,2.59,3.01,1.66,0.62,9,14.0,16.99,378.42,0.3925,61.4,20.6,36.3,1677,27.3,4.2,6.0,13.9,964.2,23.7,4.0,160.7,8.8,0.0,6,38,3,day,southeast,True,False,2.5299999999999994,-0.3100000000000023,0.8999999999999999,-65.0,-0.007199999999999984
D007,20,5,3.31,2.74,3.43,3.54,0.8,15,14.74,16.35,330.7,0.3778,43.8,13.0,33.3,1273,30.7,4.7,6.8,10.5,875.4,17.8,3.0,145.9,7.3,0.0,6,38,3,day,southeast,True,False,3.2699999999999996,-0.8999999999999986,-0.6000000000000001,-67.0,-0.020799999999999985
D007,21,5,3.47,2.61,2.06,1.85,0.0,6,10.96,16.02,340.93,0.3701,52.8,18.0,32.1,1642,27.2,5.2,6.7,13.6,921.2,21.6,4.3,184.2,9.4,0.0,5,38,3,day,southeast,True,False,-0.629999999999999,-0.23000000000000043,0.8999999999999999,383.0,-0.005300000000000027
D007,22,5,4.67,3.07,3.51,3.07,0.44,12,15.19,18.34,290.02,0.4237,70.1,18.8,36.7,1720,27.0,5.0,6.1,14.2,684.5,14.1,3.5,171.1,8.8,0.0,4,38,3,day,southeast,True,False,0.8699999999999992,2.7300000000000004,-1.0999999999999996,571.0,0.063
D007,23,6,4.36,2.99,2.62,2.49,1.0,13,14.2,18.01,334.0,0.4159,44.4,14.5,30.8,1481,24.0,4.4,5.9,12.3,803.0,19.8,4.0,160.6,9.0,0.0,5,38,3,day,southeast,True,False,0.1999999999999993,1.0200000000000031,0.0,-196.0,0.023399999999999976
D007,24,6,4.66,2.71,3.25,1.73,0.65,10,13.55,18.54,395.17,0.4284,44.3,14.1,32.0,1990,40.8,5.0,5.9,16.4,922.5,22.7,4.5,184.5,10.0,2.0,5,38,3,day,southeast,True,False,-1.1899999999999995,2.1899999999999977,1.5,717.0,0.05059999999999998
D007,25,6,5.79,1.29,0.64,3.22,0.0,4,10.93,18.44,66.25,0.4261,71.6,19.7,47.8,1628,34.0,5.0,6.9,13.5,155.5,4.2,2.1,77.7,6.0,0.0,2,38,3,day,southeast,True,False,-0.030000000000001137,2.4200000000000017,-2.1999999999999997,-14.0,0.055999999999999994
D007,26,6,5.32,2.83,3.32,2.66,1.5,6,16.29,17.74,246.5,0.4097,59.0,19.2,32.0,1257,24.0,4.2,6.1,10.4,601.6,15.6,3.1,120.3,8.0,0.0,5,38,3,day,southeast,True,False,1.0999999999999996,-0.6000000000000014,-0.3999999999999999,-463.0,-0.014000000000000012
D008,1,1,4.31,2.67,3.22,2.05,0.96,19,13.68,17.19,580.27,0.397,38.9,9.1,35.5,982,19.4,3.7,6.2,8.2,1461.5,24.5,3.5,208.8,7.6,84.9,7,42,1,rotating,midwest,True,False,,,,,
D008,2,1,3.93,3.46,3.86,2.57,0.88,20,15.45,16.37,558.26,0.3782,37.5,8.5,40.2,774,9.2,4.4,6.2,6.5,1475.9,23.5,4.7,295.2,9.6,43.8,5,42,1,rotating,midwest,True,False,,,,,
D008,3,1,3.13,3.05,3.21,2.11,1.02,9,13.03,16.93,462.3,0.3911,36.6,7.5,41.7,799,15.3,3.5,6.0,6.7,1182.1,21.0,3.5,197.0,8.2,44.9,6,42,1,rotating,midwest,True,False,,,,,
D008,4,1,3.41,3.17,2.85,3.41,0.63,22,14.57,17.36,506.28,0.401,46.3,11.6,35.4,1200,10.3,4.3,6.2,10.0,1262.6,23.0,3.8,210.4,8.8,100.0,6,42,1,rotating,midwest,True,False,,,,,
D008,5,2,3.21,2.17,2.84,2.36,0.57,9,11.81,14.83,362.44,0.3425,38.9,9.4,31.1,833,6.5,3.8,6.7,7.0,1058.1,17.0,4.2,264.5,8.8,31.4,4,42,1,rotating,midwest,True,False,-1.8699999999999992,-2.360000000000001,0.7000000000000002,-149.0,-0.05449999999999999
D008,6,2,3.61,2.96,3.12,3.12,0.66,24,14.37,16.8,472.56,0.388,42.5,10.3,37.8,646,10.3,1.8,5.3,5.4,1217.9,21.0,3.5,203.0,7.7,0.0,6,42,1,rotating,midwest,True,False,-1.08,0.4299999999999997,-1.2000000000000002,-128.0,0.009800000000000031
D008,7,2,3.63,2.63,3.24,2.47,0.54,16,13.36,16.78,501.64,0.3875,38.5,9.1,42.3,893,13.3,3.8,6.2,7.5,1294.5,21.7,3.6,215.8,9.0,63.0,6,42,1,rotating,midwest,True,False,0.33000000000000007,-0.14999999999999858,0.10000000000000009,94.0,-0.003599999999999992
D008,8,2,3.85,3.41,2.64,2.31,0.55,10,13.74,16.05,337.35,0.3708,42.5,10.2,34.0,955,18.5,2.8,5.4,7.9,909.7,16.5,4.1,227.4,8.5,76.5,4,42,1,rotating,midwest,True,False,-0.8300000000000001,-1.3099999999999987,0.2999999999999998,-245.0,-0.030200000000000005
D008,9,2,4.87,2.78,3.48,2.87,1.3,19,15.64,16.75,445.28,0.3869,42.5,10.4,35.9,1072,11.6,2.2,5.3,8.9,1151.0,19.7,3.9,230.2,9.0,100.0,5,42,1,rotating,midwest,True,False,3.83,1.92,-0.30000000000000027,239.0,0.044399999999999995
D008,10,3,2.75,2.56,2.37,3.13,0.85,9,12.06,14.56,354.28,0.3364,36.2,9.9,30.5,441,4.8,2.6,6.1,3.7,1053.2,17.6,3.5,210.6,7.8,43.6,5,42,1,rotating,midwest,True,False,-2.3099999999999987,-2.24,0.0,-205.0,-0.051600000000000035
D008,11,3,3.94,2.91,2.72,2.44,0.94,20,13.41,16.29,401.06,0.3762,44.0,11.7,41.2,634,12.7,2.7,5.8,5.3,1066.1,19.3,3.2,177.7,6.8,58.5,6,42,1,rotating,midwest,True,False,0.05000000000000071,-0.490000000000002,-0.3999999999999999,-259.0,-0.011300000000000032
D008,12,3,4.78,3.08,2.9,2.39,0.51,7,14.69,15.18,205.29,0.3507,32.3,8.2,39.6,528,6.0,1.3,5.4,4.4,585.3,9.4,3.1,195.1,6.3,36.8,3,42,1,rotating,midwest,True,False,0.9499999999999993,-0.870000000000001,-0.9999999999999996,-427.0,-0.020100000000000007
D008,13,3,3.54,2.24,2.31,1.52,1.23,15,11.13,14.94,477.29,0.345,38.7,9.9,43.2,966,10.0,4.3,6.3,8.0,1383.3,22.9,3.8,230.6,8.7,65.4,6,42,1,rotating,midwest,True,False,-4.51,-1.8100000000000005,-0.10000000000000009,-106.0,-0.04190000000000005
D008,14,4,3.33,2.71,2.55,2.48,0.7,17,12.46,15.37,458.77,0.3551,38.7,9.3,42.7,484,4.3,2.3,6.1,4.1,1292.1,19.9,3.3,215.3,7.7,63.0,6,42,1,rotating,midwest,True,False,0.40000000000000036,0.8099999999999987,-0.20000000000000018,43.0,0.01870000000000005
D008,15,4,3.69,2.84,2.69,2.13,0.71,5,12.62,13.43,218.73,0.3102,48.5,13.3,32.4,938,21.5,2.8,5.5,7.8,705.2,12.1,3.0,176.3,7.5,100.0,4,42,1,rotating,midwest,True,False,-0.7900000000000009,-2.8599999999999994,-0.20000000000000018,304.0,-0.066
D008,16,4,4.18,2.57,3.0,3.54,1.39,12,15.1,16.06,346.27,0.3709,44.9,11.6,31.2,846,17.6,2.4,5.7,7.0,933.5,16.2,3.2,186.7,7.2,13.9,5,42,1,rotating,midwest,True,False,0.41000000000000014,0.879999999999999,0.10000000000000009,318.0,0.020199999999999996
D008,17,4,3.76,2.1,2.8,2.54,0.88,19,13.3,14.89,393.0,0.344,37.6,9.1,24.7,892,11.5,4.0,6.9,7.5,1142.5,18.9,4.7,285.6,9.5,76.3,4,42,1,rotating,midwest,True,False,2.17,-0.049999999999998934,0.9000000000000004,-74.0,-0.0010000000000000009
D008,18,5,3.24,3.76,3.07,2.73,0.34,5,14.0,17.2,232.71,0.3973,52.0,15.3,27.6,1030,21.0,3.8,7.1,8.5,585.7,12.4,3.1,146.4,7.0,46.4,4,42,1,rotating,midwest,True,False,1.5399999999999991,1.83,-0.19999999999999973,546.0,0.04219999999999996
D008,19,5,3.47,2.9,3.28,3.09,0.75,19,13.87,14.3,352.64,0.3304,32.5,8.0,36.0,426,1.2,2.4,6.3,3.6,1067.3,16.1,3.2,213.5,7.2,52.8,5,42,1,rotating,midwest,True,False,1.25,0.870000000000001,0.20000000000000018,-512.0,0.02020000000000005
D008,20,5,4.54,3.86,2.91,2.91,0.34,17,15.51,15.81,426.4,0.3653,22.7,6.0,33.3,834,10.0,3.2,5.5,7.0,1167.3,21.1,4.2,233.5,9.2,37.0,5,42,1,rotating,midwest,True,False,0.41000000000000014,-0.24999999999999822,1.0,-12.0,-0.005599999999999994
D008,21,5,4.01,2.82,3.41,2.82,0.6,19,14.42,14.99,405.64,0.3462,44.2,11.1,42.2,616,4.8,5.0,7.2,5.2,1171.6,18.7,3.7,234.3,8.4,61.9,5,42,1,rotating,midwest,True,False,1.1199999999999992,0.09999999999999964,-1.0,-276.0,0.0022000000000000353
D008,22,5,4.06,2.75,2.54,2.1,0.58,22,12.61,15.56,496.07,0.3594,32.8,8.5,40.5,812,14.7,2.8,6.9,6.8,1380.1,23.3,3.9,230.0,7.8,48.9,6,42,1,rotating,midwest,True,False,-1.3900000000000006,-1.6399999999999988,0.7999999999999998,-218.0,-0.03789999999999999
D008,23,6,4.13,2.83,2.15,2.72,0.91,27,13.76,13.72,559.48,0.3169,43.4,12.0,39.1,754,9.4,4.9,6.6,6.3,1765.5,29.6,4.2,252.2,9.1,50.0,7,42,1,rotating,midwest,True,False,-0.10999999999999943,-0.5800000000000001,1.0,328.0,-0.013500000000000012
D008,24,6,4.0,2.04,2.61,2.86,1.14,18,13.14,13.6,384.82,0.3141,33.1,8.7,39.3,572,9.3,2.3,5.9,4.8,1225.2,20.6,3.4,204.2,7.8,85.1,6,42,1,rotating,midwest,True,False,-2.369999999999999,-2.210000000000001,-0.8000000000000003,-262.0,-0.05120000000000002
D008,25,6,4.91,3.23,3.23,2.72,1.55,19,16.94,15.11,269.95,0.3491,27.0,7.7,26.0,394,3.5,1.5,5.6,3.3,773.2,13.8,3.5,193.3,5.0,50.0,4,42,1,rotating,midwest,True,False,2.5200000000000014,0.11999999999999922,-0.20000000000000018,-222.0,0.0029000000000000137
D008,26,6,4.36,2.66,2.47,2.66,1.04,13,13.94,15.68,381.94,0.3622,48.3,11.6,27.4,602,7.6,2.8,6.7,5.1,1054.4,17.1,3.4,210.9,8.4,26.2,5,42,1,rotating,midwest,True,False,1.33,0.11999999999999922,-0.5,-210.0,0.0028000000000000247
D009,1,1,1.81,0.91,0.76,2.42,0.76,6,10.58,18.28,279.44,0.4223,80.8,24.7,35.6,1240,18.8,4.0,6.0,10.3,661.7,16.0,3.2,132.3,7.6,100.0,5,21,0,night,southeast,False,True,,,,,
D009,3,1,1.7,1.48,1.14,2.05,0.34,6,9.66,17.61,358.07,0.4069,79.3,23.5,35.2,1278,22.4,4.6,6.4,10.6,880.0,19.9,4.0,176.0,7.8,100.0,5,21,0,night,southeast,False,True,,,,,
D009,4,1,1.46,1.25,1.35,1.66,0.52,7,9.36,17.22,382.61,0.3978,64.2,20.0,36.7,1184,11.7,3.4,6.2,9.8,961.8,23.1,3.3,137.4,7.9,100.0,7,21,0,night,southeast,False,True,,,,,
D009,5,1,1.27,1.91,1.12,1.91,0.32,9,9.08,22.9,332.04,0.5291,137.0,39.7,33.5,1645,29.6,6.6,6.8,13.6,627.6,18.0,3.6,125.5,8.2,100.0,5,21,0,night,southeast,False,True,,,,,
D009,6,2,1.47,1.08,1.57,2.45,0.78,6,10.86,20.41,482.05,0.4715,138.9,35.3,35.8,1160,18.0,5.7,6.4,9.7,1022.3,23.2,3.9,170.4,9.2,100.0,6,21,0,night,southeast,False,True,0.27999999999999936,2.129999999999999,0.6999999999999997,-80.0,0.049199999999999966
D009,7,2,1.09,1.78,1.37,0.96,0.27,3,8.75,20.3,342.87,0.4689,126.3,35.9,35.3,1411,27.3,4.0,6.3,11.6,731.3,17.8,3.0,121.9,8.0,100.0,6,21,0,night,southeast,False,True,-0.9100000000000001,2.6900000000000013,-1.0,133.0,0.062
D009,8,2,1.89,0.54,0.27,1.62,0.54,3,6.22,17.54,149.69,0.4051,64.9,20.9,39.5,1689,32.0,5.7,6.6,13.9,369.5,9.4,3.1,123.2,7.7,100.0,3,21,0,night,southeast,False,True,-3.1399999999999997,0.3200000000000003,-0.19999999999999973,505.0,0.007300000000000029
D009,9,2,3.23,2.09,0.73,1.88,0.73,11,11.17,20.53,454.45,0.4742,110.7,30.9,36.8,1844,33.3,5.7,5.9,15.3,958.3,24.1,4.0,159.7,9.5,100.0,6,21,0,night,southeast,False,True,2.09,-2.3699999999999974,0.3999999999999999,199.0,-0.054900000000000004
D009,10,3,2.1,1.11,1.22,1.33,0.55,8,8.84,16.88,352.92,0.39,76.9,24.8,39.5,1343,32.0,3.0,5.7,11.1,904.9,20.7,3.4,150.8,7.2,100.0,6,21,0,night,southeast,False,True,-2.0199999999999996,-3.530000000000001,-0.5,183.0,-0.08149999999999996
D009,11,3,2.07,0.8,1.43,1.43,0.32,3,10.18,18.87,274.15,0.436,103.9,31.9,33.9,1230,21.0,6.0,6.9,10.2,628.8,16.0,4.0,157.2,9.0,100.0,4,21,0,night,southeast,False,True,1.4299999999999997,-1.4299999999999997,1.0,-181.0,-0.032899999999999985
D009,12,3,1.83,1.83,0.56,2.11,0.42,7,10.42,17.98,294.83,0.4152,110.7,31.7,34.7,1999,48.8,5.8,6.4,16.5,710.0,16.4,3.3,142.0,8.4,100.0,5,21,0,night,southeast,False,True,4.2,0.4400000000000013,0.19999999999999973,310.0,0.010099999999999998
D009,13,3,2.3,1.89,1.62,1.35,0.81,6,10.95,18.32,312.91,0.4232,126.6,34.0,34.6,1275,24.0,3.6,6.0,10.6,739.4,16.5,3.3,147.9,8.2,100.0,5,21,0,night,southeast,False,True,-0.22000000000000064,-2.210000000000001,-0.7000000000000002,-569.0,-0.05099999999999999
D009,14,4,1.39,1.77,1.14,2.15,0.25,2,8.96,19.82,362.85,0.4579,137.7,37.2,38.1,1689,37.6,5.2,6.1,14.0,792.4,18.0,3.6,158.5,9.4,100.0,5,21,0,night,southeast,False,True,0.120000000000001,2.9400000000000013,0.20000000000000018,346.0,0.06789999999999996
D009,15,4,2.09,1.81,1.39,2.5,1.39,17,12.51,17.23,286.37,0.3981,142.7,33.9,39.8,2072,44.7,3.3,5.3,17.1,719.4,14.5,4.8,239.8,10.3,100.0,3,21,0,night,southeast,False,True,2.33,-1.6400000000000006,0.7999999999999998,842.0,-0.03789999999999999
D009,16,4,2.37,3.56,1.98,2.77,0.79,4,14.24,19.31,112.75,0.446,116.4,34.1,37.3,2295,48.0,6.5,6.2,18.9,252.8,6.4,3.2,126.4,8.0,100.0,2,21,0,night,southeast,False,True,3.8200000000000003,1.3299999999999983,-0.09999999999999964,296.0,0.030799999999999994
D009,17,4,2.48,1.24,1.31,1.31,0.66,18,10.48,15.61,495.22,0.3606,68.4,22.0,32.4,1439,27.4,5.3,5.9,12.0,1373.4,29.7,4.2,196.2,8.6,100.0,7,21,0,night,southeast,False,True,-0.46999999999999886,-2.710000000000001,0.9000000000000004,164.0,-0.06260000000000004
D009,18,5,1.61,1.61,0.49,1.86,0.99,7,9.15,19.07,356.13,0.4404,118.5,33.3,32.5,1788,33.0,7.0,7.2,14.8,808.6,21.6,3.6,134.8,9.2,100.0,6,21,0,night,southeast,False,True,0.1899999999999995,-0.75,0.0,99.0,-0.01749999999999996
D009,19,5,2.25,1.31,3.0,2.44,0.56,6,12.56,21.29,262.32,0.4917,138.7,38.8,32.8,1734,31.5,6.5,6.4,14.4,533.5,13.7,3.4,133.4,8.2,100.0,4,21,0,night,southeast,False,True,0.05000000000000071,4.059999999999999,-1.4,-338.0,0.09360000000000002
D009,20,5,2.0,1.45,1.81,1.45,1.27,18,12.16,18.55,472.28,0.4284,109.6,31.0,38.5,1215,22.0,3.8,6.1,10.1,1102.4,24.8,4.1,183.7,9.5,100.0,6,21,0,night,southeast,False,True,-2.08,-0.759999999999998,0.8999999999999995,-1080.0,-0.017600000000000005
D009,21,5,1.77,2.14,1.49,2.14,0.46,22,11.25,18.1,449.76,0.4181,123.0,30.4,43.2,1162,14.0,5.2,6.0,9.7,1075.6,22.7,3.8,179.3,9.0,100.0,6,21,0,night,southeast,False,True,0.7699999999999996,2.490000000000002,-0.40000000000000036,-277.0,0.05750000000000005
D009,22,5,2.21,1.68,1.59,1.77,0.89,14,12.31,18.68,487.25,0.4314,104.6,33.2,33.1,1653,29.7,4.4,6.0,13.7,1129.4,29.1,4.2,161.3,9.6,100.0,7,21,0,night,southeast,False,True,3.16,-0.39000000000000057,0.6000000000000001,-135.0,-0.009000000000000008
D009,23,6,2.15,1.32,1.49,1.74,0.91,8,10.34,18.56,518.27,0.4288,109.6,32.8,29.9,1679,29.7,3.8,5.4,13.9,1208.7,28.3,4.7,201.5,10.7,100.0,6,21,0,night,southeast,False,True,-2.2200000000000006,-2.7300000000000004,1.3000000000000003,-55.0,-0.06290000000000001
D009,24,6,2.56,1.2,1.2,2.26,0.45,4,10.83,17.93,275.42,0.4141,112.7,31.0,40.8,1676,25.5,5.0,6.2,13.9,665.1,15.0,3.7,166.3,9.8,100.0,4,21,0,night,southeast,False,True,-1.33,-0.620000000000001,-0.39999999999999947,461.0,-0.01429999999999998
D009,25,6,3.37,1.69,1.84,1.69,0.61,8,14.56,19.7,296.88,0.4551,131.7,35.2,33.6,1223,20.0,5.8,6.3,10.2,652.3,14.3,3.6,163.1,9.2,100.0,4,21,0,night,southeast,False,True,3.3100000000000005,1.5999999999999979,-0.19999999999999973,61.0,0.03699999999999998
D009,26,6,1.77,1.68,1.68,2.24,0.56,7,11.18,19.36,480.25,0.4473,138.9,36.5,34.3,1986,32.9,5.1,6.0,16.4,1073.7,23.1,3.3,153.4,8.7,100.0,7,21,0,night,southeast,False,True,-1.1300000000000008,0.6799999999999997,-0.9000000000000004,333.0,0.01589999999999997
D010,1,1,1.04,1.36,0.64,0.88,0.32,8,5.58,15.47,448.14,0.3574,57.7,19.0,34.2,1616,26.3,4.3,5.7,13.5,1253.9,28.6,4.1,179.1,9.4,59.1,7,39,2,rotating,southeast,False,False,,,,,
D010,2,1,2.04,0.78,0.78,0.78,0.29,3,6.42,16.41,389.9,0.3791,68.3,22.5,33.0,1428,22.3,5.0,5.9,11.9,1028.5,25.1,4.2,171.4,9.8,88.1,6,39,2,rotating,southeast,False,False,,,,,
D010,3,1,1.8,1.59,0.74,0.74,0.21,10,6.87,17.98,392.7,0.4153,81.1,24.5,40.3,1522,24.3,4.3,6.1,12.6,945.6,22.5,3.8,157.6,9.0,59.3,6,39,2,rotating,southeast,False,False,,,,,
D010,4,1,1.5,0.46,0.81,1.27,0.35,9,5.88,14.55,291.57,0.3361,60.7,20.0,32.1,862,16.0,4.0,6.2,7.2,867.4,17.4,3.5,173.5,7.0,0.0,5,39,2,rotating,southeast,False,False,,,,,
D010,5,1,2.25,0.64,1.29,1.61,0.0,2,8.35,15.59,112.08,0.3602,52.2,18.5,34.0,786,11.3,2.0,5.4,6.5,311.2,7.2,2.4,103.7,6.0,33.3,3,39,2,rotating,southeast,False,False,2.7699999999999996,0.11999999999999922,-1.6999999999999997,-830.0,0.0028000000000000247
D010,6,2,0.89,0.98,0.59,1.18,0.39,4,5.41,16.98,398.66,0.3923,55.6,18.1,35.6,1449,23.0,6.2,7.3,12.0,1016.1,23.4,3.9,169.4,9.5,70.2,6,39,2,rotating,southeast,False,False,-1.0099999999999998,0.5700000000000003,-0.30000000000000027,21.0,0.01319999999999999
D010,7,2,1.43,0.99,1.1,0.66,0.33,4,6.04,15.47,325.36,0.3573,63.8,19.2,40.5,1884,33.2,5.2,6.2,15.6,910.7,21.3,4.3,182.1,9.0,100.0,5,39,2,rotating,southeast,False,False,-0.8300000000000001,-2.51,0.5,362.0,-0.057999999999999996
D010,8,2,2.7,0.0,0.68,1.01,0.0,2,5.07,18.96,129.61,0.438,83.8,26.9,49.2,2070,36.0,4.0,6.4,17.1,295.9,7.5,3.8,148.0,10.0,40.0,2,39,2,rotating,southeast,False,False,-0.8099999999999996,4.41,0.2999999999999998,1208.0,0.10189999999999999
D010,9,3,2.58,0.94,1.17,0.59,0.35,7,7.15,14.8,291.71,0.342,60.7,22.6,27.0,1348,19.2,5.6,6.6,11.2,853.0,20.1,4.0,170.6,9.0,37.8,5,39,2,rotating,southeast,False,False,-1.1999999999999993,-0.7899999999999991,1.6,562.0,-0.018199999999999994
D010,10,3,1.94,1.24,0.71,0.53,0.18,5,6.88,13.4,175.4,0.3095,48.1,17.4,36.3,925,15.6,3.4,6.2,7.7,566.8,12.6,2.5,113.4,5.8,41.4,5,39,2,rotating,southeast,False,False,1.4699999999999998,-3.58,-1.4,-524.0,-0.08279999999999998
D010,11,3,2.1,1.61,0.97,1.45,0.16,3,7.43,13.23,189.24,0.3056,48.1,15.5,33.7,1051,12.0,3.5,5.8,8.7,619.3,13.7,3.4,154.8,8.5,20.6,4,39,2,rotating,southeast,False,False,1.3899999999999997,-2.24,-0.8999999999999999,-833.0,-0.051700000000000024
D010,12,3,2.4,0.6,0.0,0.6,0.6,1,5.4,16.06,61.82,0.371,89.0,27.7,33.3,1666,38.0,0.0,4.1,13.8,166.6,3.5,3.5,166.6,8.0,100.0,1,39,2,rotating,southeast,False,False,0.33000000000000007,-2.900000000000002,-0.2999999999999998,-404.0,-0.067
D010,13,3,1.01,0.58,1.15,0.72,0.29,5,5.63,15.68,250.91,0.3622,58.7,22.5,30.6,1458,26.0,4.0,5.6,12.1,692.7,18.2,4.6,173.2,9.0,41.7,4,39,2,rotating,southeast,False,False,-1.5200000000000005,0.879999999999999,0.5999999999999996,110.0,0.020199999999999996
D010,14,4,1.14,0.65,0.49,0.65,0.0,3,4.39,15.52,220.65,0.3584,98.3,24.5,31.4,1379,32.5,3.5,5.6,11.4,615.6,13.0,3.3,153.9,8.0,28.1,4,39,2,rotating,southeast,False,False,-2.49,2.119999999999999,0.7999999999999998,454.0,0.0489
D010,15,4,1.23,1.13,1.13,0.85,0.19,11,5.66,15.03,367.87,0.3471,69.6,24.0,31.4,1433,26.6,5.7,6.5,11.9,1059.7,24.0,3.4,151.4,8.6,36.7,7,39,2,rotating,southeast,False,False,-1.7699999999999996,1.799999999999999,0.0,382.0,0.04150000000000004
D010,16,4,1.98,0.88,0.55,0.99,0.33,6,6.61,16.28,341.6,0.3762,75.2,27.2,33.0,1833,27.0,5.7,6.5,15.2,908.1,22.3,3.7,151.4,8.5,100.0,6,39,2,rotating,southeast,False,False,1.21,0.22000000000000242,0.20000000000000018,167.0,0.005199999999999982
D010,17,4,1.53,1.75,0.66,0.44,0.33,10,6.89,16.85,355.76,0.3893,87.9,30.0,33.2,1384,34.3,4.9,6.5,11.5,913.9,22.9,3.3,130.6,8.4,40.7,7,39,2,rotating,southeast,False,False,1.2599999999999998,1.1700000000000017,-1.2999999999999998,-74.0,0.027099999999999957
D010,18,5,1.24,1.1,0.96,0.55,0.14,3,6.33,14.25,239.27,0.3292,56.7,20.1,41.5,1326,30.0,4.0,5.6,11.0,726.9,15.3,3.1,145.4,7.2,83.3,5,39,2,rotating,southeast,False,False,1.9400000000000004,-1.2699999999999996,-0.19999999999999973,-53.0,-0.029200000000000004
D010,19,5,2.56,1.81,0.85,0.43,0.32,3,7.47,13.97,302.29,0.3227,54.5,18.6,34.3,1313,25.0,5.2,6.9,10.9,936.8,19.8,3.3,156.1,8.0,22.9,6,39,2,rotating,southeast,False,False,1.8099999999999996,-1.0599999999999987,-0.10000000000000009,-120.0,-0.024400000000000033
D010,20,5,0.99,1.19,1.09,1.29,0.4,7,6.56,15.41,358.05,0.3559,65.3,23.4,35.4,1393,32.6,3.3,5.9,11.5,1006.1,23.9,3.4,143.7,8.3,19.0,7,39,2,rotating,southeast,False,False,-0.05000000000000071,-0.870000000000001,-0.30000000000000027,-440.0,-0.020299999999999985
D010,21,5,1.57,1.21,0.48,0.85,0.24,6,6.05,14.6,278.59,0.3374,53.1,19.7,35.8,1152,23.3,4.3,6.3,9.5,825.8,19.9,3.3,137.6,7.5,57.8,6,39,2,rotating,southeast,False,False,-0.8399999999999999,-2.2500000000000018,0.0,-232.0,-0.0519
D010,22,5,1.55,1.78,1.33,1.0,0.33,6,7.54,15.11,314.69,0.3491,61.1,21.4,33.7,1632,35.7,5.0,6.7,13.5,901.4,20.9,3.5,150.2,8.5,64.7,6,39,2,rotating,southeast,False,False,1.21,0.8599999999999994,0.3999999999999999,306.0,0.01990000000000003
D010,23,6,1.56,1.17,0.65,0.65,0.39,2,5.98,16.2,287.94,0.3742,74.8,26.7,35.9,1250,15.7,4.2,6.0,10.4,769.4,19.2,3.2,128.2,7.7,67.4,6,39,2,rotating,southeast,False,False,-1.4899999999999993,2.2299999999999986,-0.09999999999999964,-63.0,0.05149999999999999
D010,24,6,1.42,1.22,0.51,1.22,0.61,5,6.69,16.62,378.82,0.384,81.9,28.6,36.0,1484,24.3,6.2,6.3,12.3,986.6,24.6,4.1,164.4,9.0,48.1,6,39,2,rotating,southeast,False,False,0.13000000000000078,1.2100000000000009,0.6999999999999997,91.0,0.028100000000000014
D010,25,6,2.76,0.69,1.93,1.1,0.28,4,7.73,16.82,281.57,0.3885,94.5,32.0,33.7,1700,28.7,4.3,5.7,14.1,724.8,18.3,3.0,120.8,8.3,14.0,6,39,2,rotating,southeast,False,False,1.6800000000000006,2.2200000000000006,-0.2999999999999998,548.0,0.051100000000000034
D010,26,6,1.35,1.23,0.9,1.35,0.11,9,6.62,14.96,308.06,0.3456,54.7,21.1,37.2,1910,38.8,6.0,6.0,15.8,891.3,21.5,4.3,178.3,9.0,42.2,5,39,2,rotating,southeast,False,False,-0.9199999999999999,-0.14999999999999858,0.7999999999999998,278.0,-0.003500000000000003
D011,1,1,1.97,0.63,0.98,1.61,0.18,8,7.43,18.48,477.02,0.4269,115.6,26.0,28.7,956,17.6,4.0,6.7,8.0,1117.4,19.4,3.9,223.5,8.8,0.0,5,43,1,day,midwest,False,True,,,,,
D011,2,1,1.32,1.32,0.44,2.35,0.44,10,7.94,16.47,258.88,0.3805,92.1,23.8,43.5,763,9.5,3.2,7.0,6.3,680.3,12.2,3.0,170.1,7.2,0.0,4,43,1,day,midwest,False,True,,,,,
D011,3,1,1.93,0.96,0.8,0.96,0.64,18,8.51,16.47,473.85,0.3805,88.5,21.4,32.1,948,16.7,3.8,6.5,7.9,1245.3,21.3,3.5,207.6,8.0,0.0,6,43,1,day,midwest,False,True,,,,,
D011,4,1,1.49,1.14,1.14,1.22,0.79,8,8.66,15.91,419.98,0.3675,71.3,19.1,33.3,474,6.0,2.6,6.4,4.0,1142.9,20.3,2.9,163.3,6.9,0.0,7,43,1,day,midwest,False,True,,,,,
D011,5,1,3.14,1.43,1.43,1.14,1.43,5,11.72,17.58,142.09,0.4061,78.9,20.2,26.2,811,11.0,4.0,7.0,6.7,349.9,6.6,3.3,175.0,7.0,0.0,2,43,1,day,midwest,False,True,4.290000000000001,-0.9000000000000021,-0.6000000000000001,-145.0,-0.020799999999999985
D011,6,2,2.05,1.47,1.97,1.31,0.57,7,9.83,17.46,492.31,0.4033,87.7,21.9,44.8,1328,28.8,4.0,5.9,11.0,1220.7,23.8,4.8,244.1,9.8,0.0,5,43,1,day,midwest,False,True,1.8899999999999997,0.990000000000002,1.7999999999999998,565.0,0.022799999999999987
D011,7,2,1.31,0.59,1.43,2.14,0.0,4,8.55,15.16,294.76,0.3501,55.3,13.3,36.2,1214,12.7,4.7,6.7,10.1,841.8,13.6,4.5,280.6,9.7,0.0,3,43,1,day,midwest,False,True,0.040000000000000924,-1.3099999999999987,1.0,266.0,-0.030399999999999983
D011,8,2,1.31,1.31,1.05,0.92,0.72,6,7.87,16.55,583.18,0.3823,79.7,19.7,37.1,807,12.7,3.7,6.7,6.7,1525.3,26.4,4.4,254.2,8.2,0.0,6,43,1,day,midwest,False,True,-0.79,0.6400000000000006,1.5000000000000004,333.0,0.01479999999999998
D011,9,3,2.34,1.73,1.07,2.34,0.87,21,10.74,15.06,521.53,0.348,67.1,16.2,35.3,626,4.7,3.7,6.1,5.2,1498.7,25.5,4.3,249.8,8.8,0.0,6,43,1,day,midwest,False,True,-0.9800000000000004,-2.519999999999998,1.0,-185.0,-0.05810000000000004
D011,10,3,1.05,1.58,0.79,2.01,0.26,6,7.96,14.1,372.09,0.3257,78.7,21.2,40.2,1143,25.6,4.4,6.5,9.5,1142.6,18.4,3.7,228.5,8.6,0.0,5,43,1,day,midwest,False,True,-1.87,-3.360000000000001,-1.0999999999999996,-185.0,-0.0776
D011,11,3,1.88,1.43,1.43,2.21,0.99,8,10.59,15.23,318.71,0.3517,81.4,23.6,38.2,1262,18.0,4.0,5.4,10.5,906.1,16.9,4.2,226.5,9.2,0.0,4,43,1,day,midwest,False,True,2.039999999999999,0.07000000000000028,-0.2999999999999998,48.0,0.0015999999999999903
D011,12,3,1.76,1.36,1.28,2.17,0.8,12,9.87,13.77,396.49,0.318,86.6,22.8,33.3,871,16.0,2.0,4.9,7.3,1246.8,21.6,4.3,249.4,9.0,0.0,5,43,1,day,midwest,False,True,1.9999999999999991,-2.780000000000001,-0.10000000000000053,64.0,-0.06429999999999997
D011,13,3,2.84,1.3,0.83,1.06,1.06,12,10.17,15.15,296.05,0.3499,81.8,20.2,32.9,779,13.5,4.2,6.1,6.5,846.0,14.8,3.7,211.5,8.0,0.0,4,43,1,day,midwest,False,True,-0.5700000000000003,0.08999999999999986,-0.5999999999999996,153.0,0.0019000000000000128
D011,14,4,1.59,1.84,1.75,2.34,0.58,16,11.27,14.89,411.97,0.3439,86.3,23.7,37.6,974,22.4,3.4,6.0,8.1,1197.9,21.1,4.2,239.6,8.8,0.0,5,43,1,day,midwest,False,True,3.3099999999999996,0.7900000000000009,0.5,-169.0,0.018199999999999994
D011,15,4,2.06,2.16,1.03,1.44,1.03,8,10.19,14.49,325.16,0.3348,70.5,20.6,38.2,697,16.4,3.8,7.0,5.8,971.3,17.7,3.5,194.3,7.0,0.0,5,43,1,day,midwest,False,True,-0.40000000000000036,-0.7400000000000002,-0.7000000000000002,-565.0,-0.016900000000000026
D011,16,4,2.3,1.72,1.15,1.29,1.72,5,11.76,14.9,239.96,0.3442,77.1,21.4,27.8,740,14.4,2.8,6.7,6.2,697.1,12.6,2.5,139.4,6.0,0.0,5,43,1,day,midwest,False,True,1.8900000000000006,1.1300000000000008,-1.7999999999999998,-131.0,0.0262
D011,17,4,2.38,1.63,1.63,2.13,0.75,9,12.16,13.79,254.17,0.3185,52.8,15.8,37.8,741,9.0,3.8,6.5,6.2,798.0,14.9,3.7,199.5,8.5,0.0,4,43,1,day,midwest,False,True,1.9900000000000002,-1.3600000000000012,0.0,-38.0,-0.031399999999999983
D011,18,5,1.77,1.99,0.66,2.43,0.22,2,9.94,14.77,154.38,0.3412,67.6,18.5,25.0,460,3.3,2.3,6.6,3.9,452.5,8.5,2.8,150.8,6.7,0.0,3,43,1,day,midwest,False,True,-1.33,-0.120000000000001,-1.4000000000000004,-514.0,-0.00269999999999998
D011,19,5,3.53,0.91,1.51,2.22,0.71,13,11.91,14.84,339.66,0.3428,59.2,18.1,33.7,925,13.5,3.0,6.4,7.7,990.8,18.9,4.7,247.7,9.2,0.0,4,43,1,day,midwest,False,True,1.7200000000000006,0.34999999999999964,1.2000000000000002,228.0,0.008000000000000007
D011,20,5,1.87,1.43,1.43,1.93,0.68,14,11.07,13.52,502.12,0.3122,58.7,14.3,30.9,708,12.0,3.3,5.6,5.9,1608.3,26.5,4.4,268.0,8.3,0.0,6,43,1,day,midwest,False,True,-0.6899999999999995,-1.3800000000000008,1.9000000000000004,-32.0,-0.03200000000000003
D011,21,5,1.63,1.63,1.06,2.86,0.9,15,11.03,15.54,439.18,0.3589,77.5,20.2,32.8,1174,26.0,4.2,5.7,9.8,1223.6,20.6,5.2,305.9,11.0,0.0,4,43,1,day,midwest,False,True,-1.1300000000000008,1.75,1.5,433.0,0.04039999999999999
D011,22,5,2.01,1.58,0.79,2.22,0.5,11,10.1,14.86,479.05,0.3433,78.7,20.6,38.6,980,15.3,4.2,6.4,8.2,1395.6,23.5,3.9,232.6,9.3,0.0,6,43,1,day,midwest,False,True,0.16000000000000014,0.08999999999999986,1.1,520.0,0.0020999999999999908
D011,23,6,2.22,1.97,1.9,2.47,1.14,20,13.69,14.84,540.7,0.3428,69.9,19.3,35.9,713,9.7,2.3,5.6,6.0,1577.5,28.7,4.1,225.4,8.0,0.0,7,43,1,day,midwest,False,True,1.7799999999999994,0.0,-0.6000000000000005,-212.0,0.0
D011,24,6,2.88,1.21,1.51,2.42,0.61,11,11.81,16.51,251.88,0.3813,83.1,24.0,34.9,620,15.0,2.5,6.0,5.2,660.6,13.1,3.3,165.2,6.5,0.0,4,43,1,day,midwest,False,True,0.7400000000000002,2.990000000000002,-1.1000000000000005,-88.0,0.0691
D011,25,6,2.47,1.44,1.85,2.06,1.03,9,13.98,16.9,189.84,0.3904,116.9,29.5,26.6,699,10.0,4.3,7.3,5.9,486.3,8.6,2.9,162.1,7.0,0.0,3,43,1,day,midwest,False,True,2.950000000000001,1.3599999999999994,-2.3000000000000003,-475.0,0.03150000000000003
D011,26,6,1.84,2.32,1.6,2.96,1.04,25,14.26,14.68,423.24,0.339,67.1,18.6,39.1,555,7.3,1.8,5.3,4.6,1248.5,21.7,3.6,208.1,6.5,0.0,6,43,1,day,midwest,False,True,4.16,-0.17999999999999972,-0.2999999999999998,-425.0,-0.0042999999999999705
D012,1,1,0.54,0.27,0.0,0.27,0.27,0,1.36,13.42,114.11,0.31,35.7,16.5,34.7,1747,38.7,2.7,5.0,14.4,368.1,9.5,3.2,122.7,8.0,29.2,3,37,0,rotating,northeast,False,True,,,,,
D012,2,1,0.0,0.38,0.0,0.76,0.13,2,1.9,14.73,268.47,0.3404,57.4,25.1,36.5,2043,28.3,5.9,7.1,16.8,788.8,21.6,3.1,112.7,8.0,39.3,7,37,0,rotating,northeast,False,True,,,,,
D012,3,1,0.28,0.28,0.0,0.42,0.0,3,2.49,13.56,226.01,0.3132,37.8,17.1,34.8,2420,58.4,4.0,5.7,19.9,721.6,18.5,3.7,144.3,9.0,86.7,5,37,0,rotating,northeast,False,True,,,,,
D012,4,1,0.38,0.38,0.0,0.25,0.0,0,2.0,13.78,254.38,0.3182,51.1,21.5,35.6,2218,41.1,4.6,6.3,18.3,799.4,20.8,3.0,114.2,8.1,52.6,7,37,0,rotating,northeast,False,True,,,,,
D012,5,2,0.39,0.26,0.13,0.26,0.0,3,1.95,13.96,248.32,0.3225,49.5,22.5,39.2,1980,34.3,4.5,6.0,16.3,770.0,20.6,3.4,128.3,7.8,36.2,6,37,0,rotating,northeast,False,True,0.5899999999999999,0.5400000000000009,0.19999999999999973,233.0,0.012500000000000011
D012,6,2,0.17,0.0,0.17,0.17,0.0,0,0.83,14.33,199.77,0.331,43.1,18.4,38.7,2214,64.4,5.8,6.3,18.2,603.6,16.2,3.2,120.7,8.6,69.8,5,37,0,rotating,northeast,False,True,-1.0699999999999998,-0.40000000000000036,0.10000000000000009,171.0,-0.009399999999999964
D012,7,2,0.44,0.15,0.44,0.3,0.3,0,2.07,14.13,220.4,0.3265,36.9,17.0,30.8,2651,73.0,3.2,5.4,21.9,675.1,18.3,4.6,168.8,9.8,25.6,4,37,0,rotating,northeast,False,True,-0.4200000000000004,0.5700000000000003,0.8999999999999995,231.0,0.013300000000000034
D012,8,2,0.35,0.53,0.18,0.18,0.35,3,2.98,14.9,196.6,0.3443,58.8,24.1,40.3,2076,38.4,4.2,6.2,17.1,571.1,15.4,3.1,114.2,7.8,100.0,5,37,0,rotating,northeast,False,True,0.98,1.120000000000001,0.10000000000000009,-142.0,0.026100000000000012
D012,9,2,0.96,0.64,0.16,0.32,0.0,2,2.57,14.28,205.41,0.3298,35.9,19.2,33.0,2678,67.2,6.4,6.1,22.1,622.8,19.8,4.0,124.6,9.2,39.1,5,37,0,rotating,northeast,False,True,0.6199999999999999,0.3199999999999985,0.6000000000000001,698.0,0.007299999999999973
D012,10,3,0.51,0.17,0.0,0.51,0.0,0,2.21,15.17,206.54,0.3505,73.8,32.7,35.5,2388,47.0,4.7,6.4,19.6,589.2,17.6,2.9,98.2,7.8,59.6,6,37,0,rotating,northeast,False,True,1.38,0.8399999999999999,-0.30000000000000027,174.0,0.019499999999999962
D012,11,3,0.31,0.31,0.16,0.31,0.0,1,1.72,12.54,184.92,0.2897,51.8,22.5,30.3,2670,61.0,7.0,6.4,22.0,638.4,16.8,4.2,159.6,9.8,53.8,4,37,0,rotating,northeast,False,True,-0.34999999999999987,-1.5900000000000016,-0.39999999999999947,19.0,-0.0368
D012,12,3,0.78,0.31,0.0,0.47,0.16,2,2.33,13.21,196.0,0.3051,55.7,25.6,38.2,3260,69.0,6.5,6.1,26.8,642.4,16.6,4.2,160.6,11.0,75.0,4,37,0,rotating,northeast,False,True,-0.6499999999999999,-1.6899999999999995,1.1,1184.0,-0.03920000000000001
D012,13,3,0.7,0.0,0.47,0.47,0.23,2,3.51,11.8,116.31,0.2725,48.2,22.0,27.8,1866,51.3,4.0,5.9,15.4,426.8,10.0,3.3,142.3,8.7,0.0,3,37,0,rotating,northeast,False,True,0.94,-2.4799999999999986,-0.7000000000000002,-812.0,-0.05729999999999996
D012,14,4,0.0,0.0,0.23,0.0,0.0,2,1.41,13.62,134.07,0.3147,57.0,26.3,33.3,2933,65.0,7.8,6.5,24.2,426.0,11.6,2.9,106.5,8.5,35.3,4,37,0,rotating,northeast,False,True,-0.8,-1.5500000000000007,0.0,545.0,-0.0358
D012,15,4,0.61,0.24,0.49,0.24,0.12,0,2.44,12.86,243.71,0.2971,44.2,21.6,37.9,2306,46.9,4.1,6.3,19.0,820.2,22.3,3.2,117.2,8.9,82.3,7,37,0,rotating,northeast,False,True,0.72,0.3200000000000003,-1.0,-364.0,0.007399999999999962
D012,16,4,0.73,0.0,0.0,0.36,0.0,1,2.36,13.39,170.15,0.3093,48.1,21.6,31.4,2367,44.0,5.2,6.2,19.5,550.1,13.8,3.5,137.5,8.2,15.2,4,37,0,rotating,northeast,False,True,0.029999999999999805,0.17999999999999972,-0.7000000000000002,-893.0,0.004200000000000037
D012,17,4,0.52,0.0,0.17,0.7,0.0,2,2.09,12.24,162.62,0.2828,37.4,18.5,34.3,2000,46.0,4.8,6.5,16.5,575.0,15.0,3.0,115.0,7.8,71.8,5,37,0,rotating,northeast,False,True,-1.42,0.4399999999999995,-0.2999999999999998,134.0,0.010299999999999976
D012,18,5,0.16,0.16,0.16,0.32,0.16,0,2.07,13.07,189.37,0.302,41.2,19.3,41.4,2251,58.0,5.0,6.1,18.5,627.0,17.1,3.4,125.4,8.8,63.6,5,37,0,rotating,northeast,False,True,0.6599999999999999,-0.5499999999999989,0.5,-682.0,-0.012699999999999989
D012,19,5,0.0,0.18,0.0,0.36,0.18,2,2.17,12.54,160.13,0.2896,37.9,22.3,29.5,2838,56.8,6.0,6.1,23.3,552.9,17.8,3.6,110.6,9.4,66.0,5,37,0,rotating,northeast,False,True,-0.27,-0.3200000000000003,0.3999999999999999,532.0,-0.007499999999999951
D012,20,5,0.64,0.38,0.13,0.13,0.13,4,1.66,14.11,255.16,0.3258,61.0,28.7,29.7,2692,61.3,5.8,6.1,22.2,783.1,22.6,3.8,130.5,9.3,50.0,6,37,0,rotating,northeast,False,True,-0.7,0.7199999999999989,0.2999999999999998,325.0,0.01649999999999996
D012,21,5,0.3,0.3,0.0,0.6,0.0,2,1.66,14.57,223.28,0.3366,51.7,25.2,34.0,2022,40.0,4.6,5.6,16.7,663.4,19.6,2.8,94.8,7.7,75.9,7,37,0,rotating,northeast,False,True,-0.42999999999999994,2.33,-0.20000000000000018,22.0,0.053800000000000014
D012,22,5,0.53,0.26,0.0,0.26,0.0,0,1.06,13.37,116.72,0.309,43.3,21.5,34.4,2170,45.3,3.3,5.2,17.9,377.8,11.5,3.8,125.9,8.7,61.5,3,37,0,rotating,northeast,False,True,-1.0099999999999998,0.29999999999999893,0.3999999999999999,-81.0,0.007000000000000006
D012,23,6,0.16,0.48,0.16,0.32,0.16,3,2.41,13.19,189.51,0.3046,42.6,20.9,28.8,2506,63.6,6.2,6.6,20.6,622.2,17.0,3.4,124.4,8.8,88.6,5,37,0,rotating,northeast,False,True,0.2400000000000002,0.6500000000000004,-0.20000000000000018,-332.0,0.014999999999999958
D012,24,6,0.4,0.0,0.0,0.2,0.2,0,1.98,11.02,128.44,0.2546,37.4,17.0,33.6,1888,39.0,4.5,6.8,15.6,504.5,12.0,3.0,126.1,8.0,31.2,4,37,0,rotating,northeast,False,True,0.32000000000000006,-3.09,-0.7999999999999998,-804.0,-0.07119999999999999
D012,25,6,0.15,0.3,0.0,0.45,0.15,0,2.53,12.92,200.23,0.2985,50.1,24.1,36.2,2214,66.4,6.4,5.8,18.3,670.8,17.4,3.5,134.2,9.0,37.8,5,37,0,rotating,northeast,False,True,0.8699999999999999,-1.6500000000000004,0.7000000000000002,192.0,-0.03810000000000002
D012,26,6,0.31,0.0,0.0,0.77,0.15,0,1.23,12.44,186.62,0.2875,40.1,18.3,31.6,1959,29.0,4.8,5.9,16.2,649.2,15.5,3.9,162.3,9.5,18.4,4,37,0,rotating,northeast,False,True,0.16999999999999993,-0.9299999999999997,0.10000000000000009,-211.0,-0.02150000000000002
D013,1,1,1.31,1.31,0.0,1.31,0.33,1,5.57,19.82,139.71,0.4578,81.1,29.3,30.4,2425,72.0,4.2,6.5,19.9,305.2,9.8,2.4,76.3,7.5,0.0,4,24,1,day,northeast,False,True,,,,,
D013,2,1,1.59,1.33,0.53,0.8,0.0,2,5.58,16.14,140.4,0.3729,69.4,22.5,39.1,2123,48.0,4.3,5.7,17.5,376.5,9.5,3.2,125.5,8.0,0.0,3,24,1,day,northeast,False,True,,,,,
D013,3,1,1.16,1.0,0.75,1.16,0.17,7,5.23,16.23,451.77,0.3749,47.6,16.3,34.5,2348,52.0,4.7,5.6,19.3,1204.9,30.2,4.3,172.1,8.7,0.0,7,24,1,day,northeast,False,True,,,,,
D013,4,1,1.59,0.66,0.66,0.66,0.53,3,5.96,17.16,299.19,0.3963,72.0,24.5,36.2,2113,48.7,4.3,5.8,17.4,754.9,19.3,3.2,125.8,8.2,0.0,6,24,1,day,northeast,False,True,,,,,
D013,5,1,1.68,0.56,0.9,0.9,0.34,7,6.61,16.04,330.61,0.3706,65.6,23.3,27.5,1969,48.7,3.5,5.5,16.2,892.2,23.5,3.9,148.7,9.3,0.0,6,24,1,day,northeast,False,True,1.04,-3.780000000000001,1.5,-456.0,-0.0872
D013,6,2,1.17,0.88,0.15,0.73,0.15,4,4.83,17.31,273.32,0.3998,69.0,21.8,31.0,2704,61.0,4.8,5.8,22.3,683.7,16.7,4.2,170.9,10.0,0.0,4,24,1,day,northeast,False,True,-0.75,1.1699999999999982,1.0,581.0,0.02689999999999998
D013,7,2,1.63,1.22,0.2,1.22,0.41,4,5.89,18.55,210.88,0.4284,77.1,23.9,35.1,2143,55.5,4.2,5.9,17.7,492.2,14.1,3.5,123.0,8.2,0.0,4,24,1,day,northeast,False,True,0.6599999999999993,2.3200000000000003,-0.7999999999999998,-205.0,0.05349999999999999
D013,8,2,0.7,1.39,0.35,0.87,0.35,0,5.23,19.1,253.27,0.4413,79.6,26.9,33.3,1776,40.8,4.0,6.1,14.6,573.9,16.1,3.2,114.8,7.4,0.0,5,24,1,day,northeast,False,True,-0.7299999999999995,1.9400000000000013,0.0,-337.0,0.04500000000000004
D013,9,2,1.2,0.66,0.4,0.53,0.27,1,4.52,15.07,262.0,0.348,48.3,20.5,38.5,1844,44.6,3.9,6.2,15.2,752.8,20.9,3.0,107.5,7.3,0.0,7,24,1,day,northeast,False,True,-2.0900000000000007,-0.9699999999999989,-0.8999999999999999,-125.0,-0.02260000000000001
D013,10,3,0.85,0.85,0.32,1.06,0.21,5,4.56,16.91,368.03,0.3905,91.4,31.3,36.2,2249,42.0,5.8,6.3,18.6,942.4,23.8,4.0,157.1,9.0,0.0,6,24,1,day,northeast,False,True,-0.27000000000000046,-0.3999999999999986,-0.20000000000000018,-455.0,-0.009299999999999975
D013,11,3,1.22,0.81,0.41,0.81,0.2,2,4.66,20.01,228.25,0.4623,84.2,32.3,37.6,2303,50.3,3.7,5.5,19.0,493.7,16.7,2.8,82.3,7.5,0.0,6,24,1,day,northeast,False,True,-1.2299999999999995,1.4600000000000009,-0.7000000000000002,160.0,0.033899999999999986
D013,12,3,1.48,1.24,0.62,1.11,0.25,2,5.81,18.35,342.9,0.4239,92.9,33.9,31.8,2680,66.3,7.0,6.4,22.1,809.0,24.6,4.1,134.8,10.3,0.0,6,24,1,day,northeast,False,True,0.5799999999999992,-0.75,0.8999999999999995,904.0,-0.017400000000000027
D013,13,3,1.47,1.32,0.59,0.29,0.59,5,5.58,17.95,282.17,0.4147,103.9,35.2,39.0,2390,48.0,6.0,6.2,19.7,680.4,19.2,3.2,113.4,8.5,0.0,6,24,1,day,northeast,False,True,1.0600000000000005,2.879999999999999,0.20000000000000018,546.0,0.06670000000000004
D013,14,4,1.48,1.48,0.54,0.94,0.27,11,6.47,15.42,264.38,0.3563,59.6,23.7,35.4,2307,49.3,4.8,5.7,19.0,742.0,19.9,3.3,123.7,8.3,0.0,6,24,1,day,northeast,False,True,1.9100000000000001,-1.4900000000000002,-0.7000000000000002,58.0,-0.03420000000000001
D013,15,4,1.4,1.86,1.09,1.55,0.31,6,8.23,16.63,247.42,0.3841,74.3,28.6,30.8,2215,59.7,5.0,6.0,18.2,644.1,19.8,3.3,107.4,8.5,0.0,6,24,1,day,northeast,False,True,3.5700000000000003,-3.3800000000000026,0.5,-88.0,-0.07819999999999999
D013,16,4,1.33,1.11,0.89,0.67,0.44,1,6.65,15.33,159.67,0.3542,66.6,22.3,30.5,2010,50.7,3.0,5.9,16.6,450.8,11.0,3.7,150.3,9.3,0.0,3,24,1,day,northeast,False,True,0.8400000000000007,-3.0200000000000014,-0.39999999999999947,-670.0,-0.06969999999999998
D013,17,4,0.22,0.87,1.09,0.44,0.44,3,4.15,14.86,157.29,0.3433,40.7,16.6,34.0,1522,27.0,3.8,6.1,12.5,458.2,11.8,3.0,114.5,7.0,0.0,4,24,1,day,northeast,False,True,-1.4299999999999997,-3.09,-0.20000000000000018,-868.0,-0.07140000000000002
D013,18,5,1.0,0.75,0.88,1.25,0.38,2,6.26,16.68,307.6,0.3852,75.0,26.8,37.5,2350,61.2,3.8,5.8,19.4,798.5,19.8,4.0,159.7,9.8,0.0,5,24,1,day,northeast,False,True,-0.20999999999999996,1.2599999999999998,0.7000000000000002,43.0,0.02889999999999998
D013,19,5,1.03,0.0,0.34,1.14,0.23,2,4.34,17.67,356.96,0.4081,86.3,29.4,36.7,1787,28.6,3.4,5.6,14.7,874.7,22.2,3.2,125.0,8.1,0.0,7,24,1,day,northeast,False,True,-3.8900000000000006,1.0400000000000027,-0.09999999999999964,-428.0,0.02400000000000002
D013,20,5,1.07,0.54,0.54,1.07,1.07,2,4.84,17.0,146.08,0.3926,85.5,31.1,42.2,2118,42.0,4.0,6.3,17.4,372.1,11.1,2.8,93.0,7.0,0.0,4,24,1,day,northeast,False,True,-1.8100000000000005,1.67,-0.9000000000000004,108.0,0.03839999999999999
D013,21,5,1.04,0.74,0.15,0.74,0.3,4,4.17,17.16,266.48,0.3964,66.8,27.0,34.8,2310,48.7,5.5,6.4,19.0,672.2,19.5,3.2,112.0,8.3,0.0,6,24,1,day,northeast,False,True,0.019999999999999574,2.3000000000000007,0.20000000000000018,788.0,0.05309999999999998
D013,22,5,0.77,0.9,0.26,0.9,0.39,4,4.5,15.52,278.98,0.3586,78.2,32.7,38.1,2953,63.3,6.3,6.3,24.3,778.0,21.8,3.6,129.7,9.0,0.0,6,24,1,day,northeast,False,True,-1.7599999999999998,-1.1600000000000001,-0.3999999999999999,603.0,-0.026600000000000013
D013,23,6,0.94,1.09,0.47,0.78,0.31,2,4.69,14.44,213.35,0.3337,60.2,23.2,30.5,1648,34.0,3.4,6.3,13.6,639.4,15.9,3.2,127.9,7.4,0.0,5,24,1,day,northeast,False,True,0.35000000000000053,-3.230000000000002,0.0,-139.0,-0.07440000000000002
D013,24,6,2.3,1.15,0.0,0.69,1.15,2,5.74,19.79,199.19,0.4572,86.6,33.5,36.8,2645,68.5,7.2,6.6,21.8,435.7,13.9,3.5,108.9,9.8,0.0,4,24,1,day,northeast,False,True,0.9000000000000004,2.789999999999999,0.7000000000000002,527.0,0.06459999999999999
D013,25,6,1.35,0.68,0.45,0.68,0.45,4,6.3,15.2,156.09,0.3512,104.2,30.7,42.0,2330,54.7,3.0,5.4,19.2,444.4,10.0,3.3,148.1,9.3,0.0,3,24,1,day,northeast,False,True,2.13,-1.9600000000000009,0.09999999999999964,20.0,-0.04519999999999996
D013,26,6,0.68,1.14,0.23,1.14,0.45,3,5.68,15.96,162.39,0.3687,40.3,19.0,36.8,1734,46.3,5.0,6.8,14.3,440.4,14.3,2.4,73.4,5.8,0.0,6,24,1,day,northeast,False,True,1.1799999999999997,0.4400000000000013,-1.2000000000000002,-1219.0,0.010100000000000053
D014,1,1,0.27,0.54,0.0,0.0,0.0,0,1.35,13.6,116.47,0.3142,31.8,15.2,34.0,1468,27.5,4.2,6.2,12.1,370.7,10.2,2.5,92.7,7.0,100.0,4,46,2,night,northeast,False,True,,,,,
D014,2,1,0.37,0.37,0.19,0.19,0.19,0,2.8,13.51,167.06,0.312,67.4,25.3,30.6,2364,48.8,5.2,6.2,19.4,535.5,14.1,2.8,107.1,8.0,100.0,5,46,2,night,northeast,False,True,,,,,
D014,3,1,0.31,0.62,0.15,0.46,0.0,1,2.46,14.68,220.37,0.3392,43.1,19.0,36.6,2184,39.7,4.2,5.9,18.0,649.7,17.7,2.9,108.3,8.0,100.0,6,46,2,night,northeast,False,True,,,,,
D014,4,1,0.12,0.25,0.37,0.25,0.12,2,2.0,13.4,247.72,0.3095,41.8,19.0,26.1,2083,48.7,5.0,5.9,17.2,800.5,20.4,3.4,133.4,8.7,100.0,6,46,2,night,northeast,False,True,,,,,
D014,5,2,0.49,0.0,0.16,0.33,0.0,2,1.32,13.15,184.55,0.3038,35.4,16.5,37.9,2610,42.5,5.0,5.8,21.5,607.4,16.6,4.1,151.8,9.8,100.0,4,46,2,night,northeast,False,True,-0.030000000000000027,-0.4499999999999993,1.5999999999999996,1142.0,-0.010399999999999965
D014,6,2,0.39,0.0,0.0,0.0,0.39,0,2.24,12.83,225.27,0.2965,49.5,20.6,37.1,1869,51.0,5.0,5.9,15.4,759.8,19.3,3.2,126.6,8.3,100.0,6,46,2,night,northeast,False,True,-0.5599999999999996,-0.6799999999999997,0.40000000000000036,-495.0,-0.015500000000000014
D014,7,2,0.81,0.4,0.4,0.2,0.0,0,2.22,14.71,168.21,0.3399,57.4,24.5,36.4,2070,48.4,4.6,6.6,17.1,494.9,13.5,2.7,99.0,7.8,100.0,5,46,2,night,northeast,False,True,-0.23999999999999977,0.030000000000001137,-0.19999999999999973,-114.0,0.0006999999999999784
D014,8,2,0.12,0.35,0.23,0.81,0.0,0,1.96,12.89,258.4,0.2977,36.8,15.4,32.4,2100,41.6,5.0,6.3,17.3,867.9,19.6,3.9,173.6,8.4,100.0,5,46,2,night,northeast,False,True,-0.040000000000000036,-0.5099999999999998,0.5,17.0,-0.011799999999999977
D014,9,2,0.0,0.22,0.66,0.66,0.22,0,2.43,14.55,151.81,0.336,40.1,20.5,40.1,2824,54.8,5.8,6.6,23.2,451.8,14.9,3.0,90.4,8.2,100.0,5,46,2,night,northeast,False,True,1.11,1.4000000000000004,-1.0999999999999996,214.0,0.032200000000000006
D014,10,3,0.58,0.58,0.0,0.58,0.29,1,2.32,12.59,100.07,0.2907,49.0,22.8,26.9,1590,23.3,3.0,5.6,13.1,344.2,8.4,2.8,114.7,7.0,100.0,3,46,2,night,northeast,False,True,0.07999999999999963,-0.2400000000000002,-0.40000000000000036,-279.0,-0.005799999999999972
D014,11,3,0.53,0.0,0.13,0.13,0.13,0,1.46,12.2,213.05,0.2819,42.0,21.6,32.9,2146,42.0,4.2,6.0,17.6,755.8,20.1,3.3,126.0,8.3,100.0,6,46,2,night,northeast,False,True,-0.7600000000000002,-2.5100000000000016,0.5999999999999996,76.0,-0.057999999999999996
D014,12,3,0.18,0.0,0.0,0.18,0.0,0,0.88,12.8,167.5,0.2957,31.6,16.4,39.4,1878,42.4,3.2,5.4,15.5,566.4,15.7,3.1,113.3,7.8,100.0,5,46,2,night,northeast,False,True,-1.08,-0.08999999999999986,-0.7999999999999998,-222.0,-0.0020000000000000018
D014,13,3,0.0,0.52,0.13,0.39,0.13,2,2.48,12.78,226.31,0.2952,33.4,17.6,31.1,2468,44.4,4.4,5.8,20.4,766.6,21.5,4.3,153.3,10.0,100.0,5,46,2,night,northeast,False,True,0.04999999999999982,-1.7700000000000014,1.2999999999999998,-356.0,-0.0408
D014,14,4,0.36,0.18,0.0,0.0,0.18,2,1.43,12.39,160.66,0.2862,28.7,14.8,36.1,1565,36.8,4.2,6.0,12.9,561.4,15.1,3.0,112.3,7.2,100.0,5,46,2,night,northeast,False,True,-0.8899999999999999,-0.1999999999999993,0.20000000000000018,-25.0,-0.004500000000000004
D014,15,4,0.3,0.74,0.45,0.6,0.0,0,3.13,14.17,219.91,0.3273,43.8,23.3,38.0,2148,51.4,3.7,6.1,17.7,671.8,21.1,3.0,96.0,7.4,100.0,7,46,2,night,northeast,False,True,1.67,1.9700000000000006,-0.2999999999999998,2.0,0.045399999999999996
D014,16,4,0.13,0.4,0.13,0.27,0.13,1,1.47,13.17,228.18,0.3042,41.0,21.6,33.9,2333,48.0,3.8,6.2,19.2,750.0,21.9,3.7,125.0,8.5,100.0,6,46,2,night,northeast,False,True,0.59,0.3699999999999992,0.6000000000000001,455.0,0.008500000000000008
D014,17,4,0.95,0.12,0.0,0.47,0.0,3,2.13,12.43,242.78,0.287,42.6,20.1,34.7,2469,51.6,6.8,6.7,20.3,845.8,21.6,4.3,169.2,10.2,100.0,5,46,2,night,northeast,False,True,-0.3500000000000001,-0.34999999999999964,0.0,1.0,-0.00820000000000004
D014,18,5,1.06,0.18,0.0,0.35,0.0,1,2.29,13.0,170.25,0.3002,40.2,19.6,42.8,2394,50.4,4.0,5.6,19.7,567.1,16.3,3.3,113.4,8.4,100.0,5,46,2,night,northeast,False,True,0.8600000000000001,0.6099999999999994,0.2999999999999998,829.0,0.014000000000000012
D014,19,5,0.38,0.0,0.13,0.0,0.0,0,1.01,12.52,230.1,0.2892,38.9,18.8,39.0,2265,49.7,5.0,6.2,18.6,795.6,20.6,3.4,132.6,8.3,100.0,6,46,2,night,northeast,False,True,-2.12,-1.6500000000000004,0.3999999999999999,117.0,-0.03809999999999997
D014,20,5,0.67,0.0,0.0,0.44,0.22,0,2.0,11.67,121.28,0.2695,42.6,15.4,43.4,2132,54.0,2.2,5.4,17.5,450.0,11.2,2.8,112.5,8.0,100.0,4,46,2,night,northeast,False,True,0.53,-1.5,-0.9000000000000004,-201.0,-0.03470000000000001
D014,21,5,0.15,0.46,0.31,0.31,0.0,1,2.17,12.25,182.67,0.283,47.2,25.2,34.0,2905,54.0,6.0,6.1,23.9,645.5,18.4,4.6,161.4,10.2,100.0,4,46,2,night,northeast,False,True,0.040000000000000036,-0.17999999999999972,0.2999999999999998,436.0,-0.0040000000000000036
D014,22,5,1.1,0.0,0.0,0.0,0.0,2,1.47,12.44,78.19,0.2874,49.2,24.3,27.1,1584,42.7,6.0,7.8,13.1,272.1,7.0,2.3,90.7,7.0,100.0,3,46,2,night,northeast,False,True,-0.8200000000000001,-0.5600000000000005,-1.0,-810.0,-0.012800000000000034
D014,23,6,0.0,0.41,0.14,0.14,0.14,1,1.09,12.64,213.42,0.292,42.6,19.8,37.9,2880,54.0,4.8,5.7,23.7,730.8,20.6,4.1,146.2,10.6,100.0,5,46,2,night,northeast,False,True,0.08000000000000007,0.120000000000001,0.6999999999999997,615.0,0.002799999999999969
D014,24,6,0.12,0.37,0.25,0.5,0.12,3,2.12,13.01,241.03,0.3004,47.5,21.7,33.5,2285,53.3,6.2,6.8,18.8,802.3,21.5,3.6,133.7,9.3,100.0,6,46,2,night,northeast,False,True,0.1200000000000001,1.3399999999999999,0.8000000000000003,153.0,0.030899999999999983
D014,25,6,0.3,0.2,0.3,0.3,0.1,1,1.98,12.87,300.88,0.2973,52.0,23.8,32.7,2612,56.3,5.7,6.2,21.5,1012.0,30.3,4.3,144.6,10.0,100.0,7,46,2,night,northeast,False,True,-0.18999999999999995,0.6199999999999992,-0.2999999999999998,-293.0,0.014300000000000035
D014,26,6,0.18,0.0,0.18,0.53,0.0,2,1.58,12.11,158.88,0.2798,37.0,19.5,37.3,2164,52.0,3.8,5.9,17.8,567.9,16.3,3.3,113.6,7.6,100.0,5,46,2,night,northeast,False,True,0.1100000000000001,-0.33000000000000007,1.0,580.0,-0.007599999999999996
D015,1,1,3.38,4.3,2.76,2.76,0.92,3,14.43,23.68,178.12,0.5471,82.6,24.9,38.5,2289,54.5,5.0,6.2,18.8,325.6,9.8,2.4,81.4,7.0,0.0,4,44,1,day,northeast,False,False,,,,,
D015,2,1,2.47,3.46,3.46,1.73,1.23,6,13.57,18.69,174.94,0.4317,54.2,14.7,39.3,1313,24.7,4.7,7.0,10.8,405.2,8.6,2.9,135.1,7.0,0.0,3,44,1,day,northeast,False,False,,,,,
D015,3,1,5.15,3.16,3.16,1.99,0.5,9,14.78,19.04,264.8,0.4397,40.9,11.0,36.5,1175,32.4,2.6,5.7,9.7,602.2,13.2,2.6,120.4,7.0,0.0,5,44,1,day,northeast,False,False,,,,,
D015,4,1,3.79,4.33,3.43,2.34,0.36,5,14.97,21.21,271.68,0.49,85.4,23.7,34.2,1965,50.0,4.6,5.9,16.2,554.5,14.4,2.9,110.9,7.8,0.0,5,44,1,day,northeast,False,False,,,,,
D015,5,2,3.58,3.75,2.55,1.53,0.68,6,12.94,22.15,300.46,0.5117,82.3,24.0,37.0,1906,40.8,4.2,6.4,15.7,587.2,16.4,3.3,117.4,9.0,0.0,5,44,1,day,northeast,False,False,-1.4900000000000002,-1.5300000000000011,0.8999999999999999,-383.0,-0.03539999999999999
D015,6,2,4.31,3.81,3.15,1.66,0.66,8,14.76,17.84,248.6,0.4122,65.7,17.4,28.7,2805,62.7,6.0,6.0,23.1,603.1,14.3,4.8,201.0,11.0,0.0,3,44,1,day,northeast,False,False,1.1899999999999995,-0.8500000000000014,1.9,1492.0,-0.019499999999999962
D015,8,2,6.05,5.9,2.72,2.12,0.15,9,17.39,20.91,319.36,0.4829,53.3,17.3,38.8,1670,34.9,3.6,6.1,13.7,661.3,19.4,2.8,94.5,6.9,0.0,7,44,1,day,northeast,False,False,2.610000000000001,1.870000000000001,0.19999999999999973,495.0,0.043200000000000016
D015,9,2,2.85,3.59,2.11,3.1,0.37,12,13.14,19.0,354.15,0.4388,47.9,15.0,33.1,2106,40.8,3.6,5.9,17.3,807.0,20.9,4.2,161.4,9.6,0.0,5,44,1,day,northeast,False,False,-1.83,-2.210000000000001,1.3000000000000003,141.0,-0.05119999999999997
D015,10,3,4.7,6.26,1.96,1.57,1.17,4,16.05,20.23,119.4,0.4673,58.7,20.1,33.3,2331,50.0,4.0,6.4,19.2,255.5,7.4,3.7,127.8,9.0,0.0,2,44,1,day,northeast,False,False,3.110000000000001,-1.9199999999999982,0.40000000000000036,425.0,-0.04440000000000005
D015,11,3,1.46,1.46,2.55,2.19,0.73,3,8.74,20.46,129.73,0.4726,68.9,23.7,46.3,1406,33.0,3.2,6.3,11.6,274.5,8.1,2.0,68.6,5.2,0.0,4,44,1,day,northeast,False,False,-6.02,2.620000000000001,-2.8,-1399.0,0.06040000000000001
D015,12,3,3.94,3.24,3.24,1.97,0.84,14,14.5,19.19,314.81,0.4433,59.8,19.5,33.5,2919,57.2,6.8,6.0,24.0,710.2,18.6,3.7,142.0,9.8,0.0,5,44,1,day,northeast,False,False,-2.8900000000000006,-1.7199999999999989,0.9000000000000004,1249.0,-0.03959999999999997
D015,13,3,3.35,3.16,3.55,1.78,0.99,2,14.01,21.3,249.36,0.492,75.7,24.5,31.4,2862,79.6,6.2,6.2,23.5,506.8,15.2,3.0,101.4,8.2,0.0,5,44,1,day,northeast,False,False,0.8699999999999992,2.3000000000000007,-1.2000000000000002,756.0,0.05319999999999997
D015,14,4,3.41,4.23,3.55,2.6,0.82,12,15.98,17.54,296.65,0.4052,64.2,19.1,32.1,1796,36.8,3.0,5.7,14.8,732.1,17.1,3.4,146.4,7.4,0.0,5,44,1,day,northeast,False,False,-0.07000000000000028,-2.6900000000000013,-0.30000000000000027,-535.0,-0.06209999999999999
D015,15,4,4.36,2.45,3.81,2.18,1.36,8,14.43,18.08,153.34,0.4176,55.1,17.6,43.0,2104,44.0,3.3,5.2,17.3,367.2,10.9,3.6,122.4,8.7,0.0,3,44,1,day,northeast,False,False,5.6899999999999995,-2.3800000000000026,1.6,698.0,-0.05499999999999999
D015,16,4,4.63,3.63,2.15,3.14,0.83,10,16.02,19.25,269.25,0.4448,65.5,20.2,34.6,2181,39.0,4.0,6.1,18.0,605.4,15.1,3.8,151.4,9.0,0.0,4,44,1,day,northeast,False,False,1.5199999999999996,0.05999999999999872,0.09999999999999964,-738.0,0.0014999999999999458
D015,17,4,3.63,3.37,3.37,2.07,1.3,15,15.54,18.36,327.49,0.4241,46.9,15.7,37.0,1534,35.2,3.4,5.8,12.7,772.2,20.0,4.0,154.4,8.4,0.0,5,44,1,day,northeast,False,False,1.5299999999999994,-2.9400000000000013,1.0,-1328.0,-0.06790000000000002
D015,18,5,3.26,3.26,3.39,2.44,0.68,8,13.44,18.52,315.01,0.4278,57.0,18.6,29.5,1948,47.4,4.9,6.4,16.0,736.4,18.9,2.7,105.2,7.1,0.0,7,44,1,day,northeast,False,False,-2.540000000000001,0.9800000000000004,-0.6999999999999997,152.0,0.02260000000000001
D015,19,5,3.99,2.99,2.0,2.5,1.5,11,14.47,16.85,233.96,0.3891,35.6,12.0,29.6,1676,38.0,5.0,6.7,13.8,601.2,15.7,3.9,150.3,8.8,0.0,4,44,1,day,northeast,False,False,0.040000000000000924,-1.2299999999999969,0.2999999999999998,-428.0,-0.028500000000000025
D015,20,5,4.93,4.52,1.85,3.49,1.44,7,16.83,19.56,220.12,0.4518,51.6,18.7,37.9,2402,41.0,3.0,5.2,19.7,487.2,14.4,3.6,121.8,8.8,0.0,4,44,1,day,northeast,False,False,0.8099999999999987,0.3099999999999987,-0.19999999999999973,221.0,0.007000000000000006
D015,21,5,4.15,2.33,1.82,2.46,0.52,10,12.19,19.56,348.26,0.4518,62.4,20.1,33.0,2463,63.7,6.0,6.4,20.3,770.9,20.3,3.4,128.5,8.8,0.0,6,44,1,day,northeast,False,False,-3.3499999999999996,1.1999999999999993,-0.6000000000000001,929.0,0.027700000000000002
D015,22,5,3.28,1.82,2.37,0.91,0.73,9,10.2,18.88,239.34,0.4361,62.8,19.5,46.2,1785,31.0,3.2,5.9,14.7,548.8,13.7,3.4,137.2,7.8,0.0,4,44,1,day,northeast,False,False,-3.24,0.35999999999999943,0.6999999999999997,-163.0,0.008299999999999974
D015,23,6,3.99,4.3,3.67,2.87,0.64,8,16.74,19.92,288.59,0.46,81.7,23.2,32.8,2337,45.7,5.0,6.1,19.3,627.3,18.2,3.0,104.6,8.7,0.0,6,44,1,day,northeast,False,False,2.269999999999998,3.0700000000000003,-0.8999999999999999,661.0,0.07090000000000002
D015,24,6,4.46,3.85,3.65,3.24,1.01,11,17.02,20.91,238.46,0.4831,64.4,22.3,23.1,2329,44.8,3.6,5.4,19.1,493.6,14.9,3.0,98.7,7.4,0.0,5,44,1,day,northeast,False,False,0.19000000000000128,1.3500000000000014,-0.6000000000000001,-73.0,0.031299999999999994
D015,25,6,2.77,5.22,3.69,2.15,1.23,11,16.29,19.64,295.33,0.4537,53.0,18.3,32.9,2174,48.0,3.8,5.6,17.9,650.9,18.4,3.7,130.2,9.2,0.0,5,44,1,day,northeast,False,False,4.1,0.08000000000000185,0.30000000000000027,-289.0,0.0019000000000000128
D015,26,6,4.5,3.49,3.71,2.25,0.56,11,15.87,18.52,380.13,0.4278,64.0,20.3,34.0,2051,47.3,5.5,6.7,16.9,888.5,23.2,3.9,148.1,8.7,0.0,6,44,1,day,northeast,False,False,5.67,-0.35999999999999943,0.5,266.0,-0.008299999999999974
D016,1,1,1.79,0.77,1.03,1.03,0.51,0,6.15,17.23,155.21,0.398,67.0,19.4,34.8,1189,26.7,5.3,7.0,9.8,390.0,8.1,2.7,130.0,7.7,0.0,3,28,0,day,southeast,True,False,,,,,
D016,2,1,1.57,0.84,0.96,1.33,0.12,4,5.9,17.33,332.15,0.4002,77.3,25.0,29.6,1835,31.3,3.7,5.5,15.2,829.9,20.3,3.4,138.3,8.3,0.0,6,28,0,day,southeast,True,False,,,,,
D016,3,1,1.98,1.08,0.72,1.17,0.54,6,6.02,15.46,397.2,0.3572,75.7,25.6,34.7,1393,29.4,4.0,5.6,11.6,1112.1,25.3,3.6,158.9,8.1,0.0,7,28,0,day,southeast,True,False,,,,,
D016,4,1,1.19,1.04,0.59,0.74,0.3,8,5.64,14.88,231.51,0.3438,51.2,16.0,35.0,1294,27.5,6.0,7.1,10.7,673.3,14.6,3.6,168.3,8.5,0.0,4,28,0,day,southeast,True,False,,,,,
D016,5,1,1.2,0.55,0.66,0.87,0.33,3,4.69,17.95,379.81,0.4146,75.4,25.1,38.5,1954,42.0,6.2,6.4,16.2,916.0,22.9,3.8,152.7,9.8,0.0,6,28,0,day,southeast,True,False,-1.46,0.7199999999999989,1.0999999999999996,765.0,0.016600000000000004
D016,6,2,2.0,0.63,1.5,0.38,0.38,5,6.13,16.58,306.1,0.3831,64.9,20.7,35.0,1178,22.8,2.8,5.9,9.8,799.0,17.6,3.5,159.8,7.6,0.0,5,28,0,day,southeast,True,False,0.22999999999999954,-0.75,0.10000000000000009,-657.0,-0.017100000000000004
D016,7,2,1.1,0.59,0.85,0.93,0.17,7,4.33,14.77,401.8,0.3411,55.4,17.4,34.8,1663,29.3,6.3,5.9,13.8,1177.9,26.6,4.4,196.3,10.0,0.0,6,28,0,day,southeast,True,False,-1.6899999999999995,-0.6900000000000013,0.8000000000000003,270.0,-0.016100000000000003
D016,8,2,1.66,0.66,0.99,1.32,0.0,1,5.63,20.95,146.13,0.484,102.8,32.4,34.8,1586,30.0,3.7,5.9,13.1,301.9,8.3,2.8,100.6,7.3,0.0,3,28,0,day,southeast,True,False,-0.009999999999999787,6.0699999999999985,-0.8000000000000003,292.0,0.1402
D016,9,2,1.13,1.34,1.24,0.62,0.21,4,6.08,15.78,353.61,0.3645,55.8,19.3,27.2,1604,26.8,4.2,5.7,13.3,970.1,22.6,4.5,194.0,9.4,0.0,5,28,0,day,southeast,True,False,1.3899999999999997,-2.17,0.7000000000000002,-350.0,-0.05010000000000003
D016,10,3,1.98,0.37,0.37,0.86,0.25,6,4.94,15.19,284.08,0.3508,57.9,21.4,39.0,1072,10.4,5.0,6.9,8.9,809.8,19.4,3.9,162.0,6.8,0.0,5,28,0,day,southeast,True,False,-1.1899999999999995,-1.3899999999999988,0.3999999999999999,-106.0,-0.032299999999999995
D016,11,3,1.73,1.12,0.86,0.86,0.09,7,5.87,13.97,373.67,0.3227,54.4,21.1,33.8,1538,24.7,5.7,6.4,12.7,1158.0,27.1,4.5,193.0,10.0,0.0,6,28,0,day,southeast,True,False,1.54,-0.7999999999999989,0.09999999999999964,-125.0,-0.018400000000000027
D016,12,3,2.19,1.02,1.02,0.73,0.29,6,6.71,13.75,217.86,0.3177,65.2,21.1,33.3,1069,12.4,2.8,6.2,8.8,685.7,16.3,3.3,137.1,7.2,0.0,5,28,0,day,southeast,True,False,1.08,-7.199999999999999,0.5,-517.0,-0.1663
D016,13,3,0.25,0.37,0.86,0.74,0.25,7,3.69,14.69,276.07,0.3394,81.0,26.8,36.9,1286,22.0,4.2,6.2,10.7,813.4,18.5,3.1,135.6,7.0,0.0,6,28,0,day,southeast,True,False,-2.39,-1.0899999999999999,-1.4,-318.0,-0.02510000000000001
D016,14,4,1.18,0.68,1.01,0.76,0.42,3,4.81,14.18,387.83,0.3276,56.0,21.4,34.2,1861,41.7,8.5,6.6,15.4,1184.0,27.5,4.6,197.3,10.5,0.0,6,28,0,day,southeast,True,False,-0.13000000000000078,-1.0099999999999998,0.6999999999999997,789.0,-0.0232
D016,15,4,1.92,0.18,0.64,0.73,0.09,10,4.85,14.76,372.74,0.3409,64.8,22.1,33.3,1534,24.0,5.5,6.3,12.7,1093.3,23.5,3.9,182.2,9.8,0.0,6,28,0,day,southeast,True,False,-1.0200000000000005,0.7899999999999991,-0.6000000000000001,-4.0,0.018199999999999994
D016,16,4,1.6,0.18,0.71,1.15,0.36,8,5.33,15.85,412.17,0.3661,72.1,26.0,33.0,1657,25.0,6.0,6.3,13.7,1125.9,26.9,4.5,187.6,9.2,0.0,6,28,0,day,southeast,True,False,-1.38,2.0999999999999996,1.2000000000000002,588.0,0.0484
D016,17,4,1.12,0.96,0.8,0.96,0.16,1,5.14,15.94,229.11,0.3681,85.4,30.4,40.5,1657,31.0,4.2,5.5,13.8,622.4,14.8,3.7,155.6,9.0,0.0,4,28,0,day,southeast,True,False,1.4499999999999997,1.25,0.6000000000000001,371.0,0.028700000000000003
D016,18,5,0.7,1.13,1.13,0.85,0.99,2,5.07,16.41,268.93,0.379,89.6,30.6,35.7,1533,27.0,3.5,5.5,12.7,709.5,17.1,2.8,118.2,7.7,0.0,6,28,0,day,southeast,True,False,0.2600000000000007,2.2300000000000004,-1.7999999999999998,-328.0,0.0514
D016,19,5,1.27,0.23,0.12,0.92,0.12,2,3.8,16.34,328.04,0.3774,82.9,27.2,36.6,1336,29.7,3.3,5.8,11.1,869.3,19.5,3.3,144.9,7.7,0.0,6,28,0,day,southeast,True,False,-1.0499999999999998,1.58,-0.6000000000000001,-198.0,0.03650000000000003
D016,20,5,2.04,0.96,1.08,1.08,0.24,3,6.48,14.0,269.55,0.3234,54.7,20.7,32.0,1716,39.2,5.6,6.2,14.2,833.5,19.2,3.8,166.7,9.0,0.0,5,28,0,day,southeast,True,False,1.1500000000000004,-1.8499999999999996,-0.7000000000000002,59.0,-0.04269999999999996
D016,21,5,1.94,0.86,0.22,0.22,0.0,2,3.66,15.43,165.51,0.3565,57.0,20.6,31.9,1831,35.3,5.0,5.6,15.2,464.3,10.8,3.6,154.8,9.3,0.0,3,28,0,day,southeast,True,False,-1.4799999999999995,-0.5099999999999998,-0.10000000000000009,174.0,-0.0116
D016,22,6,1.28,1.13,1.42,0.99,0.28,7,6.24,13.42,218.64,0.31,55.2,18.0,39.8,1468,37.0,5.2,5.9,12.2,705.2,15.9,4.0,176.3,9.8,0.0,4,28,0,day,southeast,True,False,1.17,-2.99,1.2000000000000002,-65.0,-0.069
D016,23,6,1.22,1.08,0.68,0.68,0.27,1,5.15,14.63,249.2,0.3379,63.5,23.9,34.6,1454,29.2,5.0,7.0,12.0,737.4,17.5,3.5,147.5,8.0,0.0,5,28,0,day,southeast,True,False,1.3500000000000005,-1.709999999999999,0.20000000000000018,118.0,-0.039500000000000035
D016,24,6,1.65,0.7,0.7,0.87,0.43,9,5.04,15.25,405.4,0.3523,62.5,22.0,34.7,1833,31.3,5.2,5.8,15.2,1150.7,27.2,4.5,191.8,10.8,0.0,6,28,0,day,southeast,True,False,-1.4400000000000004,1.25,0.7000000000000002,117.0,0.02889999999999998
D016,25,6,1.66,0.69,0.69,0.55,0.28,1,4.69,12.91,216.22,0.2983,54.2,19.4,35.0,1148,16.4,5.0,6.5,9.5,724.8,16.4,3.3,145.0,7.4,0.0,5,28,0,day,southeast,True,False,1.0300000000000002,-2.5199999999999996,-0.30000000000000027,-683.0,-0.058199999999999974
D016,26,6,0.98,0.85,0.73,0.37,0.0,4,4.51,12.75,241.3,0.2944,61.2,23.3,38.9,1194,28.4,2.6,5.4,9.9,819.6,16.8,3.4,163.9,7.8,0.0,5,28,0,day,southeast,True,False,-1.7300000000000004,-0.6699999999999999,-0.6000000000000001,-274.0,-0.015600000000000003
D017,1,1,2.13,0.27,0.8,0.8,0.27,4,4.53,16.71,144.95,0.3859,63.0,21.5,33.3,1718,28.0,7.0,6.0,14.3,375.6,8.9,4.5,187.8,11.0,0.0,2,44,0,day,southeast,True,False,,,,,
D017,2,1,1.55,0.89,1.22,1.11,0.22,5,5.86,15.99,333.89,0.3695,57.4,19.0,40.5,1286,22.0,5.2,6.2,10.7,903.7,20.8,3.5,150.6,9.0,0.0,6,44,0,day,southeast,True,False,,,,,
D017,3,1,2.52,0.44,0.66,0.44,0.33,6,5.47,14.7,310.37,0.3396,42.5,13.6,35.8,1169,16.5,6.2,6.8,9.7,914.0,18.8,4.7,228.5,8.8,0.0,4,44,0,day,southeast,True,False,,,,,
D017,4,1,0.55,1.39,0.83,0.83,0.42,4,4.85,16.35,272.56,0.3776,58.9,18.8,40.0,1394,23.0,4.2,6.5,11.6,721.8,16.7,4.2,180.5,10.0,0.0,4,44,0,day,southeast,True,False,,,,,
D017,5,2,1.16,0.74,0.21,1.05,0.32,5,4.43,15.51,339.87,0.3583,59.0,21.0,35.9,1779,40.0,4.2,6.2,14.7,948.6,22.3,3.7,158.1,9.7,0.0,6,44,0,day,southeast,True,False,-0.10000000000000053,-1.200000000000001,-0.7999999999999998,61.0,-0.027600000000000013
D017,6,2,2.1,0.32,0.49,0.65,0.32,3,4.2,19.5,278.63,0.4505,101.5,29.9,32.4,1697,33.5,5.2,6.5,14.1,618.5,15.2,3.8,154.6,9.8,0.0,4,44,0,day,southeast,True,False,-1.6600000000000001,3.51,0.2999999999999998,411.0,0.08100000000000002
D017,7,2,1.79,1.24,0.82,0.55,0.41,2,5.49,15.68,263.69,0.3622,63.3,20.3,36.9,1286,21.5,2.8,5.6,10.7,728.0,15.5,3.9,182.0,9.0,0.0,4,44,0,day,southeast,True,False,0.020000000000000462,0.9800000000000004,-0.8000000000000003,117.0,0.02260000000000001
D017,8,2,1.0,1.39,1.49,0.9,0.4,3,6.17,15.72,364.75,0.3632,62.2,20.7,34.7,1550,37.1,4.4,6.4,12.8,1004.4,25.2,3.6,143.5,8.3,0.0,7,44,0,day,southeast,True,False,1.3200000000000003,-0.6300000000000008,-0.6000000000000001,156.0,-0.014399999999999968
D017,9,3,1.33,0.0,0.0,0.38,0.38,3,3.61,12.5,151.95,0.2888,37.1,13.1,26.9,976,17.5,2.5,5.7,8.1,526.1,12.3,3.1,131.5,7.0,0.0,4,44,0,day,southeast,True,False,-0.8199999999999998,-3.01,-0.6000000000000001,-803.0,-0.0695
D017,10,3,1.72,0.79,1.19,0.4,0.13,6,5.82,13.41,234.0,0.3097,54.8,21.3,31.0,1306,24.5,3.8,5.3,10.9,755.5,17.0,4.3,188.9,9.5,0.0,4,44,0,day,southeast,True,False,1.62,-6.09,0.5,-391.0,-0.14080000000000004
D017,11,3,1.68,1.53,1.22,0.61,0.31,4,6.11,14.07,212.82,0.325,55.6,20.5,38.8,1729,36.0,4.2,6.3,14.3,654.8,14.5,3.6,163.7,9.8,0.0,4,44,0,day,southeast,True,False,0.6200000000000001,-1.6099999999999994,-0.2999999999999998,443.0,-0.03720000000000001
D017,12,3,1.01,0.76,1.51,0.76,0.25,1,6.29,13.28,121.81,0.3067,43.7,16.6,35.9,810,11.5,3.2,6.3,6.7,397.2,9.5,2.4,99.3,6.0,0.0,4,44,0,day,southeast,True,False,0.1200000000000001,-2.4400000000000013,-1.2000000000000002,-740.0,-0.05650000000000005
D017,13,3,1.11,1.11,1.11,0.63,0.0,3,4.75,14.69,214.44,0.3394,75.0,27.4,32.1,1472,11.0,5.2,6.6,12.2,631.9,15.3,3.8,158.0,10.0,0.0,4,44,0,day,southeast,True,False,1.1400000000000001,2.1899999999999995,0.6999999999999997,496.0,0.05059999999999998
D017,14,4,1.63,1.19,0.74,0.59,0.3,5,5.64,16.97,263.94,0.392,90.9,32.4,33.3,1481,31.6,3.2,5.6,12.3,673.4,17.6,3.5,134.7,8.8,0.0,5,44,0,day,southeast,True,False,-0.1800000000000006,3.5599999999999987,-0.7999999999999998,175.0,0.08230000000000004
D017,15,4,1.42,1.04,1.04,0.38,0.47,8,5.78,14.49,352.94,0.3346,64.6,22.9,36.9,1288,26.3,4.8,6.2,10.7,1054.8,24.1,4.0,175.8,9.2,0.0,6,44,0,day,southeast,True,False,-0.33000000000000007,0.41999999999999993,0.3999999999999999,-441.0,0.009599999999999997
D017,16,4,1.96,0.65,0.33,0.16,0.16,1,4.25,13.77,194.64,0.318,72.6,26.2,34.7,1355,30.0,4.8,5.9,11.3,612.0,13.3,3.3,153.0,7.5,0.0,4,44,0,day,southeast,True,False,-2.04,0.4900000000000002,0.8999999999999999,545.0,0.011300000000000032
D017,17,4,0.83,1.25,1.39,0.97,0.14,5,5.83,16.26,270.73,0.3756,63.8,24.7,36.4,1543,25.2,4.0,5.6,12.8,720.8,19.1,3.8,144.2,8.4,0.0,5,44,0,day,southeast,True,False,1.08,1.570000000000002,0.0,71.0,0.03620000000000001
D017,18,5,0.98,0.98,0.66,0.33,0.49,4,5.25,15.15,213.42,0.35,77.9,28.2,27.4,1286,21.6,4.6,6.5,10.6,609.8,14.1,2.8,122.0,6.2,0.0,5,44,0,day,southeast,True,False,-0.3899999999999997,-1.8199999999999985,-0.7000000000000002,-195.0,-0.04200000000000004
D017,19,5,1.55,0.72,1.07,0.6,0.36,8,5.48,14.17,274.59,0.3274,53.8,20.8,31.8,1794,35.0,4.0,5.5,14.9,838.8,20.3,5.1,209.7,11.0,0.0,4,44,0,day,southeast,True,False,-0.2999999999999998,-0.3200000000000003,1.0999999999999996,506.0,-0.007199999999999984
D017,20,5,1.29,0.65,0.65,1.42,0.65,4,5.18,14.37,256.36,0.3319,67.3,24.1,34.3,1588,37.0,6.2,6.6,13.2,772.4,17.7,4.4,193.1,9.8,0.0,4,44,0,day,southeast,True,False,0.9299999999999997,0.5999999999999996,1.1000000000000005,233.0,0.013899999999999968
D017,21,5,1.27,1.06,0.85,0.64,0.42,2,6.16,17.77,193.21,0.4105,87.4,30.6,33.7,1557,45.0,3.8,5.9,12.9,470.7,12.7,3.2,117.7,7.8,0.0,4,44,0,day,southeast,True,False,0.33000000000000007,1.509999999999998,-0.5999999999999996,14.0,0.03489999999999999
D017,22,5,1.76,1.32,1.23,1.15,0.26,4,6.96,14.02,367.61,0.3239,64.0,24.7,38.1,1740,32.0,6.7,6.3,14.4,1134.9,26.0,4.3,189.1,9.8,0.0,6,44,0,day,southeast,True,False,1.71,-1.1300000000000008,1.5,454.0,-0.026099999999999957
D017,23,6,0.95,0.8,0.64,1.11,0.32,1,4.93,17.88,259.6,0.413,93.5,31.4,32.5,1650,39.5,4.8,6.8,13.7,628.6,16.0,4.0,157.1,8.5,0.0,4,44,0,day,southeast,True,False,-0.5500000000000007,3.709999999999999,-1.0999999999999996,-144.0,0.08559999999999995
D017,24,6,1.36,0.87,1.48,0.37,0.62,4,5.32,13.91,259.92,0.3213,50.7,18.6,36.6,1504,24.8,3.4,5.4,12.4,808.9,18.7,3.7,161.8,8.8,0.0,5,44,0,day,southeast,True,False,0.14000000000000057,-0.4599999999999991,-0.7000000000000002,-84.0,-0.010599999999999998
D017,25,6,0.64,1.92,1.28,1.28,0.0,4,5.12,16.2,58.51,0.3741,48.9,21.5,29.0,1650,16.0,7.0,6.5,13.6,156.4,4.6,4.6,156.4,12.0,0.0,1,44,0,day,southeast,True,False,-1.04,-1.5700000000000003,1.3999999999999995,93.0,-0.03639999999999999
D017,26,6,1.17,0.97,0.78,1.17,0.19,4,5.65,13.94,165.19,0.3221,55.4,17.4,39.5,1496,28.0,3.3,5.6,12.4,512.9,10.7,3.6,171.0,8.0,0.0,3,44,0,day,southeast,True,False,-1.3099999999999996,-0.08000000000000007,-0.6999999999999997,-244.0,-0.0018000000000000238
D018,1,1,1.25,0.31,0.47,0.78,0.31,2,4.38,15.23,224.69,0.3518,55.3,18.7,35.0,1172,21.5,3.8,6.3,9.8,638.7,14.5,3.6,159.7,9.0,100.0,4,21,2,night,southeast,True,True,,,,,
D018,2,1,0.81,1.04,0.58,1.15,0.35,5,4.96,17.16,343.5,0.3963,83.5,25.5,32.4,1773,28.0,3.4,5.5,14.6,866.8,19.0,3.8,173.4,9.0,100.0,5,21,2,night,southeast,True,True,,,,,
D018,3,1,1.73,0.91,0.41,0.91,0.5,7,5.7,15.75,440.82,0.3639,71.1,23.3,35.8,1339,18.6,4.1,5.5,11.2,1211.3,27.1,3.9,173.0,9.0,100.0,7,21,2,night,southeast,True,True,,,,,
D018,4,1,1.82,1.37,0.3,0.3,0.15,2,5.47,15.83,240.73,0.3657,54.3,19.2,30.9,1502,27.2,2.8,5.4,12.4,658.2,16.5,3.3,131.6,8.2,100.0,5,21,2,night,southeast,True,True,,,,,
D018,5,2,1.03,1.03,0.57,0.92,0.11,4,4.93,15.3,308.62,0.3535,56.8,19.6,33.6,1241,16.0,3.2,5.8,10.3,873.0,19.7,3.3,145.5,7.7,100.0,6,21,2,night,southeast,True,True,0.5499999999999998,0.07000000000000028,-0.30000000000000027,69.0,0.0016999999999999793
D018,6,2,2.12,0.56,0.71,0.56,0.28,5,4.8,15.78,258.12,0.3644,59.3,18.2,31.2,1381,20.0,4.8,6.6,11.4,708.3,17.0,3.4,141.7,9.4,100.0,5,21,2,night,southeast,True,True,-0.16000000000000014,-1.3800000000000008,-0.3999999999999999,-392.0,-0.031899999999999984
D018,7,2,0.88,0.5,0.5,0.88,0.38,2,3.63,15.61,288.24,0.3605,55.6,18.4,25.2,1596,27.6,5.0,6.2,13.2,799.5,17.8,3.6,159.9,8.6,100.0,5,21,2,night,southeast,True,True,-2.0700000000000003,-0.14000000000000057,-0.2999999999999998,257.0,-0.003400000000000014
D018,8,2,0.48,1.43,0.48,1.43,0.0,0,4.29,16.26,78.82,0.3755,91.0,28.9,42.5,1798,28.0,10.0,7.5,14.9,209.9,4.6,4.6,209.9,12.0,100.0,1,21,2,night,southeast,True,True,-1.1799999999999997,0.4300000000000015,1.2999999999999998,296.0,0.009799999999999975
D018,9,2,0.42,0.21,0.21,0.64,0.21,0,2.12,18.43,201.09,0.4258,105.2,32.3,29.6,1515,31.0,4.0,6.0,12.5,472.2,11.1,2.8,118.0,7.2,100.0,4,21,2,night,southeast,True,True,-2.8099999999999996,3.129999999999999,-0.5,274.0,0.07230000000000003
D018,10,3,0.8,0.93,0.8,0.53,0.27,3,4.51,14.3,248.97,0.3303,42.9,17.4,38.9,1039,13.2,4.0,5.7,8.7,753.8,19.2,3.8,150.8,8.0,100.0,5,21,2,night,southeast,True,True,-0.29000000000000004,-1.4799999999999986,0.3999999999999999,-342.0,-0.03410000000000002
D018,11,3,1.16,0.43,0.87,0.87,0.29,3,4.49,16.59,264.86,0.3833,83.0,27.3,27.4,1418,19.6,3.4,6.3,11.7,691.1,15.7,3.1,138.2,6.6,100.0,5,21,2,night,southeast,True,True,0.8600000000000003,0.9800000000000004,-0.5,-178.0,0.022799999999999987
D018,12,3,2.17,0.64,0.38,0.89,0.51,7,5.87,15.88,287.64,0.3668,93.5,29.0,41.0,1748,36.4,4.0,5.6,14.4,784.1,17.3,3.5,156.8,8.8,100.0,5,21,2,night,southeast,True,True,1.58,-0.3800000000000008,-1.0999999999999996,-50.0,-0.008699999999999986
D018,13,3,0.52,1.04,0.69,1.04,0.52,2,5.54,15.09,201.39,0.3485,77.5,24.1,36.4,1651,24.0,5.2,6.3,13.7,577.8,14.8,3.7,144.4,8.5,100.0,4,21,2,night,southeast,True,True,3.42,-3.34,0.9000000000000004,136.0,-0.07730000000000004
D018,14,4,2.35,0.0,0.34,0.34,0.0,2,5.04,17.48,120.19,0.4039,93.7,29.5,40.5,838,7.3,3.3,5.9,7.0,297.6,6.8,2.3,99.2,6.7,100.0,3,21,2,night,southeast,True,True,0.5300000000000002,3.1799999999999997,-1.5,-201.0,0.0736
D018,15,4,1.86,0.8,0.8,0.8,0.0,1,5.31,16.45,143.22,0.3799,55.8,22.6,35.8,2010,34.0,5.7,6.8,16.6,377.0,10.5,3.5,125.7,8.3,100.0,3,21,2,night,southeast,True,True,0.8199999999999994,-0.14000000000000057,0.3999999999999999,592.0,-0.0033999999999999586
D018,16,4,1.33,0.67,0.13,0.27,0.13,2,3.6,16.68,289.0,0.3853,83.8,29.7,30.1,1834,38.8,5.0,6.0,15.2,750.1,18.7,3.7,150.0,9.0,100.0,5,21,2,night,southeast,True,True,-2.27,0.7999999999999989,0.20000000000000018,86.0,0.01849999999999996
D018,17,4,0.91,1.25,0.5,0.5,0.33,3,4.07,14.79,411.6,0.3417,60.2,22.6,38.0,2112,47.7,4.7,5.5,17.4,1204.7,29.0,4.8,200.8,10.3,100.0,6,21,2,night,southeast,True,True,-1.4699999999999998,-0.3000000000000007,1.0999999999999996,461.0,-0.006799999999999973
D018,18,5,1.29,1.29,0.47,0.82,0.82,4,5.5,16.45,324.92,0.3799,71.3,26.4,35.7,1275,23.3,4.8,6.6,10.6,855.2,22.2,3.7,142.5,9.3,100.0,6,21,2,night,southeast,True,True,0.45999999999999996,-1.0300000000000011,1.4000000000000004,437.0,-0.023999999999999966
D018,19,5,1.26,0.42,0.63,0.21,0.32,6,3.9,15.74,345.02,0.3635,77.3,26.4,36.0,1860,40.0,7.0,6.2,15.4,949.2,21.9,4.4,189.8,11.0,100.0,5,21,2,night,southeast,True,True,-1.4099999999999997,-0.7099999999999991,0.9000000000000004,-150.0,-0.016400000000000026
D018,20,5,2.65,2.27,0.76,1.13,0.0,5,8.69,14.19,86.74,0.3278,73.1,21.4,46.7,518,4.0,1.5,4.4,4.3,264.6,4.6,2.3,132.3,6.0,100.0,2,21,2,night,southeast,True,True,5.09,-2.49,-1.4000000000000004,-1316.0,-0.057499999999999996
D018,21,5,1.41,0.9,0.77,1.03,0.0,2,4.87,13.94,251.19,0.3221,64.2,22.0,34.0,1210,24.7,3.3,5.9,10.1,779.8,17.4,2.9,130.0,7.5,100.0,6,21,2,night,southeast,True,True,0.7999999999999998,-0.8499999999999996,-1.9,-902.0,-0.019600000000000006
D018,22,5,1.31,0.99,0.55,1.31,0.33,6,5.8,15.08,318.27,0.3484,53.9,20.0,34.0,1375,30.8,5.0,6.6,11.4,913.6,21.3,4.3,182.7,9.4,100.0,5,21,2,night,southeast,True,True,0.2999999999999998,-1.3699999999999992,0.5999999999999996,100.0,-0.03150000000000003
D018,23,6,1.34,0.67,0.67,1.0,0.25,3,5.52,14.72,406.47,0.34,61.4,21.2,37.5,1677,23.7,4.8,6.1,13.9,1195.6,26.3,4.4,199.3,9.8,100.0,6,21,2,night,southeast,True,True,1.6199999999999997,-1.0199999999999996,0.0,-183.0,-0.023499999999999965
D018,24,6,1.35,1.55,0.97,0.97,0.0,3,5.42,14.43,172.28,0.3334,44.8,17.7,34.1,1406,24.0,5.7,6.2,11.7,516.8,12.4,4.1,172.3,9.0,100.0,3,21,2,night,southeast,True,True,-3.2699999999999996,0.2400000000000002,1.7999999999999998,888.0,0.005599999999999994
D018,25,6,1.0,0.78,0.44,0.67,0.33,2,4.44,15.16,315.08,0.3501,56.4,21.3,33.5,1624,33.6,5.2,6.0,13.4,900.0,21.5,4.3,180.0,9.4,100.0,5,21,2,night,southeast,True,True,-0.4299999999999997,1.2200000000000006,1.4,414.0,0.028000000000000025
D018,26,6,0.74,0.42,0.95,0.85,0.42,3,4.24,14.58,317.79,0.3367,70.2,23.8,35.0,925,18.0,4.5,6.2,7.7,943.8,20.3,3.4,157.3,7.5,100.0,6,21,2,night,southeast,True,True,-1.5599999999999996,-0.5,-0.8999999999999999,-450.0,-0.011699999999999988
D019,1,1,0.53,0.21,0.11,0.21,0.21,2,1.58,12.45,273.53,0.2877,35.3,14.8,37.2,1809,26.7,5.2,6.4,15.0,950.8,24.1,4.0,158.5,8.8,0.0,6,36,0,day,southeast,False,True,,,,,
D019,2,1,1.14,0.29,0.14,0.43,0.14,2,3.0,12.83,207.37,0.2965,30.5,13.7,38.6,1545,23.5,5.8,6.1,12.8,699.5,17.3,4.3,174.9,10.2,0.0,4,36,0,day,southeast,False,True,,,,,
D019,3,1,0.57,0.28,0.0,0.19,0.09,2,1.89,12.49,304.6,0.2885,33.5,14.2,37.3,1291,27.4,4.4,6.2,10.7,1055.8,23.7,3.4,150.8,7.1,0.0,7,36,0,day,southeast,False,True,,,,,
D019,4,1,0.15,0.61,0.46,0.46,0.0,1,2.92,12.81,192.65,0.296,31.3,13.7,32.6,1160,15.0,2.5,5.6,9.6,650.8,16.4,2.7,108.5,7.2,0.0,6,36,0,day,southeast,False,True,,,,,
D019,5,1,0.6,0.6,0.4,0.0,0.2,1,2.01,13.27,152.83,0.3065,46.5,19.2,24.8,984,15.0,3.0,5.3,8.2,498.7,11.6,2.9,124.7,6.5,0.0,4,36,0,day,southeast,False,True,0.4299999999999997,0.8200000000000003,-1.1,-825.0,0.018799999999999983
D019,6,2,0.1,0.31,0.0,0.31,0.0,0,0.93,12.72,284.64,0.2939,36.7,15.0,33.9,1502,32.3,5.2,6.0,12.5,968.6,24.3,4.1,161.4,9.0,0.0,6,36,0,day,southeast,False,True,-2.07,-0.10999999999999943,-0.20000000000000018,-43.0,-0.002599999999999991
D019,7,2,0.27,0.55,0.82,0.27,0.0,0,1.92,13.73,115.75,0.3171,57.7,22.6,28.0,1871,36.0,4.5,6.1,15.5,365.0,8.5,4.2,182.5,12.0,0.0,2,36,0,day,southeast,False,True,0.030000000000000027,1.2400000000000002,0.8000000000000003,580.0,0.028600000000000014
D019,8,2,0.65,0.28,0.0,0.18,0.0,2,1.94,12.4,310.44,0.2864,31.0,11.7,38.9,1188,18.0,2.0,5.2,9.8,1084.1,24.2,3.5,154.9,7.4,0.0,7,36,0,day,southeast,False,True,-0.98,-0.41000000000000014,0.7999999999999998,28.0,-0.009599999999999997
D019,9,2,0.65,0.22,0.43,0.54,0.0,2,2.39,12.26,260.54,0.2832,37.9,14.9,32.6,1316,24.0,4.8,5.6,11.0,920.0,18.6,4.6,230.0,9.5,0.0,4,36,0,day,southeast,False,True,0.38000000000000034,-1.0099999999999998,1.6999999999999997,332.0,-0.023299999999999987
D019,10,3,0.27,0.27,0.27,0.0,0.0,2,1.22,10.46,177.57,0.2416,27.8,12.8,34.6,1327,35.6,5.8,6.6,11.0,734.9,15.6,3.1,147.0,7.2,0.0,5,36,0,day,southeast,False,True,0.2899999999999999,-2.26,-0.9999999999999996,-175.0,-0.052299999999999985
D019,11,3,0.59,0.15,0.0,0.29,0.0,1,2.2,10.84,171.06,0.2505,37.1,17.0,37.9,1335,26.8,5.2,6.7,11.1,682.9,15.2,3.0,136.6,8.0,0.0,5,36,0,day,southeast,False,True,0.28000000000000025,-2.8900000000000006,-1.2000000000000002,-536.0,-0.06659999999999999
D019,12,3,0.16,0.32,0.32,0.0,0.16,1,1.94,12.2,174.17,0.2817,48.6,22.3,33.8,1697,28.0,7.5,6.6,14.1,618.2,14.9,3.7,154.6,9.0,0.0,4,36,0,day,southeast,False,True,0.0,-0.20000000000000107,0.20000000000000018,509.0,-0.004699999999999982
D019,13,3,0.41,0.17,0.08,0.33,0.17,2,1.83,11.65,324.42,0.2692,45.0,20.2,38.7,1551,40.3,5.6,6.2,12.9,1205.0,27.5,3.9,172.1,8.6,0.0,7,36,0,day,southeast,False,True,-0.56,-0.6099999999999994,-0.6999999999999997,235.0,-0.014000000000000012
D019,14,4,0.16,0.32,0.0,0.16,0.16,1,1.59,11.89,172.95,0.2747,46.9,22.9,33.3,1635,19.0,8.5,7.4,13.5,629.6,15.3,3.8,157.4,9.8,0.0,4,36,0,day,southeast,False,True,0.3700000000000001,1.4299999999999997,0.6999999999999997,308.0,0.03309999999999999
D019,15,4,1.1,0.22,0.22,0.22,0.0,1,2.42,13.13,137.88,0.3033,56.3,24.8,37.3,2065,34.0,8.3,6.1,17.2,454.6,11.0,3.7,151.5,11.0,0.0,3,36,0,day,southeast,False,True,0.21999999999999975,2.290000000000001,0.7000000000000002,730.0,0.052800000000000014
D019,16,4,0.16,1.09,0.0,0.47,0.31,2,3.1,10.84,161.58,0.2505,28.5,13.4,41.4,1053,25.5,3.8,6.0,8.7,645.1,14.5,3.6,161.3,7.8,0.0,4,36,0,day,southeast,False,True,1.1600000000000001,-1.3599999999999994,-0.10000000000000009,-644.0,-0.031200000000000006
D019,17,4,0.66,0.83,0.0,0.33,0.33,2,2.82,10.83,150.96,0.2501,37.5,14.7,26.8,567,8.0,3.0,6.0,4.7,603.5,12.5,3.1,150.9,6.5,0.0,4,36,0,day,southeast,False,True,0.9899999999999998,-0.8200000000000003,-0.7999999999999998,-984.0,-0.019100000000000006
D019,18,5,0.54,0.13,0.0,0.67,0.0,4,2.55,11.43,196.95,0.2641,32.7,16.0,28.7,1677,28.4,6.0,6.9,13.9,745.8,19.0,3.8,149.2,8.0,0.0,5,36,0,day,southeast,False,True,0.9599999999999997,-0.46000000000000085,0.0,42.0,-0.010599999999999998
D019,19,5,0.15,0.77,0.15,0.62,0.31,4,3.08,11.9,178.59,0.275,36.0,15.1,41.9,762,7.0,2.5,5.7,6.3,649.5,13.5,2.3,108.2,5.7,0.0,6,36,0,day,southeast,False,True,0.6600000000000001,-1.2300000000000004,-1.4000000000000004,-1303.0,-0.028299999999999992
D019,20,5,0.1,0.21,0.21,0.1,0.1,2,1.15,11.43,252.39,0.2639,55.6,23.7,26.2,1968,42.0,5.8,6.0,16.3,956.3,19.9,4.0,191.3,9.2,0.0,5,36,0,day,southeast,False,True,-1.9500000000000002,0.5899999999999999,0.3999999999999999,915.0,0.013400000000000023
D019,21,5,0.47,0.47,0.0,0.35,0.0,1,2.35,11.43,224.97,0.264,33.4,13.5,31.9,1248,22.4,4.0,5.9,10.4,852.3,20.3,4.1,170.5,8.4,0.0,5,36,0,day,southeast,False,True,-0.46999999999999975,0.5999999999999996,0.9999999999999996,681.0,0.013900000000000023
D019,22,5,0.95,0.12,0.12,0.36,0.12,4,2.25,11.84,230.42,0.2735,40.7,16.9,32.6,1540,33.7,4.7,5.9,12.7,842.6,18.1,3.0,140.4,7.8,0.0,6,36,0,day,southeast,False,True,-0.2999999999999998,0.41000000000000014,-0.7999999999999998,-137.0,0.00940000000000002
D019,23,6,0.17,0.34,0.0,0.0,0.0,0,0.85,13.62,185.79,0.3146,59.1,24.2,37.4,2137,32.7,4.3,5.5,17.7,590.5,13.7,4.6,196.8,11.3,0.0,3,36,0,day,southeast,False,True,-2.23,1.7199999999999989,2.3,1375.0,0.03959999999999997
D019,24,6,0.55,0.14,0.0,0.0,0.14,1,1.65,12.02,201.66,0.2778,48.6,20.8,37.9,1508,36.0,4.6,6.2,12.5,726.0,16.5,3.3,145.2,9.0,0.0,5,36,0,day,southeast,False,True,0.5,0.5899999999999999,-0.7000000000000002,-460.0,0.013899999999999968
D019,25,6,0.1,0.2,0.1,0.31,0.1,3,1.23,12.15,274.82,0.2806,45.6,21.0,28.6,1748,37.7,7.0,6.6,14.5,979.3,22.9,3.8,163.2,10.0,0.0,6,36,0,day,southeast,False,True,-1.12,0.7200000000000006,-0.2999999999999998,500.0,0.016600000000000004
D019,26,6,0.57,0.48,0.0,0.29,0.1,1,2.11,10.71,258.37,0.2473,42.7,17.7,35.2,1216,14.3,3.3,5.7,10.2,1044.8,22.1,3.7,174.1,8.3,0.0,6,36,0,day,southeast,False,True,-0.14000000000000012,-1.129999999999999,0.7000000000000002,-324.0,-0.02620000000000003
D020,1,1,1.22,1.36,0.86,0.5,0.14,10,6.02,13.52,435.57,0.3122,36.2,10.7,32.5,701,9.7,3.3,6.4,5.9,1395.1,23.4,3.9,232.5,7.8,0.0,6,39,1,day,midwest,False,False,,,,,
D020,2,1,2.47,0.47,1.04,1.14,0.09,6,6.45,13.9,338.39,0.3211,53.4,16.3,31.1,1140,22.8,3.6,6.0,9.5,1053.7,19.2,3.8,210.7,9.0,0.0,5,39,1,day,midwest,False,False,,,,,
D020,3,1,1.69,1.29,1.29,0.79,0.5,7,6.55,15.18,353.45,0.3507,60.7,18.9,28.7,954,12.0,4.5,6.7,7.9,1007.8,20.0,3.3,168.0,8.0,0.0,6,39,1,day,midwest,False,False,,,,,
D020,4,1,1.15,0.82,0.99,0.33,0.16,12,5.61,13.23,370.78,0.3056,44.2,12.1,34.5,526,6.4,1.8,5.5,4.4,1213.1,18.6,3.7,242.6,7.0,0.0,5,39,1,day,midwest,False,False,,,,,
D020,5,1,3.02,1.06,0.71,1.06,0.71,6,7.98,14.08,183.37,0.3254,38.4,10.9,37.2,1020,15.5,3.5,6.4,8.5,563.6,9.8,2.4,140.9,7.2,0.0,4,39,1,day,midwest,False,False,1.9600000000000009,0.5600000000000005,-1.5,319.0,0.013200000000000045
D020,6,2,2.18,1.85,1.09,0.44,0.22,10,7.95,13.45,285.38,0.3106,47.2,13.8,34.8,955,14.0,3.2,6.8,7.9,918.8,15.8,3.2,183.8,6.8,0.0,5,39,1,day,midwest,False,False,1.5,-0.45000000000000107,-0.5999999999999996,-185.0,-0.01050000000000001
D020,7,2,2.42,1.21,1.37,0.97,0.4,9,7.73,12.74,365.35,0.2943,29.8,8.1,33.0,862,20.0,3.0,5.6,7.2,1241.4,21.2,4.2,248.3,7.6,0.0,5,39,1,day,midwest,False,False,1.1800000000000006,-2.4399999999999995,0.9000000000000004,-92.0,-0.056400000000000006
D020,8,2,2.28,1.46,1.64,1.0,0.46,11,9.11,13.31,337.35,0.3074,48.0,13.1,34.4,780,16.4,2.8,6.4,6.5,1097.6,17.0,3.4,219.5,7.8,0.0,5,39,1,day,midwest,False,False,3.499999999999999,0.08000000000000007,-0.30000000000000027,254.0,0.0018000000000000238
D020,9,2,2.65,1.39,1.01,1.52,0.13,9,10.1,13.68,250.2,0.3159,25.0,8.3,31.0,1150,14.0,5.7,7.0,9.6,791.9,15.1,5.0,264.0,10.7,0.0,3,39,1,day,midwest,False,False,2.119999999999999,-0.40000000000000036,2.6,130.0,-0.009500000000000008
D020,10,3,3.01,1.37,1.64,1.1,0.27,11,10.23,12.54,317.32,0.2898,40.7,12.7,38.1,678,14.4,3.6,6.0,5.7,1095.1,18.6,3.7,219.0,8.6,0.0,5,39,1,day,midwest,False,False,2.2800000000000002,-0.9100000000000001,0.5,-277.0,-0.020799999999999985
D020,11,3,2.84,2.37,1.66,1.19,0.24,4,9.95,11.85,115.45,0.2737,40.1,12.3,31.2,630,4.0,2.5,6.4,5.2,421.9,6.4,3.2,211.0,7.0,0.0,2,39,1,day,midwest,False,False,2.219999999999999,-0.8900000000000006,-1.0,-232.0,-0.020600000000000007
D021,1,1,2.69,4.88,2.19,1.85,1.35,9,13.79,19.73,271.01,0.4558,71.2,21.3,34.5,2737,60.0,7.8,6.5,22.6,594.6,14.9,3.7,148.6,9.0,75.0,4,61,2,rotating,northeast,False,True,,,,,
D021,2,1,4.24,4.24,2.42,2.57,1.21,8,15.73,20.66,315.43,0.4772,61.9,18.3,32.8,2502,61.0,3.5,5.6,20.6,661.0,17.0,4.2,165.2,9.8,38.5,4,61,2,rotating,northeast,False,True,,,,,
D021,3,1,3.55,3.29,2.63,2.5,0.66,15,14.35,22.27,390.71,0.5144,77.2,21.6,39.4,2719,67.0,7.0,6.8,22.4,759.6,21.0,3.5,126.6,9.5,29.8,6,61,2,rotating,northeast,False,True,,,,,
D021,4,1,2.66,3.28,2.46,2.05,0.2,4,13.12,19.39,218.5,0.4478,39.4,11.5,38.5,1443,30.5,3.8,6.2,11.9,487.9,11.6,2.9,122.0,6.8,48.1,4,61,2,rotating,northeast,False,True,,,,,
D021,5,1,2.51,3.98,2.93,2.93,0.42,9,13.39,17.75,195.93,0.41,50.3,15.6,38.4,1768,44.0,3.7,6.4,14.6,477.9,11.1,3.7,159.3,8.0,54.2,3,61,2,rotating,northeast,False,True,-0.3999999999999986,-1.9800000000000004,0.0,-969.0,-0.04580000000000001
D021,6,2,2.98,2.64,1.84,1.61,1.03,10,11.59,19.82,398.87,0.4579,45.2,12.6,32.8,2068,44.0,3.5,5.5,17.1,871.1,22.1,3.7,145.2,9.2,50.9,6,61,2,rotating,northeast,False,True,-4.140000000000001,-0.8399999999999999,-0.5,-434.0,-0.01930000000000004
D021,7,2,3.15,4.72,3.15,2.29,1.43,13,16.02,20.42,329.84,0.4717,55.7,16.2,35.0,2451,43.6,3.6,6.0,20.2,699.3,19.3,3.9,139.9,9.0,62.2,5,61,2,rotating,northeast,False,True,1.67,-1.8499999999999979,0.3999999999999999,-268.0,-0.04269999999999996
D021,8,2,1.79,4.89,0.98,2.94,0.98,7,12.23,21.04,297.87,0.4859,64.1,22.9,33.3,2335,42.0,4.8,6.3,19.2,613.0,20.1,3.3,102.2,8.5,70.6,6,61,2,rotating,northeast,False,True,-0.8899999999999988,1.6499999999999986,0.3999999999999999,892.0,0.03810000000000002
D021,9,3,2.81,4.78,2.53,2.81,1.13,6,15.48,17.84,146.43,0.4121,75.5,21.4,49.4,1525,32.7,3.0,5.8,12.6,355.3,8.2,2.7,118.4,8.7,26.9,3,61,2,rotating,northeast,False,True,2.09,0.08999999999999986,-1.0,-243.0,0.0021000000000000463
D021,10,3,3.85,2.82,2.18,2.31,0.51,6,11.93,17.62,317.42,0.407,58.6,20.8,38.3,2350,62.0,5.3,6.2,19.4,779.8,20.9,3.5,130.0,8.8,81.1,6,61,2,rotating,northeast,False,True,0.33999999999999986,-2.1999999999999993,-0.20000000000000018,282.0,-0.0509
D021,11,3,2.24,2.93,2.07,2.58,1.21,6,12.39,17.12,229.71,0.3954,50.3,16.7,38.1,1786,42.5,4.0,5.9,14.8,580.9,14.4,3.6,145.2,9.2,56.8,4,61,2,rotating,northeast,False,True,-3.629999999999999,-3.3000000000000007,-0.2999999999999998,-665.0,-0.07630000000000003
D021,12,3,4.38,3.91,2.35,2.19,0.47,11,14.41,18.6,274.43,0.4297,58.5,19.5,37.2,2150,34.0,4.0,5.9,17.7,638.6,16.7,4.2,159.7,9.2,56.8,4,61,2,rotating,northeast,False,True,2.1799999999999997,-2.4399999999999977,0.9000000000000004,-185.0,-0.05619999999999997
D021,13,3,4.26,4.26,1.02,2.44,1.42,5,13.6,22.21,252.69,0.513,67.5,22.1,34.9,2550,41.6,7.2,7.5,21.0,492.6,14.9,3.0,98.5,7.8,25.6,5,61,2,rotating,northeast,False,True,-1.8800000000000008,4.370000000000001,0.2999999999999998,1025.0,0.10089999999999999
D021,14,4,4.07,4.26,1.48,2.96,0.74,3,15.0,20.23,252.37,0.4673,67.0,22.8,27.6,2182,58.3,3.2,5.5,17.9,540.1,15.6,2.6,90.0,7.2,60.5,6,61,2,rotating,northeast,False,True,3.0700000000000003,2.6099999999999994,-0.8999999999999999,-168.0,0.06030000000000002
D021,15,4,3.21,4.62,2.81,2.61,1.21,11,16.07,22.2,255.23,0.5128,87.3,26.4,31.3,3175,76.0,5.5,6.0,26.1,497.7,14.0,3.5,124.4,9.0,66.7,4,61,2,rotating,northeast,False,True,3.6799999999999997,5.079999999999998,-0.10000000000000009,1389.0,0.11740000000000006
D021,16,4,2.79,4.66,2.26,3.19,1.2,11,15.03,21.66,376.11,0.5003,78.0,24.8,31.5,2599,58.7,6.0,6.4,21.4,751.8,21.5,3.6,125.3,9.8,44.1,6,61,2,rotating,northeast,False,True,0.6199999999999992,3.0599999999999987,-0.6000000000000001,449.0,0.07059999999999994
D021,17,4,3.48,4.65,1.74,2.32,0.44,10,13.65,19.19,305.38,0.4434,52.8,18.2,33.6,2208,38.0,4.6,5.8,18.2,688.8,19.0,3.8,137.8,9.0,75.6,5,61,2,rotating,northeast,False,True,0.05000000000000071,-3.0199999999999996,0.7999999999999998,-342.0,-0.0696
D021,18,5,2.43,4.43,1.71,2.57,1.14,12,13.42,20.77,336.01,0.4797,72.1,24.5,35.5,2396,54.0,6.0,6.2,19.8,700.4,20.6,3.4,116.7,9.0,38.9,6,61,2,rotating,northeast,False,True,-1.58,0.5399999999999991,0.7999999999999998,214.0,0.012400000000000022
D021,19,5,1.56,3.51,2.34,2.47,0.39,6,11.17,20.38,362.37,0.4707,73.4,25.1,38.2,2402,69.7,6.1,6.7,19.8,769.8,22.6,3.2,110.0,7.9,45.5,7,61,2,rotating,northeast,False,True,-4.9,-1.8200000000000003,-0.2999999999999998,-773.0,-0.042100000000000026
D021,20,5,3.26,2.11,3.07,2.49,0.77,7,12.28,22.18,267.04,0.5124,91.4,29.2,39.0,2400,49.7,4.3,5.7,19.7,521.1,15.4,2.6,86.9,7.3,65.9,6,61,2,rotating,northeast,False,True,-2.75,0.5199999999999996,-1.0,-199.0,0.0121
D021,21,5,4.18,3.78,2.56,3.37,0.94,19,16.19,20.07,343.5,0.4636,72.7,23.7,39.6,2699,54.3,4.8,5.5,22.2,741.0,20.8,3.5,123.5,9.0,29.6,6,61,2,rotating,northeast,False,True,2.540000000000001,0.879999999999999,-0.2999999999999998,491.0,0.020199999999999996
D021,22,5,3.36,3.86,1.68,2.85,0.5,9,13.26,17.19,236.59,0.397,40.1,13.9,34.1,2523,45.0,5.5,6.1,20.8,595.9,15.1,3.8,149.0,9.2,67.6,4,61,2,rotating,northeast,False,True,-0.16000000000000014,-3.5799999999999983,0.3999999999999999,127.0,-0.0827
D021,23,6,3.69,2.8,1.77,2.95,1.47,6,13.27,17.19,269.28,0.3972,50.3,14.4,39.5,1589,32.8,4.4,6.2,13.1,678.0,15.2,3.0,135.6,7.8,59.0,5,61,2,rotating,northeast,False,True,2.0999999999999996,-3.1899999999999977,-0.20000000000000018,-813.0,-0.07350000000000001
D021,24,6,3.14,3.72,0.86,2.29,0.29,8,11.15,22.7,183.44,0.5244,78.0,26.3,37.4,2852,70.7,4.3,5.4,23.5,349.8,11.2,3.7,116.6,9.7,34.5,3,61,2,rotating,northeast,False,True,-1.129999999999999,0.5199999999999996,1.1,452.0,0.01200000000000001
D021,25,6,3.36,3.97,1.07,1.68,1.07,9,11.77,18.43,278.52,0.4257,61.4,18.7,38.1,2014,38.3,4.2,5.8,16.6,654.3,18.0,3.0,109.0,7.7,56.5,6,61,2,rotating,northeast,False,True,-4.420000000000002,-1.6400000000000006,-0.5,-685.0,-0.03789999999999999
D021,26,6,3.49,4.03,1.88,0.54,0.54,6,11.55,19.94,171.52,0.4607,73.0,22.7,45.6,2381,37.3,4.7,5.4,19.6,372.3,9.7,3.2,124.1,8.3,72.0,3,61,2,rotating,northeast,False,True,-1.709999999999999,2.75,-0.5999999999999996,-142.0,0.06369999999999998
D022,1,1,0.22,0.44,0.07,0.29,0.15,6,1.91,12.13,382.19,0.2802,26.9,9.5,36.1,592,10.3,3.0,6.0,5.0,1363.8,24.4,4.1,227.3,8.7,59.6,6,30,0,rotating,midwest,False,True,,,,,
D022,2,1,0.46,0.18,0.0,0.18,0.0,0,1.47,11.08,277.8,0.256,25.4,9.3,25.7,832,11.6,2.2,5.4,7.0,1085.0,18.5,3.7,217.0,7.8,35.9,5,30,0,rotating,midwest,False,True,,,,,
D022,3,1,0.4,0.16,0.0,0.48,0.08,2,1.66,11.13,324.58,0.2571,24.8,8.4,29.8,900,17.2,2.2,5.4,7.5,1262.6,21.1,4.2,252.5,8.4,47.6,5,30,0,rotating,midwest,False,True,,,,,
D022,4,1,0.52,0.13,0.13,0.33,0.07,1,1.96,12.03,424.76,0.2778,37.6,13.1,42.4,1320,24.0,4.5,6.0,11.0,1528.9,26.6,4.4,254.8,9.2,30.9,6,30,0,rotating,midwest,False,True,,,,,
D022,5,2,0.39,0.23,0.08,0.31,0.16,3,1.79,10.09,300.0,0.2332,29.0,11.0,29.9,903,14.8,4.4,6.4,7.5,1286.5,21.9,4.4,257.3,9.4,59.6,5,30,0,rotating,midwest,False,True,-0.11999999999999988,-2.040000000000001,0.3000000000000007,311.0,-0.047000000000000014
D022,6,2,0.29,0.29,0.07,0.43,0.0,5,2.16,10.74,344.35,0.2481,24.5,8.6,24.6,784,13.2,4.2,6.2,6.6,1388.2,23.1,4.6,277.6,9.6,18.8,5,30,0,rotating,midwest,False,True,0.6900000000000002,-0.33999999999999986,0.8999999999999995,-48.0,-0.007900000000000018
D022,7,2,0.34,0.34,0.08,0.34,0.08,3,2.03,10.13,275.86,0.2339,27.5,11.2,36.3,980,16.4,3.0,6.2,8.2,1179.4,20.5,4.1,235.9,8.4,28.6,5,30,0,rotating,midwest,False,True,0.3699999999999999,-1.0,-0.10000000000000053,80.0,-0.0232
D022,8,2,0.51,0.38,0.13,0.51,0.13,3,2.3,10.37,187.69,0.2396,20.4,6.4,37.0,544,6.5,3.5,7.0,4.6,783.3,12.3,3.1,195.8,7.5,53.3,4,30,0,rotating,midwest,False,True,0.33999999999999986,-1.6600000000000001,-1.3000000000000003,-776.0,-0.038199999999999984
D022,9,2,0.53,0.38,0.23,0.3,0.0,6,2.27,10.66,325.62,0.2462,22.0,8.1,33.3,760,17.0,4.2,6.7,6.3,1322.7,22.1,3.7,220.4,8.3,82.0,6,30,0,rotating,midwest,False,True,0.48,0.5700000000000003,-0.7000000000000002,-143.0,0.013000000000000012
D022,10,3,0.5,0.12,0.0,0.62,0.0,2,1.61,9.06,168.45,0.2092,27.9,13.2,34.1,1142,22.5,2.5,5.6,9.5,805.1,14.9,3.7,201.3,8.0,75.0,4,30,0,rotating,midwest,False,True,-0.55,-1.6799999999999997,-0.8999999999999995,358.0,-0.03889999999999999
D022,11,3,0.16,0.41,0.16,0.08,0.08,2,1.65,10.2,285.72,0.2356,25.4,9.3,31.0,905,11.0,1.8,5.0,7.5,1212.8,21.4,3.6,202.1,7.8,61.7,6,30,0,rotating,midwest,False,True,-0.3799999999999999,0.06999999999999851,-0.49999999999999956,-75.0,0.001700000000000007
D022,12,3,0.3,0.15,0.0,0.3,0.07,1,1.55,10.23,319.22,0.2362,30.7,11.5,33.8,933,12.7,3.2,5.7,7.8,1351.4,22.5,3.8,225.2,7.8,59.6,6,30,0,rotating,midwest,False,True,-0.7499999999999998,-0.1399999999999988,0.6999999999999997,389.0,-0.003400000000000014
D022,13,3,0.55,0.22,0.0,0.22,0.22,2,2.18,9.09,192.26,0.2099,14.8,4.9,39.1,661,11.6,4.0,7.0,5.5,916.0,15.3,3.1,183.2,6.8,0.0,5,30,0,rotating,midwest,False,True,-0.08999999999999986,-1.5700000000000003,-0.6000000000000001,-99.0,-0.0363
D022,14,4,0.34,0.5,0.0,0.08,0.0,3,1.93,9.97,274.61,0.2303,34.6,14.0,31.1,546,7.0,2.8,5.5,4.6,1192.2,20.7,3.5,198.7,7.3,84.1,6,30,0,rotating,midwest,False,True,0.31999999999999984,0.9100000000000001,-0.20000000000000018,-596.0,0.021100000000000008
D022,15,4,0.47,0.35,0.0,0.12,0.0,1,1.53,10.5,206.03,0.2426,33.1,12.6,28.6,891,23.0,4.2,6.5,7.4,849.1,14.4,3.6,212.3,7.8,22.6,4,30,0,rotating,midwest,False,True,-0.11999999999999988,0.3000000000000007,0.0,-14.0,0.007000000000000006
D022,16,4,0.27,0.33,0.13,0.4,0.27,3,2.86,9.84,341.53,0.2272,30.7,11.8,41.3,1078,20.7,2.7,5.0,8.9,1503.2,24.4,4.1,250.5,9.0,64.8,6,30,0,rotating,midwest,False,True,1.3099999999999998,-0.39000000000000057,0.2999999999999998,145.0,-0.00899999999999998
D022,17,4,0.16,0.49,0.08,0.58,0.08,2,2.38,9.64,270.92,0.2227,25.0,10.1,40.0,467,7.0,2.0,5.8,3.9,1216.3,20.0,3.3,202.7,6.5,15.4,6,30,0,rotating,midwest,False,True,0.19999999999999973,0.5500000000000007,0.19999999999999973,-194.0,0.012800000000000006
D022,18,5,0.46,0.18,0.09,0.27,0.27,1,2.19,10.07,255.56,0.2327,24.1,9.6,29.9,688,8.4,2.8,5.8,5.8,1098.1,19.2,3.8,219.6,8.6,23.3,5,30,0,rotating,midwest,False,True,0.26,0.09999999999999964,0.2999999999999998,142.0,0.0023999999999999855
D022,19,5,0.19,0.28,0.28,0.28,0.19,3,1.4,10.41,257.4,0.2404,30.5,12.6,38.1,1090,12.8,4.2,7.2,9.1,1070.8,19.3,3.9,214.2,8.4,57.1,5,30,0,rotating,midwest,False,True,-0.13000000000000012,-0.08999999999999986,0.2999999999999998,199.0,-0.0022000000000000075
D022,20,5,0.6,0.33,0.2,0.13,0.07,1,2.26,8.44,292.58,0.1949,22.3,8.6,30.1,568,7.0,4.8,7.2,4.8,1501.4,24.6,4.1,250.2,8.3,90.0,6,30,0,rotating,midwest,False,True,-0.6000000000000001,-1.4000000000000004,0.0,-510.0,-0.03230000000000002
D022,21,5,0.36,0.36,0.22,0.14,0.14,4,2.31,10.08,322.22,0.233,39.3,15.1,29.7,1468,27.7,3.5,6.2,12.2,1383.2,24.0,4.0,230.5,8.7,28.8,6,30,0,rotating,midwest,False,True,-0.06999999999999984,0.4399999999999995,0.7000000000000002,1001.0,0.010300000000000004
D022,22,5,0.0,0.67,0.17,0.0,0.34,1,2.35,9.84,135.39,0.2272,17.5,6.7,32.6,328,0.7,2.3,6.3,2.8,595.9,9.3,3.1,198.6,6.7,0.0,3,30,0,rotating,midwest,False,True,0.16000000000000014,-0.23000000000000043,-0.6999999999999997,-360.0,-0.005499999999999977
D022,23,6,0.53,0.34,0.19,0.39,0.1,4,2.33,9.58,455.74,0.2212,22.8,9.5,35.8,997,15.7,3.6,5.6,8.3,2060.3,35.7,5.1,294.3,9.4,60.6,7,30,0,rotating,midwest,False,True,0.9300000000000002,-0.8300000000000001,1.1999999999999997,-93.0,-0.019199999999999995
D022,24,6,0.32,0.06,0.06,0.32,0.06,5,2.08,9.76,347.52,0.2254,21.8,8.6,31.2,642,7.1,3.4,6.9,5.4,1542.1,25.3,3.6,220.3,8.1,38.6,7,30,0,rotating,midwest,False,True,-0.17999999999999972,1.3200000000000003,-0.49999999999999956,74.0,0.0305
D022,25,6,0.51,0.36,0.0,0.51,0.0,1,2.55,10.09,320.19,0.2331,23.5,9.3,44.1,580,5.1,3.9,7.5,4.9,1373.8,23.5,3.4,196.3,7.4,0.0,7,30,0,rotating,midwest,False,True,0.23999999999999977,0.009999999999999787,-0.6000000000000001,-888.0,9.999999999998899e-05
D022,26,6,0.45,0.0,0.0,0.6,0.15,1,2.24,10.36,160.66,0.2394,31.3,11.7,29.4,1057,26.7,4.7,6.0,8.8,671.1,11.1,3.7,223.7,9.7,100.0,3,30,0,rotating,midwest,False,True,-0.10999999999999988,0.5199999999999996,0.6000000000000001,729.0,0.012199999999999989
D023,1,1,2.12,3.33,3.33,2.73,0.61,3,12.12,20.18,153.85,0.4661,62.9,19.8,38.5,2109,63.3,3.0,5.8,17.4,330.1,9.2,3.1,110.0,8.3,0.0,3,41,0,day,northeast,False,False,,,,,
D023,2,1,4.03,3.25,4.16,2.21,0.39,11,14.83,20.18,358.26,0.4661,65.2,18.4,36.4,1980,48.0,5.3,6.1,16.3,768.7,19.6,3.3,128.1,8.7,0.0,6,41,0,day,northeast,False,False,,,,,
D023,3,1,4.66,3.53,3.82,1.84,0.42,8,15.54,18.59,303.86,0.4294,55.3,16.5,36.7,2116,42.0,4.8,6.4,17.5,707.7,16.8,3.4,141.5,8.8,0.0,5,41,0,day,northeast,False,False,,,,,
D023,4,1,5.25,3.69,2.33,2.92,1.17,8,16.14,19.2,228.04,0.4434,43.4,15.0,37.5,2057,55.0,4.5,6.0,17.0,514.3,15.1,3.8,128.6,9.2,0.0,4,41,0,day,northeast,False,False,,,,,
D023,5,1,2.92,3.65,2.68,2.43,1.46,4,14.36,22.38,212.34,0.5169,71.3,20.6,41.5,1768,38.5,4.0,6.5,14.5,410.8,11.6,2.9,102.7,7.2,0.0,4,41,0,day,northeast,False,False,2.24,2.1999999999999993,-0.20000000000000018,-341.0,0.05080000000000001
D023,6,2,4.95,4.68,2.48,4.13,0.83,10,17.89,23.15,194.34,0.5348,71.6,21.4,39.4,2027,49.0,5.8,7.3,16.7,363.4,10.5,2.6,90.9,7.2,0.0,4,41,0,day,northeast,False,False,3.0600000000000005,2.969999999999999,-0.6999999999999997,47.0,0.06870000000000004
D023,7,2,2.95,3.19,3.93,3.19,1.47,5,16.22,18.96,178.19,0.4379,48.4,15.8,35.5,1531,23.6,2.4,5.6,12.6,406.9,11.9,2.4,81.4,6.0,0.0,5,41,0,day,northeast,False,False,0.6799999999999997,0.370000000000001,-1.0,-585.0,0.008500000000000008
D023,8,2,5.61,3.82,3.34,1.67,0.6,15,16.1,19.47,377.04,0.4498,33.8,11.3,38.5,1859,54.3,3.7,5.7,15.3,838.3,22.9,3.8,139.7,8.2,0.0,6,41,0,day,northeast,False,False,-0.03999999999999915,0.2699999999999996,0.0,-198.0,0.006399999999999961
D023,9,3,4.48,3.94,3.59,2.87,0.72,9,16.32,20.51,264.26,0.4738,62.8,19.9,31.3,2232,57.6,5.2,6.5,18.4,557.7,16.5,3.3,111.5,9.0,0.0,5,41,0,day,northeast,False,False,1.9600000000000009,-1.8699999999999974,0.3999999999999999,464.0,-0.04310000000000003
D023,10,3,5.19,4.61,3.27,1.73,0.96,9,16.14,18.85,226.54,0.4354,45.8,16.4,32.1,1985,53.2,4.0,6.2,16.3,520.3,15.8,3.2,104.1,7.8,0.0,5,41,0,day,northeast,False,False,-1.75,-4.299999999999997,0.6000000000000001,-42.0,-0.09940000000000004
D023,11,3,4.83,2.83,2.0,2.24,1.06,13,13.55,18.31,358.97,0.423,55.1,17.5,37.6,1944,38.3,4.4,6.0,16.0,848.6,21.8,3.1,121.2,7.9,0.0,7,41,0,day,northeast,False,False,-2.669999999999998,-0.6500000000000021,0.7000000000000002,413.0,-0.014900000000000024
D023,12,3,3.94,5.81,2.28,2.28,1.04,1,15.98,20.62,229.54,0.4763,63.7,21.5,32.3,1988,52.0,5.2,5.8,16.4,481.9,14.0,2.8,96.4,7.0,0.0,5,41,0,day,northeast,False,False,-0.120000000000001,1.1500000000000021,-1.0,129.0,0.026500000000000024
D023,13,3,4.03,4.03,5.38,2.69,1.34,3,19.5,13.36,45.88,0.3085,40.0,11.5,28.6,1684,54.0,5.0,5.1,13.8,148.7,3.0,3.0,148.7,6.0,0.0,1,41,0,day,northeast,False,False,3.1799999999999997,-7.150000000000002,-0.2999999999999998,-548.0,-0.1653
D023,14,4,2.36,3.54,0.0,1.18,0.0,0,7.08,19.19,37.58,0.4432,22.4,8.7,33.3,1072,36.0,2.0,4.8,8.8,84.8,2.6,2.6,84.8,5.0,0.0,1,41,0,day,northeast,False,False,-9.06,0.33999999999999986,-0.6000000000000001,-913.0,0.007799999999999974
D023,15,4,3.18,2.65,2.91,1.06,0.26,6,11.65,19.36,169.0,0.4473,61.3,19.2,37.8,3218,77.3,6.0,6.8,26.4,377.8,11.6,3.9,125.9,10.7,0.0,3,41,0,day,northeast,False,False,-1.9000000000000004,1.0500000000000007,0.7999999999999998,1274.0,0.02429999999999999
D023,16,4,3.16,2.44,2.01,2.58,1.0,5,11.9,18.56,299.01,0.4288,57.9,17.5,30.4,2091,44.8,2.0,5.6,17.2,697.3,17.9,3.6,139.5,8.8,0.0,5,41,0,day,northeast,False,False,-4.08,-2.0600000000000023,0.8000000000000003,103.0,-0.04749999999999999
D023,17,4,2.76,3.15,2.56,3.35,0.39,11,13.01,18.31,214.58,0.423,55.6,20.4,37.3,1924,33.5,4.0,5.9,15.9,507.3,14.9,3.7,126.8,8.0,0.0,4,41,0,day,northeast,False,False,-6.49,4.949999999999999,0.7000000000000002,240.0,0.11449999999999999
D023,18,5,4.55,3.61,2.98,2.19,0.63,14,15.36,18.99,279.81,0.4386,64.6,20.5,27.3,1978,45.6,3.6,5.4,16.3,638.0,17.5,3.5,127.6,8.2,0.0,5,41,0,day,northeast,False,False,8.28,-0.20000000000000284,0.8999999999999999,906.0,-0.004599999999999993
D023,19,5,4.08,3.75,3.64,2.54,0.44,20,15.66,17.33,362.95,0.4004,34.4,11.4,35.5,1330,24.7,3.7,6.6,11.0,906.5,21.8,3.6,151.1,8.7,0.0,6,41,0,day,northeast,False,False,4.01,-2.030000000000001,-0.2999999999999998,-1888.0,-0.0469
D023,20,5,3.37,1.84,3.37,1.84,0.0,1,11.35,21.63,162.88,0.4996,87.5,27.4,28.2,2584,50.7,5.7,5.9,21.3,326.0,9.2,3.1,108.7,8.3,0.0,3,41,0,day,northeast,False,False,-0.5500000000000007,3.0700000000000003,-0.5,493.0,0.07079999999999997
D023,21,5,4.46,3.19,2.55,2.34,0.21,2,13.6,17.72,192.63,0.4094,61.8,20.3,40.8,2404,45.3,3.3,5.1,19.8,470.5,11.5,3.8,156.8,9.7,0.0,3,41,0,day,northeast,False,False,0.5899999999999999,-0.5899999999999999,0.09999999999999964,480.0,-0.013600000000000001
D023,22,5,4.7,2.96,2.27,3.14,0.7,7,14.64,17.39,230.56,0.4017,37.7,12.3,43.4,1688,35.0,4.0,5.6,13.9,573.9,13.7,3.4,143.5,8.2,0.0,4,41,0,day,northeast,False,False,-0.7199999999999989,-1.5999999999999979,-0.10000000000000009,-290.0,-0.03689999999999999
D023,23,6,3.35,3.35,3.35,2.39,0.48,4,14.83,21.61,208.69,0.4991,76.7,24.8,34.0,2690,67.0,4.8,5.7,22.2,418.1,12.2,3.0,104.5,8.5,0.0,4,41,0,day,northeast,False,False,-0.8300000000000001,4.280000000000001,-0.6000000000000001,1360.0,0.09870000000000001
D023,24,6,4.39,2.38,2.75,4.03,0.92,8,15.38,17.76,224.05,0.4103,58.4,18.2,29.6,2300,58.0,5.0,6.0,19.0,546.1,13.2,3.3,136.5,9.5,0.0,4,41,0,day,northeast,False,False,4.030000000000001,-3.8699999999999974,0.19999999999999973,-284.0,-0.08929999999999999
D023,25,6,4.87,5.08,2.75,4.45,1.27,8,19.28,17.28,188.47,0.3992,57.1,19.2,34.5,2178,44.0,5.2,6.5,17.9,472.1,13.1,3.3,118.0,8.5,0.0,4,41,0,day,northeast,False,False,5.6800000000000015,-0.4399999999999977,-0.5,-226.0,-0.010199999999999987
D023,26,6,3.26,4.71,2.54,2.17,0.85,15,14.86,19.78,378.15,0.4568,60.0,18.8,35.8,2285,44.7,5.2,6.1,18.8,827.8,21.4,3.6,138.0,8.3,0.0,6,41,0,day,northeast,False,False,0.21999999999999886,2.3900000000000006,0.20000000000000018,597.0,0.05509999999999998
D024,1,1,1.37,0.69,0.23,1.37,0.34,5,5.15,14.52,293.23,0.3355,57.2,17.3,39.1,1138,21.6,3.0,5.9,9.4,874.1,16.3,3.3,174.8,8.2,0.0,5,22,2,day,midwest,True,True,,,,,
D024,2,1,1.71,0.47,0.66,0.85,0.19,7,5.03,13.64,332.02,0.3151,54.1,15.0,34.1,649,6.5,4.0,6.3,5.5,1053.8,18.0,4.5,263.4,9.5,0.0,4,22,2,day,midwest,True,True,,,,,
D024,3,1,1.08,0.89,0.99,0.49,0.3,8,5.52,14.52,340.33,0.3353,55.2,14.6,31.7,1029,25.5,4.5,6.1,8.6,1014.9,17.0,4.2,253.7,9.5,0.0,4,22,2,day,midwest,True,True,,,,,
D024,4,1,1.36,0.57,0.57,0.79,0.45,6,5.32,12.69,259.07,0.2932,40.5,11.7,42.1,358,2.8,2.4,5.7,3.0,883.5,15.4,3.1,176.7,7.4,0.0,5,22,2,day,midwest,True,True,,,,,
D024,5,1,1.01,1.01,0.55,0.55,0.37,5,4.78,13.41,336.61,0.3097,51.5,13.3,40.6,1061,21.5,4.0,5.9,8.8,1087.0,19.0,4.8,271.8,10.0,0.0,4,22,2,day,midwest,True,True,-0.3700000000000001,-1.1099999999999994,1.5,-77.0,-0.025800000000000045
D024,6,2,1.6,0.58,0.44,0.58,0.44,3,4.96,13.08,207.16,0.3022,39.9,11.7,29.2,701,12.7,3.0,5.9,5.9,685.5,11.8,3.9,228.5,8.3,0.0,3,22,2,day,midwest,True,True,-0.07000000000000028,-0.5600000000000005,-0.6000000000000001,52.0,-0.012899999999999967
D024,7,2,1.93,0.72,0.48,0.72,0.24,4,6.04,14.25,136.22,0.3292,50.9,14.2,24.1,396,3.0,3.0,6.9,3.3,413.8,7.4,3.7,206.9,7.0,0.0,2,22,2,day,midwest,True,True,0.5200000000000005,-0.2699999999999996,-0.5,-633.0,-0.006099999999999994
D024,8,2,0.86,0.86,0.62,0.74,0.25,4,4.31,14.82,278.35,0.3424,51.9,14.4,36.2,718,6.0,5.0,6.0,6.0,812.9,13.9,4.6,271.0,9.7,0.0,3,22,2,day,midwest,True,True,-1.0100000000000007,2.130000000000001,1.4999999999999996,360.0,0.049199999999999966
D024,9,2,1.28,1.22,0.54,0.54,0.41,8,5.41,14.02,478.86,0.3238,56.5,17.4,37.3,869,11.3,4.7,6.5,7.3,1478.9,27.0,4.5,246.5,9.2,0.0,6,22,2,day,midwest,True,True,0.6299999999999999,0.6099999999999994,-0.2999999999999998,-192.0,0.014100000000000001
D024,10,3,1.36,0.58,0.39,0.97,0.39,3,4.68,12.37,293.07,0.2857,43.9,13.8,37.6,586,4.8,3.0,6.5,4.9,1025.7,16.9,3.4,205.1,8.0,0.0,5,22,2,day,midwest,True,True,-0.28000000000000025,-0.7100000000000009,-0.5,-115.0,-0.016500000000000015
D024,11,3,1.28,0.88,0.4,0.72,0.08,10,4.24,12.8,369.65,0.2956,39.3,13.0,40.5,852,14.0,3.0,5.9,7.1,1250.4,22.0,4.4,250.1,10.0,0.0,5,22,2,day,midwest,True,True,-1.7999999999999998,-1.4499999999999993,0.7000000000000002,456.0,-0.03360000000000002
D024,12,3,1.85,0.83,0.37,0.65,0.46,4,6.1,11.48,286.93,0.2652,34.4,10.2,30.5,954,23.6,3.6,6.4,7.9,1082.0,17.3,3.5,216.4,7.6,0.0,5,22,2,day,midwest,True,True,1.79,-3.34,-1.0999999999999996,236.0,-0.07719999999999999
D024,13,3,1.02,0.91,0.69,0.86,0.21,6,4.92,11.57,499.95,0.2673,50.2,16.1,34.6,726,12.9,2.3,5.4,6.1,1870.7,30.1,4.3,267.2,8.7,0.0,7,22,2,day,midwest,True,True,-0.4900000000000002,-2.4499999999999993,-0.20000000000000018,-143.0,-0.056499999999999995
D024,14,4,1.03,0.21,1.65,0.41,0.62,1,4.96,12.3,137.49,0.2841,45.4,11.9,34.6,812,5.3,3.7,7.1,6.7,484.0,8.9,3.0,161.3,7.3,0.0,3,22,2,day,midwest,True,True,0.28000000000000025,-0.06999999999999851,-0.3999999999999999,226.0,-0.0015999999999999903
D024,15,4,0.97,0.54,0.76,1.51,0.22,4,5.29,14.48,309.79,0.3346,64.2,21.0,35.6,1176,23.5,2.8,6.0,9.8,925.9,18.6,4.7,231.5,9.8,0.0,4,22,2,day,midwest,True,True,1.0499999999999998,1.6799999999999997,0.2999999999999998,324.0,0.039000000000000035
D024,16,4,1.58,1.5,0.29,0.93,0.21,6,5.66,12.23,394.43,0.2826,40.9,13.5,36.7,1206,22.4,3.6,6.0,10.0,1395.8,25.4,5.1,279.2,9.8,0.0,5,22,2,day,midwest,True,True,-0.4399999999999995,0.75,1.5999999999999996,252.0,0.017400000000000027
D024,17,4,0.89,0.89,0.89,1.01,0.38,5,5.06,13.43,245.11,0.3102,49.2,16.3,33.3,560,9.6,2.8,6.3,4.7,790.2,14.7,2.9,158.0,5.6,0.0,5,22,2,day,midwest,True,True,0.13999999999999968,1.8599999999999994,-1.4,-166.0,0.042899999999999994
D024,18,5,1.58,0.91,0.91,1.08,0.33,8,6.14,13.15,366.07,0.3038,53.1,16.3,38.0,823,11.2,4.2,6.4,6.9,1204.8,21.6,4.3,241.0,9.0,0.0,5,22,2,day,midwest,True,True,1.1799999999999997,0.8499999999999996,1.2999999999999998,11.0,0.019699999999999995
D024,19,5,1.45,0.97,0.84,1.21,0.24,6,6.52,13.7,262.32,0.3165,56.4,17.1,32.4,942,16.7,3.3,5.7,7.8,828.7,14.3,4.8,276.2,9.0,0.0,3,22,2,day,midwest,True,True,1.2299999999999995,-0.7800000000000011,0.09999999999999964,-234.0,-0.018100000000000005
D024,20,5,1.77,0.62,0.83,0.31,0.31,8,5.1,13.54,300.74,0.3128,46.3,14.1,33.0,969,15.2,4.2,6.8,8.1,961.3,16.9,3.4,192.3,7.8,0.0,5,22,2,day,midwest,True,True,-0.5600000000000005,1.3099999999999987,-1.6999999999999997,-237.0,0.030200000000000005
D024,21,5,1.59,0.57,0.34,1.13,0.23,5,5.33,13.7,278.77,0.3164,63.3,18.4,35.5,890,18.0,4.4,6.7,7.4,881.1,16.6,3.3,176.2,7.8,0.0,5,22,2,day,midwest,True,True,0.27000000000000046,0.2699999999999996,0.3999999999999999,330.0,0.006200000000000039
D024,22,5,1.38,1.01,0.38,0.38,0.38,2,4.28,13.73,252.04,0.3172,51.7,17.3,30.9,1236,15.3,3.7,5.8,10.3,794.6,15.3,5.1,264.9,11.3,0.0,3,22,2,day,midwest,True,True,-1.8599999999999994,0.5800000000000001,0.7999999999999998,413.0,0.013399999999999967
D024,23,6,1.5,1.11,0.79,0.87,0.24,5,5.54,13.25,386.81,0.306,53.7,15.3,37.6,791,7.2,3.2,6.1,6.6,1264.1,19.9,4.0,252.8,8.4,0.0,5,22,2,day,midwest,True,True,-0.9799999999999995,-0.4499999999999993,-0.7999999999999998,-151.0,-0.01050000000000001
D024,24,6,1.86,0.93,0.41,1.24,0.52,4,5.99,12.96,290.0,0.2994,41.6,14.0,34.4,659,10.0,3.0,5.8,5.5,968.6,17.8,3.6,193.7,7.8,0.0,5,22,2,day,midwest,True,True,0.8900000000000006,-0.5799999999999983,0.20000000000000018,-310.0,-0.013400000000000023
D024,25,6,1.43,0.64,0.5,0.79,0.21,6,4.58,11.7,378.05,0.2703,39.7,13.0,36.4,853,19.2,4.2,6.1,7.1,1398.4,23.1,4.6,279.7,10.2,0.0,5,22,2,day,midwest,True,True,-0.75,-2.0,1.2999999999999998,-37.0,-0.04610000000000003
D024,26,6,1.95,1.04,0.91,0.52,0.13,5,5.98,13.56,240.98,0.3132,60.7,18.3,35.6,780,10.7,4.7,5.9,6.6,769.5,13.1,4.4,256.5,8.7,0.0,3,22,2,day,midwest,True,True,1.7000000000000002,-0.16999999999999993,-0.6999999999999993,-456.0,-0.0040000000000000036
D025,1,1,0.48,0.24,0.0,0.4,0.0,2,1.69,11.49,329.22,0.2653,23.6,8.6,28.4,592,9.3,2.8,6.6,5.0,1240.9,22.9,3.8,206.8,7.5,0.0,6,35,4,day,midwest,True,True,,,,,
D025,2,1,0.29,0.29,0.22,0.29,0.22,3,1.82,10.77,341.07,0.2487,28.7,9.1,37.1,1115,13.6,4.4,6.7,9.3,1371.3,21.9,4.4,274.3,9.4,0.0,5,35,4,day,midwest,True,True,,,,,
D025,3,1,0.45,0.19,0.19,0.58,0.13,7,1.94,10.94,389.84,0.2526,16.7,6.3,34.3,643,5.7,2.7,5.8,5.4,1543.1,26.3,4.4,257.2,9.0,0.0,6,35,4,day,midwest,True,True,,,,,
D025,4,1,0.42,0.35,0.14,0.35,0.0,3,1.8,10.41,346.8,0.2404,23.9,9.0,38.1,922,14.3,4.7,6.5,7.7,1442.4,25.2,4.2,240.4,9.7,0.0,6,35,4,day,midwest,True,True,,,,,
D025,5,2,0.41,0.31,0.0,0.31,0.0,2,1.23,11.69,262.76,0.27,43.7,13.9,36.4,672,11.2,2.6,5.3,5.6,973.3,15.8,3.2,194.7,7.4,0.0,5,35,4,day,midwest,True,True,-0.45999999999999996,0.1999999999999993,-0.5999999999999996,80.0,0.0047000000000000375
D025,6,2,0.51,0.51,0.1,0.1,0.0,3,1.74,11.46,258.58,0.2647,34.8,11.7,30.6,1005,14.0,2.0,5.2,8.4,977.0,16.6,4.1,244.2,8.2,0.0,4,35,4,day,midwest,True,True,-0.08000000000000007,0.6900000000000013,-0.3000000000000007,-110.0,0.015999999999999986
D025,7,2,0.37,0.19,0.25,0.12,0.06,3,1.67,9.82,365.74,0.2268,27.7,10.5,33.3,1030,21.0,5.0,6.7,8.6,1612.8,26.9,4.5,268.8,9.7,0.0,6,35,4,day,midwest,True,True,-0.27,-1.1199999999999992,0.09999999999999964,387.0,-0.02579999999999999
D025,8,2,0.31,0.31,0.08,0.23,0.15,1,1.93,10.74,320.7,0.248,24.3,8.0,25.5,547,4.0,3.8,6.6,4.6,1293.2,20.7,4.1,258.6,8.2,0.0,5,35,4,day,midwest,True,True,0.1299999999999999,0.33000000000000007,-0.10000000000000053,-375.0,0.007599999999999996
D025,9,2,0.16,0.39,0.08,0.23,0.0,2,1.56,10.58,312.66,0.2445,37.6,13.5,34.2,1268,26.7,3.8,6.1,10.5,1278.7,23.0,3.8,213.1,8.8,0.0,6,35,4,day,midwest,True,True,0.33000000000000007,-1.1099999999999994,0.5999999999999996,596.0,-0.025500000000000023
D025,10,3,0.33,0.13,0.26,0.26,0.0,4,2.12,10.76,375.74,0.2485,36.9,14.5,33.3,859,8.6,4.4,6.4,7.2,1512.1,26.7,3.8,216.0,8.9,0.0,7,35,4,day,midwest,True,True,0.3800000000000001,-0.7000000000000011,-0.2999999999999998,-146.0,-0.016199999999999992
D025,11,3,0.88,0.1,0.2,0.39,0.2,4,2.16,11.4,268.63,0.2633,35.8,14.6,42.2,1199,29.6,4.4,5.9,10.0,1020.2,19.8,4.0,204.0,9.6,0.0,5,35,4,day,midwest,True,True,0.4900000000000002,1.58,-0.5,169.0,0.03649999999999998
D025,12,3,0.44,0.15,0.15,0.15,0.15,1,1.69,8.98,282.63,0.2074,33.7,13.0,32.0,1154,16.8,3.6,5.8,9.6,1362.6,22.8,4.6,272.5,9.6,0.0,5,35,4,day,midwest,True,True,-0.24,-1.7599999999999998,0.5,607.0,-0.0406
D025,13,3,0.55,0.55,0.09,0.28,0.09,3,1.84,9.85,247.01,0.2276,29.5,12.2,28.4,949,16.0,6.3,7.0,8.0,1085.2,19.2,6.4,361.7,12.0,0.0,3,35,4,day,midwest,True,True,0.28,-0.7300000000000004,2.6000000000000005,-319.0,-0.0169
D025,14,4,0.22,0.22,0.11,0.16,0.16,0,1.42,10.02,424.19,0.2315,24.3,10.3,38.1,921,17.4,2.4,5.1,7.7,1832.3,32.7,4.7,261.8,9.0,0.0,7,35,4,day,midwest,True,True,-0.7000000000000002,-0.7400000000000002,0.9000000000000004,62.0,-0.016999999999999987
D025,15,4,0.29,0.19,0.1,0.67,0.1,4,2.11,10.21,245.37,0.2359,29.2,11.2,28.4,629,6.4,3.4,6.2,5.3,1040.2,17.5,3.5,208.0,7.6,0.0,5,35,4,day,midwest,True,True,-0.050000000000000266,-1.1899999999999995,-0.5,-570.0,-0.02739999999999998
D025,16,4,0.45,0.27,0.27,0.18,0.09,1,1.69,10.21,264.86,0.2358,23.3,9.3,38.2,832,6.0,6.0,6.7,7.0,1123.2,19.3,4.8,280.8,8.5,2.9,4,35,4,day,midwest,True,True,0.0,1.2300000000000004,0.20000000000000018,-322.0,0.02840000000000001
D025,17,4,0.38,0.1,0.29,0.29,0.29,2,1.81,9.8,237.58,0.2264,35.9,11.9,40.7,777,13.0,3.5,6.6,6.5,1049.6,17.8,3.0,174.9,7.2,0.0,6,35,4,day,midwest,True,True,-0.030000000000000027,-0.049999999999998934,-3.4000000000000004,-172.0,-0.0012000000000000066
D025,18,5,0.45,0.17,0.11,0.23,0.0,6,1.76,9.9,402.56,0.2286,33.7,11.9,42.3,1063,18.9,3.4,6.0,8.9,1761.0,28.5,4.1,251.6,9.4,0.0,7,35,4,day,midwest,True,True,0.3400000000000001,-0.11999999999999922,-0.6000000000000005,142.0,-0.0029000000000000137
D025,19,5,0.36,0.36,0.18,0.27,0.0,1,1.99,9.18,234.51,0.2121,38.7,14.6,33.9,844,14.8,3.4,6.3,7.1,1105.8,19.1,3.8,221.2,8.6,0.0,5,35,4,day,midwest,True,True,-0.11999999999999988,-1.0300000000000011,0.2999999999999998,215.0,-0.023799999999999988
D025,20,5,0.24,0.12,0.12,0.36,0.12,0,1.46,10.06,191.55,0.2325,24.8,9.3,34.3,890,12.4,3.4,6.1,7.4,823.9,14.4,2.9,164.8,7.2,0.0,5,35,4,day,midwest,True,True,-0.22999999999999998,-0.15000000000000036,-1.9,58.0,-0.0032999999999999974
D025,21,5,0.55,0.33,0.22,0.44,0.11,3,2.64,11.12,233.31,0.2569,40.6,14.2,36.9,1263,22.0,5.8,6.4,10.5,908.0,16.6,4.1,227.0,10.0,0.0,4,35,4,day,midwest,True,True,0.8300000000000001,1.3199999999999985,1.0999999999999996,486.0,0.030500000000000027
D025,22,5,0.19,0.48,0.29,0.1,0.1,0,1.83,10.55,252.6,0.2438,32.5,12.3,37.9,898,13.2,2.6,5.5,7.5,1036.3,17.8,3.6,207.3,8.6,0.0,5,35,4,day,midwest,True,True,0.07000000000000006,0.6500000000000004,-0.49999999999999956,-165.0,0.015199999999999991
D025,23,6,0.42,0.14,0.0,0.42,0.07,2,1.55,9.79,321.55,0.2262,21.8,8.2,28.6,584,4.0,4.6,6.5,4.9,1421.8,22.1,4.4,284.4,8.6,0.0,5,35,4,day,midwest,True,True,-0.43999999999999995,0.6099999999999994,0.6000000000000005,-260.0,0.014100000000000001
D025,24,6,0.32,0.4,0.24,0.08,0.0,1,1.2,10.41,300.39,0.2405,24.4,9.4,32.7,776,8.4,3.4,6.3,6.5,1249.0,22.4,4.5,249.8,8.6,0.0,5,35,4,day,midwest,True,True,-0.26,0.34999999999999964,1.6,-114.0,0.00799999999999998
D025,25,6,0.1,0.1,0.41,0.52,0.0,0,1.44,9.95,222.94,0.2299,30.9,11.5,45.5,659,6.0,1.8,5.4,5.5,969.8,15.1,3.8,242.4,8.0,0.0,4,35,4,day,midwest,True,True,-1.2000000000000002,-1.17,-0.2999999999999998,-604.0,-0.027000000000000024
D025,26,6,0.55,0.37,0.0,0.37,0.09,4,1.92,9.68,244.42,0.2235,29.5,12.4,37.8,1166,14.4,3.6,5.7,9.7,1093.5,19.0,3.8,218.7,9.0,0.0,5,35,4,day,midwest,True,True,0.08999999999999986,-0.870000000000001,0.19999999999999973,268.0,-0.020299999999999985
D026,1,1,1.19,0.69,0.89,1.29,0.3,9,5.96,14.24,331.42,0.3289,56.1,16.2,22.1,627,4.8,3.4,6.3,5.3,1007.5,17.9,3.6,201.5,7.0,100.0,5,33,2,night,midwest,False,False,,,,,
D026,2,1,1.38,1.0,0.5,0.75,0.19,4,4.81,13.95,515.59,0.3223,45.0,12.9,36.2,979,17.3,3.2,5.6,8.2,1599.9,26.8,4.5,266.6,9.2,100.0,6,33,2,night,midwest,False,False,,,,,
D026,3,1,1.39,1.46,1.32,0.91,0.49,10,7.25,13.77,456.02,0.318,34.1,9.4,36.4,651,9.7,3.7,6.1,5.5,1434.0,24.1,4.0,239.0,8.3,100.0,6,33,2,night,midwest,False,False,,,,,
D026,4,1,2.04,0.72,1.2,0.6,0.72,3,6.23,12.68,244.33,0.2928,34.5,10.4,40.3,616,3.0,4.0,6.7,5.2,834.4,13.8,3.5,208.6,7.0,100.0,4,33,2,night,midwest,False,False,,,,,
D026,5,2,1.63,0.89,0.59,0.3,0.15,7,4.73,12.98,202.86,0.2997,49.8,15.2,50.0,936,18.7,2.7,5.7,7.8,676.8,13.1,4.4,225.6,9.3,100.0,3,33,2,night,midwest,False,False,-1.2299999999999995,-1.2599999999999998,0.8000000000000003,309.0,-0.029200000000000004
D026,6,2,1.3,1.82,0.78,0.78,0.0,3,5.45,12.7,112.96,0.2934,42.7,12.6,59.0,587,6.0,3.5,5.8,4.9,385.0,6.2,3.1,192.5,6.0,100.0,2,33,2,night,midwest,False,False,0.6400000000000006,-1.25,-1.4,-392.0,-0.02889999999999998
D026,7,2,1.38,0.77,0.92,0.46,0.08,8,5.07,12.6,378.93,0.291,51.8,15.1,30.3,778,7.4,4.1,6.5,6.5,1302.1,22.1,3.2,186.0,8.0,100.0,7,33,2,night,midwest,False,False,-2.1799999999999997,-1.17,-0.7999999999999998,127.0,-0.027000000000000024
D026,8,2,1.63,0.98,0.81,1.14,0.08,9,6.58,13.65,388.15,0.3154,37.9,11.3,29.0,880,15.7,3.5,6.0,7.3,1230.6,21.5,3.6,205.1,8.3,100.0,6,33,2,night,midwest,False,False,0.34999999999999964,0.9700000000000006,0.10000000000000009,264.0,0.02260000000000001
D026,9,2,1.7,0.89,0.66,0.96,0.59,8,5.97,12.89,403.67,0.2978,41.8,12.6,40.5,762,6.0,4.2,6.2,6.4,1355.7,23.2,3.9,226.0,8.3,100.0,6,33,2,night,midwest,False,False,1.2399999999999993,-0.08999999999999986,-0.5000000000000004,-174.0,-0.0019000000000000128
D026,10,3,0.95,1.19,1.55,0.95,0.6,6,6.56,11.85,229.24,0.2736,31.4,9.7,30.9,692,10.0,5.7,7.0,5.8,837.8,13.3,4.4,279.3,8.7,100.0,3,33,2,night,midwest,False,False,1.1099999999999994,-0.8499999999999996,1.3000000000000003,105.0,-0.019799999999999984
D026,11,3,1.84,0.79,0.53,0.61,0.18,5,5.7,12.85,338.3,0.2967,56.0,18.9,39.1,998,21.3,4.5,6.4,8.3,1140.1,21.4,3.6,190.0,8.3,100.0,6,33,2,night,midwest,False,False,0.6299999999999999,0.25,0.3999999999999999,220.0,0.005700000000000038
D026,12,3,0.96,1.25,0.86,0.77,0.0,7,5.08,12.31,296.77,0.2844,31.6,9.9,37.2,476,8.0,3.4,6.8,4.0,1043.4,17.1,3.4,208.7,7.4,100.0,5,33,2,night,midwest,False,False,-1.5,-1.3399999999999999,-0.20000000000000018,-404.0,-0.031000000000000028
D026,13,3,1.31,1.38,0.85,0.92,0.46,6,6.92,12.1,363.73,0.2796,39.3,12.5,35.0,952,20.8,3.2,5.7,7.9,1301.0,21.3,4.3,260.2,8.6,100.0,5,33,2,night,midwest,False,False,0.9500000000000002,-0.7900000000000009,0.3999999999999999,190.0,-0.018199999999999994
D026,14,4,2.06,0.62,0.82,1.03,0.0,1,5.35,14.21,159.37,0.3282,76.1,19.5,46.3,980,20.7,3.0,6.1,8.1,485.6,9.5,3.2,161.9,7.7,100.0,3,33,2,night,midwest,False,False,-1.21,2.360000000000001,-1.2000000000000002,288.0,0.05459999999999998
D026,15,4,1.43,0.95,0.19,1.24,0.29,4,5.63,12.41,300.37,0.2868,39.5,13.6,37.9,894,16.8,4.0,6.4,7.4,1047.4,20.5,4.1,209.5,8.2,100.0,5,33,2,night,midwest,False,False,-0.07000000000000028,-0.4399999999999995,0.49999999999999956,-104.0,-0.00990000000000002
D026,16,4,1.26,1.26,0.31,0.79,0.47,5,5.81,12.6,185.29,0.2911,33.1,11.6,32.0,713,8.0,2.0,5.5,5.9,636.6,12.4,3.1,159.1,6.8,100.0,4,33,2,night,midwest,False,False,0.7299999999999995,0.28999999999999915,-0.2999999999999998,237.0,0.006700000000000039
D026,17,4,1.5,0.55,0.55,1.16,0.48,9,5.38,12.22,414.37,0.2823,36.4,11.7,36.8,873,14.4,3.0,6.2,7.3,1467.7,24.2,4.8,293.5,9.2,100.0,5,33,2,night,midwest,False,False,-1.54,0.120000000000001,0.5,-79.0,0.00269999999999998
D026,18,4,1.89,1.07,0.33,0.57,0.25,9,5.74,13.64,384.38,0.3151,61.5,18.6,31.4,780,6.0,4.0,6.5,6.5,1219.9,21.2,4.2,244.0,9.2,100.0,5,33,2,night,midwest,False,False,0.39000000000000057,-0.5700000000000003,1.0,-200.0,-0.0131
D026,19,5,1.14,1.22,0.73,0.65,0.08,5,5.62,11.96,339.06,0.2762,49.8,16.0,40.4,602,6.7,4.0,6.9,5.0,1227.5,20.8,3.5,204.6,7.0,100.0,6,33,2,night,midwest,False,False,-0.009999999999999787,-0.4499999999999993,-0.5999999999999996,-292.0,-0.010599999999999998
D026,20,5,1.11,0.89,1.0,0.67,0.11,5,5.46,11.86,246.02,0.274,48.4,15.5,38.5,716,18.8,2.4,5.6,6.0,897.8,14.9,3.0,179.6,7.0,100.0,5,33,2,night,midwest,False,False,-0.34999999999999964,-0.7400000000000002,-0.10000000000000009,3.0,-0.017100000000000004
D026,21,5,1.25,1.16,0.45,1.34,0.27,10,5.63,11.96,309.31,0.2763,37.5,11.3,33.0,775,10.8,2.2,5.3,6.4,1119.6,18.0,3.6,223.9,7.8,100.0,5,33,2,night,midwest,False,False,0.25,-0.2599999999999998,-1.1999999999999997,-98.0,-0.006000000000000005
D026,22,5,1.53,1.02,1.19,0.85,0.17,1,5.96,13.36,181.13,0.3086,79.8,21.7,31.9,830,10.7,5.7,6.6,6.9,587.0,10.7,3.6,195.7,8.0,100.0,3,33,2,night,midwest,False,False,0.21999999999999975,-0.28000000000000114,-0.6000000000000001,50.0,-0.006500000000000006
D026,23,6,1.84,1.47,0.92,0.55,0.18,4,6.8,12.87,161.91,0.2974,46.3,15.0,44.8,898,23.5,3.0,6.1,7.4,544.4,9.9,2.5,136.1,5.5,100.0,4,33,2,night,midwest,False,False,1.1799999999999997,0.9099999999999984,-1.0,296.0,0.021199999999999997
D026,24,6,1.49,0.74,1.12,0.99,0.31,14,6.32,11.74,437.51,0.2711,44.0,13.7,30.3,786,10.7,3.5,6.6,6.6,1613.6,25.0,4.2,268.9,9.3,100.0,6,33,2,night,midwest,False,False,0.8600000000000003,-0.11999999999999922,1.2000000000000002,70.0,-0.0029000000000000137
D026,25,6,1.69,0.85,0.74,1.06,0.63,5,5.92,13.09,286.23,0.3024,44.2,14.6,35.6,879,21.2,5.2,6.7,7.3,946.4,17.2,3.4,189.3,8.4,100.0,5,33,2,night,midwest,False,False,0.29000000000000004,1.129999999999999,-0.20000000000000018,104.0,0.026100000000000012
D026,26,6,1.33,0.89,0.96,0.67,0.44,9,6.3,13.32,415.01,0.3077,53.8,16.5,42.6,1126,17.7,4.8,6.9,9.4,1348.6,23.5,3.9,224.8,8.7,100.0,6,33,2,night,midwest,False,False,0.33999999999999986,-0.03999999999999915,0.2999999999999998,296.0,-0.0009000000000000119
D027,1,1,1.48,0.91,0.79,1.25,0.34,4,5.9,12.34,251.07,0.285,34.7,10.4,36.2,718,6.0,2.3,6.2,6.0,881.1,14.5,4.8,293.7,9.0,100.0,3,35,0,night,midwest,True,False,,,,,
D027,2,1,1.58,0.59,0.72,0.72,0.26,15,5.59,12.99,456.18,0.3001,42.2,11.7,31.6,889,12.3,2.3,5.7,7.4,1520.3,26.0,4.3,253.4,9.2,100.0,6,35,0,night,midwest,True,False,,,,,
D027,3,1,1.37,0.8,0.94,0.94,0.14,12,5.21,13.87,443.1,0.3205,44.4,12.3,32.3,1088,18.0,4.0,6.9,9.1,1382.7,23.6,4.7,276.5,10.0,98.0,5,35,0,night,midwest,True,False,,,,,
D027,4,1,1.3,0.69,0.84,0.99,0.08,6,5.35,14.28,431.72,0.3299,43.9,13.7,35.0,900,16.7,3.3,5.8,7.5,1308.8,25.0,4.2,218.1,8.8,100.0,6,35,0,night,midwest,True,False,,,,,
D027,5,2,1.82,0.55,0.91,0.91,0.09,10,5.73,11.12,282.24,0.2568,31.8,10.4,33.7,980,15.0,4.2,7.0,8.2,1099.0,17.8,4.5,274.8,9.0,100.0,4,35,0,night,midwest,True,False,-0.16999999999999993,-1.2200000000000006,-0.2999999999999998,262.0,-0.028200000000000003
D027,6,2,2.33,0.78,0.29,0.87,0.29,3,5.24,11.99,285.33,0.2769,28.6,8.2,41.2,532,9.6,3.2,6.6,4.5,1030.4,17.8,3.6,206.1,7.8,100.0,5,35,0,night,midwest,True,False,-0.34999999999999964,-1.0,-0.6999999999999997,-357.0,-0.0232
D027,7,2,1.24,0.62,0.93,0.54,0.23,10,4.73,12.73,379.0,0.294,49.5,15.4,30.3,737,15.3,1.7,4.8,6.2,1289.2,22.7,3.8,214.9,8.0,100.0,6,35,0,night,midwest,True,False,-0.47999999999999954,-1.1399999999999988,-0.9000000000000004,-351.0,-0.026500000000000024
D027,8,2,1.55,0.86,0.43,0.86,0.17,8,5.61,15.15,405.45,0.3499,55.3,17.7,33.1,1138,17.0,4.7,6.2,9.5,1158.7,23.9,4.0,193.1,8.7,100.0,6,35,0,night,midwest,True,False,0.2600000000000007,0.870000000000001,-0.20000000000000018,238.0,0.019999999999999962
D027,9,2,1.16,0.54,0.92,0.77,0.31,7,5.31,14.35,430.47,0.3315,46.1,14.1,38.1,901,14.0,4.5,6.7,7.5,1298.4,24.2,4.0,216.4,9.0,100.0,6,35,0,night,midwest,True,False,-0.4200000000000008,3.2300000000000004,-0.5,-79.0,0.07470000000000004
D027,10,3,1.83,0.88,0.88,0.44,0.29,2,5.05,11.42,360.45,0.2638,39.0,13.8,37.7,948,16.0,4.0,6.4,7.9,1366.2,24.4,4.1,227.7,9.3,100.0,6,35,0,night,midwest,True,False,-0.1900000000000004,-0.5700000000000003,0.49999999999999956,416.0,-0.0131
D027,11,3,2.15,0.92,0.41,1.02,0.2,3,6.15,14.11,318.06,0.3259,75.7,21.1,37.9,935,10.0,4.0,6.7,7.8,975.9,16.2,4.0,244.0,8.0,100.0,4,35,0,night,midwest,True,False,1.42,1.379999999999999,0.20000000000000018,198.0,0.03190000000000004
D027,12,3,1.33,1.4,0.73,0.47,0.33,11,5.53,13.35,462.9,0.3085,52.8,15.4,39.8,933,18.3,4.1,6.6,7.8,1500.7,26.9,3.8,214.4,8.7,100.0,7,35,0,night,midwest,True,False,-0.08000000000000007,-1.8000000000000007,-0.20000000000000018,-205.0,-0.04139999999999999
D027,13,3,1.98,0.78,1.13,0.78,0.28,8,6.22,12.53,409.4,0.2896,45.9,13.9,37.3,626,15.3,4.2,6.4,5.2,1413.9,23.4,3.9,235.6,7.7,100.0,6,35,0,night,midwest,True,False,0.9100000000000001,-1.8200000000000003,-0.10000000000000009,-275.0,-0.04189999999999999
D027,14,4,2.0,0.82,0.82,0.59,0.47,4,5.42,13.35,261.77,0.3083,79.3,23.9,35.7,1544,32.4,4.6,6.4,12.8,849.0,16.1,3.2,169.8,8.6,100.0,5,35,0,night,midwest,True,False,0.3700000000000001,1.9299999999999997,-0.8999999999999995,596.0,0.04450000000000004
D027,15,4,1.62,0.63,0.9,1.53,0.36,13,6.2,10.83,278.56,0.2501,47.2,15.0,40.0,798,14.5,2.2,5.7,6.7,1113.7,16.7,4.2,278.4,8.8,100.0,4,35,0,night,midwest,True,False,0.04999999999999982,-3.2799999999999994,0.20000000000000018,-137.0,-0.07580000000000003
D027,16,4,1.96,0.92,1.27,0.92,0.58,5,6.57,13.42,269.12,0.31,61.1,18.4,33.3,914,13.3,3.7,6.1,7.6,868.0,14.9,5.0,289.3,10.0,100.0,3,35,0,night,midwest,True,False,1.04,0.07000000000000028,1.2000000000000002,-19.0,0.0015000000000000013
D027,17,4,1.18,0.9,0.73,0.56,0.23,8,4.67,12.52,514.07,0.2893,48.5,16.1,38.1,821,12.3,4.3,6.5,6.9,1777.1,31.1,4.4,253.9,9.3,100.0,7,35,0,night,midwest,True,False,-1.5499999999999998,-0.009999999999999787,0.5000000000000004,195.0,-0.00030000000000002247
D027,18,5,1.39,0.64,1.04,0.69,0.29,5,5.2,11.82,472.76,0.2731,36.6,11.9,39.3,698,6.0,3.3,5.9,5.8,1730.8,28.4,4.1,247.3,8.6,100.0,7,35,0,night,midwest,True,False,-0.21999999999999975,-1.5299999999999994,0.8999999999999995,-846.0,-0.03520000000000001
D027,19,5,1.46,0.68,1.07,0.68,0.29,7,5.26,12.98,307.85,0.2999,48.0,14.3,29.2,658,7.0,3.5,6.2,5.5,1026.5,16.7,4.2,256.6,10.0,100.0,4,35,0,night,midwest,True,False,-0.9400000000000004,2.1500000000000004,0.0,-140.0,0.04980000000000001
D027,20,5,1.35,0.71,0.77,1.29,0.19,6,5.22,12.07,432.99,0.2789,39.3,13.1,42.1,1135,21.3,2.8,5.4,9.4,1552.7,26.2,4.4,258.8,9.2,100.0,6,35,0,night,midwest,True,False,-1.3500000000000005,-1.3499999999999996,-0.5999999999999996,221.0,-0.031100000000000017
D027,21,5,1.52,0.51,0.76,0.76,0.25,2,6.84,13.28,121.11,0.3067,36.3,12.6,26.1,659,24.0,2.0,5.6,5.5,394.9,7.6,2.5,131.6,5.7,100.0,3,35,0,night,midwest,True,False,2.17,0.7599999999999998,-1.9000000000000004,-162.0,0.01739999999999997
D027,22,5,1.39,0.4,1.0,1.09,0.1,5,5.08,13.69,317.81,0.3163,64.8,20.0,34.8,755,10.4,3.2,6.3,6.3,1004.7,17.8,3.6,200.9,8.2,100.0,5,35,0,night,midwest,True,False,-0.1200000000000001,1.8699999999999992,-0.49999999999999956,57.0,0.043200000000000016
D027,23,6,0.83,0.52,0.62,0.62,0.21,4,4.58,12.42,275.91,0.287,58.5,19.8,28.3,766,12.4,2.4,5.7,6.4,961.4,17.0,3.4,192.3,8.2,100.0,5,35,0,night,midwest,True,False,-0.6799999999999997,-0.5600000000000005,-0.8000000000000003,108.0,-0.012900000000000023
D027,24,6,1.31,0.91,0.4,1.21,0.6,6,5.74,12.4,284.55,0.2865,43.5,14.2,38.4,778,9.5,3.0,6.0,6.5,993.2,17.5,4.4,248.3,8.5,100.0,4,35,0,night,midwest,True,False,0.5200000000000005,0.33000000000000007,0.0,-357.0,0.007599999999999996
D027,25,6,1.86,1.1,1.01,0.76,0.42,8,6.33,10.87,297.27,0.2511,57.1,20.2,39.9,1069,16.0,3.5,5.9,8.9,1184.0,20.8,3.5,197.3,8.3,100.0,6,35,0,night,midwest,True,False,-0.5099999999999998,-2.41,1.0,410.0,-0.05559999999999998
D027,26,6,1.66,0.42,0.73,0.73,0.21,2,5.09,12.32,274.2,0.2846,56.3,17.3,42.1,1360,25.5,3.0,5.7,11.3,963.4,16.8,4.2,240.8,9.8,100.0,4,35,0,night,midwest,True,False,0.009999999999999787,-1.3699999999999992,0.6000000000000001,605.0,-0.031700000000000006
D028,1,1,0.65,1.31,1.16,1.24,0.65,8,6.91,13.92,442.25,0.3216,63.2,15.1,38.1,911,17.3,2.5,6.4,7.6,1375.2,22.2,3.7,229.2,8.0,0.0,6,36,1,day,midwest,True,True,,,,,
D028,2,1,1.42,1.23,1.23,2.09,0.47,11,8.17,15.48,376.55,0.3576,56.6,14.8,34.6,486,10.0,3.2,5.9,4.1,1053.1,17.8,3.6,210.6,7.8,0.0,5,36,1,day,midwest,True,True,,,,,
D028,3,1,2.65,0.97,1.06,1.41,0.71,10,8.57,14.57,380.85,0.3366,57.2,15.8,27.0,853,16.0,2.2,5.5,7.1,1131.6,20.0,3.3,188.6,7.2,0.0,6,36,1,day,midwest,True,True,,,,,
D028,4,1,1.44,0.59,0.93,2.28,0.34,11,7.77,15.05,411.48,0.3476,58.3,14.8,27.6,835,12.4,3.4,5.9,7.0,1183.8,19.0,3.8,236.8,8.0,0.0,5,36,1,day,midwest,True,True,,,,,
D028,5,2,2.07,1.4,1.51,1.56,0.56,17,9.27,15.72,650.45,0.3631,74.3,18.0,39.2,958,8.0,5.8,6.4,8.0,1791.4,29.1,4.9,298.6,9.7,0.0,6,36,1,day,midwest,True,True,2.3599999999999994,1.8000000000000007,1.2000000000000002,47.0,0.04149999999999998
D028,6,2,1.34,1.17,0.84,1.67,1.0,10,7.27,15.39,425.27,0.3555,64.3,15.9,31.1,684,17.6,3.2,5.8,5.7,1196.1,19.7,3.9,239.2,7.6,0.0,5,36,1,day,midwest,True,True,-0.9000000000000004,-0.08999999999999986,0.2999999999999998,198.0,-0.0020999999999999908
D028,7,2,1.17,1.3,1.95,1.82,0.65,5,8.7,18.12,322.43,0.4185,93.2,22.1,31.3,788,12.0,2.8,5.6,6.6,770.5,13.8,3.5,192.6,7.8,0.0,4,36,1,day,midwest,True,True,0.129999999999999,3.5500000000000007,0.20000000000000018,-65.0,0.08189999999999997
D028,8,2,1.6,1.05,1.66,2.28,0.62,12,9.18,16.29,610.46,0.3763,99.0,23.5,31.6,1272,25.7,5.2,6.5,10.6,1622.3,29.0,4.8,270.4,10.3,0.0,6,36,1,day,midwest,True,True,1.4100000000000001,1.2399999999999984,1.0,437.0,0.028700000000000003
D028,9,2,1.92,0.61,1.48,1.4,0.96,13,8.21,14.05,371.49,0.3244,46.6,12.8,38.5,1395,29.6,4.4,6.5,11.5,1145.0,19.5,3.9,229.0,8.6,0.0,5,36,1,day,midwest,True,True,-1.0599999999999987,-1.67,-1.0000000000000004,437.0,-0.03869999999999996
D028,10,3,1.74,0.94,1.38,1.96,0.65,12,9.13,13.82,440.31,0.3192,62.9,16.7,28.0,709,13.0,3.3,6.8,5.9,1379.5,21.4,3.6,229.9,8.3,0.0,6,36,1,day,midwest,True,True,1.8600000000000012,-1.5700000000000003,-0.2999999999999998,25.0,-0.0363
D028,11,3,2.11,0.96,1.16,2.05,0.48,8,8.8,14.75,499.54,0.3408,79.7,22.5,37.0,867,15.7,2.7,5.9,7.2,1465.8,25.6,4.3,244.3,9.2,0.0,6,36,1,day,midwest,True,True,0.10000000000000142,-3.370000000000001,0.7999999999999998,79.0,-0.07769999999999999
D028,12,3,2.03,1.36,1.56,2.03,0.88,15,10.1,14.2,483.78,0.3279,57.4,16.0,38.7,905,14.4,4.0,6.0,7.6,1475.3,25.4,5.1,295.1,10.2,0.0,5,36,1,day,midwest,True,True,0.9199999999999999,-2.09,0.2999999999999998,-367.0,-0.0484
D028,13,3,1.99,1.3,1.51,2.27,0.34,16,9.54,13.39,450.52,0.3094,60.8,14.8,35.4,855,16.4,3.0,5.7,7.2,1456.3,23.9,4.8,291.3,9.0,0.0,5,36,1,day,midwest,True,True,1.3299999999999983,-0.6600000000000001,0.8999999999999999,-540.0,-0.015000000000000013
D028,14,4,2.03,1.52,1.44,1.78,0.51,18,9.4,14.55,396.72,0.3361,76.3,19.8,34.5,559,5.3,4.3,7.1,4.7,1180.5,19.6,3.3,196.8,7.0,0.0,6,36,1,day,midwest,True,True,0.2699999999999996,0.7300000000000004,-0.30000000000000027,-150.0,0.016900000000000026
D028,15,4,2.24,1.36,1.14,2.13,0.33,12,8.94,14.31,606.44,0.3306,80.3,21.7,27.7,924,16.9,4.0,6.4,7.7,1834.2,30.3,4.3,262.0,8.7,0.0,7,36,1,day,midwest,True,True,0.1399999999999988,-0.4399999999999995,0.0,57.0,-0.010199999999999987
D028,16,4,2.24,1.08,1.49,1.66,0.5,9,9.79,16.24,452.09,0.3752,117.8,28.9,36.8,856,7.2,4.8,6.5,7.1,1204.9,20.4,4.1,241.0,9.6,0.0,5,36,1,day,midwest,True,True,-0.3100000000000005,2.039999999999999,-1.0,-49.0,0.04729999999999995
D028,17,4,2.92,0.93,2.12,2.25,1.06,6,11.4,15.54,270.82,0.359,88.9,22.5,43.6,1028,12.7,4.0,6.5,8.6,754.4,13.1,4.4,251.5,9.7,0.0,3,36,1,day,midwest,True,True,1.8600000000000012,2.1499999999999986,-0.39999999999999947,173.0,0.04959999999999998
D028,18,5,2.01,0.89,1.23,2.01,0.34,14,9.39,13.9,287.36,0.3211,54.9,14.7,39.5,859,19.0,5.0,7.2,7.1,894.9,15.2,3.8,223.7,7.0,0.0,4,36,1,day,midwest,True,True,-0.009999999999999787,-0.6500000000000004,0.5,300.0,-0.015000000000000013
D028,19,5,2.3,1.26,0.91,2.09,0.56,14,9.83,14.74,488.22,0.3404,77.0,21.1,33.3,739,12.9,2.4,6.0,6.2,1434.1,24.9,3.6,204.9,7.1,0.0,7,36,1,day,midwest,True,True,0.8900000000000006,0.4299999999999997,-0.6999999999999997,-185.0,0.009799999999999975
D028,20,5,3.02,2.01,2.28,1.83,0.37,16,13.62,14.89,376.44,0.3441,71.9,19.8,31.9,875,16.0,5.2,6.6,7.3,1094.1,18.7,3.7,218.8,8.2,0.0,5,36,1,day,midwest,True,True,3.83,-1.3499999999999979,-0.39999999999999947,19.0,-0.03109999999999996
D028,21,5,1.53,1.28,1.4,1.98,0.32,8,9.26,15.04,544.26,0.3475,60.0,17.9,37.8,902,13.6,3.2,5.4,7.6,1566.3,29.5,5.9,313.3,11.2,0.0,5,36,1,day,midwest,True,True,-2.1400000000000006,-0.5,1.5,-126.0,-0.01150000000000001
D028,22,5,2.69,1.31,1.89,2.11,0.65,16,12.05,13.96,444.14,0.3224,85.3,21.1,31.0,610,3.3,3.5,6.6,5.1,1377.6,21.2,3.5,229.6,7.8,0.0,6,36,1,day,midwest,True,True,2.66,0.0600000000000005,-0.2999999999999998,-249.0,0.0013000000000000234
D028,23,6,2.84,1.25,1.92,2.42,0.84,20,11.79,12.38,342.18,0.2861,78.8,22.9,34.5,906,14.0,4.8,6.6,7.6,1196.1,20.8,4.2,239.2,9.2,0.0,5,36,1,day,midwest,True,True,1.959999999999999,-2.3599999999999994,0.6000000000000001,167.0,-0.05429999999999996
D028,24,6,1.64,1.75,1.36,2.49,0.28,21,10.81,13.42,547.86,0.31,63.3,15.8,33.1,786,13.4,4.6,6.8,6.5,1767.2,27.6,3.9,252.5,8.4,0.0,7,36,1,day,midwest,True,True,-2.8099999999999987,-1.4700000000000006,0.19999999999999973,-89.0,-0.03410000000000002
D028,25,6,2.09,0.81,1.97,2.44,0.35,11,10.21,15.4,306.72,0.3558,92.4,23.1,34.4,912,19.0,2.8,5.9,7.6,862.0,13.8,3.5,215.5,8.0,0.0,4,36,1,day,midwest,True,True,0.9500000000000011,0.3600000000000012,-2.4000000000000004,10.0,0.00830000000000003
D028,26,6,3.09,1.39,1.78,2.39,0.62,15,12.13,14.99,448.35,0.3464,89.4,24.1,35.8,890,12.7,2.7,6.0,7.4,1294.4,23.5,3.9,215.7,8.8,0.0,6,36,1,day,midwest,True,True,0.08000000000000007,1.0299999999999994,0.3999999999999999,280.0,0.023999999999999966
D029,1,1,1.19,2.14,0.0,0.71,0.0,2,5.47,19.35,187.8,0.4469,69.1,26.2,42.7,2088,52.5,4.2,6.1,17.2,420.2,12.8,3.2,105.0,8.8,0.0,4,33,0,day,northeast,False,True,,,,,
D029,2,1,1.19,0.4,0.4,0.79,0.2,2,3.57,17.17,200.16,0.3967,77.6,23.2,38.5,1816,45.0,4.8,6.8,15.0,504.6,10.8,2.7,126.2,7.0,0.0,4,33,0,day,northeast,False,True,,,,,
D029,3,1,1.47,1.15,1.15,0.33,0.33,5,5.73,19.48,274.77,0.4501,73.8,25.9,42.0,1887,42.0,4.7,7.2,15.5,610.5,18.1,3.0,101.7,7.0,0.0,6,33,0,day,northeast,False,True,,,,,
D029,4,1,0.66,0.98,0.44,1.31,0.0,5,4.81,17.58,371.33,0.406,69.4,23.2,33.8,2139,45.7,6.3,6.7,17.6,914.5,23.6,3.4,130.6,8.0,0.0,7,33,0,day,northeast,False,True,,,,,
D029,5,2,0.78,1.57,0.78,0.2,0.2,2,4.9,18.47,217.74,0.4266,81.7,28.0,33.0,1936,38.5,4.2,6.4,16.0,510.4,13.7,3.4,127.6,8.5,0.0,4,33,0,day,northeast,False,True,-0.5699999999999994,-0.8800000000000026,0.19999999999999973,-152.0,-0.02030000000000004
D029,6,2,0.62,0.62,0.77,0.62,0.31,2,4.63,17.0,254.61,0.3927,73.2,23.7,29.9,1667,28.0,5.6,6.4,13.8,648.4,14.9,3.0,129.7,7.0,0.0,5,33,0,day,northeast,False,True,1.06,-0.1700000000000017,0.2999999999999998,-149.0,-0.0040000000000000036
D029,7,2,1.48,1.21,0.54,1.21,0.0,5,5.78,18.27,313.74,0.422,94.6,30.8,37.3,1973,43.7,3.3,5.5,16.3,743.4,20.3,3.4,123.9,8.7,0.0,6,33,0,day,northeast,False,True,0.04999999999999982,-1.2100000000000009,0.3999999999999999,86.0,-0.028100000000000014
D029,8,2,0.39,1.18,0.78,0.39,0.0,1,4.31,17.89,105.5,0.4132,51.8,20.1,35.9,2963,66.0,4.5,6.1,24.3,255.3,7.4,3.7,127.6,8.5,0.0,2,33,0,day,northeast,False,True,-0.5,0.3100000000000023,0.30000000000000027,824.0,0.007199999999999984
D029,9,2,1.19,0.79,0.4,0.79,0.2,5,4.76,18.14,211.11,0.419,74.8,27.2,39.8,3131,61.3,6.7,6.1,25.8,503.8,14.1,4.7,167.9,11.0,0.0,3,33,0,day,northeast,False,True,-0.14000000000000057,-0.3299999999999983,1.3000000000000003,1195.0,-0.007599999999999996
D029,10,3,1.79,0.72,0.72,1.08,0.36,1,5.91,17.14,220.93,0.3959,79.1,27.8,35.0,1641,46.8,3.8,5.7,13.5,558.1,14.7,2.9,111.6,7.6,0.0,5,33,0,day,northeast,False,True,1.2800000000000002,0.14000000000000057,-0.10000000000000009,-26.0,0.0031999999999999806
D029,11,3,0.99,1.39,0.2,0.79,0.0,2,4.17,15.18,176.53,0.3507,58.5,23.3,38.1,2069,31.5,4.0,5.5,17.1,503.3,14.0,3.5,125.8,8.2,0.0,4,33,0,day,northeast,False,True,-1.6100000000000003,-3.09,0.10000000000000009,96.0,-0.07129999999999997
D029,12,3,0.86,0.69,0.35,0.69,0.17,2,3.97,18.55,247.96,0.4285,75.2,30.3,36.6,2495,58.7,6.2,6.9,20.5,578.7,18.1,3.0,96.4,7.8,0.0,6,33,0,day,northeast,False,True,-0.3399999999999994,0.6600000000000001,-0.7000000000000002,-468.0,0.01529999999999998
D029,13,3,0.99,0.57,0.14,0.28,0.57,3,4.52,15.55,254.31,0.3592,59.7,24.9,39.0,2283,60.8,4.8,6.0,18.8,707.9,19.1,3.8,141.6,8.8,0.0,5,33,0,day,northeast,False,True,-0.2400000000000002,-2.59,-0.9000000000000004,-848.0,-0.059799999999999964
D029,14,4,1.24,1.65,0.41,1.24,0.0,0,5.79,18.37,102.66,0.4244,72.0,30.2,36.0,2109,62.7,4.7,6.3,17.3,241.9,8.0,2.7,80.6,8.0,0.0,3,33,0,day,northeast,False,True,-0.1200000000000001,1.2300000000000004,-0.19999999999999973,468.0,0.028500000000000025
D029,15,4,1.85,0.69,0.23,0.69,0.46,1,4.39,14.75,147.61,0.3407,53.7,19.8,37.8,1681,33.3,3.7,6.0,13.9,433.2,9.8,3.3,144.4,7.0,0.0,3,33,0,day,northeast,False,True,0.21999999999999975,-0.4299999999999997,-0.20000000000000018,-388.0,-0.010000000000000009
D029,16,4,0.98,0.84,0.84,0.7,0.28,2,5.04,17.23,284.48,0.3979,78.6,30.0,38.0,2708,66.8,4.0,5.5,22.3,714.9,20.0,4.0,143.0,10.4,0.0,5,33,0,day,northeast,False,True,1.0699999999999998,-1.3200000000000003,1.0,213.0,-0.030600000000000016
D029,17,4,1.57,0.7,0.7,0.87,0.7,3,6.12,16.99,224.3,0.3925,78.1,29.5,33.5,3207,62.0,5.5,5.6,26.4,571.5,15.6,3.9,142.9,9.0,0.0,4,33,0,day,northeast,False,True,1.6000000000000005,1.4399999999999977,0.10000000000000009,924.0,0.033299999999999996
D029,18,5,0.46,0.0,0.69,0.92,0.0,2,3.45,18.03,181.17,0.4164,68.4,27.1,36.6,1347,31.2,3.4,6.6,11.1,435.1,12.9,2.6,87.0,6.2,0.0,5,33,0,day,northeast,False,True,-2.34,-0.33999999999999986,-0.10000000000000009,-762.0,-0.008000000000000007
D029,19,5,0.65,0.33,0.81,0.49,0.16,3,3.74,15.36,218.2,0.3547,55.9,22.9,33.8,2356,64.8,3.6,5.8,19.4,615.1,17.5,3.5,123.0,8.8,0.0,5,33,0,day,northeast,False,True,-0.6499999999999995,0.6099999999999994,0.20000000000000018,675.0,0.014000000000000012
D029,20,5,1.77,1.11,0.66,1.11,0.66,2,6.42,16.82,175.54,0.3886,80.2,32.1,33.6,2415,53.5,4.5,5.9,19.9,451.7,13.8,3.4,112.9,8.5,0.0,4,33,0,day,northeast,False,True,1.38,-0.41000000000000014,-0.6000000000000001,-293.0,-0.009299999999999975
D029,21,5,0.9,1.05,0.3,1.34,0.0,5,5.83,15.2,234.95,0.351,58.0,22.9,31.1,1648,31.6,5.6,6.1,13.6,669.3,18.0,3.6,133.9,8.0,0.0,5,33,0,day,northeast,False,True,-0.29000000000000004,-1.7899999999999991,-0.2999999999999998,-1559.0,-0.04150000000000004
D029,22,5,2.02,1.01,0.67,0.34,0.51,4,5.89,16.99,233.17,0.3925,57.7,25.0,32.6,2294,54.3,4.8,6.0,18.9,594.0,18.3,3.1,99.0,7.5,0.0,6,33,0,day,northeast,False,True,2.4399999999999995,-1.0400000000000027,0.5,947.0,-0.023899999999999977
D029,23,6,1.31,1.16,0.58,0.73,0.0,4,5.23,18.51,294.16,0.4276,90.6,31.6,34.0,3485,82.8,5.2,5.5,28.7,688.0,18.7,3.7,137.6,10.4,0.0,5,33,0,day,northeast,False,True,1.4900000000000002,3.150000000000002,0.20000000000000018,1129.0,0.07289999999999996
D029,24,6,1.73,0.96,0.96,0.58,0.77,2,6.9,16.94,204.09,0.3912,64.7,26.7,34.5,2465,59.0,6.8,6.8,20.3,521.7,15.4,3.8,130.4,9.5,0.0,4,33,0,day,northeast,False,True,0.4800000000000004,0.120000000000001,0.3999999999999999,50.0,0.002599999999999991
D029,25,6,1.17,1.17,0.73,1.03,0.73,4,5.73,11.88,186.97,0.2745,37.1,17.5,32.5,1657,33.2,2.4,5.4,13.7,681.2,16.5,3.3,136.2,7.6,0.0,5,33,0,day,northeast,False,True,-0.09999999999999964,-3.3199999999999985,-0.30000000000000027,9.0,-0.07649999999999996
D029,26,6,1.53,1.53,0.0,0.0,0.0,0,3.83,15.27,46.04,0.3528,68.9,25.6,31.6,1380,21.0,4.5,6.3,11.4,130.5,3.3,1.6,65.2,5.5,0.0,2,33,0,day,northeast,False,True,-2.0599999999999996,-1.7199999999999989,-1.5,-914.0,-0.03970000000000001
D030,1,1,4.16,4.16,1.62,1.85,1.16,8,13.42,23.81,237.72,0.5499,78.8,24.6,32.3,2583,64.5,5.2,6.2,21.2,432.3,14.1,3.5,108.1,9.2,0.0,4,46,2,day,northeast,True,False,,,,,
D030,2,1,4.2,1.23,1.98,3.46,0.99,5,13.58,21.11,197.48,0.4877,50.5,15.8,28.4,2676,56.7,8.0,6.8,22.0,404.9,11.1,3.7,135.0,9.7,0.0,3,46,2,day,northeast,True,False,,,,,
D030,3,1,4.23,2.41,2.72,0.91,1.21,5,11.47,22.47,171.98,0.5191,64.8,22.2,38.2,2882,61.3,7.0,6.2,23.7,331.3,11.0,3.7,110.4,10.3,0.0,3,46,2,day,northeast,True,False,,,,,
D030,4,1,7.69,4.7,2.13,2.13,0.0,3,17.08,20.96,113.37,0.4841,47.7,15.7,28.6,2301,78.0,4.5,6.6,18.9,234.2,7.2,3.6,117.1,8.5,0.0,2,46,2,day,northeast,True,False,,,,,
D030,5,2,3.83,3.14,2.61,2.09,1.05,10,13.24,21.36,283.21,0.4935,64.6,20.8,28.6,2345,37.0,4.0,5.3,19.3,573.9,17.1,2.8,95.6,8.0,0.0,6,46,2,day,northeast,True,False,-0.17999999999999972,-2.4499999999999993,-0.7000000000000002,-238.0,-0.05640000000000006
D030,6,2,3.89,1.59,2.88,2.74,1.73,7,13.56,22.18,355.28,0.5124,83.1,22.5,30.3,1698,37.7,5.0,5.9,14.0,693.4,18.1,3.0,115.6,7.8,0.0,6,46,2,day,northeast,True,False,-0.019999999999999574,1.0700000000000003,-0.7000000000000002,-978.0,0.024699999999999944
D030,7,2,5.58,1.69,2.88,2.71,0.85,12,14.38,19.72,269.14,0.4555,57.5,17.7,37.7,2086,46.0,6.0,6.5,17.2,590.9,16.7,3.3,118.2,8.6,0.0,5,46,2,day,northeast,True,False,2.91,-2.75,-0.40000000000000036,-796.0,-0.06359999999999999
D030,8,2,4.38,1.68,3.48,1.55,0.64,8,12.5,20.35,364.8,0.4702,55.7,15.6,32.0,2655,54.0,5.8,5.7,21.9,775.9,20.7,4.1,155.2,10.4,0.0,5,46,2,day,northeast,True,False,-4.579999999999998,-0.6099999999999994,0.49999999999999956,354.0,-0.013899999999999968
D030,9,3,3.39,3.2,3.39,2.63,0.75,5,14.3,19.79,242.97,0.4571,60.6,20.2,34.9,2559,51.5,4.2,5.5,21.0,531.5,14.9,3.7,132.9,9.2,0.0,4,46,2,day,northeast,True,False,1.0600000000000005,-1.5700000000000003,0.9000000000000004,214.0,-0.03639999999999999
D030,10,3,3.65,3.11,2.9,1.5,1.5,12,13.42,17.59,378.42,0.4063,49.4,14.1,32.4,3156,57.6,6.6,5.9,26.0,931.5,22.5,4.5,186.3,10.4,0.0,5,46,2,day,northeast,True,False,-0.14000000000000057,-4.59,1.5,1458.0,-0.10609999999999997
D030,11,3,3.74,1.87,4.12,2.62,0.75,4,13.84,18.16,112.1,0.4194,58.8,21.8,28.4,3030,67.0,6.0,7.0,24.9,267.3,7.8,3.9,133.6,9.5,0.0,2,46,2,day,northeast,True,False,-0.5400000000000009,-1.5599999999999987,0.6000000000000001,944.0,-0.03610000000000002
D030,12,3,3.07,2.37,2.51,2.65,1.12,9,12.14,18.69,309.22,0.4316,48.3,18.3,32.0,2003,40.3,3.7,6.0,16.5,716.4,21.9,3.6,119.4,9.0,0.0,6,46,2,day,northeast,True,False,-0.35999999999999943,-1.6600000000000001,-0.49999999999999956,-652.0,-0.03860000000000002
D030,13,3,3.86,2.84,3.18,2.38,1.13,8,14.64,17.85,363.39,0.4123,52.7,16.7,33.3,2077,50.3,5.0,6.0,17.1,881.3,20.8,3.5,146.9,9.5,0.0,6,46,2,day,northeast,True,False,0.33999999999999986,-1.9399999999999977,-0.20000000000000018,-482.0,-0.044800000000000006
D030,14,4,3.45,4.39,2.19,2.51,0.63,3,14.42,15.84,116.75,0.366,56.7,19.3,47.8,1726,43.5,1.5,4.6,14.2,319.0,8.5,2.1,79.8,6.5,0.0,4,46,2,day,northeast,True,False,1.0,-1.75,-2.4,-1430.0,-0.0403
D030,15,4,4.99,1.87,3.99,1.87,0.62,9,13.59,18.64,345.25,0.4306,50.0,16.8,31.1,1947,45.3,4.2,5.7,16.0,801.8,21.1,3.5,133.6,8.8,0.0,6,46,2,day,northeast,True,False,-0.25,0.4800000000000004,-0.3999999999999999,-1083.0,0.011199999999999988
D030,16,4,4.54,2.97,3.32,3.15,0.87,8,15.56,18.42,243.4,0.4255,58.8,19.9,32.8,1827,36.7,3.7,6.1,15.0,572.1,15.8,2.6,95.4,6.7,0.0,6,46,2,day,northeast,True,False,3.42,-0.2699999999999996,-1.0,-176.0,-0.006099999999999994
D030,17,4,3.89,2.67,2.43,2.19,0.24,7,12.64,20.53,195.15,0.4742,68.5,21.6,31.1,2179,58.0,5.7,5.9,18.0,411.5,11.2,3.8,137.2,9.3,0.0,3,46,2,day,northeast,True,False,-2.0,2.6799999999999997,0.2999999999999998,102.0,0.06190000000000001
D030,18,5,3.19,2.9,3.48,2.61,0.58,1,13.33,21.15,168.56,0.4886,73.0,24.2,40.0,2215,38.5,4.2,6.2,18.2,345.0,10.1,2.5,86.2,7.5,0.0,4,46,2,day,northeast,True,False,-1.0899999999999999,5.309999999999999,0.3999999999999999,489.0,0.12259999999999999
D030,19,5,3.13,3.13,2.39,1.66,0.55,7,11.97,20.58,258.14,0.4753,92.5,27.0,32.3,2680,62.8,5.6,6.3,22.1,543.1,16.1,3.2,108.6,8.0,0.0,5,46,2,day,northeast,True,False,-1.6199999999999992,1.9399999999999977,-0.2999999999999998,733.0,0.04470000000000002
D030,20,5,3.55,1.7,2.78,2.47,1.39,8,13.12,20.8,311.27,0.4806,75.8,23.4,36.7,2133,52.4,3.2,5.7,17.6,647.7,17.3,3.5,129.5,8.8,0.0,5,46,2,day,northeast,True,False,-2.4400000000000013,2.379999999999999,0.8999999999999999,306.0,0.05510000000000004
D030,21,5,5.35,2.53,3.38,2.81,0.84,3,15.2,17.63,144.7,0.4073,59.8,19.3,33.8,2841,73.0,9.0,6.6,23.4,355.3,8.5,4.3,177.6,11.0,0.0,2,46,2,day,northeast,True,False,2.5599999999999987,-2.900000000000002,0.5,662.0,-0.06690000000000002
D030,22,5,4.12,3.74,2.37,2.12,0.62,12,13.48,18.41,340.63,0.4252,58.0,20.1,31.2,2203,34.3,4.0,6.0,18.2,801.1,22.8,3.3,114.4,8.1,0.0,7,46,2,day,northeast,True,False,0.15000000000000036,-2.7399999999999984,0.7999999999999998,-12.0,-0.06339999999999996
D030,23,6,3.16,2.98,2.98,2.98,1.05,5,14.03,20.22,266.41,0.4671,86.8,27.1,36.5,2988,86.0,5.8,6.2,24.6,570.3,17.6,3.5,114.1,9.4,0.0,5,46,2,day,northeast,True,False,2.0599999999999987,-0.35999999999999943,0.2999999999999998,308.0,-0.008199999999999985
D030,24,6,4.29,4.29,3.57,2.14,1.43,2,17.15,22.62,146.27,0.5226,76.6,27.0,39.8,3805,94.7,6.3,6.3,31.3,279.9,9.3,3.1,93.3,8.7,0.0,3,46,2,day,northeast,True,False,4.029999999999999,1.8200000000000003,-0.3999999999999999,1672.0,0.041999999999999926
D030,25,6,5.05,1.95,1.79,1.95,0.98,7,12.21,18.66,264.7,0.431,46.2,17.0,30.1,1961,51.3,4.5,6.5,16.2,614.2,19.5,3.3,102.4,7.3,0.0,6,46,2,day,northeast,True,False,-2.9899999999999984,1.0300000000000011,-1.0,-880.0,0.0237
D030,26,6,5.13,3.3,3.3,2.38,1.1,15,15.77,19.9,250.75,0.4597,61.2,21.3,31.9,2222,55.6,5.6,6.1,18.3,545.5,15.7,3.1,109.1,8.4,0.0,5,46,2,day,northeast,True,False,2.289999999999999,1.4899999999999984,-0.19999999999999973,19.0,0.034499999999999975
D031,1,1,1.93,6.16,2.31,1.93,1.54,5,14.64,21.87,131.16,0.5052,56.2,16.8,33.8,1515,44.7,3.3,6.3,12.5,259.6,7.1,2.4,86.5,6.3,63.2,3,21,9,rotating,northeast,False,True,,,,,
D031,2,1,3.46,3.71,1.61,1.98,0.74,9,12.61,21.03,393.05,0.4858,57.3,18.0,36.4,2190,47.0,5.2,6.5,18.0,809.1,22.4,3.7,134.8,8.7,63.5,6,21,9,rotating,northeast,False,True,,,,,
D031,3,1,2.62,5.01,2.18,3.05,0.87,7,16.57,20.42,216.35,0.4717,49.0,14.8,38.7,1554,28.8,4.8,6.5,12.8,458.7,11.8,2.4,91.7,5.4,44.4,5,21,9,rotating,northeast,False,True,,,,,
D031,4,1,3.1,1.95,1.72,1.95,0.8,13,10.78,21.28,428.83,0.4917,81.7,23.3,36.7,2550,64.0,5.6,5.9,21.0,872.2,23.4,3.3,124.6,9.6,67.2,7,21,9,rotating,northeast,False,True,,,,,
D031,5,1,2.89,3.25,1.56,2.77,0.36,11,11.66,20.69,397.5,0.478,63.8,18.3,31.2,2424,42.3,6.8,6.6,20.0,831.6,20.6,3.4,138.6,9.0,13.0,6,21,9,rotating,northeast,False,True,-2.9800000000000004,-1.1799999999999997,1.0,909.0,-0.027200000000000002
D031,6,2,4.29,3.05,1.72,2.86,0.95,18,13.93,20.77,502.93,0.4797,59.8,18.7,33.3,1910,46.9,4.3,5.5,15.8,1048.4,29.4,4.2,149.8,8.7,42.6,7,21,9,rotating,northeast,False,True,1.3200000000000003,-0.26000000000000156,0.5,-280.0,-0.006099999999999994
D031,7,2,3.1,2.52,2.13,2.13,0.78,9,11.82,20.19,240.7,0.4664,56.9,16.2,36.6,1713,37.0,4.0,5.9,14.1,516.1,12.4,3.1,129.0,8.2,100.0,4,21,9,rotating,northeast,False,True,-4.75,-0.23000000000000043,0.7000000000000002,159.0,-0.005300000000000027
D031,8,2,2.81,2.81,3.09,3.09,0.28,6,12.91,22.03,181.36,0.5089,57.5,17.4,33.0,1877,46.5,3.0,5.6,15.5,356.4,10.5,2.6,89.1,6.5,76.9,4,21,9,rotating,northeast,False,True,2.130000000000001,0.75,-0.6999999999999997,-673.0,0.017199999999999993
D031,9,2,1.53,1.97,1.53,2.84,0.87,7,9.83,19.45,205.68,0.4492,54.2,17.2,42.7,1879,44.0,4.0,5.8,15.5,457.9,12.9,3.2,114.5,7.2,37.9,4,21,9,rotating,northeast,False,True,-1.83,-1.240000000000002,-0.19999999999999973,-545.0,-0.028799999999999992
D031,10,3,3.53,3.69,1.69,1.69,1.23,5,12.6,19.89,299.05,0.4594,64.6,21.5,33.7,2396,52.0,5.2,6.1,19.7,650.9,17.9,3.6,130.2,9.2,84.8,5,21,9,rotating,northeast,False,True,-1.33,-0.879999999999999,-0.6000000000000001,486.0,-0.02030000000000004
D031,11,3,3.36,5.22,1.97,3.25,0.46,15,15.43,20.29,404.04,0.4687,66.1,21.4,32.1,3227,84.0,6.5,6.1,26.5,862.0,24.1,4.0,143.7,10.0,48.3,6,21,9,rotating,northeast,False,True,3.6099999999999994,0.09999999999999787,0.8999999999999999,1514.0,0.0023000000000000242
D031,12,3,2.86,3.88,2.86,3.06,1.02,6,14.09,17.95,202.98,0.4146,48.4,16.9,43.0,2559,45.0,5.0,6.3,21.1,489.6,13.4,3.4,122.4,8.8,45.7,4,21,9,rotating,northeast,False,True,1.1799999999999997,-4.080000000000002,0.7999999999999998,682.0,-0.0943
D031,13,3,2.45,3.22,1.42,1.67,0.64,6,9.92,17.5,313.86,0.4043,55.7,18.0,37.4,2449,55.2,4.6,5.5,20.2,776.3,19.5,3.9,155.3,9.4,0.0,5,21,9,rotating,northeast,False,True,0.08999999999999986,-1.9499999999999993,0.6999999999999997,570.0,-0.044899999999999995
D031,14,4,2.57,3.69,2.73,3.21,0.8,9,13.47,19.63,282.79,0.4535,64.8,19.5,39.9,2691,47.0,6.8,6.2,22.2,623.6,16.4,4.1,155.9,10.0,72.5,4,21,9,rotating,northeast,False,True,0.870000000000001,-0.26000000000000156,0.49999999999999956,295.0,-0.005899999999999961
D031,15,4,3.02,3.16,1.92,3.02,0.69,6,13.46,19.0,319.5,0.4389,68.0,20.5,35.0,2264,46.0,5.4,5.9,18.7,728.0,17.4,3.5,145.6,9.2,89.1,5,21,9,rotating,northeast,False,True,-1.9699999999999989,-1.2899999999999991,-0.5,-963.0,-0.029799999999999993
D031,16,4,2.15,2.8,2.8,2.37,0.65,8,11.84,20.58,220.77,0.4754,74.7,25.4,32.3,2162,43.5,4.5,6.0,17.8,464.4,13.7,3.4,116.1,9.0,77.8,4,21,9,rotating,northeast,False,True,-2.25,2.629999999999999,0.0,-397.0,0.060799999999999965
D031,17,4,4.49,3.63,1.38,3.28,0.35,7,14.34,20.24,270.62,0.4676,60.3,21.2,33.3,2288,41.6,5.0,5.8,18.9,578.7,17.2,3.4,115.7,8.4,35.7,5,21,9,rotating,northeast,False,True,4.42,2.7399999999999984,-0.5,-161.0,0.06330000000000002
D031,18,5,2.75,4.67,2.2,2.33,0.69,6,13.86,19.16,322.38,0.4425,60.7,18.8,31.0,2878,51.2,6.2,6.0,23.7,728.5,18.6,3.7,145.7,9.8,59.2,5,21,9,rotating,northeast,False,True,0.3899999999999988,-0.46999999999999886,-0.39999999999999947,187.0,-0.01100000000000001
D031,19,5,2.89,2.06,1.44,3.3,0.62,4,11.34,20.88,233.93,0.4822,75.8,24.2,34.5,3229,92.0,4.5,5.6,26.5,485.1,15.1,3.8,121.3,9.8,100.0,4,21,9,rotating,northeast,False,True,-2.120000000000001,1.879999999999999,0.2999999999999998,965.0,0.043300000000000005
D031,20,5,3.54,2.89,1.71,2.49,0.79,8,12.86,18.57,326.86,0.429,53.1,16.8,30.2,2065,51.4,4.7,6.2,17.0,761.9,21.2,3.0,108.8,7.7,51.9,7,21,9,rotating,northeast,False,True,1.0199999999999996,-2.009999999999998,-0.3999999999999999,-97.0,-0.0464
D031,21,5,3.26,3.57,2.79,2.33,1.24,10,14.28,19.85,295.31,0.4585,51.0,17.4,39.1,2184,56.8,5.2,6.7,18.0,644.1,19.2,3.8,128.8,8.4,50.0,5,21,9,rotating,northeast,False,True,-0.0600000000000005,-0.389999999999997,0.3999999999999999,-104.0,-0.009099999999999997
D031,22,5,2.72,2.38,2.21,3.06,0.51,3,11.57,17.81,241.76,0.4114,73.0,24.5,30.2,2583,51.2,6.0,6.1,21.3,587.6,15.7,3.1,117.5,9.0,75.6,5,21,9,rotating,northeast,False,True,-2.289999999999999,-1.3500000000000014,-0.6000000000000001,-295.0,-0.031100000000000017
D031,23,6,2.44,3.54,1.83,1.83,0.49,9,11.22,19.94,377.73,0.4607,71.9,22.8,35.6,3074,72.0,5.0,5.5,25.3,819.9,22.1,3.7,136.6,9.7,37.9,6,21,9,rotating,northeast,False,True,-0.11999999999999922,-0.9399999999999977,-0.09999999999999964,-155.0,-0.02150000000000002
D031,24,6,3.33,4.55,2.12,2.58,0.91,12,14.55,17.75,270.52,0.4101,34.5,12.8,37.6,1951,38.7,3.7,5.8,16.1,659.7,18.6,3.1,110.0,7.5,24.4,6,21,9,rotating,northeast,False,True,1.6900000000000013,-0.8200000000000003,0.10000000000000009,-114.0,-0.018899999999999972
D031,25,6,3.52,3.89,2.41,2.22,0.74,5,14.28,18.47,230.17,0.4267,51.9,17.7,36.1,1984,49.6,3.8,6.5,16.3,539.4,15.9,3.2,107.9,7.2,52.8,5,21,9,rotating,northeast,False,True,0.0,-1.3800000000000026,-0.5999999999999996,-200.0,-0.031799999999999995
D031,26,6,4.52,1.81,3.44,3.8,0.72,5,15.2,20.22,258.14,0.4671,83.0,24.4,39.7,2398,47.6,4.8,6.3,19.7,552.6,13.8,2.8,110.5,8.6,51.2,5,21,9,rotating,northeast,False,True,3.629999999999999,2.41,-0.30000000000000027,-185.0,0.05570000000000003
D032,1,1,1.48,0.74,0.59,1.18,0.0,3,5.92,19.91,310.9,0.46,107.9,33.9,35.0,2257,49.0,5.8,6.4,18.6,675.9,17.8,3.0,112.6,8.3,0.0,6,51,3,day,northeast,True,False,,,,,
D032,2,1,1.73,1.26,0.94,1.1,0.47,4,6.45,17.16,252.0,0.3963,87.5,27.2,33.3,2474,77.0,5.8,6.0,20.4,635.8,15.2,3.8,159.0,9.5,0.0,4,51,3,day,northeast,True,False,,,,,
D032,3,1,2.62,0.62,0.75,0.37,0.25,3,5.73,16.73,310.09,0.3865,60.8,20.6,32.8,1650,44.8,4.6,6.2,13.6,802.4,19.0,3.8,160.5,8.8,0.0,5,51,3,day,northeast,True,False,,,,,
D032,4,1,1.19,0.68,0.85,1.02,0.68,4,5.46,18.59,251.91,0.4295,80.9,26.1,37.9,1799,39.2,3.8,5.9,14.8,586.5,15.0,3.0,117.3,8.0,0.0,5,51,3,day,northeast,True,False,,,,,
D032,5,2,2.18,0.62,0.31,0.94,0.31,5,4.83,19.0,281.59,0.4389,71.1,24.6,30.7,2092,54.8,5.6,6.4,17.2,641.6,17.6,3.5,128.3,8.6,0.0,5,51,3,day,northeast,True,False,-1.0899999999999999,-0.9100000000000001,0.5,-165.0,-0.021100000000000008
D032,6,2,1.62,1.0,1.0,1.0,0.0,9,5.99,19.27,356.48,0.445,71.0,26.9,33.8,2779,67.4,6.3,6.6,22.8,801.0,25.3,3.6,114.4,8.9,0.0,7,51,3,day,northeast,True,False,-0.45999999999999996,2.1099999999999994,-0.19999999999999973,305.0,0.04870000000000002
D032,7,2,1.51,1.82,0.61,0.91,0.0,2,6.36,19.98,152.44,0.4615,84.4,32.4,43.9,2786,61.3,4.0,5.8,22.9,330.3,10.6,3.5,110.1,9.7,0.0,3,51,3,day,northeast,True,False,0.6299999999999999,3.25,-0.2999999999999998,1136.0,0.07500000000000001
D032,8,2,2.29,2.01,1.15,0.57,0.0,4,6.88,17.11,137.79,0.3953,74.2,28.3,37.1,2230,39.3,3.3,5.5,18.4,348.6,9.6,3.2,116.2,8.0,0.0,3,51,3,day,northeast,True,False,1.42,-1.4800000000000004,0.20000000000000018,431.0,-0.03420000000000001
D032,9,2,1.0,0.43,0.57,1.44,0.14,0,4.45,16.25,261.56,0.3754,60.2,23.1,30.2,2641,59.2,4.8,5.5,21.7,696.7,18.9,3.8,139.3,9.4,0.0,5,51,3,day,northeast,True,False,-0.3799999999999999,-2.75,0.2999999999999998,549.0,-0.0635
D032,10,3,1.02,0.81,1.22,1.42,0.41,2,5.29,18.73,212.61,0.4328,100.3,36.3,33.1,2384,44.5,6.5,6.1,19.6,491.3,14.2,3.5,122.8,9.5,0.0,4,51,3,day,northeast,True,False,-0.7000000000000002,-0.5399999999999991,-0.10000000000000009,-395.0,-0.012199999999999989
D032,11,3,1.61,0.58,1.02,1.17,0.15,4,5.26,15.36,242.62,0.3548,72.6,27.1,29.6,1448,34.7,3.2,6.1,12.0,683.8,17.7,3.0,114.0,7.0,0.0,6,51,3,day,northeast,True,False,-1.1000000000000005,-4.620000000000001,-0.5,-1338.0,-0.10670000000000002
D032,12,3,1.86,1.18,1.01,0.67,0.17,2,5.91,17.18,235.11,0.3967,71.9,29.6,37.0,1937,49.0,3.8,6.1,15.9,592.6,19.1,3.2,98.8,8.0,0.0,6,51,3,day,northeast,True,False,-0.9699999999999998,0.07000000000000028,0.0,-293.0,0.0014000000000000123
D032,13,3,0.63,0.63,0.31,0.31,0.63,0,2.82,15.45,113.77,0.357,72.5,26.0,40.5,1906,52.0,6.0,7.2,15.7,318.7,9.1,3.0,106.2,8.0,0.0,3,51,3,day,northeast,True,False,-1.6300000000000003,-0.8000000000000007,-0.7999999999999998,-735.0,-0.018400000000000027
D032,14,4,1.1,1.42,0.99,0.88,0.11,7,6.13,15.31,322.96,0.3537,61.6,21.9,38.8,1922,44.7,5.3,6.2,15.8,913.2,21.0,3.5,152.2,8.7,0.0,6,51,3,day,northeast,True,False,0.8399999999999999,-3.42,0.0,-462.0,-0.0791
D032,15,4,1.21,0.45,0.76,1.06,0.15,2,4.54,17.61,268.63,0.4067,65.4,27.9,36.5,2406,58.7,4.2,6.0,19.8,660.5,21.4,3.6,110.1,8.0,0.0,6,51,3,day,northeast,True,False,-0.7199999999999998,2.25,0.6000000000000001,958.0,0.0519
D032,16,4,2.78,1.3,0.74,2.22,0.37,2,7.97,15.58,194.25,0.3599,56.2,22.4,34.5,2667,62.0,3.8,5.5,22.0,539.8,15.5,3.9,135.0,9.0,0.0,4,51,3,day,northeast,True,False,2.0599999999999996,-1.5999999999999996,0.6999999999999997,730.0,-0.0368
D032,17,4,2.15,1.07,0.77,0.46,0.15,3,5.22,16.04,241.51,0.3705,84.8,27.1,30.9,1974,50.3,4.3,6.2,16.2,651.8,17.0,2.8,108.6,8.0,0.0,6,51,3,day,northeast,True,False,2.4,0.5899999999999999,-0.20000000000000018,68.0,0.013500000000000012
D032,18,5,1.26,0.79,0.95,1.26,0.0,3,5.53,17.98,262.85,0.4153,88.1,32.2,34.1,1877,33.0,4.8,6.3,15.5,633.0,17.9,3.0,105.5,7.5,0.0,6,51,3,day,northeast,True,False,-0.5999999999999996,2.67,-0.5,-45.0,0.06159999999999999
D032,19,5,2.11,0.84,0.95,0.95,0.21,1,5.91,17.55,383.88,0.4054,95.2,32.1,34.4,2321,52.3,5.4,6.3,19.1,946.8,23.5,3.4,135.3,8.9,0.0,7,51,3,day,northeast,True,False,1.37,-0.05999999999999872,-0.20000000000000018,-85.0,-0.0013000000000000234
D032,20,5,1.96,0.65,1.14,0.49,0.49,4,5.71,15.81,223.79,0.3653,58.5,22.9,36.0,2456,47.2,4.4,5.9,20.2,612.6,17.3,3.5,122.5,9.4,0.0,5,51,3,day,northeast,True,False,-2.26,0.23000000000000043,-0.3999999999999999,-211.0,0.005400000000000016
D032,21,5,1.93,0.32,0.86,1.28,0.21,8,5.78,13.88,299.72,0.3207,59.3,21.7,36.3,2047,47.0,4.7,5.5,16.9,934.5,23.4,3.9,155.7,8.8,0.0,6,51,3,day,northeast,True,False,0.5600000000000005,-2.1599999999999984,1.1,73.0,-0.04980000000000001
D032,22,5,0.89,1.19,1.04,0.59,0.45,4,5.21,17.26,268.12,0.3988,74.4,28.7,29.2,3139,66.8,8.6,6.8,25.9,672.3,19.4,3.9,134.5,10.8,0.0,5,51,3,day,northeast,True,False,-0.3200000000000003,-0.7199999999999989,0.8999999999999999,1262.0,-0.016500000000000015
D032,23,6,1.2,1.02,1.02,0.34,0.17,6,4.95,15.08,203.95,0.3484,61.7,22.1,36.8,1464,30.3,2.5,5.7,12.1,585.4,15.7,2.6,97.6,6.7,0.0,6,51,3,day,northeast,True,False,-0.96,-2.4700000000000006,-0.7999999999999998,-857.0,-0.056999999999999995
D032,24,6,1.06,0.61,0.76,0.91,0.0,5,4.86,17.8,270.73,0.4111,76.8,29.6,30.6,2711,56.0,4.8,6.0,22.3,658.6,19.6,3.9,131.7,10.0,0.0,5,51,3,day,northeast,True,False,-0.8499999999999996,1.9900000000000002,0.3999999999999999,255.0,0.04580000000000001
D032,25,6,0.73,1.7,0.97,0.24,0.0,4,5.58,17.81,169.69,0.4115,74.4,26.2,33.7,2474,43.0,5.0,5.6,20.5,412.4,10.8,5.4,206.2,11.0,0.0,2,51,3,day,northeast,True,False,-0.20000000000000018,3.929999999999998,1.5000000000000004,427.0,0.09079999999999999
D032,26,6,0.88,1.0,0.5,1.38,0.25,6,4.9,15.63,287.57,0.361,66.6,24.9,31.6,1699,41.0,3.3,5.9,14.0,796.6,20.8,3.5,132.8,8.2,0.0,6,51,3,day,northeast,True,False,-0.3099999999999996,-1.6300000000000008,-0.3999999999999999,-1440.0,-0.0378
D033,1,1,1.32,1.19,0.4,0.93,0.26,7,5.69,17.13,298.82,0.3957,76.4,24.8,29.2,1196,20.9,4.3,6.5,9.9,755.2,17.8,2.5,107.9,7.1,0.0,7,57,1,day,southeast,False,False,,,,,
D033,2,1,1.83,1.83,0.92,1.68,0.31,8,9.33,15.77,238.28,0.3643,66.2,21.7,35.7,1862,30.0,5.8,6.2,15.4,654.1,16.0,4.0,163.5,9.2,0.0,4,57,1,day,southeast,False,False,,,,,
D033,3,1,1.17,0.47,1.87,0.93,0.7,2,6.31,17.96,177.69,0.415,75.8,24.9,35.2,1809,25.0,3.8,6.1,14.9,428.2,12.1,3.0,107.0,7.8,0.0,4,57,1,day,southeast,False,False,,,,,
D033,4,1,1.02,1.02,0.81,0.61,0.41,8,6.01,17.07,387.41,0.3944,73.9,24.6,29.3,1549,28.6,6.1,6.6,12.9,982.4,23.4,3.3,140.3,8.4,0.0,7,57,1,day,southeast,False,False,,,,,
D033,5,1,2.01,2.01,0.5,1.0,0.0,3,6.52,17.93,165.07,0.4141,68.5,23.7,37.1,1643,41.3,4.7,5.9,13.6,398.6,10.9,3.6,132.9,8.3,0.0,3,57,1,day,southeast,False,False,0.8299999999999992,0.8000000000000007,1.1,447.0,0.018400000000000027
D033,6,2,1.36,1.19,0.68,0.68,0.17,2,6.27,17.9,243.89,0.4136,82.9,26.2,39.5,1206,12.0,4.2,5.9,10.0,589.7,14.0,3.5,147.4,8.8,0.0,4,57,1,day,southeast,False,False,-3.0600000000000005,2.129999999999999,-0.5,-656.0,0.04930000000000001
D033,7,2,1.39,1.39,0.23,0.23,0.69,2,6.25,16.9,168.56,0.3903,67.5,23.2,31.2,1717,35.3,6.0,6.2,14.3,431.9,10.7,3.6,144.0,10.7,0.0,3,57,1,day,southeast,False,False,-0.05999999999999961,-1.0600000000000023,0.6000000000000001,-92.0,-0.0247
D033,8,2,1.68,0.74,1.37,1.16,0.11,4,6.73,16.53,363.27,0.3819,57.5,18.9,34.5,1246,26.0,3.0,5.7,10.3,951.2,21.6,4.3,190.2,9.2,0.0,5,57,1,day,southeast,False,False,0.7200000000000006,-0.5399999999999991,1.0,-303.0,-0.012499999999999956
D033,9,2,1.45,0.41,0.41,1.14,0.31,7,5.48,16.12,359.92,0.3724,66.9,23.0,33.1,1522,22.0,5.8,6.7,12.6,966.4,22.6,3.8,161.1,8.8,0.0,6,57,1,day,southeast,False,False,-1.0399999999999991,-1.8099999999999987,0.19999999999999973,-121.0,-0.041700000000000015
D033,10,3,1.57,0.26,0.91,1.31,0.52,2,6.14,14.14,250.2,0.3266,52.2,20.8,32.7,1686,32.4,5.0,6.1,14.0,766.0,18.9,3.8,153.2,8.2,0.0,5,57,1,day,southeast,False,False,-0.1299999999999999,-3.759999999999998,0.2999999999999998,480.0,-0.08700000000000002
D033,11,3,1.79,1.34,0.81,0.45,0.18,6,5.99,14.12,364.52,0.3261,56.4,22.0,35.3,2009,36.0,5.7,5.9,16.6,1117.7,26.5,3.8,159.7,9.9,0.0,7,57,1,day,southeast,False,False,-0.2599999999999998,-2.7799999999999994,0.19999999999999973,292.0,-0.06419999999999998
D033,12,3,1.43,0.96,0.16,0.8,0.32,2,5.57,15.19,220.26,0.3508,70.4,25.3,32.6,1707,21.0,4.5,5.5,14.1,627.9,14.9,3.7,157.0,9.0,0.0,4,57,1,day,southeast,False,False,-1.1600000000000001,-1.3400000000000016,-0.5999999999999996,461.0,-0.031100000000000017
D033,13,3,1.25,1.14,0.79,0.79,0.11,5,5.33,14.34,291.78,0.3312,71.5,22.8,34.2,1324,20.0,4.4,5.9,11.0,881.0,18.1,3.6,176.2,8.8,0.0,5,57,1,day,southeast,False,False,-0.15000000000000036,-1.7800000000000011,-0.19999999999999973,-198.0,-0.041200000000000014
D033,14,4,1.15,0.57,0.96,0.57,0.1,4,4.78,14.32,345.88,0.3308,61.7,20.1,36.2,1274,22.3,5.5,6.3,10.6,1045.6,21.1,3.5,174.3,8.8,0.0,6,57,1,day,southeast,False,False,-1.3599999999999994,0.17999999999999972,-0.2999999999999998,-412.0,0.0041999999999999815
D033,15,4,0.46,2.05,0.68,1.82,0.68,2,7.51,17.37,176.25,0.4013,104.7,30.9,32.2,1738,39.3,6.7,7.5,14.4,439.2,10.2,3.4,146.4,8.7,0.0,3,57,1,day,southeast,False,False,1.5199999999999996,3.2500000000000018,-0.3999999999999999,-271.0,0.07519999999999999
D033,16,4,0.86,0.43,1.14,0.86,0.29,2,5.15,14.01,226.52,0.3237,54.7,21.2,33.0,1331,27.0,4.0,5.4,11.0,699.7,17.4,4.4,174.9,8.0,0.0,4,57,1,day,southeast,False,False,-0.41999999999999993,-1.1799999999999997,0.7000000000000002,-376.0,-0.027100000000000013
D033,17,4,1.32,0.33,1.15,0.66,0.33,4,5.11,15.0,210.14,0.3465,51.1,18.5,33.7,1142,24.5,5.5,6.9,9.5,606.5,15.6,3.9,151.6,7.8,0.0,4,57,1,day,southeast,False,False,-0.21999999999999975,0.6600000000000001,0.2999999999999998,-182.0,0.01529999999999998
D033,18,5,0.68,1.37,0.68,0.68,0.23,2,5.01,17.78,180.5,0.4107,86.8,29.3,32.4,1636,31.0,4.2,6.7,13.5,439.5,11.0,2.7,109.9,8.0,0.0,4,57,1,day,southeast,False,False,0.22999999999999954,3.460000000000001,-0.7999999999999998,362.0,0.07990000000000003
D033,19,5,1.42,1.42,0.71,0.89,0.18,4,5.86,16.62,216.26,0.3839,66.6,23.8,29.1,1825,30.0,3.8,6.7,15.0,563.3,13.9,2.8,112.7,7.6,0.0,5,57,1,day,southeast,False,False,-1.6499999999999995,-0.75,-0.6000000000000001,87.0,-0.01739999999999997
D033,20,5,1.78,0.64,0.89,1.66,0.13,5,7.01,15.32,277.66,0.3538,74.8,24.4,37.2,1039,11.6,4.8,6.6,8.7,784.7,17.4,3.5,156.9,8.2,0.0,5,57,1,day,southeast,False,False,1.8599999999999994,1.3100000000000005,-0.9000000000000004,-292.0,0.030100000000000016
D033,21,5,1.03,0.34,0.34,0.0,0.0,1,3.09,14.07,94.55,0.3249,51.9,21.7,25.0,1284,24.0,3.5,5.2,10.7,291.0,7.2,3.6,145.5,8.0,0.0,2,57,1,day,southeast,False,False,-2.0200000000000005,-0.9299999999999997,-0.2999999999999998,142.0,-0.021599999999999953
D033,22,5,1.48,1.14,1.14,0.46,0.57,2,6.16,14.38,291.11,0.3322,76.6,23.3,34.2,1166,21.1,3.9,6.1,9.7,876.2,20.9,3.0,125.2,6.9,0.0,7,57,1,day,southeast,False,False,1.1500000000000004,-3.4000000000000004,0.2999999999999998,-470.0,-0.07850000000000001
D033,23,6,3.59,1.14,0.65,0.65,0.0,7,7.51,12.81,181.17,0.2959,29.2,8.0,35.4,1603,31.3,7.3,7.9,13.2,612.2,13.3,4.4,204.1,8.3,0.0,3,57,1,day,southeast,False,False,1.6499999999999995,-3.8100000000000005,1.6000000000000005,-222.0,-0.08800000000000002
D033,24,6,1.22,0.7,1.05,0.35,0.52,1,4.9,15.0,198.08,0.3465,65.1,21.9,38.6,1059,14.8,4.4,6.9,8.8,571.7,12.1,2.4,114.3,6.4,0.0,5,57,1,day,southeast,False,False,-2.1099999999999994,-0.3200000000000003,-1.1,20.0,-0.007300000000000029
D033,25,6,1.04,0.52,0.69,0.69,0.35,3,5.55,15.92,211.85,0.3677,71.4,24.6,39.6,1575,33.3,4.3,5.9,13.0,576.1,13.2,4.4,192.0,8.3,0.0,3,57,1,day,southeast,False,False,2.46,1.8499999999999996,0.8000000000000003,291.0,0.042800000000000005
D033,26,6,1.76,0.82,0.7,0.7,0.12,3,5.63,16.26,320.33,0.3757,85.1,26.9,31.7,1326,24.4,3.4,5.6,11.0,852.6,18.5,3.7,170.5,8.4,0.0,5,57,1,day,southeast,False,False,-0.5300000000000002,1.8800000000000008,0.7000000000000002,160.0,0.04349999999999998
D034,1,1,0.19,0.56,0.56,0.37,0.0,1,1.87,13.03,160.73,0.3009,53.4,21.0,38.5,2359,69.0,4.2,6.0,19.4,534.2,14.2,3.5,133.6,9.2,0.0,4,37,3,day,northeast,False,True,,,,,
D034,2,1,0.46,0.77,0.0,0.15,0.0,1,2.01,14.38,214.34,0.3322,52.1,23.1,40.2,1919,41.7,3.3,5.7,15.8,645.2,18.0,3.0,107.5,7.7,0.0,6,37,3,day,northeast,False,True,,,,,
D034,3,1,0.47,0.47,0.16,0.16,0.16,2,2.21,14.03,204.87,0.324,38.4,17.1,35.0,2552,58.4,5.4,6.6,21.0,632.3,16.8,3.4,126.5,8.2,0.0,5,37,3,day,northeast,False,True,,,,,
D034,4,1,0.45,0.3,0.0,0.45,0.3,1,2.23,12.45,193.74,0.2875,29.1,13.0,31.3,2189,59.6,4.8,6.6,18.0,673.8,16.8,3.4,134.8,8.2,0.0,5,37,3,day,northeast,False,True,,,,,
D034,5,1,0.3,0.5,0.1,0.4,0.1,1,2.38,12.26,285.89,0.2833,31.7,14.3,34.3,2011,40.0,4.0,6.1,16.6,1009.2,24.6,4.1,168.2,9.2,0.0,6,37,3,day,northeast,False,True,0.5099999999999998,-0.7699999999999996,0.5999999999999996,-348.0,-0.017600000000000005
D034,6,2,0.51,0.17,0.34,0.34,0.17,1,2.55,13.97,189.65,0.3228,34.0,15.9,34.6,1688,26.0,4.8,6.2,13.9,587.6,16.6,3.3,117.5,7.4,0.0,5,37,3,day,northeast,False,True,0.54,-0.41000000000000014,0.2999999999999998,-231.0,-0.00940000000000002
D034,7,2,1.37,0.39,0.0,0.2,0.0,1,2.54,14.22,168.08,0.3285,48.6,24.3,32.3,2428,42.0,4.5,5.8,20.0,511.7,15.1,3.8,127.9,8.2,0.0,4,37,3,day,northeast,False,True,0.33000000000000007,0.19000000000000128,0.3999999999999999,-124.0,0.004500000000000004
D034,8,2,0.5,0.37,0.12,0.37,0.0,0,2.37,11.96,221.27,0.2762,37.6,15.9,29.8,2142,56.0,5.2,6.3,17.7,801.2,18.1,3.6,160.2,8.6,0.0,5,37,3,day,northeast,False,True,0.14000000000000012,-0.48999999999999844,0.20000000000000018,-47.0,-0.011299999999999977
D034,9,2,1.34,0.0,0.0,0.0,0.27,0,2.42,13.2,113.49,0.3049,29.4,13.5,28.6,1466,22.0,3.7,6.1,12.1,372.2,10.6,3.5,124.1,7.7,0.0,3,37,3,day,northeast,False,True,0.040000000000000036,0.9399999999999995,-0.5999999999999996,-545.0,0.021600000000000008
D034,10,3,0.64,0.32,0.0,0.16,0.16,0,2.07,12.61,182.65,0.2914,43.7,22.4,35.8,2523,47.2,5.4,6.4,20.8,626.9,17.3,3.5,125.4,9.2,0.0,5,37,3,day,northeast,False,True,-0.48,-1.3600000000000012,0.20000000000000018,835.0,-0.031399999999999983
D034,11,3,0.42,0.84,0.0,0.0,0.21,0,2.95,14.82,162.65,0.3423,64.9,29.4,34.5,2896,72.8,4.4,6.0,23.8,475.1,15.3,3.1,95.0,8.0,0.0,5,37,3,day,northeast,False,True,0.41000000000000014,0.5999999999999996,-0.6999999999999997,468.0,0.013799999999999979
D034,12,3,0.95,0.27,0.0,0.0,0.0,2,1.77,13.82,234.42,0.3192,65.9,30.0,32.4,1879,47.3,4.2,6.0,15.5,734.3,19.4,3.2,122.4,8.2,0.0,6,37,3,day,northeast,False,True,-0.6000000000000001,1.8599999999999994,-0.3999999999999999,-263.0,0.04299999999999998
D034,13,3,0.88,0.99,0.22,0.33,0.0,2,3.08,12.78,268.01,0.2952,46.1,20.7,30.6,1961,42.3,4.6,6.2,16.2,907.8,22.6,3.2,129.7,8.6,0.0,7,37,3,day,northeast,False,True,0.6600000000000001,-0.41999999999999993,-0.2999999999999998,495.0,-0.009699999999999986
D034,14,4,0.5,0.4,0.3,0.2,0.2,3,2.08,12.49,290.76,0.2885,41.7,20.7,37.8,2696,69.7,7.0,6.4,22.2,1007.9,27.9,4.6,168.0,10.3,0.0,6,37,3,day,northeast,False,True,0.010000000000000231,-0.11999999999999922,1.0999999999999996,173.0,-0.0029000000000000137
D034,15,4,0.31,0.16,0.16,0.16,0.0,0,1.73,10.82,159.23,0.2498,44.3,23.3,32.8,1497,30.0,3.3,6.3,12.3,637.3,16.4,2.7,106.2,6.0,0.0,6,37,3,day,northeast,False,True,-1.2200000000000002,-4.0,-0.3999999999999999,-1399.0,-0.0925
D034,16,4,0.19,0.0,0.0,0.39,0.0,2,1.56,13.97,165.72,0.3226,40.9,21.9,33.1,2304,65.5,3.8,5.5,19.0,513.7,16.3,4.1,128.4,9.2,0.0,4,37,3,day,northeast,False,True,-0.20999999999999996,0.15000000000000036,0.8999999999999995,425.0,0.003400000000000014
D034,17,4,0.0,0.0,0.0,0.29,0.29,1,1.44,12.15,97.23,0.2806,50.0,18.2,31.2,1572,41.0,4.5,6.5,13.0,346.5,8.8,2.2,86.6,6.2,0.0,4,37,3,day,northeast,False,True,-1.6400000000000001,-0.629999999999999,-1.0,-389.0,-0.014600000000000002
D034,18,5,0.9,0.45,0.3,0.45,0.3,1,3.01,13.59,208.45,0.3139,43.9,21.4,31.1,2184,45.7,3.8,6.1,18.0,664.1,18.2,3.0,110.7,8.0,0.0,6,37,3,day,northeast,False,True,0.9299999999999997,1.0999999999999996,-1.5999999999999996,-512.0,0.025400000000000034
D034,19,5,1.02,0.29,0.44,0.29,0.15,1,2.76,12.96,205.73,0.2994,41.0,20.0,33.8,2520,52.0,5.2,6.4,20.8,687.2,18.2,4.5,171.8,11.0,0.0,4,37,3,day,northeast,False,True,1.0299999999999998,2.1400000000000006,1.7999999999999998,1023.0,0.049600000000000005
D034,20,5,0.45,0.0,0.0,0.22,0.0,0,1.12,13.04,134.6,0.3012,37.5,20.1,25.6,2528,63.0,3.0,5.1,20.8,446.9,13.8,3.5,111.7,8.5,0.0,4,37,3,day,northeast,False,True,-0.43999999999999995,-0.9300000000000015,-0.5999999999999996,224.0,-0.021399999999999975
D034,21,5,0.0,0.0,0.0,0.0,0.0,0,0.99,13.58,126.4,0.3138,57.4,26.2,36.6,1847,40.5,6.2,6.3,15.2,402.8,10.5,2.6,100.7,7.8,0.0,4,37,3,day,northeast,False,True,-0.44999999999999996,1.4299999999999997,0.3999999999999999,275.0,0.03320000000000001
D034,22,5,0.27,0.14,0.0,0.41,0.27,1,1.63,13.06,221.88,0.3017,42.2,20.9,40.7,1984,42.4,4.4,6.3,16.4,735.3,19.8,4.0,147.1,8.8,0.0,5,37,3,day,northeast,False,True,-1.38,-0.5299999999999994,1.0,-200.0,-0.012199999999999989
D034,23,6,0.15,0.0,0.15,0.3,0.15,0,1.77,13.86,216.49,0.3201,39.3,19.7,30.0,2897,62.0,4.3,5.7,23.8,676.4,20.8,3.5,112.7,9.0,0.0,6,37,3,day,northeast,False,True,-0.9899999999999998,0.8999999999999986,-1.0,377.0,0.020699999999999996
D034,24,6,0.44,0.44,0.0,0.15,0.15,1,2.2,11.58,182.26,0.2674,49.8,24.1,37.9,2242,48.4,4.8,6.6,18.5,681.6,16.4,3.3,136.3,7.8,0.0,5,37,3,day,northeast,False,True,1.08,-1.459999999999999,-0.20000000000000018,-286.0,-0.0338
D034,25,6,0.15,0.15,0.15,0.0,0.0,2,1.86,11.62,173.5,0.2683,40.4,21.4,42.7,2192,58.4,5.6,6.6,18.0,646.6,17.4,3.5,129.3,7.8,0.0,5,37,3,day,northeast,False,True,0.8700000000000001,-1.9600000000000009,0.8999999999999999,345.0,-0.04550000000000004
D034,26,6,0.87,0.0,0.0,0.0,0.0,0,0.87,14.17,74.94,0.3274,54.3,26.8,36.7,3642,91.0,9.0,7.3,29.9,228.9,7.0,3.5,114.4,10.0,0.0,2,37,3,day,northeast,False,True,-0.7599999999999999,1.1099999999999994,-0.5,1658.0,0.0257
D035,1,1,0.64,0.51,0.26,0.64,0.0,3,3.47,12.72,228.67,0.2938,26.4,12.7,35.8,2404,56.3,3.5,5.3,19.8,778.3,21.3,3.6,129.7,8.7,0.0,6,44,0,day,northeast,False,True,,,,,
D035,2,1,0.82,0.21,0.21,0.21,0.0,0,2.05,14.87,167.27,0.3436,47.7,20.3,35.6,2475,39.0,4.0,5.7,20.4,486.8,14.0,3.5,121.7,8.8,0.0,4,44,0,day,northeast,False,True,,,,,
D035,3,1,0.23,0.23,0.68,0.23,0.23,4,2.61,13.5,275.21,0.3118,40.0,17.6,37.4,2161,44.3,4.7,5.9,17.8,882.7,22.9,3.8,147.1,8.8,0.0,6,44,0,day,northeast,False,True,,,,,
D035,4,1,0.33,0.33,0.0,0.44,0.0,4,2.32,13.25,277.13,0.306,33.2,14.3,31.9,2228,50.7,4.0,6.0,18.3,905.6,21.9,3.7,150.9,8.3,0.0,6,44,0,day,northeast,False,True,,,,,
D035,5,2,0.0,0.5,0.25,0.25,0.0,1,2.24,15.83,147.12,0.3656,56.5,26.4,31.9,2314,49.0,5.5,5.8,19.1,402.4,12.7,3.2,100.6,9.2,0.0,4,44,0,day,northeast,False,True,-1.23,3.1099999999999994,-0.3999999999999999,-90.0,0.07179999999999997
D035,6,2,0.51,0.61,0.1,0.4,0.1,4,2.63,14.12,322.82,0.3262,57.7,21.6,37.4,2039,40.3,4.1,5.7,16.8,989.5,22.4,3.2,141.4,8.1,0.0,7,44,0,day,northeast,False,True,0.5800000000000001,-0.75,-0.2999999999999998,-436.0,-0.017400000000000027
D035,7,2,0.58,0.19,0.0,0.58,0.38,1,3.65,11.97,143.77,0.2765,23.3,12.1,37.6,2648,51.5,6.0,6.3,21.8,520.0,14.8,3.7,130.0,8.8,0.0,4,44,0,day,northeast,False,True,1.04,-1.5299999999999994,-0.09999999999999964,487.0,-0.0353
D035,8,2,0.81,0.67,0.0,0.4,0.13,3,3.09,14.94,257.06,0.3452,36.3,18.6,29.3,2348,60.0,5.6,6.2,19.4,744.6,23.9,4.8,148.9,10.0,0.0,5,44,0,day,northeast,False,True,0.77,1.6899999999999995,1.0999999999999996,120.0,0.03920000000000001
D035,9,3,0.6,0.6,0.15,0.3,0.0,1,2.84,11.58,178.89,0.2675,42.2,14.8,37.9,1462,38.0,4.2,6.5,12.1,668.7,14.5,3.6,167.2,8.8,0.0,4,44,0,day,northeast,False,True,0.5999999999999996,-4.25,0.3999999999999999,-852.0,-0.09809999999999997
D035,10,3,0.73,1.09,0.0,0.36,0.18,2,4.18,11.56,147.01,0.2669,39.4,19.5,37.7,2354,38.5,5.2,7.1,19.4,550.7,13.8,3.5,137.7,9.2,0.0,4,44,0,day,northeast,False,True,1.5499999999999998,-2.5599999999999987,0.2999999999999998,315.0,-0.059299999999999964
D035,11,3,1.31,0.0,0.65,0.65,0.65,0,7.19,15.02,53.08,0.347,49.2,25.6,27.3,2093,35.0,4.0,5.8,17.2,153.0,5.0,2.5,76.5,6.0,0.0,2,44,0,day,northeast,False,True,3.5400000000000005,3.049999999999999,-1.2000000000000002,-555.0,0.07049999999999995
D036,1,1,2.64,1.11,1.53,1.53,0.0,4,8.6,14.47,240.89,0.3342,56.0,13.8,37.5,673,8.0,2.0,5.8,5.6,720.8,11.4,3.8,240.3,9.3,71.4,3,48,0,rotating,midwest,False,True,,,,,
D036,2,1,1.91,1.49,0.75,1.25,0.33,9,8.22,15.74,437.93,0.3637,69.7,18.1,27.4,552,7.2,3.2,6.6,4.6,1204.2,20.5,4.1,240.8,7.6,76.3,5,48,0,rotating,midwest,False,True,,,,,
D036,3,1,1.42,1.53,0.44,1.42,0.55,4,8.3,16.32,345.23,0.3771,82.3,20.2,33.3,930,18.5,2.5,5.7,7.7,915.5,15.9,4.0,228.9,8.2,100.0,4,48,0,rotating,midwest,False,True,,,,,
D036,4,1,1.65,1.88,0.71,1.88,0.82,8,8.23,15.9,312.57,0.3673,73.6,18.8,28.2,627,5.5,3.5,6.7,5.2,850.9,14.7,3.7,212.7,7.0,64.3,4,48,0,rotating,midwest,False,True,,,,,
D036,5,2,1.13,0.84,0.84,0.84,0.84,9,6.19,15.84,260.11,0.3658,97.4,23.6,38.6,644,12.0,2.7,6.4,5.4,711.0,11.9,4.0,237.0,9.3,64.3,3,48,0,rotating,midwest,False,True,-2.4099999999999993,1.3699999999999992,0.20000000000000018,-29.0,0.03160000000000002
D036,6,2,2.29,0.95,1.34,1.58,0.79,11,9.32,16.33,477.55,0.3771,97.4,20.4,37.8,940,18.8,3.8,6.7,7.9,1266.2,22.4,4.5,253.2,8.4,38.1,5,48,0,rotating,midwest,False,True,1.0999999999999996,0.5899999999999981,0.40000000000000036,388.0,0.013399999999999967
D036,7,2,2.29,0.66,1.75,1.09,0.33,3,9.07,15.34,324.25,0.3543,111.4,21.6,29.3,993,31.0,2.8,5.0,8.3,915.3,16.1,4.0,228.8,9.2,83.8,4,48,0,rotating,midwest,False,True,0.7699999999999996,-0.9800000000000004,0.0,63.0,-0.022799999999999987
D036,8,2,1.31,1.57,1.13,1.48,0.44,18,9.67,15.65,415.08,0.3616,72.2,17.3,34.4,485,5.6,1.6,5.8,4.1,1147.9,18.0,3.6,229.6,8.0,60.0,5,48,0,rotating,midwest,False,True,1.4399999999999995,-0.25,-0.10000000000000009,-142.0,-0.005700000000000038
D036,9,2,1.04,0.78,1.04,2.21,0.52,3,8.73,16.94,300.35,0.3913,101.2,24.1,42.4,761,11.0,3.2,6.1,6.3,767.6,13.6,3.4,191.9,8.2,81.8,4,48,0,rotating,midwest,False,True,2.54,1.1000000000000014,-0.6000000000000001,117.0,0.025499999999999967
D036,10,3,1.81,1.17,0.85,2.13,1.17,10,10.03,15.45,334.53,0.357,79.0,22.6,31.6,1008,15.5,4.8,7.0,8.4,937.2,17.2,4.3,234.3,9.2,48.6,4,48,0,rotating,midwest,False,True,0.7099999999999991,-0.879999999999999,-0.20000000000000018,68.0,-0.020100000000000007
D036,11,3,1.71,1.1,0.96,1.98,1.03,14,9.92,13.35,450.47,0.3083,56.5,14.6,38.9,554,6.7,1.8,5.5,4.7,1461.1,23.8,4.0,243.5,8.3,18.0,6,48,0,rotating,midwest,False,True,0.8499999999999996,-1.9900000000000002,0.0,-439.0,-0.045999999999999985
D036,12,3,1.53,1.61,0.89,1.45,0.56,12,9.59,14.37,412.1,0.332,78.9,23.0,43.1,545,5.1,3.4,6.3,4.6,1241.4,22.0,3.1,177.3,7.6,62.3,7,48,0,rotating,midwest,False,True,-0.08000000000000007,-1.2800000000000011,-0.5,60.0,-0.02959999999999996
D036,13,3,1.38,1.67,1.31,1.53,0.8,13,9.9,13.16,417.88,0.3041,71.5,16.1,32.1,624,9.0,3.7,6.3,5.2,1374.3,23.7,3.9,229.0,9.7,39.7,6,48,0,rotating,midwest,False,True,1.17,-3.780000000000001,0.5,-137.0,-0.0872
D036,14,4,2.84,1.71,1.71,2.84,0.47,16,12.7,14.76,359.85,0.3411,102.6,25.4,29.6,1060,13.2,2.8,6.0,8.8,1055.1,17.9,3.6,211.0,8.4,52.4,5,48,0,rotating,midwest,False,True,2.67,-0.6899999999999995,-0.6999999999999997,52.0,-0.01589999999999997
D036,15,4,2.18,1.48,1.25,1.4,0.39,13,10.74,14.84,440.31,0.3428,79.4,21.8,30.2,691,5.3,4.2,6.7,5.8,1284.4,22.6,3.8,214.1,8.3,34.0,6,48,0,rotating,midwest,False,True,0.8200000000000003,1.4900000000000002,-0.20000000000000018,137.0,0.034499999999999975
D036,16,4,1.59,1.67,1.23,2.1,0.8,17,10.72,13.43,428.2,0.3101,55.9,16.2,28.1,616,5.6,3.6,6.9,5.2,1380.7,22.5,4.5,276.1,9.0,33.3,5,48,0,rotating,midwest,False,True,1.1300000000000008,-0.9399999999999995,1.4,71.0,-0.02190000000000003
D036,17,4,2.71,1.09,0.9,1.81,0.54,5,9.05,14.2,181.36,0.3281,57.1,15.5,35.4,933,16.0,4.5,6.0,7.8,552.7,9.6,4.8,276.3,9.5,52.6,2,48,0,rotating,midwest,False,True,-0.8499999999999996,1.0399999999999991,0.8999999999999999,309.0,0.02400000000000002
D036,18,5,1.91,1.54,1.4,1.91,0.44,9,10.22,13.86,435.18,0.3201,76.1,20.4,30.4,865,13.2,2.2,5.5,7.2,1359.5,22.5,4.5,271.9,9.0,22.2,5,48,0,rotating,midwest,False,True,-2.4799999999999986,-0.9000000000000004,0.8999999999999999,-195.0,-0.02100000000000002
D036,19,5,2.75,1.42,1.5,2.58,0.58,8,11.84,15.04,416.61,0.3473,66.8,19.1,34.8,722,13.7,2.8,5.8,6.0,1199.4,21.6,3.6,199.9,7.7,43.5,6,48,0,rotating,midwest,False,True,1.0999999999999996,0.1999999999999993,-0.19999999999999973,31.0,0.004500000000000004
D036,20,5,2.18,1.84,1.09,2.39,0.27,15,11.99,13.93,472.03,0.3217,80.6,18.0,35.8,1010,16.8,3.4,5.8,8.4,1467.3,23.8,4.8,293.5,9.8,59.2,5,48,0,rotating,midwest,False,True,1.2699999999999996,0.5,0.2999999999999998,394.0,0.0116
D036,21,5,2.46,2.11,0.59,1.99,0.47,10,11.61,13.23,260.57,0.3055,51.7,14.6,29.7,500,5.0,2.0,5.5,4.2,852.9,13.9,3.5,213.2,8.8,0.0,4,48,0,rotating,midwest,False,True,2.5599999999999987,-0.9699999999999989,-1.2999999999999998,-433.0,-0.02260000000000001
D036,22,5,2.17,1.23,1.59,2.46,1.08,11,12.22,14.68,469.05,0.3391,59.5,17.2,32.1,970,16.0,7.2,7.1,8.1,1383.1,25.5,5.1,276.6,11.0,36.4,5,48,0,rotating,midwest,False,True,2.0,0.8200000000000003,0.5999999999999996,105.0,0.019000000000000017
D036,23,6,1.52,1.93,1.24,2.07,0.69,6,10.5,13.23,221.21,0.3057,93.4,24.2,34.7,886,18.0,3.2,6.6,7.3,723.7,10.8,2.7,180.9,7.2,34.5,4,48,0,rotating,midwest,False,True,-1.3399999999999999,-1.8099999999999987,-0.8999999999999999,164.0,-0.04159999999999997
D036,24,6,2.79,2.69,1.58,2.79,0.37,13,13.93,15.01,373.55,0.3468,74.2,21.7,32.1,970,18.0,3.0,5.8,8.1,1077.1,21.9,4.4,215.4,8.4,19.0,5,48,0,rotating,midwest,False,True,1.9399999999999995,1.08,-0.39999999999999947,-40.0,0.02510000000000001
D036,25,6,2.06,1.2,1.2,1.72,0.34,11,11.35,14.51,194.85,0.3351,108.4,25.3,37.5,848,14.7,3.7,6.8,7.1,581.5,8.7,2.9,193.8,6.3,31.6,3,48,0,rotating,midwest,False,True,-0.2599999999999998,1.2799999999999994,-0.6000000000000001,348.0,0.029600000000000015
D036,26,6,2.91,2.72,1.46,2.14,0.87,11,13.7,13.76,327.33,0.3179,52.2,14.7,27.8,706,10.4,2.4,5.2,5.9,1029.5,17.0,3.4,205.9,9.0,17.8,5,48,0,rotating,midwest,False,True,1.4799999999999986,-0.9199999999999999,-1.6999999999999997,-264.0,-0.021199999999999997
D037,1,1,0.28,0.14,0.14,0.28,0.0,1,1.26,14.49,238.32,0.3347,33.8,15.5,43.2,2621,49.6,4.2,5.7,21.6,712.0,20.4,4.1,142.4,9.6,0.0,5,52,1,day,northeast,True,True,,,,,
D037,2,1,0.22,0.22,0.0,0.44,0.0,2,1.31,12.57,132.73,0.2903,31.0,13.0,29.9,2342,52.0,5.0,6.6,19.3,457.2,12.0,4.0,152.4,9.3,0.0,3,52,1,day,northeast,True,True,,,,,
D037,3,1,0.28,0.28,0.0,0.28,0.0,2,1.67,14.78,244.93,0.3415,45.3,20.7,34.1,2211,44.0,5.3,6.8,18.2,717.2,20.8,3.5,119.5,8.7,0.0,6,52,1,day,northeast,True,True,,,,,
D037,4,1,0.0,0.41,0.0,0.0,0.41,0,1.63,14.53,82.42,0.3357,45.2,22.5,37.1,1943,48.7,3.7,6.1,16.0,245.5,7.5,2.5,81.8,6.3,0.0,3,52,1,day,northeast,True,True,,,,,
D037,5,1,0.13,0.0,0.0,0.26,0.13,1,0.91,15.33,271.03,0.3542,51.2,22.1,34.3,3256,74.4,8.4,6.4,26.8,765.2,21.1,4.2,153.0,10.6,0.0,5,52,1,day,northeast,True,True,-0.35,0.8399999999999999,0.10000000000000053,635.0,0.019500000000000017
D037,6,2,0.73,0.29,0.15,0.73,0.15,1,2.63,14.37,226.84,0.3318,53.7,24.2,34.8,1667,48.0,4.3,5.8,13.8,683.6,18.6,3.1,113.9,7.3,0.0,6,52,1,day,northeast,True,True,1.3199999999999998,1.799999999999999,-0.8999999999999999,-675.0,0.04149999999999998
D037,7,2,0.0,0.65,0.0,0.49,0.16,2,1.63,14.88,211.48,0.3438,47.6,22.9,30.3,2167,44.7,4.2,5.5,17.8,615.2,20.0,3.3,102.5,8.3,0.0,6,52,1,day,northeast,True,True,-0.040000000000000036,0.10000000000000142,-0.20000000000000018,-44.0,0.0022999999999999687
D037,8,2,0.13,0.26,0.0,0.26,0.26,1,1.55,15.73,281.13,0.3634,64.9,26.5,37.1,1988,55.4,4.9,6.5,16.4,773.5,21.7,3.1,110.5,7.3,0.0,7,52,1,day,northeast,True,True,-0.07999999999999985,1.200000000000001,0.6000000000000001,45.0,0.027700000000000002
D037,9,2,0.19,0.0,0.19,0.38,0.19,2,1.91,12.51,151.24,0.2889,43.4,19.4,43.4,952,19.0,2.5,5.7,7.9,523.4,12.3,3.1,130.8,7.0,0.0,4,52,1,day,northeast,True,True,0.9999999999999999,-2.8200000000000003,-1.1,-2304.0,-0.06530000000000002
D037,10,3,0.82,0.33,0.33,0.0,0.0,1,2.28,11.77,166.74,0.2718,28.8,15.4,38.5,2392,48.5,4.8,5.6,19.7,613.4,16.3,4.1,153.4,9.5,0.0,4,52,1,day,northeast,True,True,-0.3500000000000001,-2.5999999999999996,0.9999999999999996,725.0,-0.06
D037,11,3,0.43,0.28,0.0,0.57,0.14,1,1.98,12.85,209.42,0.2968,42.5,23.3,36.8,2417,53.4,5.0,6.2,19.9,705.5,21.6,3.1,100.8,7.9,0.0,7,52,1,day,northeast,True,True,0.3500000000000001,-2.030000000000001,-0.19999999999999973,250.0,-0.046999999999999986
D037,12,3,0.25,0.12,0.37,0.25,0.0,0,1.36,13.2,246.82,0.3049,42.2,19.5,33.8,2464,56.3,6.2,6.1,20.3,809.6,22.1,3.7,134.9,9.8,0.0,6,52,1,day,northeast,True,True,-0.18999999999999995,-2.530000000000001,0.6000000000000001,476.0,-0.058499999999999996
D037,13,3,0.75,0.11,0.11,0.0,0.0,0,1.39,13.63,294.11,0.3148,44.3,23.0,36.8,2962,71.4,6.6,6.2,24.4,934.2,27.9,4.0,133.5,9.4,0.0,7,52,1,day,northeast,True,True,-0.52,1.120000000000001,0.8999999999999999,2010.0,0.025900000000000034
D037,14,4,0.35,0.59,0.0,0.35,0.0,2,1.64,12.51,246.13,0.2891,38.7,17.6,38.2,1958,42.0,7.2,7.0,16.2,851.5,20.3,4.1,170.3,9.2,0.0,5,52,1,day,northeast,True,True,-0.6399999999999999,0.7400000000000002,0.0,-434.0,0.017300000000000038
D037,15,4,0.81,0.27,0.27,0.27,0.0,0,2.69,12.2,104.8,0.2819,34.2,18.5,36.1,2539,60.7,3.0,5.4,20.8,371.8,10.9,3.6,123.9,9.0,0.0,3,52,1,day,northeast,True,True,0.71,-0.6500000000000004,0.5,122.0,-0.014900000000000024
D037,16,4,0.4,0.4,0.13,0.66,0.13,1,2.38,14.53,254.15,0.3357,60.2,28.2,30.5,2958,72.0,4.5,5.6,24.3,757.0,21.6,3.6,126.2,9.0,0.0,6,52,1,day,northeast,True,True,1.0199999999999998,1.33,-0.10000000000000009,494.0,0.030799999999999994
D037,17,4,0.65,0.44,0.22,0.0,0.0,1,1.53,12.68,134.37,0.2928,43.3,19.1,42.5,1772,45.5,4.8,6.2,14.6,458.9,11.4,2.8,114.7,7.5,0.0,4,52,1,day,northeast,True,True,0.14000000000000012,-0.9500000000000011,-1.2000000000000002,-1190.0,-0.02200000000000002
D037,18,5,0.4,0.26,0.13,0.26,0.0,0,1.71,12.85,225.36,0.2968,35.7,18.2,42.6,2082,47.4,4.6,6.4,17.1,759.3,21.0,3.0,108.5,7.6,0.0,7,52,1,day,northeast,True,True,0.07000000000000006,0.33999999999999986,-1.0999999999999996,124.0,0.007699999999999985
D037,19,5,0.43,0.0,0.0,0.43,0.0,1,1.07,12.61,136.68,0.2914,53.4,25.3,34.4,2290,50.0,5.0,5.8,18.8,469.1,13.2,3.3,117.3,9.0,0.0,4,52,1,day,northeast,True,True,-1.6199999999999999,0.41000000000000014,-0.30000000000000027,-249.0,0.009500000000000008
D037,20,5,0.27,0.13,0.4,0.4,0.13,2,2.15,14.68,252.21,0.3391,57.3,25.7,37.0,2782,66.6,5.0,5.7,22.9,743.8,23.7,3.4,106.3,9.3,0.0,7,52,1,day,northeast,True,True,-0.22999999999999998,0.15000000000000036,-0.20000000000000018,-176.0,0.003400000000000014
D037,21,5,0.64,0.39,0.0,0.0,0.13,1,1.8,13.4,240.96,0.3096,43.2,22.7,35.6,2377,66.3,5.7,6.4,19.6,778.2,23.2,3.9,129.7,9.2,0.0,6,52,1,day,northeast,True,True,0.27,0.7200000000000006,1.1,605.0,0.01679999999999998
D037,22,5,0.0,0.27,0.0,0.0,0.54,1,1.62,13.33,113.91,0.3079,33.3,18.1,35.2,1704,32.5,2.8,5.7,14.0,370.0,11.2,2.8,92.5,6.5,0.0,4,52,1,day,northeast,True,True,-0.08999999999999986,0.4800000000000004,-0.20000000000000018,-378.0,0.011099999999999999
D037,23,6,0.25,0.0,0.49,0.25,0.0,0,1.47,11.52,108.43,0.2662,21.2,10.4,34.2,2336,39.3,3.7,5.5,19.2,407.4,10.2,3.4,135.8,8.0,0.0,3,52,1,day,northeast,True,True,0.3999999999999999,-1.0899999999999999,0.10000000000000009,46.0,-0.0252
D037,24,6,0.46,0.57,0.23,0.11,0.0,0,1.82,12.93,262.02,0.2986,38.6,19.3,30.8,2458,63.3,5.7,6.3,20.3,877.6,23.7,3.9,146.3,9.5,0.0,6,52,1,day,northeast,True,True,-0.32999999999999985,-1.75,0.5,-324.0,-0.040500000000000036
D037,25,6,0.45,0.23,0.0,0.34,0.11,0,1.59,13.06,265.33,0.3016,48.8,22.4,39.5,2105,44.0,4.4,6.0,17.3,879.7,22.5,3.2,125.7,8.3,0.0,7,52,1,day,northeast,True,True,-0.20999999999999996,-0.33999999999999986,-0.6999999999999997,-272.0,-0.008000000000000007
D037,26,6,0.19,0.37,0.0,0.37,0.0,0,2.04,13.68,170.66,0.3161,51.5,24.9,34.0,2981,61.5,6.2,6.3,24.5,539.9,15.1,3.8,135.0,10.5,0.0,4,52,1,day,northeast,True,True,0.41999999999999993,0.34999999999999964,1.0,1277.0,0.008199999999999985
D038,1,1,3.08,4.63,1.76,2.86,1.1,7,14.1,17.34,181.84,0.4006,54.8,16.9,34.0,1777,37.3,5.0,6.1,14.7,453.9,11.4,3.8,151.3,10.0,0.0,3,44,2,day,northeast,False,True,,,,,
D038,2,1,4.11,4.6,1.97,3.29,0.66,8,15.78,21.5,302.08,0.4967,73.7,22.5,34.6,2127,48.0,5.6,7.0,17.5,608.2,17.2,3.4,121.6,8.8,0.0,5,44,2,day,northeast,False,True,,,,,
D038,3,1,4.03,3.53,1.51,2.02,2.02,3,14.11,24.62,112.89,0.5687,80.1,24.8,41.1,2242,55.3,3.0,5.7,18.4,198.5,6.3,2.1,66.2,6.3,0.0,3,44,2,day,northeast,False,True,,,,,
D038,4,1,4.75,2.51,5.31,1.68,0.56,7,15.37,22.72,187.8,0.5247,51.5,16.8,37.1,1701,32.5,3.5,6.2,14.0,357.9,11.0,2.8,89.5,7.5,0.0,4,44,2,day,northeast,False,True,,,,,
D038,5,2,2.6,2.89,1.73,2.89,1.16,11,12.43,22.67,362.42,0.5237,84.4,23.8,38.7,2725,55.3,5.2,6.2,22.4,692.0,21.8,3.6,115.3,8.5,0.0,6,44,2,day,northeast,False,True,-1.67,5.330000000000002,-0.19999999999999973,948.0,0.12310000000000004
D038,6,2,4.96,4.96,2.48,4.39,0.38,9,17.76,22.78,275.63,0.5263,66.0,20.9,31.6,2186,39.2,5.6,6.3,18.0,523.7,15.8,3.2,104.7,7.4,0.0,5,44,2,day,northeast,False,True,1.9800000000000022,1.2800000000000011,-0.19999999999999973,59.0,0.029600000000000015
D038,7,2,3.5,3.03,2.1,2.8,1.17,4,13.77,17.49,173.2,0.4041,41.2,13.3,38.5,1552,37.0,2.0,5.2,12.8,428.6,12.2,3.1,107.2,7.5,0.0,4,44,2,day,northeast,False,True,-0.33999999999999986,-7.130000000000003,1.0,-690.0,-0.16459999999999997
D038,8,2,2.72,3.58,3.01,3.15,0.57,8,13.88,19.42,313.42,0.4486,56.1,16.1,36.6,1882,49.7,5.0,6.2,15.5,698.7,17.5,2.9,116.4,7.8,0.0,6,44,2,day,northeast,False,True,-1.4899999999999984,-3.299999999999997,0.10000000000000009,181.0,-0.07610000000000006
D038,9,2,3.84,3.01,2.59,1.87,1.14,12,13.39,19.28,429.29,0.4455,51.9,17.2,34.4,2872,58.3,5.7,5.9,23.7,963.7,25.8,4.3,160.6,10.3,0.0,6,44,2,day,northeast,False,True,0.9600000000000009,-3.3900000000000006,0.6999999999999997,147.0,-0.07820000000000005
D038,10,3,4.75,3.72,2.27,2.07,0.62,4,14.06,16.46,183.92,0.3802,56.4,16.0,39.0,1656,32.0,3.2,5.6,13.7,483.8,12.4,3.1,120.9,7.5,0.0,4,44,2,day,northeast,False,True,-3.700000000000001,-6.32,-0.10000000000000009,-530.0,-0.1461
D038,11,3,3.41,4.19,2.36,1.05,0.0,9,12.58,16.36,144.21,0.378,39.4,13.5,38.5,2348,44.0,4.5,5.7,19.3,381.5,9.6,4.8,190.8,9.5,0.0,2,44,2,day,northeast,False,True,-1.1899999999999995,-1.129999999999999,1.6999999999999997,796.0,-0.026100000000000012
D038,12,3,3.19,2.89,0.91,3.34,0.91,10,12.0,17.61,267.87,0.4068,51.6,15.8,34.5,1941,38.0,7.0,6.5,16.1,658.5,14.8,4.9,219.5,10.3,0.0,3,44,2,day,northeast,False,True,-1.8800000000000008,-1.8100000000000023,2.0000000000000004,59.0,-0.041800000000000004
D038,13,3,2.33,3.02,1.78,3.43,1.24,7,12.49,19.39,326.4,0.448,64.2,20.5,37.8,2100,41.0,5.3,6.0,17.3,728.6,18.9,3.2,121.4,8.8,0.0,6,44,2,day,northeast,False,True,-0.9000000000000004,0.10999999999999943,-1.0999999999999996,-772.0,0.0025000000000000022
D038,14,4,3.45,3.25,2.03,1.83,1.22,9,13.4,18.19,206.95,0.4201,44.6,15.5,31.9,2301,57.0,5.0,5.7,19.0,492.6,14.4,3.6,123.2,8.5,0.0,4,44,2,day,northeast,False,True,-0.6600000000000001,1.7300000000000004,0.5,645.0,0.03989999999999999
D038,15,4,2.38,2.38,2.89,3.23,1.53,8,13.77,17.58,238.81,0.406,72.5,23.6,37.6,2780,39.0,7.0,6.7,22.9,588.2,16.6,4.1,147.0,10.2,0.0,4,44,2,day,northeast,False,True,1.1899999999999995,1.2199999999999989,-0.7000000000000002,432.0,0.028000000000000025
D038,16,4,3.3,4.86,1.36,2.14,0.19,6,13.41,17.53,208.39,0.4049,39.8,14.0,31.4,2448,66.7,5.3,6.0,20.2,514.7,13.7,4.6,171.6,9.3,0.0,3,44,2,day,northeast,False,True,1.4100000000000001,-0.0799999999999983,-0.3000000000000007,507.0,-0.0019000000000000128
D038,17,4,3.18,3.18,1.67,2.34,0.84,12,12.37,17.96,248.26,0.4149,43.6,13.8,34.0,2353,55.3,5.0,7.0,19.4,598.3,14.5,4.8,199.4,11.0,0.0,3,44,2,day,northeast,False,True,-0.120000000000001,-1.4299999999999997,1.5999999999999996,253.0,-0.03310000000000002
D038,18,4,1.13,4.91,3.02,1.89,1.13,2,13.59,23.31,142.64,0.5385,89.5,29.4,31.6,2622,52.7,7.0,6.7,21.6,264.9,8.5,2.8,88.3,7.7,0.0,3,44,2,day,northeast,False,True,0.1899999999999995,5.119999999999997,-0.8000000000000003,321.0,0.1184
D038,19,5,1.83,3.94,1.97,3.09,1.69,11,14.34,19.04,312.75,0.4398,64.5,19.3,34.2,1945,34.3,5.2,5.9,16.0,711.1,19.2,3.2,118.5,8.0,0.0,6,44,2,day,northeast,False,True,0.5700000000000003,1.4600000000000009,-0.8999999999999995,-835.0,0.0338
D038,20,5,3.25,2.85,3.25,3.25,1.22,6,14.23,17.14,97.34,0.3959,33.2,11.8,33.3,1685,28.0,6.5,7.6,13.9,245.9,6.5,3.2,123.0,8.5,0.0,2,44,2,day,northeast,False,True,0.8200000000000003,-0.39000000000000057,-1.3999999999999995,-763.0,-0.009000000000000008
D038,21,5,4.86,2.78,2.78,2.08,1.39,6,14.58,20.2,134.42,0.4667,64.7,21.9,47.4,2002,35.3,3.0,6.1,16.5,288.0,8.2,2.7,96.0,8.0,0.0,3,44,2,day,northeast,False,True,2.210000000000001,2.2399999999999984,-2.0999999999999996,-351.0,0.05180000000000001
D038,22,5,3.41,3.2,1.07,2.13,0.64,8,11.51,16.3,176.62,0.3765,53.0,14.8,33.3,1823,49.0,4.2,5.9,15.0,469.1,11.9,3.0,117.3,8.2,0.0,4,44,2,day,northeast,False,True,-2.08,-7.009999999999998,0.20000000000000018,-799.0,-0.16199999999999998
D038,23,6,3.08,3.62,2.95,2.41,1.21,8,14.46,18.62,321.23,0.4302,70.3,22.0,32.7,1891,54.7,4.0,5.7,15.6,746.7,18.7,3.1,124.4,8.0,0.0,6,44,2,day,northeast,False,True,0.120000000000001,-0.41999999999999815,-0.10000000000000009,-54.0,-0.009599999999999997
D038,24,6,3.2,2.74,2.51,1.83,0.0,7,11.65,22.56,228.25,0.5212,88.5,28.2,34.4,3095,76.0,5.5,5.9,25.5,437.9,13.3,3.3,109.5,8.5,0.0,4,44,2,day,northeast,False,True,-2.58,5.419999999999998,0.09999999999999964,1410.0,0.12530000000000002
D038,25,6,2.65,2.18,1.09,4.83,0.31,10,11.99,18.22,270.22,0.4209,44.5,14.9,30.1,1847,46.4,4.2,6.1,15.3,642.0,17.5,3.5,128.4,9.0,0.0,5,44,2,day,northeast,False,True,-2.59,-1.9800000000000004,0.7999999999999998,-155.0,-0.04580000000000001
D038,26,6,3.41,2.37,1.93,2.81,0.59,8,12.0,19.55,304.8,0.4515,52.1,18.0,31.7,2552,59.2,5.0,5.9,21.1,675.1,19.3,3.9,135.0,9.8,0.0,5,44,2,day,northeast,False,True,0.4900000000000002,3.25,0.8999999999999999,729.0,0.07500000000000001
D039,1,1,2.22,0.4,2.01,2.01,0.6,2,9.46,18.59,213.26,0.4294,90.1,24.2,36.0,2326,49.5,4.8,6.0,19.2,496.6,13.3,3.3,124.2,8.8,0.0,4,51,1,day,northeast,True,False,,,,,
D039,2,1,1.67,0.21,1.25,1.88,0.21,3,7.51,19.86,219.84,0.4588,105.3,31.0,43.0,1550,27.5,3.0,5.4,12.8,479.2,13.0,3.2,119.8,7.2,0.0,4,51,1,day,northeast,True,False,,,,,
D039,3,1,1.31,1.31,0.78,1.83,0.26,3,7.06,27.06,238.92,0.6251,168.8,45.2,30.9,2413,42.0,5.5,6.6,19.9,382.2,11.6,2.9,95.6,7.0,0.0,4,51,1,day,northeast,True,False,,,,,
D039,4,1,3.94,0.99,1.48,1.23,0.25,6,11.59,23.15,216.93,0.5348,109.6,33.1,37.0,3168,56.7,7.3,6.2,26.1,405.6,11.8,3.9,135.2,10.0,0.0,3,51,1,day,northeast,True,False,,,,,
D039,5,1,2.07,0.69,1.72,0.69,0.69,6,9.12,24.06,322.89,0.5558,149.5,36.9,43.8,1915,42.0,5.4,6.4,15.8,580.9,14.4,2.9,116.2,7.2,0.0,5,51,1,day,northeast,True,False,-0.34000000000000163,5.469999999999999,-0.3999999999999999,-411.0,0.12639999999999996
D039,6,2,2.68,1.24,3.09,1.85,0.62,5,12.15,28.03,314.46,0.6474,215.9,50.5,35.5,2196,47.2,3.6,5.4,18.1,485.7,13.4,2.7,97.1,8.2,0.0,5,51,1,day,northeast,True,False,4.640000000000001,8.170000000000002,-0.5,646.0,0.1886
D039,7,2,2.76,0.55,1.29,1.29,0.0,4,8.64,22.07,277.22,0.5099,97.1,31.0,37.3,1480,31.2,3.8,6.0,12.3,543.7,15.9,3.2,108.7,7.8,0.0,5,51,1,day,northeast,True,False,1.580000000000001,-4.989999999999998,0.30000000000000027,-933.0,-0.11519999999999997
D039,8,2,2.91,1.32,0.79,1.06,0.53,5,9.27,23.87,208.13,0.5513,147.0,38.3,36.0,1950,60.5,3.8,5.3,16.1,377.5,9.9,2.5,94.4,7.2,0.0,4,51,1,day,northeast,True,False,-2.3200000000000003,0.7200000000000024,-1.4,-1218.0,0.01649999999999996
D039,9,3,2.95,0.54,0.8,1.61,0.54,5,7.77,14.79,127.58,0.3417,96.1,37.3,25.0,1350,24.0,3.0,6.4,11.1,373.4,9.6,3.2,124.5,6.0,0.0,3,51,1,day,northeast,True,False,-1.3499999999999996,-9.27,0.30000000000000027,-565.0,-0.21409999999999996
D039,10,3,3.6,2.0,2.4,1.2,0.4,2,10.81,27.72,159.88,0.6403,230.8,54.2,35.4,2115,48.5,2.5,5.9,17.4,249.7,8.3,2.1,62.4,5.8,0.0,4,51,1,day,northeast,True,False,-1.3399999999999999,-0.3100000000000023,-0.6000000000000001,-81.0,-0.007099999999999995
D039,11,3,2.44,0.87,2.26,1.91,0.7,6,9.92,23.63,313.77,0.5459,164.8,45.6,37.1,2292,54.7,4.7,6.4,18.9,574.8,16.5,2.8,95.8,7.3,0.0,6,51,1,day,northeast,True,False,1.2799999999999994,1.5599999999999987,-0.40000000000000036,812.0,0.03600000000000003
D039,12,3,2.72,1.48,0.99,1.48,0.25,8,8.89,21.89,409.72,0.5058,130.8,39.3,36.7,2419,52.7,6.3,6.4,20.0,810.1,23.3,3.9,135.0,10.5,0.0,6,51,1,day,northeast,True,False,-0.379999999999999,-1.9800000000000004,1.4,469.0,-0.045499999999999985
D039,13,3,2.28,0.81,1.61,1.48,0.4,10,8.73,23.42,402.68,0.5411,139.0,40.9,35.8,2461,65.0,6.7,6.4,20.3,744.2,22.0,3.7,124.0,8.7,0.0,6,51,1,day,northeast,True,False,0.9600000000000009,8.630000000000003,0.5,1111.0,0.19940000000000002
D039,14,4,2.33,0.91,1.72,1.52,0.91,13,8.5,17.79,406.05,0.4109,87.8,26.8,33.0,1715,39.4,3.9,5.9,14.2,988.3,26.0,3.7,141.2,8.6,0.0,7,51,1,day,northeast,True,False,-2.3100000000000005,-9.93,1.6,-400.0,-0.2294
D039,15,4,2.89,2.01,1.76,2.26,0.88,16,11.45,22.25,408.55,0.5139,134.4,38.3,30.6,2652,66.8,5.4,5.9,21.8,795.0,21.7,4.3,159.0,11.2,0.0,5,51,1,day,northeast,True,False,1.5299999999999994,-1.379999999999999,1.5,360.0,-0.03200000000000003
D039,16,4,4.36,1.09,2.03,2.65,0.47,6,13.09,19.33,286.46,0.4464,94.8,29.7,39.3,2718,56.3,6.5,6.7,22.4,641.7,18.8,3.1,106.9,9.0,0.0,6,51,1,day,northeast,True,False,4.199999999999999,-2.5600000000000023,-0.7999999999999998,299.0,-0.05940000000000001
D039,17,4,2.19,1.87,2.66,2.5,1.09,5,14.37,19.93,294.69,0.4603,106.6,34.4,31.7,2719,60.8,5.2,6.0,22.4,640.2,17.6,3.5,128.0,8.8,0.0,5,51,1,day,northeast,True,False,5.639999999999999,-3.490000000000002,-0.20000000000000018,258.0,-0.08080000000000004
D039,18,5,2.65,1.33,2.21,1.62,0.88,5,10.76,20.98,328.76,0.4848,115.7,39.5,33.9,2618,70.0,6.2,6.1,21.5,678.2,20.9,3.5,113.0,8.3,0.0,6,51,1,day,northeast,True,False,2.26,3.1900000000000013,-0.20000000000000018,903.0,0.07390000000000002
D039,19,5,2.81,2.39,2.11,1.83,1.27,13,13.36,18.77,308.18,0.4335,101.8,31.9,39.7,1802,47.0,2.8,5.8,14.8,710.9,19.4,3.2,118.5,7.0,0.0,6,51,1,day,northeast,True,False,1.9100000000000001,-3.4800000000000004,-1.0999999999999996,-850.0,-0.08040000000000003
D039,20,5,2.75,1.73,2.24,1.73,0.41,10,11.02,15.84,358.63,0.3659,79.9,26.6,36.1,1450,34.3,4.0,6.1,12.0,980.1,21.9,3.7,163.4,7.8,0.0,6,51,1,day,northeast,True,False,-2.0700000000000003,-3.4899999999999984,0.6000000000000001,-1268.0,-0.08050000000000002
D039,21,5,3.92,1.31,2.74,2.09,0.13,8,13.2,18.86,333.54,0.4358,99.6,32.4,36.4,1832,30.0,3.8,5.9,15.1,765.4,19.6,3.9,153.1,8.4,0.0,5,51,1,day,northeast,True,False,-1.17,-1.0700000000000003,0.3999999999999999,-887.0,-0.024499999999999966
D039,22,5,3.09,0.59,2.36,1.62,0.74,5,10.61,18.03,282.79,0.4165,107.8,33.4,35.8,2544,53.6,4.6,6.0,20.9,678.9,17.3,3.5,135.8,8.4,0.0,5,51,1,day,northeast,True,False,-0.15000000000000036,-2.9499999999999993,0.0,-74.0,-0.06830000000000003
D039,23,6,1.81,1.51,1.51,2.11,0.0,4,9.06,26.88,205.75,0.621,154.4,45.8,37.1,4190,88.0,8.0,6.3,34.4,331.3,11.1,3.7,110.4,11.0,0.0,3,51,1,day,northeast,True,False,-4.299999999999999,8.11,0.5,2388.0,0.1875
D039,24,6,2.92,1.75,1.94,2.14,0.78,9,12.06,18.52,220.03,0.4278,96.2,29.3,37.8,1801,49.0,2.7,5.9,14.8,514.3,15.7,2.6,85.7,7.0,0.0,6,51,1,day,northeast,True,False,1.040000000000001,2.6799999999999997,-1.1,351.0,0.06190000000000001
D039,25,6,1.98,2.37,2.18,2.57,0.79,7,11.86,20.9,244.1,0.4827,114.2,37.1,35.4,1972,36.0,3.2,5.3,16.3,505.7,14.7,3.7,126.4,8.8,0.0,4,51,1,day,northeast,True,False,-1.3399999999999999,2.039999999999999,-0.19999999999999973,140.0,0.0469
D039,26,6,2.21,1.65,2.48,2.21,0.96,9,12.41,23.07,386.65,0.533,148.7,41.7,32.4,2024,42.0,4.7,5.8,16.7,725.4,19.8,3.3,120.9,8.3,0.0,6,51,1,day,northeast,True,False,1.8000000000000007,5.039999999999999,-0.20000000000000018,-520.0,0.11650000000000005
D040,1,1,0.85,0.28,0.28,0.14,0.14,2,2.54,15.15,248.39,0.3499,57.9,24.9,29.6,2454,66.7,5.3,5.9,20.2,709.8,19.4,3.2,118.3,9.0,0.0,6,33,0,day,northeast,False,False,,,,,
D040,2,1,0.46,0.23,0.23,0.23,0.46,2,1.84,15.73,158.26,0.3633,58.4,24.4,30.9,2247,56.5,3.5,5.8,18.5,435.6,12.8,3.2,108.9,8.2,0.0,4,33,0,day,northeast,False,False,,,,,
D040,3,1,0.47,0.16,0.16,0.31,0.31,0,2.03,14.16,209.59,0.3271,42.7,18.6,38.5,2123,55.7,5.3,6.0,17.5,640.8,16.7,2.8,106.8,7.5,0.0,6,33,0,day,northeast,False,False,,,,,
D040,4,1,0.39,0.39,0.26,0.39,0.0,0,2.36,13.49,237.35,0.3116,38.8,16.3,33.0,2020,46.3,4.9,6.3,16.6,761.6,20.6,2.9,108.8,7.7,0.0,7,33,0,day,northeast,False,False,,,,,
D040,5,2,0.58,0.47,0.0,0.12,0.0,3,2.11,14.13,279.16,0.3265,49.1,20.3,32.1,2571,56.3,5.9,5.9,21.2,855.0,22.8,3.3,122.1,8.7,0.0,7,33,0,day,northeast,False,False,-0.43000000000000016,-1.0199999999999996,0.09999999999999964,117.0,-0.023399999999999976
D040,6,2,0.32,0.0,0.16,0.32,0.0,0,1.92,14.77,213.81,0.3413,49.8,22.2,35.8,2307,47.6,5.0,6.1,19.0,626.5,17.2,3.4,125.3,8.4,0.0,5,33,0,day,northeast,False,False,0.07999999999999985,-0.9600000000000009,0.19999999999999973,60.0,-0.02200000000000002
D040,7,2,0.88,0.0,0.0,0.0,0.0,1,2.11,14.75,194.04,0.3407,57.7,25.2,31.7,2162,47.2,5.2,6.7,17.8,569.6,16.1,3.2,113.9,8.0,0.0,5,33,0,day,northeast,False,False,0.08000000000000007,0.5899999999999999,0.40000000000000036,39.0,0.013600000000000001
D040,8,2,0.0,0.46,0.15,0.3,0.3,0,2.13,14.21,215.94,0.3283,54.1,21.8,36.3,2373,47.2,5.8,6.4,19.6,657.7,17.0,3.4,131.5,8.8,0.0,5,33,0,day,northeast,False,False,-0.22999999999999998,0.7200000000000006,0.5,353.0,0.016699999999999993
D040,9,3,0.95,0.27,0.14,0.27,0.14,0,2.71,11.49,195.47,0.2653,35.1,18.2,37.0,1650,49.2,3.4,5.8,13.6,736.7,18.6,3.7,147.3,8.8,0.0,5,33,0,day,northeast,False,False,0.6000000000000001,-2.6400000000000006,0.40000000000000036,-921.0,-0.06120000000000003
D040,10,3,0.44,0.0,0.0,0.15,0.29,3,1.89,13.33,212.34,0.308,42.6,22.2,37.1,2290,35.1,4.6,5.9,18.9,689.5,20.4,2.9,98.5,8.0,0.0,7,33,0,day,northeast,False,False,-0.030000000000000027,-1.4399999999999995,-0.5,-17.0,-0.033299999999999996
D040,11,3,0.81,0.2,0.0,0.4,0.0,1,1.61,11.96,136.89,0.2763,42.8,20.2,25.8,2032,35.5,4.5,6.2,16.8,495.4,12.4,3.1,123.8,8.5,0.0,4,33,0,day,northeast,False,False,-0.4999999999999998,-2.789999999999999,-0.10000000000000009,-130.0,-0.06440000000000001
D040,12,3,0.49,0.0,0.16,0.16,0.16,2,1.62,10.57,150.82,0.2443,36.8,17.7,35.1,1356,34.4,4.2,6.0,11.2,617.4,15.1,3.0,123.5,8.0,0.0,5,33,0,day,northeast,False,False,-0.5099999999999998,-3.6400000000000006,-0.3999999999999999,-1017.0,-0.08399999999999999
D040,13,3,0.3,0.44,0.0,0.3,0.0,2,1.63,13.98,217.76,0.3229,57.0,25.7,35.4,1921,45.7,3.6,6.0,15.8,674.5,18.4,2.6,96.4,7.4,0.0,7,33,0,day,northeast,False,False,-1.08,2.49,-1.1,271.0,0.05760000000000004
D040,14,4,0.47,0.28,0.28,0.19,0.09,2,2.26,12.47,305.27,0.288,44.4,20.7,39.4,2390,56.3,6.7,6.8,19.7,1059.8,26.9,4.5,176.6,9.5,0.0,6,33,0,day,northeast,False,False,0.3699999999999999,-0.8599999999999994,1.6,100.0,-0.020000000000000018
D040,15,4,0.57,0.1,0.57,0.38,0.1,4,2.48,12.14,294.27,0.2804,37.4,16.4,36.9,2199,39.1,5.1,6.3,18.1,1049.4,25.4,3.6,149.9,9.1,0.0,7,33,0,day,northeast,False,False,0.8699999999999999,0.17999999999999972,0.5,167.0,0.0040999999999999925
D040,16,4,0.37,0.37,0.18,0.37,0.18,1,2.01,14.1,177.85,0.3257,59.7,27.0,42.3,2294,36.4,3.6,5.4,18.9,546.0,14.7,2.9,109.2,7.8,0.0,5,33,0,day,northeast,False,False,0.3899999999999997,3.5299999999999994,-0.10000000000000009,938.0,0.0814
D040,17,4,0.45,0.45,0.11,0.11,0.0,2,1.79,12.01,247.86,0.2774,44.6,20.3,37.7,2150,36.3,5.9,6.5,17.7,893.5,24.6,3.5,127.6,9.1,0.0,7,33,0,day,northeast,False,False,0.16000000000000014,-1.9700000000000006,0.8999999999999999,229.0,-0.04550000000000004
D040,18,5,0.18,0.18,0.37,0.55,0.0,1,2.57,12.96,163.29,0.2994,36.1,18.3,32.9,1928,58.8,2.4,5.3,15.9,545.4,15.9,3.2,109.1,8.0,0.0,5,33,0,day,northeast,False,False,0.31000000000000005,0.4900000000000002,-1.2999999999999998,-462.0,0.011400000000000021
D040,19,5,0.49,0.49,0.16,0.66,0.0,4,3.3,14.22,199.26,0.3285,44.1,25.1,37.3,2780,73.7,4.7,6.0,22.9,606.5,20.7,3.4,101.1,8.7,0.0,6,33,0,day,northeast,False,False,0.8199999999999998,2.08,-0.20000000000000018,581.0,0.04810000000000003
D040,20,5,0.79,0.3,0.1,0.4,0.2,3,2.28,13.63,317.72,0.3148,54.6,24.7,37.9,3007,59.7,7.7,6.2,24.8,1009.4,28.8,4.8,168.2,10.8,0.0,6,33,0,day,northeast,False,False,0.27,-0.46999999999999886,1.9,713.0,-0.010899999999999965
D040,21,5,0.48,0.32,0.16,0.48,0.0,1,2.08,12.69,183.16,0.2932,41.0,22.4,40.7,2099,50.4,5.2,6.8,17.3,624.6,18.4,3.7,124.9,8.2,0.0,5,33,0,day,northeast,False,False,0.29000000000000004,0.6799999999999997,0.20000000000000018,-51.0,0.015800000000000036
D040,22,5,0.29,0.59,0.15,0.15,0.0,1,1.47,13.19,207.51,0.3048,46.3,25.2,39.8,2990,62.0,6.2,6.2,24.6,680.9,21.9,4.4,136.2,9.8,0.0,5,33,0,day,northeast,False,False,-1.0999999999999999,0.22999999999999865,1.2000000000000002,1062.0,0.005400000000000016
D040,23,6,0.31,0.16,0.31,0.31,0.16,1,2.5,13.36,197.44,0.3086,48.3,22.7,31.2,2597,53.0,4.2,6.0,21.4,639.7,16.7,4.2,159.9,10.5,0.0,4,33,0,day,northeast,False,False,-0.7999999999999998,-0.8600000000000012,0.8000000000000003,-183.0,-0.01990000000000003
D040,24,6,0.66,0.17,0.25,0.25,0.25,6,2.23,11.66,325.87,0.2693,38.0,16.3,35.2,2178,50.3,4.7,6.0,17.9,1210.2,29.2,4.2,172.9,9.4,0.0,7,33,0,day,northeast,False,False,-0.04999999999999982,-1.9700000000000006,-0.5999999999999996,-829.0,-0.04550000000000004
D040,25,6,0.15,0.45,0.3,0.45,0.15,3,2.09,12.81,198.24,0.296,50.5,23.3,40.9,1920,27.6,3.8,5.7,15.8,669.7,16.6,3.3,133.9,8.0,0.0,5,33,0,day,northeast,False,False,0.009999999999999787,0.120000000000001,-0.40000000000000036,-179.0,0.002799999999999969
D040,26,6,0.8,0.0,0.0,0.64,0.32,0,3.03,11.94,173.09,0.2759,41.9,23.8,30.1,2273,48.3,5.7,6.3,18.7,627.4,19.1,3.2,104.6,8.5,0.0,6,33,0,day,northeast,False,False,1.5599999999999998,-1.25,-1.2000000000000002,-717.0,-0.028900000000000037
D041,1,1,0.58,0.19,0.0,0.29,0.19,2,2.34,10.81,256.59,0.2498,28.6,10.9,36.5,1086,17.0,4.2,6.2,9.0,1027.1,18.1,4.5,256.8,10.5,0.0,4,36,2,day,midwest,False,True,,,,,
D041,2,1,0.21,0.42,0.0,0.42,0.0,1,1.78,10.94,241.23,0.2528,18.8,7.0,34.1,767,9.0,2.5,5.5,6.4,954.3,17.5,4.4,238.6,9.5,0.0,4,36,2,day,midwest,False,True,,,,,
D041,3,1,0.39,0.23,0.0,0.62,0.23,2,2.23,10.67,319.94,0.2465,29.8,10.5,28.0,745,10.8,5.0,6.9,6.3,1298.0,21.4,4.3,259.6,8.4,0.0,5,36,2,day,midwest,False,True,,,,,
D041,4,1,0.72,0.41,0.0,0.31,0.1,2,2.27,10.9,244.51,0.2518,28.2,9.4,38.0,675,10.0,4.0,6.1,5.7,971.0,15.3,3.8,242.8,8.2,0.0,4,36,2,day,midwest,False,True,,,,,
D041,5,1,0.46,0.58,0.23,0.35,0.0,4,2.21,11.25,223.72,0.2598,24.8,8.3,40.7,545,9.5,3.0,5.6,4.6,861.1,13.5,3.4,215.3,8.2,0.0,4,36,2,day,midwest,False,True,-0.1299999999999999,0.4399999999999995,-1.1,-541.0,0.009999999999999981
D041,6,2,0.43,0.26,0.09,0.17,0.0,2,1.71,11.32,304.9,0.2614,28.5,10.9,32.8,779,12.3,3.3,6.5,6.5,1166.4,22.1,3.7,194.4,7.8,0.0,6,36,2,day,midwest,False,True,-0.07000000000000006,0.3800000000000008,-0.7000000000000002,12.0,0.008599999999999997
D041,7,2,0.2,0.0,0.0,0.4,0.0,4,1.4,10.77,124.53,0.2487,18.9,7.2,34.3,447,3.0,4.5,7.5,3.7,500.7,8.6,4.3,250.4,8.5,0.0,2,36,2,day,midwest,False,True,-0.8300000000000001,0.09999999999999964,0.0,-298.0,0.0022000000000000075
D041,8,2,0.61,0.2,0.0,0.51,0.1,4,2.25,11.47,258.93,0.2649,27.9,9.9,30.1,600,10.4,2.8,6.1,5.1,977.5,16.9,3.4,195.5,8.6,0.0,5,36,2,day,midwest,False,True,-0.020000000000000018,0.5700000000000003,-0.3999999999999999,-75.0,0.0131
D041,9,2,0.95,0.26,0.09,0.52,0.0,2,2.58,10.38,278.49,0.2398,24.6,9.7,34.7,1062,16.0,3.2,5.5,8.8,1161.2,21.8,4.4,232.2,8.4,0.0,5,36,2,day,midwest,False,True,0.3700000000000001,-0.8699999999999992,1.0000000000000004,517.0,-0.019999999999999962
D041,10,3,0.79,0.92,0.26,0.26,0.4,4,3.69,10.24,179.35,0.2365,29.9,12.3,32.4,812,13.3,3.0,6.2,6.8,758.2,13.6,4.5,252.7,9.0,0.0,3,36,2,day,midwest,False,True,1.98,-1.08,0.7999999999999998,33.0,-0.024900000000000033
D041,11,3,0.6,0.15,0.07,0.07,0.0,2,1.94,9.23,285.77,0.2133,27.7,10.3,28.0,789,10.4,3.0,5.8,6.6,1339.8,20.8,4.2,268.0,9.2,0.0,5,36,2,day,midwest,False,True,0.54,-1.5399999999999991,-0.09999999999999964,342.0,-0.035400000000000015
D041,12,3,0.34,0.23,0.23,0.23,0.23,2,2.16,10.02,203.53,0.2316,29.1,11.3,27.4,528,10.7,2.5,6.1,4.4,879.0,14.9,2.5,146.5,5.8,0.0,6,36,2,day,midwest,False,True,-0.08999999999999986,-1.450000000000001,-0.8999999999999999,-72.0,-0.033300000000000024
D041,13,3,0.41,0.58,0.16,0.16,0.0,4,2.72,9.91,277.41,0.2288,22.6,9.0,34.3,720,12.4,3.4,6.6,6.0,1212.3,21.6,4.3,242.5,8.8,0.0,5,36,2,day,midwest,False,True,0.14000000000000012,-0.47000000000000064,-0.10000000000000053,-342.0,-0.01100000000000001
D041,14,4,0.07,0.4,0.33,0.53,0.2,5,2.47,10.14,350.73,0.2341,27.6,11.2,33.1,677,5.3,4.2,6.2,5.7,1497.9,25.7,4.3,249.6,8.8,0.0,6,36,2,day,midwest,False,True,-1.2199999999999998,-0.09999999999999964,-0.20000000000000018,-135.0,-0.0023999999999999855
D041,15,4,0.61,0.15,0.31,0.15,0.08,8,2.14,9.98,301.29,0.2306,26.8,10.8,35.2,830,9.0,2.8,5.8,6.9,1306.4,22.1,3.7,217.7,8.2,0.0,6,36,2,day,midwest,False,True,0.20000000000000018,0.75,-0.5,41.0,0.01730000000000001
D041,16,4,0.39,0.33,0.07,0.13,0.07,2,1.51,10.15,356.55,0.2344,33.7,14.1,37.3,1004,15.3,4.8,6.4,8.4,1521.4,28.2,4.7,253.6,10.2,0.0,6,36,2,day,midwest,False,True,-0.6500000000000001,0.13000000000000078,2.2,476.0,0.002799999999999997
D041,17,4,0.29,0.48,0.0,0.48,0.1,3,2.11,10.64,256.66,0.2457,28.8,11.1,39.1,711,12.4,3.6,6.2,6.0,1044.7,17.7,3.5,208.9,9.0,0.0,5,36,2,day,midwest,False,True,-0.6100000000000003,0.7300000000000004,-0.7999999999999998,-9.0,0.0169
D041,18,5,0.48,0.96,0.0,0.0,0.0,0,2.39,7.9,38.21,0.1825,22.2,11.1,26.3,676,0.0,5.0,7.8,5.7,209.4,3.6,3.6,209.4,8.0,0.0,1,36,2,day,midwest,False,True,-0.08000000000000007,-2.24,-0.6999999999999997,-1.0,-0.05160000000000001
D041,19,5,0.27,0.27,0.27,0.18,0.0,3,2.16,9.34,240.17,0.2158,26.2,12.6,33.6,1177,12.0,5.4,6.7,9.8,1112.7,21.4,4.3,222.5,9.0,0.0,5,36,2,day,midwest,False,True,0.020000000000000018,-0.6400000000000006,0.5999999999999996,347.0,-0.014800000000000008
D041,20,5,0.44,0.33,0.22,0.55,0.44,1,2.55,10.29,214.34,0.2378,38.7,14.8,35.1,848,10.0,3.4,6.1,7.1,901.5,15.6,3.1,180.3,7.2,0.0,5,36,2,day,midwest,False,True,1.0399999999999998,0.1399999999999988,-1.6,-156.0,0.003400000000000014
D041,21,5,0.25,0.38,0.25,0.38,0.06,4,1.89,9.71,355.6,0.2243,27.8,10.6,36.0,949,13.7,3.3,5.6,7.9,1585.1,26.1,4.3,264.2,9.7,0.0,6,36,2,day,midwest,False,True,-0.21999999999999997,-0.9299999999999997,0.7999999999999998,238.0,-0.021400000000000002
D041,22,5,0.22,0.37,0.07,0.52,0.15,3,2.44,10.16,316.93,0.2347,31.0,11.6,34.0,1154,19.2,4.4,6.1,9.6,1350.5,23.2,4.6,270.1,9.6,0.0,5,36,2,day,midwest,False,True,0.04999999999999982,2.26,0.9999999999999996,478.0,0.052199999999999996
D041,23,6,0.55,0.55,0.11,0.11,0.22,1,2.41,9.77,205.89,0.2257,26.2,10.0,43.1,471,5.0,3.2,6.2,4.0,912.1,15.7,3.9,228.0,8.0,0.0,4,36,2,day,midwest,False,True,0.25,0.4299999999999997,-0.3999999999999999,-706.0,0.00990000000000002
D041,24,6,0.56,0.37,0.06,0.62,0.0,4,2.1,10.08,376.9,0.2328,25.1,10.2,35.4,1034,19.4,3.3,6.0,8.6,1619.0,27.7,4.0,231.3,9.1,0.0,7,36,2,day,midwest,False,True,-0.44999999999999973,-0.20999999999999908,0.8999999999999999,186.0,-0.0050000000000000044
D041,25,6,0.2,0.0,0.1,0.2,0.1,1,1.01,10.24,233.91,0.2365,21.1,7.7,36.5,806,8.7,4.7,6.7,6.8,989.0,15.4,5.1,329.7,9.7,0.0,3,36,2,day,midwest,False,True,-0.8799999999999999,0.5299999999999994,0.7999999999999998,-143.0,0.012199999999999989
D041,26,6,0.49,0.49,0.0,0.16,0.0,2,1.62,10.38,148.33,0.2398,36.9,12.6,27.8,972,11.3,5.0,6.3,8.1,618.5,10.6,3.5,206.2,9.0,0.0,3,36,2,day,midwest,False,True,-0.8199999999999998,0.22000000000000064,-1.0999999999999996,-182.0,0.005100000000000021
D042,1,1,0.75,1.05,0.6,0.6,0.45,4,5.12,17.8,273.11,0.4112,96.4,26.6,31.4,1443,27.7,5.2,6.6,11.9,664.2,16.7,2.8,110.7,7.5,40.0,6,24,0,rotating,southeast,False,True,,,,,
D042,2,1,0.99,0.84,0.56,0.84,0.14,0,4.36,15.3,251.21,0.3535,48.4,15.8,32.3,1773,33.0,6.2,6.9,14.7,710.6,16.2,4.0,177.6,10.0,70.0,4,24,0,rotating,southeast,False,True,,,,,
D042,3,1,1.35,1.12,0.22,0.45,0.22,3,3.82,15.64,160.66,0.3613,68.6,21.4,37.6,944,21.5,4.0,6.7,7.8,444.7,10.0,2.5,111.2,6.2,48.0,4,24,0,rotating,southeast,False,True,,,,,
D042,4,1,0.91,1.63,0.18,1.27,0.36,2,5.45,16.2,206.14,0.3743,57.7,19.1,39.8,1397,36.5,4.5,5.9,11.6,550.7,12.6,3.1,137.7,8.8,74.3,4,24,0,rotating,southeast,False,True,,,,,
D042,5,2,1.47,0.74,0.95,0.42,0.42,3,5.26,17.47,383.88,0.4036,78.2,24.7,35.0,1366,21.7,5.4,6.6,11.3,951.1,23.1,3.3,135.9,7.6,22.6,7,24,0,rotating,southeast,False,True,0.13999999999999968,-0.33000000000000185,0.5,-77.0,-0.007599999999999996
D042,6,2,0.78,0.47,0.78,0.93,0.16,2,3.58,17.54,260.38,0.4051,70.9,23.5,31.8,1972,37.6,4.6,5.9,16.3,642.7,15.6,3.1,128.5,8.0,57.5,5,24,0,rotating,southeast,False,True,-0.7800000000000002,2.2399999999999984,-0.8999999999999999,199.0,0.051600000000000035
D042,7,2,1.09,1.45,0.36,0.54,0.36,4,5.61,18.02,230.1,0.4162,79.0,24.9,36.7,1478,28.0,5.5,6.1,12.3,552.8,13.1,3.3,138.2,7.2,24.1,4,24,0,rotating,southeast,False,True,1.7900000000000005,2.379999999999999,0.7999999999999998,534.0,0.054900000000000004
D042,8,2,1.48,0.74,0.46,1.3,0.0,4,5.66,16.38,408.11,0.3784,65.2,19.9,37.2,1700,38.9,4.3,5.8,14.0,1078.4,22.7,3.2,154.1,8.1,8.8,7,24,0,rotating,southeast,False,True,0.20999999999999996,0.17999999999999972,0.10000000000000009,303.0,0.0040999999999999925
D042,9,2,0.9,1.35,0.15,1.2,0.45,3,5.68,13.69,211.41,0.3162,62.4,22.3,32.7,1118,22.0,3.8,6.6,9.3,668.6,15.8,3.2,133.7,7.6,39.5,5,24,0,rotating,southeast,False,True,0.41999999999999993,-3.7799999999999994,-0.09999999999999964,-248.0,-0.08740000000000003
D042,10,3,0.69,0.82,0.55,0.27,0.41,5,3.84,15.28,257.59,0.3529,74.6,25.5,34.4,1428,28.8,5.2,6.1,11.9,729.9,16.7,3.3,146.0,8.6,44.2,5,24,0,rotating,southeast,False,True,0.2599999999999998,-2.26,0.19999999999999973,-544.0,-0.052200000000000024
D042,11,3,1.55,1.18,0.55,0.73,0.45,8,5.82,14.89,378.12,0.344,62.6,21.4,35.7,1534,21.3,5.5,6.0,12.7,1099.3,25.3,4.2,183.2,9.8,100.0,6,24,0,rotating,southeast,False,True,0.20999999999999996,-3.129999999999999,0.9000000000000004,56.0,-0.07220000000000004
D042,12,3,0.87,1.97,0.44,1.42,0.22,5,6.44,16.42,347.38,0.3793,82.0,28.1,41.2,1592,24.0,6.5,6.8,13.2,915.9,21.8,3.6,152.6,9.3,33.9,6,24,0,rotating,southeast,False,True,0.7800000000000002,0.0400000000000027,0.3999999999999999,-108.0,0.0009000000000000119
D042,13,3,1.75,0.7,0.7,1.4,0.17,2,5.77,13.27,175.17,0.3065,54.2,22.2,38.8,1735,40.5,3.8,6.2,14.3,571.6,13.9,3.5,142.9,8.2,51.5,4,24,0,rotating,southeast,False,True,0.08999999999999986,-0.41999999999999993,0.2999999999999998,617.0,-0.009699999999999986
D042,14,4,1.58,1.58,0.9,0.45,0.9,2,7.91,14.85,151.77,0.343,80.3,29.1,40.4,1492,22.0,4.0,6.0,12.4,442.5,10.7,3.6,147.5,7.7,78.3,3,24,0,rotating,southeast,False,True,4.07,-0.4299999999999997,0.30000000000000027,64.0,-0.009899999999999964
D042,15,4,1.36,1.46,0.94,1.05,0.42,12,7.32,14.53,320.7,0.3356,61.1,21.7,42.6,1316,16.0,4.4,6.2,10.9,955.7,21.0,4.2,191.1,9.6,43.8,5,24,0,rotating,southeast,False,True,1.5,-0.3600000000000012,0.0,-218.0,-0.008399999999999963
D042,16,4,1.22,1.59,0.49,2.56,0.37,3,8.54,16.53,312.96,0.3818,85.7,29.5,36.1,1544,19.2,7.2,6.6,12.9,819.6,19.6,3.9,163.9,9.2,52.2,5,24,0,rotating,southeast,False,True,2.0999999999999988,0.10999999999999943,0.2999999999999998,-48.0,0.0024999999999999467
D042,17,4,2.18,0.93,0.93,1.4,0.31,6,8.56,16.71,248.02,0.3861,72.2,26.7,34.8,2335,45.0,5.2,6.0,19.3,642.4,16.7,4.2,160.6,10.5,19.0,4,24,0,rotating,southeast,False,True,2.790000000000001,3.4400000000000013,0.7000000000000002,600.0,0.0796
D042,18,5,1.03,1.64,0.82,1.64,0.62,5,7.19,15.5,174.17,0.3579,83.4,29.2,40.5,1057,10.7,4.0,6.9,8.8,486.6,11.5,3.8,162.2,7.7,65.2,3,24,0,rotating,southeast,False,True,-0.7199999999999998,0.6500000000000004,0.19999999999999973,-435.0,0.014899999999999969
D042,19,5,3.11,2.59,0.69,2.42,0.86,8,12.43,14.69,196.63,0.3394,60.5,21.4,25.7,1624,31.5,4.2,6.4,13.4,579.3,12.9,3.2,144.8,8.0,71.9,4,24,0,rotating,southeast,False,True,5.109999999999999,0.16000000000000014,-1.0,308.0,0.00379999999999997
D043,1,1,1.87,0.4,0.94,1.47,0.27,4,5.88,21.12,365.1,0.488,123.0,31.8,44.9,1824,26.5,4.2,5.4,15.1,748.2,17.0,4.3,187.0,9.8,0.0,4,24,3,day,southeast,True,True,,,,,
D043,2,1,1.2,1.37,0.68,1.37,0.34,3,7.18,22.03,297.76,0.5089,154.5,37.9,40.0,1758,26.0,6.8,6.8,14.5,585.1,13.6,3.4,146.3,8.2,0.0,4,24,3,day,southeast,True,True,,,,,
D043,3,1,2.11,0.59,1.06,1.52,0.47,12,7.5,19.03,375.03,0.4397,89.6,24.8,37.2,1305,20.0,3.6,5.4,10.9,853.0,19.3,3.9,170.6,9.0,0.0,5,24,3,day,southeast,True,True,,,,,
D043,4,1,2.09,1.11,0.7,1.25,0.28,3,7.51,20.96,348.23,0.4842,111.6,30.6,39.5,1602,28.0,4.0,5.8,13.3,719.2,17.2,3.4,143.8,8.6,0.0,5,24,3,day,southeast,True,True,,,,,
D043,5,1,1.09,0.95,1.36,1.09,0.54,7,7.47,19.28,327.81,0.4455,106.9,27.8,38.1,1017,13.2,4.4,6.4,8.5,735.9,16.7,3.3,147.2,7.6,0.0,5,24,3,day,southeast,True,True,1.5899999999999999,-1.8399999999999999,-1.0,-807.0,-0.04249999999999998
D043,6,2,2.51,1.0,1.17,1.51,0.67,5,9.21,22.39,308.94,0.5171,157.3,40.9,40.7,1726,24.0,6.5,6.0,14.3,597.4,14.6,3.7,149.4,9.8,0.0,4,24,3,day,southeast,True,True,2.030000000000001,0.35999999999999943,0.30000000000000027,-32.0,0.008199999999999985
D043,7,2,1.91,1.06,1.06,0.85,1.17,3,8.48,21.53,469.25,0.4973,136.6,36.6,37.6,2034,48.7,5.3,5.9,16.8,943.6,24.5,4.1,157.3,9.8,0.0,6,24,3,day,southeast,True,True,0.9800000000000004,2.5,0.19999999999999973,729.0,0.05760000000000004
D043,8,2,0.77,1.65,1.65,1.76,0.77,9,8.7,17.49,366.99,0.4041,80.6,22.4,29.5,1120,13.6,3.2,5.9,9.3,908.2,19.4,3.9,181.6,8.6,0.0,5,24,3,day,southeast,True,True,1.1899999999999995,-3.4700000000000024,0.5,-482.0,-0.0801
D043,9,2,1.86,1.0,1.58,1.29,0.86,7,8.32,18.63,300.09,0.4304,87.8,28.4,39.6,1848,38.0,5.2,6.3,15.3,697.2,17.8,3.6,139.4,9.0,0.0,5,24,3,day,southeast,True,True,0.8500000000000005,-0.6500000000000021,0.30000000000000027,831.0,-0.015100000000000002
D043,10,3,1.94,1.21,0.97,1.45,0.73,2,7.76,16.65,158.65,0.3845,139.9,27.3,35.6,1248,24.7,4.0,5.9,10.4,412.6,9.2,3.1,137.5,7.7,0.0,3,24,3,day,southeast,True,True,-1.450000000000001,-5.740000000000002,-0.6000000000000001,-478.0,-0.1326
D043,11,3,1.34,0.95,2.1,1.91,0.38,0,7.83,16.24,196.4,0.3751,78.2,25.3,32.1,1665,40.5,4.0,6.2,13.8,523.6,12.5,3.1,130.9,7.8,0.0,4,24,3,day,southeast,True,True,-0.6500000000000004,-5.290000000000003,-0.9999999999999996,-369.0,-0.12220000000000003
D043,12,3,1.38,1.24,1.65,2.48,0.28,6,8.8,20.25,340.03,0.4677,117.5,35.2,38.4,1491,23.7,5.2,6.5,12.4,727.0,18.7,3.1,121.2,7.5,0.0,6,24,3,day,southeast,True,True,0.10000000000000142,2.7600000000000016,-0.7999999999999998,371.0,0.06359999999999999
D043,13,3,1.01,1.61,1.81,2.01,0.6,4,9.07,21.22,243.24,0.4901,149.2,38.8,33.0,1574,23.3,6.7,6.1,13.1,496.3,11.7,3.9,165.4,9.3,0.0,3,24,3,day,southeast,True,True,0.75,2.59,0.2999999999999998,-274.0,0.059699999999999975
D043,14,4,1.59,1.06,1.06,1.32,0.53,1,7.42,17.49,152.51,0.404,78.1,26.0,34.8,981,20.7,3.7,5.8,8.2,377.5,9.2,3.1,125.8,7.0,0.0,3,24,3,day,southeast,True,True,-0.33999999999999986,0.8399999999999999,0.0,-267.0,0.019500000000000017
D043,15,4,2.79,1.78,1.52,2.41,0.38,11,11.92,19.4,353.52,0.4482,95.3,29.7,33.3,1448,22.4,3.8,6.6,12.0,788.7,19.9,4.0,157.7,8.6,0.0,5,24,3,day,southeast,True,True,4.09,3.16,0.8999999999999999,-217.0,0.0731
D043,16,4,1.89,1.08,1.21,1.75,0.54,7,9.57,17.9,306.61,0.4134,97.9,28.8,41.7,1169,18.4,4.8,5.2,9.7,741.6,16.5,3.3,148.3,8.8,0.0,5,24,3,day,southeast,True,True,0.7699999999999996,-2.3500000000000014,0.19999999999999973,-322.0,-0.054300000000000015
D043,17,4,1.12,1.57,1.12,2.92,0.45,2,10.1,21.01,216.26,0.4852,141.5,36.6,35.5,898,11.0,2.5,5.7,7.5,445.7,10.1,2.5,111.4,6.8,0.0,4,24,3,day,southeast,True,True,1.0299999999999994,-0.2099999999999973,-1.4,-676.0,-0.00489999999999996
D043,18,5,2.53,1.09,0.84,2.05,1.09,14,10.01,19.06,365.19,0.4403,107.9,31.2,46.1,1191,27.7,4.3,6.4,9.9,829.4,19.0,2.7,118.5,6.9,0.0,7,24,3,day,southeast,True,True,2.59,1.5700000000000003,-0.3999999999999999,210.0,0.0363
D043,19,5,2.0,1.43,1.57,2.14,0.86,8,10.56,19.3,312.43,0.4458,109.1,32.0,36.1,2108,44.0,4.8,5.9,17.4,700.8,16.8,4.2,175.2,10.8,0.0,4,24,3,day,southeast,True,True,-1.3599999999999994,-0.09999999999999787,0.20000000000000018,660.0,-0.0024000000000000132
D043,20,5,1.97,0.9,1.35,1.97,0.99,11,9.78,16.62,427.95,0.384,109.7,30.1,35.8,1543,33.3,4.7,6.5,12.8,1114.5,23.7,4.0,185.8,9.3,0.0,6,24,3,day,southeast,True,True,0.20999999999999908,-1.2799999999999976,0.7000000000000002,374.0,-0.02939999999999998
D043,21,5,1.99,1.76,1.52,1.87,0.94,7,10.54,19.26,379.74,0.4449,135.9,34.6,36.0,1446,16.3,6.5,6.6,12.0,853.5,19.2,3.2,142.2,8.0,0.0,6,24,3,day,southeast,True,True,0.4399999999999995,-1.75,0.7000000000000002,548.0,-0.0403
D043,22,5,3.58,1.25,1.61,2.86,0.36,9,11.99,21.01,271.24,0.4854,134.5,37.0,31.5,1902,42.0,4.3,5.9,15.8,558.8,13.5,4.5,186.3,10.7,0.0,3,24,3,day,southeast,True,True,1.9800000000000004,1.9500000000000028,1.7999999999999998,711.0,0.04509999999999997
D043,23,6,1.68,1.48,1.38,2.07,0.59,10,10.27,17.17,401.59,0.3967,87.2,26.1,40.9,1538,31.5,3.5,5.7,12.8,1012.3,21.7,5.4,253.1,10.8,0.0,4,24,3,day,southeast,True,True,-0.2900000000000009,-2.129999999999999,1.2000000000000002,-570.0,-0.04909999999999998
D043,24,6,1.89,1.02,1.02,2.9,0.87,4,11.17,18.18,289.51,0.4201,121.8,35.6,37.4,1870,37.0,6.5,6.3,15.5,689.2,15.9,4.0,172.3,9.0,0.0,4,24,3,day,southeast,True,True,1.3900000000000006,1.5599999999999987,0.0,327.0,0.036099999999999965
D043,25,6,2.71,1.14,2.14,2.14,0.71,6,11.39,18.56,301.09,0.4288,107.1,30.8,32.8,1139,26.7,3.3,6.2,9.4,702.2,15.6,2.6,117.0,6.5,0.0,6,24,3,day,southeast,True,True,0.8500000000000014,-0.7000000000000028,-0.6000000000000001,-307.0,-0.016100000000000003
D043,26,6,2.22,0.79,2.69,3.01,0.95,6,12.83,20.18,294.22,0.4661,135.1,35.9,26.2,1303,23.0,5.8,6.1,10.9,631.3,14.6,3.6,157.8,9.0,0.0,4,24,3,day,southeast,True,True,0.8399999999999999,-0.8300000000000018,-0.8999999999999999,-599.0,-0.019299999999999984
D044,1,1,0.91,0.3,0.15,0.15,0.3,1,3.04,18.86,286.65,0.4356,86.1,30.7,34.7,3015,69.7,5.2,6.4,24.8,658.1,19.4,3.2,109.7,9.2,50.9,6,40,8,rotating,northeast,False,True,,,,,
D044,2,1,1.25,1.13,0.68,0.79,0.45,6,6.45,16.79,342.6,0.3879,60.3,19.9,32.6,3439,73.2,5.0,5.8,28.3,883.2,23.5,4.7,176.6,11.0,18.2,5,40,8,rotating,northeast,False,True,,,,,
D044,3,1,1.02,1.02,1.36,0.34,0.34,3,5.43,22.63,153.98,0.5229,116.8,40.4,39.8,2479,56.0,4.7,5.8,20.4,294.5,9.7,3.2,98.2,8.3,56.0,3,40,8,rotating,northeast,False,True,,,,,
D044,4,1,1.58,1.1,0.32,1.42,0.16,4,6.94,15.62,228.87,0.3608,54.5,20.2,32.8,1314,18.4,3.2,5.8,10.9,634.4,16.0,3.2,126.9,7.4,70.3,5,40,8,rotating,northeast,False,True,,,,,
D044,5,2,0.48,1.2,0.72,0.72,0.0,1,4.78,21.1,203.74,0.4873,94.4,31.7,38.6,2240,56.0,4.6,6.1,18.4,418.1,12.7,2.5,83.6,7.6,63.2,5,40,8,rotating,northeast,False,True,1.7400000000000002,2.240000000000002,-0.7000000000000002,-775.0,0.051700000000000024
D044,6,2,1.71,1.05,0.53,1.05,0.13,8,5.52,18.77,329.64,0.4335,92.3,30.2,32.4,1951,41.3,5.0,6.2,16.1,760.4,20.3,3.4,126.7,9.0,44.4,6,40,8,rotating,northeast,False,True,-0.9300000000000006,1.9800000000000004,-1.3000000000000003,-1488.0,0.045599999999999974
D044,7,2,1.15,1.15,0.29,0.57,0.29,0,4.02,14.31,115.11,0.3306,45.0,16.4,40.0,2520,52.0,7.0,6.3,20.8,348.2,8.3,4.2,174.1,10.5,52.4,2,40,8,rotating,northeast,False,True,-1.4100000000000001,-8.319999999999999,1.0,41.0,-0.19230000000000003
D044,8,2,0.82,0.62,0.62,0.62,0.0,3,3.69,16.39,184.64,0.3785,47.0,15.6,41.0,1230,22.0,3.5,6.1,10.2,487.8,11.0,2.8,122.0,6.5,57.7,4,40,8,rotating,northeast,False,True,-3.2500000000000004,0.7700000000000014,-0.40000000000000036,-84.0,0.017699999999999994
D044,9,3,1.5,0.56,0.38,0.38,0.56,4,5.25,23.18,285.45,0.5353,156.9,44.3,26.1,2946,72.4,5.6,6.0,24.2,533.2,14.7,2.9,106.6,9.0,15.6,5,40,8,rotating,northeast,False,True,0.46999999999999975,2.0799999999999983,0.3999999999999999,706.0,0.04799999999999999
D044,10,3,0.41,1.1,0.41,0.96,0.27,0,4.53,18.81,316.33,0.4345,96.4,33.5,34.9,1840,41.7,4.3,6.1,15.2,728.0,20.3,3.4,121.3,8.3,56.0,6,40,8,rotating,northeast,False,True,-0.9899999999999993,0.03999999999999915,0.0,-111.0,0.0010000000000000009
D044,11,3,0.78,0.65,0.65,0.91,0.26,3,5.18,16.57,295.56,0.3827,76.7,26.1,33.7,2281,49.0,4.3,5.9,18.8,772.3,20.4,3.4,128.7,8.5,49.0,6,40,8,rotating,northeast,False,True,1.1600000000000001,2.26,-0.8000000000000003,-239.0,0.05209999999999998
D044,12,3,0.47,2.12,1.42,0.94,0.24,4,7.08,14.03,137.38,0.3241,46.1,18.3,44.3,1606,44.0,2.0,4.8,13.2,423.9,10.7,2.7,106.0,6.5,73.1,4,40,8,rotating,northeast,False,True,3.39,-2.360000000000001,-0.09999999999999964,376.0,-0.054400000000000004
D044,13,3,1.3,0.52,0.39,0.52,0.52,4,4.57,17.29,306.14,0.3993,73.3,27.0,34.1,2496,59.3,4.3,6.0,20.6,766.7,21.6,3.6,127.8,8.7,19.2,6,40,8,rotating,northeast,False,True,-0.6799999999999997,-5.890000000000001,0.7000000000000002,-450.0,-0.136
D044,14,4,2.05,0.68,0.68,0.91,0.23,6,5.71,13.61,137.81,0.3145,59.0,26.0,38.5,2942,67.3,7.3,7.3,24.2,438.2,11.2,3.7,146.1,9.3,100.0,3,40,8,rotating,northeast,False,True,1.1799999999999997,-5.199999999999999,0.30000000000000027,1102.0,-0.12
D044,15,4,0.98,1.37,0.2,0.2,0.0,1,4.32,15.17,178.47,0.3505,50.2,18.9,32.6,2384,40.7,5.3,6.0,19.6,509.2,12.5,4.2,169.7,8.7,0.0,3,40,8,rotating,northeast,False,True,-0.8599999999999994,-1.4000000000000004,0.8000000000000003,103.0,-0.032200000000000006
D044,16,4,1.4,1.05,0.7,1.17,0.58,3,6.19,15.64,309.49,0.3613,67.3,24.8,34.0,2245,53.7,6.9,6.6,18.5,856.7,23.5,3.4,122.4,8.0,17.9,7,40,8,rotating,northeast,False,True,-0.8899999999999997,1.6100000000000012,0.6999999999999997,639.0,0.03720000000000001
D044,17,4,1.98,0.99,0.66,0.82,0.0,2,6.43,19.96,279.44,0.461,105.1,38.1,36.4,2202,51.7,4.8,6.1,18.1,606.2,18.4,3.1,101.0,8.3,58.0,6,40,8,rotating,northeast,False,True,1.8599999999999994,2.6700000000000017,-0.5,-294.0,0.06170000000000003
D044,18,5,0.81,0.27,0.27,0.81,0.27,2,3.77,15.07,129.31,0.3482,45.7,19.2,30.3,2386,42.0,4.3,5.9,19.6,371.4,9.8,3.3,123.8,7.0,0.0,3,40,8,rotating,northeast,False,True,-1.94,1.4600000000000009,-0.40000000000000036,-556.0,0.03370000000000001
D044,19,5,1.35,1.05,0.9,0.6,0.45,1,5.56,15.76,242.23,0.364,67.4,29.0,29.8,2758,66.7,4.8,6.1,22.7,665.4,19.6,3.3,110.9,8.2,63.3,6,40,8,rotating,northeast,False,True,1.2399999999999993,0.5899999999999999,-0.9000000000000004,374.0,0.013500000000000012
D044,20,5,0.44,1.46,0.29,1.61,0.0,4,5.41,14.7,232.02,0.3396,58.9,18.5,33.9,2223,54.0,4.2,5.9,18.3,683.3,17.3,4.3,170.8,9.5,28.9,4,40,8,rotating,northeast,False,True,-0.7800000000000002,-0.9400000000000013,0.8999999999999999,-22.0,-0.021699999999999997
D044,21,5,0.98,0.98,0.98,0.98,0.2,0,5.3,17.3,203.63,0.3997,78.9,29.2,25.8,2457,53.2,3.8,5.4,20.2,509.5,15.2,3.0,101.9,8.2,63.4,5,40,8,rotating,northeast,False,True,-1.13,-2.66,-0.10000000000000009,255.0,-0.06130000000000002
D044,22,5,1.55,1.33,0.0,0.89,0.0,5,4.87,17.81,371.56,0.4115,92.3,31.0,37.1,2272,49.4,5.6,6.6,18.7,903.0,22.8,3.3,129.0,8.3,58.6,7,40,8,rotating,northeast,False,True,1.1,2.7399999999999984,0.0,-114.0,0.06329999999999997
D044,23,6,1.53,0.61,0.31,0.76,0.15,4,5.5,15.07,227.81,0.3481,63.7,26.4,39.0,1849,41.2,4.4,6.4,15.3,654.4,17.5,3.5,130.9,8.2,46.3,5,40,8,rotating,northeast,False,True,-0.05999999999999961,-0.6899999999999995,0.20000000000000018,-909.0,-0.01589999999999997
D044,24,6,1.42,0.94,0.47,2.12,0.47,2,6.14,20.82,203.74,0.4809,111.6,38.0,27.5,2164,66.4,5.6,6.3,17.8,423.7,12.5,2.5,84.7,7.0,100.0,5,40,8,rotating,northeast,False,True,0.7299999999999995,6.120000000000001,-1.7999999999999998,-59.0,0.14129999999999998
D044,25,6,0.8,1.2,0.6,0.8,0.4,4,5.19,18.22,210.7,0.4209,111.6,37.1,31.1,3093,73.0,6.2,5.9,25.4,500.6,13.2,3.3,125.2,9.0,0.0,4,40,8,rotating,northeast,False,True,-0.10999999999999943,0.9199999999999982,0.2999999999999998,636.0,0.021199999999999997
D044,26,6,2.06,1.03,0.17,1.03,0.17,5,6.01,21.85,293.99,0.5046,120.9,40.2,32.5,2982,63.5,4.0,5.4,24.5,582.6,17.6,4.4,145.6,10.2,100.0,4,40,8,rotating,northeast,False,True,1.1399999999999997,4.040000000000003,1.1000000000000005,710.0,0.09310000000000007
D045,1,1,2.01,2.21,2.01,3.01,1.2,3,10.64,20.33,233.86,0.4695,58.2,16.8,31.6,2219,50.5,5.0,6.0,18.3,498.1,12.9,3.2,124.5,9.5,68.4,4,38,0,rotating,northeast,True,True,,,,,
D045,2,1,3.81,3.0,2.45,2.32,0.27,9,12.53,20.85,353.5,0.4815,62.3,18.3,34.5,2134,54.0,4.8,5.8,17.6,734.1,21.2,3.5,122.4,9.3,48.2,6,38,0,rotating,northeast,True,True,,,,,
D045,3,1,3.01,2.8,1.72,3.01,0.43,3,11.84,23.16,248.58,0.535,71.9,21.8,28.2,3277,73.0,7.0,6.2,27.0,464.6,13.6,3.4,116.2,8.5,0.0,4,38,0,rotating,northeast,True,True,,,,,
D045,4,1,1.58,3.15,2.5,1.44,1.44,8,10.77,19.0,334.1,0.4388,55.6,15.4,35.2,2115,50.0,4.2,6.1,17.4,761.3,18.3,3.7,152.3,8.2,73.2,5,38,0,rotating,northeast,True,True,,,,,
D045,5,1,3.03,3.24,1.08,1.51,1.08,6,10.17,18.94,202.24,0.4375,56.0,13.6,31.6,2196,68.7,4.7,6.3,18.1,462.3,9.7,3.2,154.1,7.3,72.7,3,38,0,rotating,northeast,True,True,-0.47000000000000064,-1.389999999999997,0.0,-23.0,-0.03199999999999997
D045,6,2,4.19,2.57,2.43,2.16,0.41,11,12.29,20.0,342.04,0.4621,47.7,16.0,32.0,2853,64.4,5.4,6.1,23.5,740.2,21.2,4.2,148.0,9.4,25.5,5,38,0,rotating,northeast,True,True,-0.2400000000000002,-0.8500000000000014,0.7000000000000002,719.0,-0.019399999999999973
D045,7,2,3.8,3.04,2.85,3.42,1.14,9,15.19,18.53,225.46,0.4281,49.9,14.4,33.3,2634,47.3,6.0,6.6,21.7,526.7,12.5,4.2,175.6,10.0,0.0,3,38,0,rotating,northeast,True,True,3.3499999999999996,-4.629999999999999,0.8000000000000003,-643.0,-0.10690000000000005
D045,8,2,3.4,1.49,2.12,3.4,0.42,5,11.04,20.51,223.12,0.4737,62.5,18.9,34.0,1893,50.5,4.0,6.5,15.6,471.0,12.4,3.1,117.8,6.8,0.0,4,38,0,rotating,northeast,True,True,0.2699999999999996,1.5100000000000016,-0.6000000000000001,-222.0,0.03489999999999999
D045,9,3,2.69,3.2,2.05,2.05,1.02,5,11.64,20.67,373.16,0.4774,63.8,19.0,33.0,2475,60.7,5.5,6.0,20.4,781.6,22.3,3.7,130.3,9.0,42.6,6,38,0,rotating,northeast,True,True,1.4700000000000006,1.7300000000000004,0.5,279.0,0.03989999999999999
D045,10,3,3.49,2.25,2.25,2.81,0.56,10,12.38,18.79,385.72,0.434,55.2,17.6,37.6,2027,43.1,3.9,5.8,16.7,888.7,22.6,3.2,127.0,8.0,0.0,7,38,0,rotating,northeast,True,True,0.09000000000000163,-1.2100000000000009,-1.0,-826.0,-0.028100000000000014
D045,11,3,2.59,2.72,2.04,2.04,0.68,8,10.35,18.75,317.9,0.4331,55.5,17.7,28.9,2292,48.8,5.0,6.0,18.8,734.1,18.5,3.7,146.8,8.4,47.6,5,38,0,rotating,northeast,True,True,-4.84,0.21999999999999886,-0.5,-342.0,0.0050000000000000044
D045,12,3,4.05,3.59,1.85,2.55,1.27,9,13.9,18.55,369.88,0.4285,58.9,18.4,38.1,1960,36.7,5.2,6.4,16.2,863.2,22.5,3.8,143.9,9.0,50.0,6,38,0,rotating,northeast,True,True,2.860000000000001,-1.9600000000000009,0.6999999999999997,67.0,-0.04520000000000002
D045,13,3,3.57,3.23,2.55,2.55,1.02,13,13.6,19.97,271.36,0.4614,69.5,24.1,42.5,1879,34.0,3.8,5.6,15.5,588.1,17.3,2.9,98.0,7.8,46.8,6,38,0,rotating,northeast,True,True,1.959999999999999,-0.7000000000000028,-0.8000000000000003,-596.0,-0.016000000000000014
D045,14,4,4.03,2.3,2.88,1.15,1.15,3,12.08,14.61,58.67,0.3374,63.5,21.1,34.4,1394,18.0,7.0,6.7,11.6,173.9,3.6,3.6,173.9,10.0,0.0,1,38,0,rotating,northeast,True,True,-0.3000000000000007,-4.18,0.3999999999999999,-633.0,-0.09660000000000002
D045,15,4,2.87,2.69,1.44,2.69,0.72,10,11.04,17.04,438.44,0.3936,53.8,17.0,34.5,2326,44.0,4.3,5.5,19.2,1114.0,27.6,3.9,159.1,9.9,82.6,7,38,0,rotating,northeast,True,True,0.6899999999999995,-1.7100000000000009,0.19999999999999973,34.0,-0.03949999999999998
D045,16,4,3.27,2.55,1.09,2.55,1.09,5,10.91,16.51,104.9,0.3814,34.4,11.8,34.4,1788,42.7,3.7,6.4,14.7,275.0,6.5,2.2,91.7,6.0,33.3,3,38,0,rotating,northeast,True,True,-2.99,-2.039999999999999,-1.5999999999999996,-172.0,-0.047099999999999975
D045,17,4,2.36,2.72,3.09,2.54,0.54,5,11.8,18.16,231.12,0.4196,60.7,16.8,30.9,2818,50.7,7.0,6.5,23.2,550.8,11.7,3.9,183.6,9.3,57.1,3,38,0,rotating,northeast,True,True,-1.799999999999999,-1.8099999999999987,1.0,939.0,-0.041800000000000004
D045,18,5,3.18,3.18,2.7,2.38,0.79,13,13.19,20.05,291.43,0.4632,90.8,26.3,30.4,1863,47.3,3.8,6.0,15.3,629.2,15.7,2.6,104.9,7.7,47.8,6,38,0,rotating,northeast,True,True,1.1099999999999994,5.440000000000001,-1.0,469.0,0.12580000000000002
D045,19,5,4.15,2.44,1.46,2.81,0.24,10,11.96,19.53,369.69,0.4512,75.0,22.4,37.2,1840,43.3,5.0,6.5,15.2,819.3,19.9,3.3,136.6,8.3,32.0,6,38,0,rotating,northeast,True,True,0.9200000000000017,2.490000000000002,-0.6000000000000001,-486.0,0.057599999999999985
D045,20,5,1.65,2.91,1.9,2.53,1.14,11,11.28,17.26,314.62,0.3987,60.0,17.7,36.1,2738,54.4,5.2,5.4,22.6,789.1,18.9,3.8,157.8,9.4,40.4,5,38,0,rotating,northeast,True,True,0.3699999999999992,0.75,1.5999999999999996,950.0,0.017299999999999982
D045,21,5,4.0,1.91,2.48,2.29,0.57,3,12.2,19.41,235.32,0.4485,67.9,23.5,32.7,2108,46.8,5.4,6.4,17.4,524.7,16.0,3.2,104.9,8.4,59.5,5,38,0,rotating,northeast,True,True,0.3999999999999986,1.25,-0.6999999999999997,-710.0,0.028900000000000037
D045,22,5,2.98,3.52,1.9,1.08,1.08,3,11.12,19.02,162.02,0.4393,66.3,24.4,34.4,2548,70.0,4.8,6.6,20.9,368.8,11.3,2.8,92.2,8.2,100.0,4,38,0,rotating,northeast,True,True,-2.0700000000000003,-1.0300000000000011,0.19999999999999973,685.0,-0.023899999999999977
D045,23,6,3.39,1.55,2.54,2.96,0.85,7,12.27,18.67,305.75,0.4314,54.1,17.3,32.7,1992,55.3,5.2,6.6,16.4,708.8,18.2,3.0,118.1,7.7,15.2,6,38,0,rotating,northeast,True,True,0.3099999999999987,-0.8599999999999994,-0.2999999999999998,152.0,-0.019799999999999984
D045,24,6,3.45,3.0,1.5,1.95,0.6,9,10.96,19.85,305.24,0.4585,74.0,23.7,29.8,2072,52.7,5.2,6.5,17.1,665.8,17.8,3.0,111.0,7.5,55.6,6,38,0,rotating,northeast,True,True,-0.3199999999999985,2.59,-0.7999999999999998,-666.0,0.05980000000000002
D045,25,6,3.41,2.53,1.9,2.91,0.63,13,12.13,19.01,347.54,0.4391,46.3,17.0,35.4,2358,52.3,5.3,5.8,19.4,791.5,23.0,3.8,131.9,9.0,29.6,6,38,0,rotating,northeast,True,True,-0.06999999999999851,-0.3999999999999986,0.5999999999999996,250.0,-0.00940000000000002
D045,26,6,2.86,3.5,3.18,1.59,0.64,7,12.09,19.26,139.89,0.445,70.7,24.0,29.9,1443,40.0,5.0,6.7,11.9,314.4,9.5,3.2,104.8,6.7,75.0,3,38,0,rotating,northeast,True,True,0.9700000000000006,0.240000000000002,0.40000000000000036,-1105.0,0.005699999999999983
D046,1,1,4.9,3.81,2.29,2.4,0.33,8,14.82,19.71,417.95,0.4554,46.6,13.1,37.8,1394,26.3,3.2,6.1,11.5,917.8,22.2,3.7,153.0,9.0,0.0,6,24,6,day,southeast,True,False,,,,,
D046,2,1,3.8,2.89,3.49,2.58,0.76,14,13.83,17.38,264.26,0.4015,40.3,10.8,33.0,1312,29.0,2.8,5.7,10.9,658.2,14.3,3.6,164.6,7.8,0.0,4,24,6,day,southeast,True,False,,,,,
D046,3,1,3.0,2.25,1.88,2.38,0.38,10,11.01,17.19,317.23,0.397,57.5,16.3,31.6,1586,38.0,7.0,7.1,13.2,799.0,16.4,5.5,266.3,10.0,0.0,3,24,6,day,southeast,True,False,,,,,
D046,4,1,3.79,2.15,2.46,3.18,1.23,13,13.32,17.74,400.12,0.4098,40.1,11.3,39.2,1524,26.0,4.2,5.9,12.7,976.3,21.3,4.3,195.3,10.0,0.0,5,24,6,day,southeast,True,False,,,,,
D046,5,1,5.01,4.17,3.94,2.86,0.6,16,16.81,18.61,360.57,0.43,63.4,18.2,32.6,1533,28.7,5.7,6.5,12.7,838.6,20.6,3.4,139.8,8.5,0.0,6,24,6,day,southeast,True,False,1.9899999999999984,-1.1000000000000014,-0.30000000000000027,139.0,-0.025400000000000034
D046,6,2,3.8,3.8,1.57,2.88,0.65,6,13.62,19.17,338.18,0.4429,49.4,14.2,42.1,1290,18.4,4.0,5.5,10.7,763.6,17.6,3.5,152.7,8.0,0.0,5,24,6,day,southeast,True,False,-0.21000000000000085,1.7900000000000027,-0.10000000000000009,-22.0,0.04139999999999999
D046,7,2,3.8,2.54,2.07,3.46,1.04,10,13.37,19.87,398.31,0.4591,53.3,15.4,33.5,1540,30.3,4.2,6.1,12.8,867.6,21.3,3.5,144.6,9.2,0.0,6,24,6,day,southeast,True,False,2.3599999999999994,2.6799999999999997,-2.0,-46.0,0.06209999999999999
D046,8,2,3.39,2.93,4.01,2.31,0.15,11,13.57,17.3,259.27,0.3997,53.6,16.8,30.2,1219,32.4,4.6,6.2,10.1,648.6,15.4,3.1,129.7,8.0,0.0,5,24,6,day,southeast,True,False,0.25,-0.4399999999999977,-1.1999999999999997,-305.0,-0.010099999999999998
D046,9,2,4.12,1.92,3.43,1.92,1.1,9,13.31,18.65,313.84,0.4307,47.4,13.3,45.9,1209,25.5,2.8,5.5,10.0,728.6,15.9,4.0,182.1,9.2,0.0,4,24,6,day,southeast,True,False,-3.4999999999999982,0.03999999999999915,0.6000000000000001,-324.0,0.0007000000000000339
D046,10,3,4.34,2.84,3.5,2.0,1.67,12,15.18,17.0,235.39,0.3928,46.4,14.2,39.0,1348,21.3,6.0,6.5,11.2,599.3,13.3,4.4,199.8,9.7,0.0,3,24,6,day,southeast,True,False,1.5600000000000005,-2.1700000000000017,0.9000000000000004,58.0,-0.05010000000000003
D046,11,3,3.72,3.0,3.12,2.52,1.08,11,14.41,16.67,320.67,0.385,53.3,16.0,36.9,1395,27.1,4.6,6.4,11.6,833.0,20.1,2.9,119.0,8.0,0.0,7,24,6,day,southeast,True,False,1.040000000000001,-3.1999999999999993,-0.6000000000000001,-145.0,-0.0741
D046,12,3,3.73,3.65,2.86,2.22,1.11,15,14.52,15.62,455.0,0.3609,38.2,11.7,38.3,1145,18.3,3.5,5.5,9.5,1260.7,25.8,4.3,210.1,8.2,0.0,6,24,6,day,southeast,True,False,0.9499999999999993,-1.6800000000000015,1.1999999999999997,-74.0,-0.0388
D046,13,3,4.11,3.02,3.14,1.81,1.33,12,14.13,17.23,329.43,0.3979,58.1,16.8,30.2,1818,20.8,6.2,6.0,15.1,827.9,19.6,3.9,165.6,9.6,0.0,5,24,6,day,southeast,True,False,0.8200000000000003,-1.4199999999999982,-0.10000000000000009,609.0,-0.03280000000000005
D046,14,4,4.63,3.74,3.56,2.49,1.78,9,16.91,17.41,225.99,0.4023,42.4,14.2,36.9,1022,18.0,3.0,6.1,8.5,561.8,14.4,3.6,140.4,8.0,0.0,4,24,6,day,southeast,True,False,1.7300000000000004,0.41000000000000014,-0.8000000000000003,-326.0,0.009500000000000008
D046,15,4,3.6,2.63,2.63,2.49,0.97,13,12.75,15.93,265.53,0.3679,41.3,11.9,36.8,946,16.8,2.6,5.4,7.9,721.8,16.3,3.3,144.4,7.8,0.0,5,24,6,day,southeast,True,False,-1.6600000000000001,-0.740000000000002,0.3999999999999999,-449.0,-0.017100000000000004
D046,16,4,2.84,2.0,2.67,1.67,0.67,4,10.17,16.75,231.97,0.3869,50.6,15.5,39.2,1346,18.5,4.0,6.4,11.1,599.6,14.3,3.6,149.9,7.5,0.0,4,24,6,day,southeast,True,False,-4.35,1.1300000000000008,-0.6999999999999997,201.0,0.026000000000000023
D046,17,4,4.53,3.35,2.72,2.9,0.63,13,14.59,16.79,428.18,0.3879,41.2,12.1,46.0,1066,20.9,2.4,5.3,8.9,1103.8,25.1,3.6,157.7,7.6,0.0,7,24,6,day,southeast,True,False,0.4599999999999991,-0.4400000000000013,-0.2999999999999998,-752.0,-0.009999999999999953
D046,18,5,3.73,3.0,2.07,1.97,0.93,8,12.63,16.73,373.2,0.3864,56.6,15.3,43.3,954,15.6,3.8,6.0,8.0,965.8,18.8,3.8,193.2,8.0,0.0,5,24,6,day,southeast,True,False,-4.279999999999999,-0.6799999999999997,0.19999999999999973,-68.0,-0.01589999999999997
D046,19,5,4.21,3.4,3.24,2.59,0.32,9,14.91,17.47,248.9,0.4035,38.0,11.1,42.3,1232,13.0,1.8,4.6,10.2,616.9,13.1,3.3,154.2,8.2,0.0,4,24,6,day,southeast,True,False,2.16,1.5399999999999991,0.0,286.0,0.03560000000000002
D046,20,5,2.72,3.23,2.32,1.61,0.91,15,11.3,18.57,425.2,0.4291,67.0,20.6,34.0,1723,24.0,6.2,6.5,14.3,991.0,23.8,4.0,165.2,9.7,0.0,6,24,6,day,southeast,True,False,1.1300000000000008,1.8200000000000003,0.3999999999999999,377.0,0.04219999999999996
D046,21,5,2.7,1.8,2.1,2.7,1.2,2,10.82,19.61,150.77,0.453,90.1,23.0,24.3,1050,18.0,3.0,5.2,8.7,332.8,7.6,2.5,110.9,7.3,0.0,3,24,6,day,southeast,True,False,-3.7699999999999996,2.8200000000000003,-1.1,-16.0,0.06509999999999999
D046,22,5,2.8,3.57,2.8,2.7,0.58,12,13.71,15.76,377.06,0.3641,36.6,11.6,33.9,1352,31.2,5.2,6.9,11.2,1035.7,21.8,4.4,207.1,7.2,0.0,5,24,6,day,southeast,True,False,1.08,-0.9700000000000006,0.6000000000000005,398.0,-0.022300000000000042
D046,23,6,4.66,2.33,3.14,1.4,0.58,17,12.46,18.16,360.24,0.4195,50.9,15.6,35.4,1606,26.0,5.6,6.7,13.3,858.8,20.1,4.0,171.8,9.2,0.0,5,24,6,day,southeast,True,False,-2.4499999999999993,0.6900000000000013,0.7000000000000002,374.0,0.01599999999999996
D046,24,6,3.76,3.16,2.86,3.31,0.3,7,14.58,18.24,280.3,0.4214,56.5,16.8,37.3,2103,43.5,6.8,5.9,17.4,665.1,17.0,4.2,166.3,10.5,0.0,4,24,6,day,southeast,True,False,3.2799999999999994,-0.33000000000000185,0.20000000000000018,380.0,-0.007699999999999985
D046,25,6,4.2,1.53,3.44,2.29,0.64,12,12.74,17.81,322.96,0.4115,59.6,17.6,34.9,1363,23.2,5.6,6.9,11.3,784.8,17.9,3.6,157.0,8.4,0.0,5,24,6,day,southeast,True,False,1.92,-1.8000000000000007,1.1,313.0,-0.04150000000000004
D046,26,6,4.9,2.03,2.03,2.03,1.01,8,13.01,19.79,270.55,0.4572,64.0,21.2,39.1,1289,27.2,3.8,5.7,10.7,591.7,16.1,3.2,118.3,7.4,0.0,5,24,6,day,southeast,True,False,-0.7000000000000011,4.029999999999999,-1.2000000000000002,-63.0,0.09310000000000002
D047,1,1,0.99,1.21,0.57,0.78,0.21,10,5.46,14.09,458.65,0.3255,48.8,13.4,36.7,771,13.7,3.3,6.1,6.4,1409.0,22.8,3.8,234.8,8.3,52.0,6,49,3,rotating,midwest,False,True,,,,,
D047,2,1,0.88,0.7,0.26,0.79,0.18,3,3.94,13.23,349.06,0.3056,33.9,10.7,35.2,817,18.3,3.2,6.3,6.8,1142.2,20.0,3.3,190.4,7.8,57.4,6,49,3,rotating,midwest,False,True,,,,,
D047,3,1,1.01,1.01,0.67,0.78,0.22,8,4.49,14.91,307.25,0.3445,48.2,15.2,33.3,719,12.4,2.4,5.7,6.0,891.8,17.7,3.5,178.4,7.6,39.5,5,49,3,rotating,midwest,False,True,,,,,
D047,4,1,2.15,0.77,0.86,0.43,0.52,7,5.76,13.86,372.6,0.3202,39.5,10.4,38.0,489,10.7,3.0,6.0,4.1,1163.8,19.4,3.2,194.0,7.3,50.0,6,49,3,rotating,midwest,False,True,,,,,
D047,5,1,1.45,0.48,0.16,0.48,0.16,1,4.52,12.78,182.93,0.2952,50.8,14.7,43.8,617,10.7,1.7,6.0,5.1,619.6,10.8,3.6,206.5,8.0,0.0,3,49,3,rotating,midwest,False,True,-0.9400000000000004,-1.3100000000000005,-0.19999999999999973,-154.0,-0.030299999999999994
D047,6,2,1.32,0.92,1.06,1.19,0.13,6,6.99,14.53,254.26,0.3356,54.0,13.8,36.4,1076,13.3,4.3,6.4,9.0,757.7,11.7,3.9,252.6,8.0,41.7,3,49,3,rotating,midwest,False,True,3.0500000000000003,1.299999999999999,0.6000000000000001,259.0,0.030000000000000027
D047,7,2,1.19,0.87,0.65,0.76,0.54,5,5.19,14.51,309.84,0.3353,53.9,15.4,25.5,1123,16.0,4.2,6.7,9.3,924.1,16.0,4.0,231.0,9.2,48.6,4,49,3,rotating,midwest,False,True,0.7000000000000002,-0.40000000000000036,0.5,404.0,-0.009199999999999986
D047,8,2,1.06,0.49,0.32,0.89,0.32,7,4.47,13.11,373.13,0.3029,41.2,11.2,39.5,982,10.0,3.8,6.0,8.2,1231.7,19.6,4.9,307.9,10.5,52.4,4,49,3,rotating,midwest,False,True,-1.29,-0.75,1.7000000000000002,493.0,-0.017299999999999982
D047,9,2,1.13,1.33,0.31,1.03,0.21,9,5.02,13.27,298.96,0.3066,48.8,12.5,40.7,1571,28.8,5.2,6.3,13.0,975.2,18.6,3.7,195.0,9.6,0.0,5,49,3,rotating,midwest,False,True,0.5,0.4900000000000002,0.10000000000000009,954.0,0.011399999999999966
D047,10,3,1.44,1.37,0.72,1.37,0.5,13,6.19,13.44,431.46,0.3104,51.2,16.4,44.8,1092,23.3,3.3,6.1,9.1,1390.2,25.0,4.2,231.7,8.7,57.7,6,49,3,rotating,midwest,False,True,-0.7999999999999998,-1.0899999999999999,0.30000000000000027,16.0,-0.0252
D047,11,3,0.86,1.1,0.86,0.98,0.12,2,5.39,12.77,240.86,0.2949,54.8,17.0,34.2,665,5.5,3.8,6.2,5.6,816.7,14.3,3.6,204.2,8.2,75.8,4,49,3,rotating,midwest,False,True,0.1999999999999993,-1.7400000000000002,-0.3999999999999999,-458.0,-0.04039999999999999
D047,12,3,1.02,0.59,0.68,0.51,0.17,6,4.5,11.68,317.76,0.2699,38.1,11.8,42.1,1086,16.4,2.6,5.1,9.0,1177.5,19.8,4.0,235.5,7.6,34.2,5,49,3,rotating,midwest,False,True,0.03000000000000025,-1.4299999999999997,-0.9000000000000004,104.0,-0.03300000000000003
D047,13,3,1.3,0.83,0.41,1.0,0.3,8,5.13,11.79,461.35,0.2723,41.3,12.8,25.9,625,8.0,2.7,5.5,5.2,1694.3,27.2,3.9,242.0,8.3,79.3,7,49,3,rotating,midwest,False,True,0.11000000000000032,-1.4800000000000004,0.19999999999999973,-946.0,-0.0343
D047,14,4,0.96,0.96,0.48,0.86,0.67,6,4.97,11.18,270.09,0.2583,22.1,6.7,26.0,442,2.8,1.6,5.6,3.7,1045.6,18.9,3.8,209.1,7.6,50.0,5,49,3,rotating,midwest,False,True,-1.2200000000000006,-2.26,-0.40000000000000036,-650.0,-0.052100000000000035
D047,15,4,0.97,0.67,0.75,0.67,0.3,7,5.16,12.63,390.44,0.2918,34.8,11.6,39.0,665,9.7,2.8,6.1,5.6,1337.8,23.7,4.0,223.0,7.8,74.5,6,49,3,rotating,midwest,False,True,-0.22999999999999954,-0.1399999999999988,0.3999999999999999,0.0,-0.0030999999999999917
D047,16,4,1.05,0.42,0.21,0.84,0.42,0,4.4,12.95,142.73,0.2992,41.7,13.2,25.0,1076,12.0,3.5,5.2,9.0,477.0,8.1,4.1,238.5,9.5,52.6,2,49,3,rotating,midwest,False,True,-0.09999999999999964,1.2699999999999996,0.09999999999999964,-10.0,0.029300000000000048
D047,17,4,0.45,0.91,0.53,0.91,0.38,6,4.76,13.5,412.7,0.3119,66.5,20.7,34.4,940,15.7,3.1,5.7,7.8,1323.0,23.8,3.4,189.0,8.4,23.7,7,49,3,rotating,midwest,False,True,-0.3700000000000001,1.7100000000000009,-0.5,315.0,0.039600000000000024
D047,18,5,0.0,0.38,0.76,0.38,0.0,2,3.02,11.89,72.74,0.2747,51.1,17.4,44.4,880,2.0,2.0,5.5,7.4,264.8,4.6,4.6,264.8,10.0,100.0,1,49,3,rotating,midwest,False,True,-1.9499999999999997,0.7100000000000009,0.7999999999999998,438.0,0.016400000000000026
D047,19,5,0.97,0.4,0.16,0.89,0.16,6,4.77,12.96,370.34,0.2994,54.7,16.1,36.4,807,8.7,2.2,6.1,6.7,1236.9,20.2,3.4,206.2,7.2,30.2,6,49,3,rotating,midwest,False,True,-0.39000000000000057,0.33000000000000007,-0.6000000000000001,142.0,0.007599999999999996
D047,20,5,1.1,1.54,0.0,0.66,0.22,2,5.04,12.18,128.25,0.2813,32.0,10.6,28.9,1020,8.0,3.5,6.5,8.5,455.9,7.6,3.8,228.0,8.0,0.0,2,49,3,rotating,midwest,False,True,0.6399999999999997,-0.7699999999999996,-0.2999999999999998,-56.0,-0.017900000000000027
D047,21,5,1.04,1.04,0.45,0.74,0.15,3,6.39,12.35,192.12,0.2854,43.1,12.1,45.2,565,8.0,2.3,5.3,4.8,673.2,11.0,3.7,224.4,9.0,33.3,3,49,3,rotating,midwest,False,True,1.63,-1.1500000000000004,0.30000000000000027,-375.0,-0.026500000000000024
D047,22,5,1.09,0.77,0.66,0.77,0.44,4,4.81,11.65,246.08,0.2691,44.8,16.0,30.5,1578,22.0,5.0,6.0,13.1,914.4,16.8,5.6,304.8,11.3,100.0,3,49,3,rotating,midwest,False,True,1.7899999999999996,-0.2400000000000002,1.0,698.0,-0.005599999999999994
D047,23,6,1.5,1.04,0.4,0.63,0.06,11,5.46,12.49,501.71,0.2886,39.1,11.7,32.1,679,10.3,3.9,6.2,5.7,1738.6,28.1,4.0,248.4,8.3,50.0,7,49,3,rotating,midwest,False,True,0.6900000000000004,-0.47000000000000064,0.6000000000000001,-128.0,-0.010799999999999976
D047,24,6,1.28,0.78,0.56,0.61,0.28,9,5.55,12.12,504.25,0.28,35.8,11.2,32.1,577,7.4,3.1,5.9,4.9,1801.1,31.3,4.5,257.3,8.7,86.9,7,49,3,rotating,midwest,False,True,0.5099999999999998,-0.0600000000000005,0.7000000000000002,-443.0,-0.0012999999999999678
D047,25,6,1.5,0.47,0.93,1.12,0.28,7,5.52,12.49,308.62,0.2885,46.4,15.5,33.0,922,15.5,2.5,5.5,7.7,1069.7,18.9,4.7,267.4,9.0,61.1,4,49,3,rotating,midwest,False,True,-0.8700000000000001,0.14000000000000057,1.0,357.0,0.0030999999999999917
D047,26,6,1.4,0.89,0.64,0.57,0.64,10,5.8,11.05,400.9,0.2553,37.0,12.2,44.4,842,16.3,4.5,6.7,7.0,1570.2,24.8,4.1,261.7,9.7,34.5,6,49,3,rotating,midwest,False,True,0.9900000000000002,-0.5999999999999996,-1.5,-736.0,-0.013799999999999979
D048,1,1,0.51,0.14,0.14,0.36,0.14,2,1.81,10.92,349.25,0.2522,19.7,6.9,37.9,935,20.0,2.4,5.6,7.8,1384.6,22.4,4.5,276.9,9.2,100.0,5,52,3,night,midwest,True,True,,,,,
D048,2,1,0.25,0.49,0.08,0.25,0.08,3,1.89,11.96,336.54,0.2762,29.8,10.8,32.8,859,16.0,3.7,6.3,7.1,1218.5,22.2,3.7,203.1,8.2,100.0,6,52,3,night,midwest,True,True,,,,,
D048,3,1,0.19,0.29,0.1,0.39,0.1,3,2.23,10.64,253.66,0.2457,30.1,11.0,34.0,1027,18.5,3.0,5.7,8.5,1032.2,17.7,4.4,258.0,10.2,100.0,4,52,3,night,midwest,True,True,,,,,
D048,4,1,0.08,0.16,0.0,0.57,0.0,3,1.47,11.03,311.2,0.2549,32.1,11.6,34.5,905,20.8,3.6,5.8,7.6,1221.0,20.6,4.1,244.2,8.8,100.0,5,52,3,night,midwest,True,True,,,,,
D048,5,1,0.47,0.16,0.08,0.39,0.0,3,1.72,11.22,332.22,0.2592,27.7,9.9,34.4,782,12.4,5.8,6.3,6.6,1281.7,22.0,4.4,256.3,9.8,100.0,5,52,3,night,midwest,True,True,-0.09000000000000008,0.3000000000000007,-0.09999999999999964,-153.0,0.007000000000000006
D048,6,2,0.13,0.4,0.13,0.13,0.0,2,1.06,10.81,188.29,0.2496,20.8,7.8,26.2,898,11.3,3.3,6.1,7.5,754.3,12.8,4.3,251.4,8.7,100.0,3,52,3,night,midwest,True,True,-0.8299999999999998,-1.1500000000000004,0.5999999999999996,39.0,-0.026600000000000013
D048,7,2,0.83,0.0,0.33,0.33,0.0,2,1.99,12.57,175.47,0.2904,45.3,15.6,29.3,830,9.5,3.5,6.0,6.9,604.2,10.9,2.7,151.1,7.2,100.0,4,52,3,night,midwest,True,True,-0.24,1.9299999999999997,-1.7000000000000002,-197.0,0.04469999999999999
D048,8,2,0.09,0.18,0.27,0.45,0.0,3,1.36,9.54,243.36,0.2203,16.5,5.6,43.6,768,8.5,1.5,6.2,6.4,1104.7,17.5,4.4,276.2,8.5,100.0,4,52,3,night,midwest,True,True,-0.10999999999999988,-1.4900000000000002,0.3000000000000007,-137.0,-0.03460000000000002
D048,9,2,0.45,0.08,0.23,0.3,0.15,0,1.58,10.75,330.88,0.2483,22.1,7.4,40.2,610,7.0,4.8,6.3,5.2,1332.7,20.2,5.1,333.2,9.8,100.0,4,52,3,night,midwest,True,True,-0.1399999999999999,-0.47000000000000064,0.6999999999999993,-172.0,-0.010899999999999993
D048,10,3,0.53,0.18,0.09,0.0,0.26,3,1.85,10.24,267.87,0.2366,28.1,11.1,28.3,671,9.3,3.2,6.7,5.6,1132.2,19.8,3.3,188.7,7.0,100.0,6,52,3,night,midwest,True,True,0.79,-0.5700000000000003,-1.0,-227.0,-0.012999999999999984
D048,11,3,0.49,0.25,0.08,0.0,0.08,1,1.48,9.96,280.18,0.2302,25.4,9.5,29.7,836,7.3,2.7,5.9,7.0,1217.2,19.6,3.3,202.9,7.7,100.0,6,52,3,night,midwest,True,True,-0.51,-2.6099999999999994,0.5999999999999996,6.0,-0.060200000000000004
D048,12,3,0.41,0.71,0.31,0.51,0.0,0,2.24,10.4,236.17,0.2403,19.4,8.7,28.3,1431,19.5,5.5,6.8,11.8,983.0,19.4,4.8,245.8,9.2,100.0,4,52,3,night,midwest,True,True,0.8800000000000001,0.8600000000000012,0.39999999999999947,663.0,0.020000000000000018
D048,13,3,0.63,0.09,0.18,0.27,0.09,2,1.8,10.37,266.62,0.2396,35.5,12.6,30.6,905,10.0,2.4,5.8,7.6,1112.8,17.3,3.5,222.6,7.8,100.0,5,52,3,night,midwest,True,True,0.21999999999999997,-0.3800000000000008,-1.5999999999999996,295.0,-0.008699999999999986
D048,14,4,0.42,0.52,0.21,0.21,0.1,0,1.88,11.58,256.55,0.2675,35.7,14.8,41.0,1057,20.3,3.0,5.8,8.7,959.1,19.2,3.2,159.9,7.5,100.0,6,52,3,night,midwest,True,True,0.029999999999999805,1.3399999999999999,-0.09999999999999964,386.0,0.03090000000000001
D048,15,4,0.54,0.39,0.16,0.47,0.0,4,2.02,10.37,307.81,0.2395,23.6,9.6,33.9,866,22.0,2.5,5.4,7.2,1285.2,22.8,3.8,214.2,8.5,100.0,6,52,3,night,midwest,True,True,0.54,0.40999999999999837,0.5,30.0,0.009300000000000003
D048,16,4,0.39,0.39,0.2,0.33,0.0,4,1.97,9.64,338.37,0.2226,28.4,11.2,34.3,887,20.3,3.1,5.6,7.4,1520.0,25.4,3.6,217.1,8.3,100.0,7,52,3,night,midwest,True,True,-0.27000000000000024,-0.7599999999999998,-1.1999999999999997,-544.0,-0.01770000000000002
D048,17,4,0.79,0.43,0.12,0.37,0.24,2,2.74,8.92,337.81,0.206,32.1,11.9,41.2,867,10.0,3.3,5.6,7.3,1639.5,25.7,4.3,273.2,9.7,100.0,6,52,3,night,midwest,True,True,0.9400000000000002,-1.4499999999999993,0.7999999999999998,-38.0,-0.03360000000000002
D048,18,5,0.22,0.22,0.07,0.82,0.07,4,2.3,10.88,338.11,0.2513,31.3,11.3,34.3,1052,15.0,3.8,6.3,8.7,1345.3,22.3,3.7,224.2,8.3,100.0,6,52,3,night,midwest,True,True,0.41999999999999993,-0.6999999999999993,0.5,-5.0,-0.016199999999999992
D048,19,5,0.55,0.27,0.27,0.46,0.27,2,3.2,10.38,262.44,0.2398,37.6,14.5,33.3,897,10.0,4.2,5.8,7.5,1094.5,19.6,4.9,273.6,9.8,100.0,4,52,3,night,midwest,True,True,1.1800000000000002,0.010000000000001563,1.1000000000000005,31.0,0.00030000000000002247
D048,20,5,0.22,0.66,0.0,0.44,0.0,2,1.97,10.72,225.89,0.2476,33.9,13.2,25.2,859,9.6,4.0,6.5,7.2,912.4,16.2,3.2,182.5,8.0,100.0,5,52,3,night,midwest,True,True,0.0,1.08,-0.3999999999999999,-28.0,0.024999999999999994
D048,21,5,0.71,0.0,0.31,0.31,0.2,2,2.65,9.73,220.3,0.2248,20.2,8.1,29.4,702,7.2,3.0,6.4,5.9,980.1,18.2,3.6,196.0,7.4,100.0,5,52,3,night,midwest,True,True,-0.0900000000000003,0.8100000000000005,-0.6999999999999997,-165.0,0.01880000000000001
D048,22,5,0.61,0.47,0.27,0.2,0.4,7,3.16,10.19,349.71,0.2353,27.8,11.1,30.9,1004,12.3,2.7,5.1,8.4,1486.2,26.1,4.3,247.7,9.3,100.0,6,52,3,night,midwest,True,True,0.8600000000000003,-0.6900000000000013,0.5999999999999996,-48.0,-0.016000000000000014
D048,23,6,0.18,0.53,0.71,1.59,0.18,4,4.07,10.5,136.89,0.2425,24.2,9.7,32.8,616,4.7,4.0,6.6,5.2,564.6,10.1,3.4,188.2,8.0,100.0,3,52,3,night,midwest,True,True,0.8700000000000001,0.11999999999999922,-1.5000000000000004,-281.0,0.00269999999999998
D049,1,1,1.93,0.64,0.75,0.86,0.11,7,5.79,17.47,376.35,0.4035,73.4,23.7,38.3,1394,24.3,4.3,5.9,11.6,932.8,22.6,3.8,155.5,8.2,51.0,6,53,1,rotating,southeast,False,True,,,,,
D049,2,1,0.94,1.15,0.42,0.73,0.31,6,4.93,19.18,422.06,0.4431,97.8,29.8,32.4,1950,31.3,5.8,6.2,16.2,952.5,23.8,4.0,158.8,9.3,66.1,6,53,1,rotating,southeast,False,True,,,,,
D049,3,1,0.85,0.85,0.73,1.46,0.24,9,5.94,18.46,351.58,0.4263,101.0,28.3,32.7,1679,35.2,5.4,5.9,13.9,824.7,18.5,3.7,164.9,9.2,30.4,5,53,1,rotating,southeast,False,True,,,,,
D049,4,1,0.76,2.53,0.25,0.76,0.0,2,5.57,17.16,156.5,0.3964,62.6,20.2,30.0,1448,25.3,3.7,5.8,12.0,394.8,9.3,3.1,131.6,8.0,20.8,3,53,1,rotating,southeast,False,True,,,,,
D049,5,1,1.48,0.95,0.21,0.95,0.21,6,5.91,13.91,304.67,0.3214,60.1,19.6,30.8,1276,25.6,4.2,6.0,10.6,947.9,19.6,3.9,189.6,8.6,76.7,5,53,1,rotating,southeast,False,True,0.1200000000000001,-3.5599999999999987,0.10000000000000009,-118.0,-0.0821
D049,6,2,1.1,0.55,0.55,0.74,0.18,2,3.5,14.87,186.67,0.3435,32.3,11.5,35.5,1178,28.0,4.0,5.9,9.8,543.4,12.5,4.2,181.1,8.0,70.8,3,53,1,rotating,southeast,False,True,-1.4299999999999997,-4.3100000000000005,0.20000000000000018,-772.0,-0.09959999999999997
D049,7,2,0.53,1.06,0.53,0.0,0.53,2,3.72,14.97,130.12,0.3459,47.7,13.8,29.8,1364,22.0,3.7,6.5,11.2,376.2,7.6,2.5,125.4,6.0,38.9,3,53,1,rotating,southeast,False,True,-2.22,-3.49,-1.2000000000000002,-315.0,-0.08040000000000003
D049,8,2,1.94,0.61,0.61,0.85,0.0,4,4.74,17.94,341.07,0.4144,71.7,24.8,28.9,1597,31.7,6.0,6.2,13.3,823.0,21.3,3.5,137.2,8.7,36.5,6,53,1,rotating,southeast,False,True,-0.8300000000000001,0.7800000000000011,0.3999999999999999,149.0,0.018000000000000016
D049,9,3,0.73,0.64,1.1,0.55,0.27,5,5.04,17.31,436.45,0.3998,81.9,26.2,36.8,1857,30.3,6.2,6.6,15.4,1091.8,25.3,4.2,182.0,9.7,51.7,6,53,1,rotating,southeast,False,True,-0.8700000000000001,3.3999999999999986,0.30000000000000027,581.0,0.07839999999999997
D049,10,3,0.96,0.96,0.64,1.12,0.4,7,5.93,16.94,488.5,0.3912,95.6,31.0,30.6,1876,37.7,5.4,6.0,15.5,1248.7,28.8,4.1,178.4,10.3,72.2,7,53,1,rotating,southeast,False,True,2.4299999999999997,2.070000000000002,-0.10000000000000053,698.0,0.047699999999999965
D049,11,3,0.64,1.15,0.77,1.03,0.51,5,5.77,15.53,279.79,0.3588,64.2,23.3,32.4,1270,18.7,3.5,6.2,10.5,779.8,18.5,3.1,130.0,7.5,13.3,6,53,1,rotating,southeast,False,True,2.0499999999999994,0.5599999999999987,0.6000000000000001,-94.0,0.012900000000000023
D049,12,3,0.67,1.01,0.61,0.67,0.81,9,5.12,13.44,460.59,0.3104,48.3,17.7,33.3,1244,19.1,5.1,6.2,10.3,1483.7,30.5,4.4,212.0,9.3,72.3,7,53,1,rotating,southeast,False,True,0.3799999999999999,-4.500000000000002,0.9000000000000004,-353.0,-0.10399999999999998
D049,13,3,1.61,1.5,0.97,0.64,0.21,7,6.22,15.27,328.74,0.3527,56.6,20.5,35.1,1332,18.0,4.7,6.1,11.0,932.0,22.0,3.7,155.3,8.3,22.0,6,53,1,rotating,southeast,False,True,1.1799999999999997,-2.039999999999999,-0.5,-525.0,-0.047099999999999975
D049,14,4,0.87,0.99,0.62,0.62,0.0,2,4.47,14.34,266.74,0.3313,65.8,20.9,33.8,1166,18.0,2.6,5.5,9.7,805.0,17.7,3.5,161.0,7.8,74.4,5,53,1,rotating,southeast,False,True,-1.46,-2.6000000000000014,-0.5999999999999996,-710.0,-0.05990000000000001
D049,15,4,0.96,1.07,0.72,1.31,0.24,4,5.61,16.18,313.07,0.3738,67.0,24.7,37.8,2143,50.0,7.5,6.8,17.7,837.6,20.8,3.5,139.6,9.2,45.5,6,53,1,rotating,southeast,False,True,-0.15999999999999925,0.6500000000000004,0.3999999999999999,873.0,0.015000000000000013
D049,16,4,1.33,0.6,0.36,0.6,0.36,2,4.83,14.09,269.32,0.3254,46.0,16.9,36.8,1410,21.2,4.6,5.6,11.7,827.6,18.8,3.8,165.5,9.2,39.1,5,53,1,rotating,southeast,False,True,-0.29000000000000004,0.6500000000000004,-0.6000000000000005,166.0,0.015000000000000013
D049,17,4,1.99,0.89,0.22,1.11,0.44,2,5.98,14.81,154.52,0.3421,49.1,18.7,32.6,1111,12.5,2.2,5.6,9.2,451.7,10.6,2.7,112.9,6.5,76.9,4,53,1,rotating,southeast,False,True,-0.23999999999999932,-0.4599999999999991,-1.0,-221.0,-0.010599999999999998
D049,18,5,1.38,0.69,0.69,0.46,0.11,3,4.13,16.56,333.77,0.3826,70.2,25.4,32.5,1371,26.0,5.3,7.0,11.4,872.3,22.9,3.8,145.4,8.8,60.4,6,53,1,rotating,southeast,False,True,-0.33999999999999986,2.219999999999999,0.2999999999999998,205.0,0.05130000000000001
D049,19,5,1.32,0.75,0.56,1.32,0.0,0,4.33,14.89,182.63,0.3439,80.9,26.2,39.8,1585,30.0,3.5,5.7,13.1,531.1,11.1,2.8,132.8,7.2,82.8,4,53,1,rotating,southeast,False,True,-1.2800000000000002,-1.2899999999999991,-0.7000000000000002,-558.0,-0.029900000000000038
D049,20,5,0.72,0.43,0.57,1.0,0.0,7,5.02,14.67,236.13,0.3388,49.0,17.7,36.5,1164,23.0,2.8,6.0,9.7,697.0,15.4,3.9,174.2,8.0,71.9,4,53,1,rotating,southeast,False,True,0.1899999999999995,0.5800000000000001,0.10000000000000009,-246.0,0.013399999999999967
D049,21,5,1.04,1.04,0.59,0.45,0.3,4,4.46,15.09,234.63,0.3487,59.7,18.8,31.6,1402,23.6,3.2,5.7,11.6,672.9,16.0,3.2,134.6,8.0,57.5,5,53,1,rotating,southeast,False,True,-1.5200000000000005,0.27999999999999936,0.5,291.0,0.006599999999999995
D049,22,5,1.75,1.58,0.53,0.35,0.53,2,6.49,15.11,198.89,0.3489,63.2,21.8,26.6,1291,27.5,4.2,6.1,10.7,570.0,12.4,3.1,142.5,8.0,40.6,4,53,1,rotating,southeast,False,True,2.3600000000000003,-1.4499999999999993,-0.6999999999999997,-80.0,-0.03370000000000001
D049,23,6,0.94,1.62,0.81,0.54,0.4,3,7.55,14.7,251.93,0.3395,62.2,21.1,32.6,1835,36.5,4.2,5.6,15.2,742.0,15.7,3.9,185.5,9.2,81.1,4,53,1,rotating,southeast,False,True,3.2199999999999998,-0.19000000000000128,1.1,250.0,-0.0043999999999999595
D049,24,6,1.14,0.35,0.62,1.32,0.26,10,5.02,13.81,362.39,0.319,55.1,19.6,47.9,1236,32.4,4.6,6.0,10.3,1136.2,23.9,4.8,227.2,9.6,64.6,5,53,1,rotating,southeast,False,True,0.0,-0.8599999999999994,0.8999999999999999,72.0,-0.019799999999999984
D049,25,6,1.54,1.07,0.77,0.31,0.15,0,5.53,15.59,234.51,0.3601,66.1,25.3,34.0,1150,19.7,3.5,6.1,9.5,651.3,16.7,2.8,108.6,6.3,71.1,6,53,1,rotating,southeast,False,True,1.0700000000000003,0.5,-0.40000000000000036,-252.0,0.011399999999999966
D049,26,6,0.91,1.01,1.11,1.11,0.2,5,5.96,14.72,336.52,0.3401,62.2,22.6,34.1,1574,27.7,3.8,5.9,13.0,989.4,22.6,3.8,164.9,8.7,71.2,6,53,1,rotating,southeast,False,True,-0.5300000000000002,-0.3899999999999988,0.6999999999999997,283.0,-0.008799999999999975
D050,1,1,0.94,1.71,1.54,1.37,0.43,11,8.37,13.68,369.67,0.3159,65.1,13.9,35.5,700,7.2,3.4,6.2,5.9,1170.2,19.2,3.8,234.0,9.0,0.0,5,35,1,day,midwest,False,True,,,,,
D050,2,1,2.31,1.5,1.73,2.08,0.69,6,11.2,16.16,323.26,0.3733,61.5,15.7,36.5,778,11.5,3.2,6.2,6.5,865.9,14.9,3.7,216.5,7.8,0.0,4,35,1,day,midwest,False,True,,,,,
D050,3,1,0.77,1.31,0.88,1.75,0.66,8,6.9,15.26,322.08,0.3526,67.6,18.8,38.5,828,11.0,3.5,6.3,6.9,913.5,16.5,4.1,228.4,8.2,0.0,4,35,1,day,midwest,False,True,,,,,
D050,4,1,1.98,0.88,1.03,1.54,0.44,15,8.67,13.51,424.81,0.3121,59.7,14.9,24.0,988,16.8,4.4,6.3,8.2,1361.3,22.8,4.6,272.3,9.4,0.0,5,35,1,day,midwest,False,True,,,,,
D050,5,1,1.79,1.41,1.41,1.7,0.28,12,9.81,14.96,366.48,0.3456,50.0,14.6,39.0,973,22.0,3.0,5.2,8.1,1060.3,20.3,5.1,265.1,9.5,0.0,4,35,1,day,midwest,False,True,1.4400000000000013,1.2800000000000011,1.2999999999999998,273.0,0.029700000000000004
D050,6,2,1.73,1.19,0.89,1.91,1.07,21,10.01,14.66,567.96,0.3385,70.9,17.1,31.3,617,4.3,2.8,5.4,5.2,1677.7,27.5,4.6,279.6,8.8,1.9,6,35,1,day,midwest,False,True,-1.1899999999999995,-1.5,0.8999999999999995,-161.0,-0.0348
D050,7,2,2.6,2.1,1.1,2.0,0.7,13,11.09,18.01,416.68,0.4161,89.0,21.4,42.1,1161,21.2,3.4,5.7,9.7,1001.3,20.4,4.1,200.3,10.0,0.0,5,35,1,day,midwest,False,True,4.1899999999999995,2.7500000000000018,0.0,333.0,0.0635
D050,8,2,1.21,1.04,0.52,1.39,1.21,7,7.28,14.33,190.88,0.3309,51.2,12.5,29.6,642,10.0,2.0,6.6,5.4,576.8,8.9,3.0,192.3,7.0,0.0,3,35,1,day,midwest,False,True,-1.3899999999999997,0.8200000000000003,-1.5999999999999996,-346.0,0.01880000000000004
D050,9,2,2.32,1.74,0.81,1.74,0.81,6,10.54,14.98,298.73,0.346,61.3,16.1,37.8,1319,16.0,8.7,7.4,10.9,863.5,15.1,5.0,287.8,10.3,0.0,3,35,1,day,midwest,False,True,0.7299999999999986,0.019999999999999574,-0.09999999999999964,346.0,0.00039999999999995595
D050,10,3,1.06,1.41,1.06,1.69,0.42,17,9.04,13.91,455.23,0.3214,60.5,17.1,34.1,702,12.0,3.1,6.1,5.8,1416.4,23.9,3.4,202.3,8.3,0.0,7,35,1,day,midwest,False,True,-0.9700000000000006,-0.75,-1.1999999999999997,85.0,-0.017100000000000004
D050,11,3,2.26,1.48,1.1,1.29,0.52,20,9.67,13.71,491.31,0.3168,75.0,19.2,37.9,994,15.0,5.0,6.7,8.3,1551.1,26.7,4.5,258.5,9.8,0.0,6,35,1,day,midwest,False,True,-1.42,-4.300000000000001,0.40000000000000036,-167.0,-0.0993
D050,12,3,0.6,1.94,0.6,2.84,1.05,5,11.82,17.82,275.07,0.4115,145.6,33.4,34.3,1224,15.0,3.8,5.6,10.1,668.4,11.5,2.9,167.1,8.2,0.0,4,35,1,day,midwest,False,True,4.54,3.49,-0.10000000000000009,582.0,0.08059999999999995
D050,13,3,1.41,1.08,1.63,2.38,1.19,6,10.19,14.06,299.58,0.3247,80.1,19.0,38.8,657,11.5,2.8,6.1,5.5,922.6,14.2,3.6,230.6,8.8,0.0,4,35,1,day,midwest,False,True,-0.34999999999999964,-0.9199999999999999,-1.4,-662.0,-0.021299999999999986
D050,14,4,1.22,2.32,1.16,2.83,0.52,17,11.08,14.78,530.33,0.3415,75.2,19.7,34.6,672,8.6,3.4,5.9,5.6,1552.8,27.6,3.9,221.8,8.6,0.0,7,35,1,day,midwest,False,True,2.040000000000001,0.8699999999999992,0.5,-30.0,0.020100000000000007
D050,15,4,2.18,1.42,1.42,2.37,0.47,13,10.35,14.5,352.78,0.335,62.7,16.5,38.7,1417,33.5,3.8,5.3,11.8,1053.0,18.5,4.6,263.2,10.2,0.0,4,35,1,day,midwest,False,True,0.6799999999999997,0.7899999999999991,0.09999999999999964,423.0,0.018199999999999994
D050,16,4,2.19,1.13,1.58,1.96,0.6,14,10.33,14.88,455.86,0.3437,82.9,22.3,37.0,565,11.7,3.5,6.4,4.7,1326.4,22.2,3.7,221.1,7.7,0.0,6,35,1,day,midwest,False,True,-1.4900000000000002,-2.9399999999999995,0.8000000000000003,-659.0,-0.06779999999999997
D050,17,4,2.69,1.74,1.98,2.14,0.55,11,12.5,13.5,394.2,0.3119,65.5,18.5,34.7,914,14.4,3.6,6.3,7.6,1263.8,20.4,4.1,252.8,9.2,0.0,5,35,1,day,midwest,False,True,2.3100000000000005,-0.5600000000000005,0.49999999999999956,257.0,-0.012799999999999978
D050,18,5,1.86,1.73,1.73,2.25,0.71,20,11.81,15.1,543.5,0.3488,76.9,20.7,28.0,745,9.7,3.8,6.1,6.2,1558.1,26.6,4.4,259.7,8.8,0.0,6,35,1,day,midwest,False,True,0.7300000000000004,0.3200000000000003,0.5000000000000004,73.0,0.007299999999999973
D050,19,5,1.92,1.5,1.67,1.58,0.5,9,10.09,14.23,394.34,0.3287,71.4,20.3,32.1,872,15.0,5.0,6.1,7.3,1199.7,20.6,5.1,299.9,11.0,0.0,4,35,1,day,midwest,False,True,-0.2599999999999998,-0.2699999999999996,0.5,-545.0,-0.006300000000000028
D050,20,5,2.8,1.27,1.53,1.72,0.64,18,11.22,13.41,485.89,0.3097,56.4,16.9,39.1,963,16.9,2.1,5.4,8.0,1568.9,27.4,3.9,224.1,8.4,0.0,7,35,1,day,midwest,False,True,0.8900000000000006,-1.4700000000000006,0.19999999999999973,398.0,-0.03400000000000003
D050,21,5,2.97,1.94,2.05,1.71,0.11,9,12.78,12.91,261.42,0.2983,64.2,17.3,37.8,571,5.5,2.0,4.8,4.8,876.3,15.1,3.8,219.1,9.0,0.0,4,35,1,day,midwest,False,True,0.27999999999999936,-0.5899999999999999,-0.2999999999999998,-343.0,-0.013600000000000001
D050,22,5,2.14,2.97,1.48,1.48,0.33,9,11.21,15.98,223.98,0.3692,92.0,25.6,39.2,912,19.5,3.2,6.3,7.6,606.7,11.6,2.9,151.7,7.5,0.0,4,35,1,day,midwest,False,True,-0.5999999999999996,0.8800000000000008,-1.5000000000000004,167.0,0.020399999999999974
D050,23,6,2.1,2.84,1.73,1.97,0.25,11,12.46,13.52,253.08,0.3123,55.5,16.3,42.9,1018,14.0,2.3,4.8,8.5,810.4,13.6,4.5,270.1,9.7,0.0,3,35,1,day,midwest,False,True,2.370000000000001,-0.7100000000000009,-0.5999999999999996,146.0,-0.01639999999999997
D050,24,6,2.16,1.95,1.23,1.95,0.87,26,12.13,14.81,665.35,0.3421,62.2,17.5,24.3,1088,14.3,4.0,6.0,9.0,1944.8,34.4,4.9,277.8,9.7,0.0,7,35,1,day,midwest,False,True,0.9100000000000001,1.4000000000000004,1.0000000000000004,125.0,0.03240000000000004
D050,25,6,1.76,2.07,1.14,2.79,1.14,12,13.32,15.57,348.21,0.3596,74.4,19.7,36.1,1383,22.5,5.8,7.1,11.5,968.2,16.6,4.2,242.0,8.5,0.0,4,35,1,day,midwest,False,True,0.5400000000000009,2.66,0.40000000000000036,812.0,0.061299999999999966
D050,26,6,2.03,1.77,2.53,3.04,0.59,15,14.35,14.38,393.49,0.3322,77.0,19.1,36.8,899,17.2,3.6,5.9,7.5,1184.4,20.4,4.1,236.9,8.6,0.0,5,35,1,day,midwest,False,True,3.139999999999999,-1.5999999999999996,1.1999999999999997,-13.0,-0.03699999999999998
D051,1,1,0.55,0.65,0.22,0.44,0.11,2,2.62,12.18,257.73,0.2813,41.7,17.0,34.6,1795,27.3,4.2,6.1,14.8,916.2,22.3,3.7,152.7,8.7,50.0,6,41,0,rotating,southeast,False,False,,,,,
D051,2,1,1.03,0.15,0.44,0.73,0.15,2,3.52,12.47,196.51,0.288,35.3,16.3,36.3,1452,24.3,4.7,6.2,12.0,682.4,19.2,3.2,113.7,7.3,100.0,6,41,0,rotating,southeast,False,False,,,,,
D051,3,1,0.49,0.0,0.16,0.16,0.0,0,1.32,10.84,152.32,0.2505,28.4,13.3,36.7,1713,27.0,3.8,6.1,14.1,608.1,15.3,3.8,152.0,9.0,16.7,4,41,0,rotating,southeast,False,False,,,,,
D051,4,1,0.25,0.49,0.49,0.0,0.25,3,2.21,14.83,139.22,0.3425,45.9,18.4,27.6,1456,22.0,4.2,6.4,12.0,406.5,10.0,2.5,101.6,6.8,18.5,4,41,0,rotating,southeast,False,False,,,,,
D051,5,1,1.18,0.44,0.0,0.15,0.0,0,2.06,12.95,203.37,0.2991,40.7,19.0,39.2,1889,34.0,4.0,6.2,15.6,679.9,18.2,4.5,170.0,9.5,18.4,4,41,0,rotating,southeast,False,False,-0.56,0.7699999999999996,0.7999999999999998,94.0,0.017799999999999983
D051,6,2,0.0,0.14,0.0,0.57,0.0,1,1.58,10.88,175.49,0.2513,35.4,15.4,29.3,1405,22.5,3.0,5.0,11.6,698.4,15.2,3.8,174.6,9.2,54.1,4,41,0,rotating,southeast,False,False,-1.94,-1.5899999999999999,0.5999999999999996,-47.0,-0.036699999999999955
D051,7,2,0.0,0.14,0.0,0.14,0.14,1,0.81,13.5,229.54,0.3118,46.0,18.0,38.2,1580,31.5,6.0,6.2,13.1,736.3,16.8,4.2,184.1,9.2,48.6,4,41,0,rotating,southeast,False,False,-0.51,2.66,0.40000000000000036,-133.0,0.06130000000000002
D051,8,2,0.25,0.0,0.51,0.0,0.0,0,3.05,14.38,130.58,0.3323,46.4,20.6,41.2,1994,38.0,5.0,6.0,16.5,393.0,10.7,3.6,131.0,9.3,75.0,3,41,0,rotating,southeast,False,False,0.8399999999999999,-0.4499999999999993,1.1,538.0,-0.010200000000000042
D051,9,2,0.59,0.39,0.2,0.49,0.1,4,2.86,12.97,303.56,0.2997,44.6,17.0,43.7,1550,27.7,5.0,6.3,12.9,1012.9,22.3,3.7,168.8,9.7,65.5,6,41,0,rotating,southeast,False,False,0.7999999999999998,0.02000000000000135,-0.7999999999999998,-339.0,0.0006000000000000449
D051,10,3,1.09,0.24,0.36,0.36,0.0,1,2.41,12.06,230.98,0.2786,40.0,19.1,37.8,1681,38.0,4.7,6.0,13.9,829.2,20.9,3.5,138.2,8.3,24.0,6,41,0,rotating,southeast,False,False,0.8300000000000001,1.1799999999999997,-0.2999999999999998,276.0,0.02729999999999999
D051,11,3,1.29,0.32,0.16,0.16,0.16,5,3.38,12.04,173.04,0.2782,35.9,18.7,34.1,1280,23.2,4.4,6.1,10.6,622.0,16.6,3.3,124.4,8.2,24.4,5,41,0,rotating,southeast,False,False,2.57,-1.4600000000000009,-0.9000000000000004,-300.0,-0.03360000000000002
D051,12,3,0.38,0.38,0.38,0.38,0.19,1,2.66,11.8,143.57,0.2726,34.4,17.7,33.9,1269,20.5,4.2,6.4,10.6,526.7,13.8,3.5,131.7,8.8,100.0,4,41,0,rotating,southeast,False,False,-0.3899999999999997,-2.58,-0.10000000000000009,-725.0,-0.059699999999999975
D051,13,3,0.33,0.33,0.16,0.16,0.16,2,1.64,13.58,191.68,0.3137,43.7,20.2,37.8,1512,22.8,4.2,6.1,12.6,611.1,16.0,3.2,122.2,8.2,31.7,5,41,0,rotating,southeast,False,False,-1.22,0.6099999999999994,-0.5,-38.0,0.013999999999999957
D051,14,4,0.26,0.18,0.35,0.09,0.09,1,1.84,11.84,311.57,0.2735,35.8,16.0,39.3,1437,21.7,5.2,5.9,11.9,1139.4,25.1,4.2,189.9,9.3,41.1,6,41,0,rotating,southeast,False,False,-0.5700000000000001,-0.22000000000000064,0.7000000000000002,-244.0,-0.005099999999999993
D051,15,4,1.06,0.32,0.53,0.42,0.11,2,3.29,12.01,261.47,0.2774,37.6,17.3,35.4,1955,39.0,5.0,6.2,16.2,942.7,21.9,3.6,157.1,9.2,87.3,6,41,0,rotating,southeast,False,False,-0.08999999999999986,-0.02999999999999936,0.30000000000000027,675.0,-0.0008000000000000229
D051,16,4,0.0,0.45,0.0,0.3,0.15,2,2.11,11.32,173.8,0.2614,29.8,13.2,34.7,1256,25.0,4.8,6.9,10.4,664.8,13.8,3.5,166.2,7.2,82.8,4,41,0,rotating,southeast,False,False,-0.5500000000000003,-0.4800000000000004,0.0,-13.0,-0.011199999999999988
D051,17,4,1.35,0.34,0.0,0.0,0.0,0,2.02,12.17,83.39,0.2811,37.5,17.5,37.8,1274,24.7,2.3,5.6,10.6,296.7,7.0,2.3,98.9,7.0,66.7,3,41,0,rotating,southeast,False,False,0.3800000000000001,-1.4100000000000001,-0.9000000000000004,-238.0,-0.03259999999999996
D051,18,5,0.7,0.35,0.12,0.35,0.12,1,2.09,12.11,240.52,0.2798,45.4,19.6,38.8,1799,33.6,5.8,5.8,14.9,859.5,18.9,3.8,171.9,9.4,55.3,5,41,0,rotating,southeast,False,False,0.24999999999999978,0.2699999999999996,-0.40000000000000036,362.0,0.006299999999999972
D051,19,5,0.13,0.64,0.13,0.38,0.0,1,2.42,11.06,200.53,0.2554,36.0,18.0,37.2,1355,26.8,2.8,5.4,11.2,785.1,18.8,3.8,157.0,9.4,0.0,5,41,0,rotating,southeast,False,False,-0.8700000000000001,-0.9499999999999993,0.19999999999999973,-600.0,-0.021999999999999964
D051,20,5,1.09,1.45,0.36,0.36,0.0,1,3.99,14.11,89.88,0.326,72.7,31.7,48.2,1552,30.0,6.0,6.7,12.8,275.7,7.1,3.5,137.8,9.0,0.0,2,41,0,rotating,southeast,False,False,1.8800000000000003,2.789999999999999,0.0,296.0,0.06459999999999999
D051,21,5,0.25,0.25,0.5,0.0,0.0,0,1.76,13.66,125.69,0.3155,51.6,24.7,36.5,2137,24.0,6.0,6.6,17.6,398.4,11.0,3.7,132.8,8.7,23.1,3,41,0,rotating,southeast,False,False,-0.26,1.4900000000000002,1.4000000000000004,863.0,0.034399999999999986
D051,22,5,0.4,0.3,0.1,0.2,0.2,1,1.5,11.35,261.84,0.2623,34.8,15.4,30.9,1364,23.7,3.5,5.2,11.3,998.3,22.8,3.8,166.4,8.2,51.0,6,41,0,rotating,southeast,False,False,-0.5899999999999999,-0.7599999999999998,0.0,-435.0,-0.017500000000000016
D051,23,6,0.64,0.42,0.21,0.21,0.32,0,2.33,11.7,255.16,0.2703,31.0,15.6,33.5,1443,29.0,5.3,6.5,11.9,944.1,23.3,3.9,157.4,9.3,46.4,6,41,0,rotating,southeast,False,False,-0.08999999999999986,0.6399999999999988,0.10000000000000009,88.0,0.014899999999999969
D051,24,6,0.53,0.21,0.21,0.32,0.0,1,2.0,11.11,243.7,0.2567,28.8,14.2,37.1,1060,14.3,3.0,6.0,8.8,949.5,21.8,3.1,135.6,7.3,47.1,7,41,0,rotating,southeast,False,False,-1.9900000000000002,-3.0,-0.3999999999999999,-492.0,-0.06930000000000003
D051,25,6,0.55,0.0,0.46,0.37,0.0,4,2.11,11.39,286.67,0.2631,31.9,14.6,39.2,1258,21.3,4.2,6.3,10.4,1089.6,24.8,4.1,181.6,8.5,60.8,6,41,0,rotating,southeast,False,False,0.34999999999999987,-2.2699999999999996,0.39999999999999947,-879.0,-0.0524
D051,26,6,0.63,0.21,0.21,0.42,0.0,0,2.09,10.54,116.63,0.2434,27.4,14.2,34.1,1600,23.0,6.5,6.5,13.3,479.1,11.3,2.8,119.8,7.0,39.3,4,41,0,rotating,southeast,False,False,0.5899999999999999,-0.8100000000000005,-1.0,236.0,-0.018899999999999972
D052,1,1,0.32,0.49,0.08,0.0,0.0,2,1.38,10.97,312.4,0.2534,34.9,11.8,35.3,722,13.3,2.3,5.4,6.0,1232.9,21.2,3.5,205.5,7.7,45.7,6,29,0,rotating,midwest,True,True,,,,,
D052,2,1,0.38,0.38,0.0,0.09,0.19,3,1.33,11.17,271.7,0.258,24.8,8.9,35.8,1231,30.5,4.8,6.3,10.2,1053.1,17.9,4.5,263.3,10.0,52.5,4,29,0,rotating,midwest,True,True,,,,,
D052,3,1,0.6,0.2,0.3,0.2,0.1,2,2.01,11.44,263.36,0.2642,31.8,11.5,34.7,781,10.0,3.5,6.0,6.5,996.8,17.8,3.0,166.1,7.2,48.8,6,29,0,rotating,midwest,True,True,,,,,
D052,4,1,0.43,0.87,0.0,0.0,0.0,0,1.3,12.57,67.06,0.2904,52.3,17.7,52.0,810,18.0,4.0,7.1,6.8,230.9,4.1,4.1,230.9,10.0,0.0,1,29,0,rotating,midwest,True,True,,,,,
D052,5,2,0.61,0.24,0.12,0.61,0.0,3,2.01,10.38,393.05,0.2398,16.5,6.0,28.3,690,9.7,2.9,6.1,5.8,1639.3,27.1,3.9,234.2,8.1,29.8,7,29,0,rotating,midwest,True,True,0.6299999999999999,-0.5899999999999999,0.3999999999999999,-32.0,-0.013600000000000001
D052,6,2,0.2,0.2,0.2,0.0,0.0,1,1.21,12.62,144.19,0.2915,27.4,12.4,32.3,2048,44.0,7.0,6.5,16.9,494.7,11.7,3.9,164.9,9.3,100.0,3,29,0,rotating,midwest,True,True,-0.1200000000000001,1.4499999999999993,-0.6000000000000001,817.0,0.033499999999999974
D052,7,2,0.2,0.2,0.0,0.49,0.0,1,1.38,11.21,263.32,0.259,38.5,12.8,38.5,1017,9.0,5.2,6.3,8.5,1016.5,17.7,4.4,254.1,10.0,45.0,4,29,0,rotating,midwest,True,True,-0.6299999999999999,-0.22999999999999865,1.4000000000000004,236.0,-0.005199999999999982
D052,8,2,0.72,0.0,0.08,0.16,0.24,4,1.68,11.51,332.8,0.266,32.3,11.2,37.6,840,17.6,2.6,5.1,7.0,1251.2,20.8,4.2,250.2,8.4,23.8,5,29,0,rotating,midwest,True,True,0.3799999999999999,-1.0600000000000005,0.10000000000000053,30.0,-0.024399999999999977
D052,9,2,0.11,0.11,0.11,0.57,0.0,0,1.48,11.32,230.03,0.2614,23.3,9.3,44.6,592,5.0,2.5,5.8,5.0,880.0,16.5,4.1,220.0,8.0,59.4,4,29,0,rotating,midwest,True,True,-0.5299999999999998,0.9399999999999995,0.19999999999999973,-98.0,0.021600000000000008
D052,10,3,0.18,0.27,0.0,0.27,0.18,0,1.06,10.52,274.29,0.2431,26.6,10.7,44.9,930,17.3,3.5,6.3,7.7,1128.5,20.0,3.3,188.1,7.2,32.6,6,29,0,rotating,midwest,True,True,-0.1499999999999999,-2.0999999999999996,-0.6000000000000001,-1118.0,-0.04839999999999997
D052,11,3,0.23,0.0,0.15,0.15,0.15,1,0.99,9.76,295.22,0.2254,22.0,8.6,33.8,809,15.0,4.5,6.2,6.8,1309.9,22.3,3.7,218.3,7.5,28.9,6,29,0,rotating,midwest,True,True,-0.3899999999999999,-1.450000000000001,-0.7000000000000002,-208.0,-0.03360000000000002
D052,12,3,0.24,0.59,0.0,0.59,0.12,2,2.0,10.04,197.18,0.2319,22.0,8.4,32.8,784,18.7,1.7,4.3,6.5,850.4,14.0,4.7,283.5,9.0,70.4,3,29,0,rotating,midwest,True,True,0.32000000000000006,-1.4700000000000006,0.5,-56.0,-0.03410000000000002
D052,13,3,0.22,0.22,0.22,0.0,0.0,0,1.78,10.53,109.36,0.2432,32.8,12.2,41.7,597,8.0,1.0,4.7,5.0,449.7,7.4,3.7,224.8,7.5,100.0,2,29,0,rotating,midwest,True,True,0.30000000000000004,-0.7900000000000009,-0.39999999999999947,5.0,-0.01820000000000002
D052,14,4,0.29,0.29,0.29,0.0,0.0,0,1.9,11.42,180.5,0.2637,39.7,15.3,29.2,1002,19.0,4.0,6.0,8.4,684.4,12.9,3.2,171.1,8.0,65.6,4,29,0,rotating,midwest,True,True,0.8399999999999999,0.9000000000000004,-0.09999999999999964,72.0,0.02059999999999998
D052,15,4,0.48,0.18,0.12,0.12,0.12,3,1.81,9.59,366.69,0.2216,20.0,7.7,44.8,660,6.4,3.6,6.4,5.5,1654.8,26.5,5.3,331.0,9.0,62.2,5,29,0,rotating,midwest,True,True,0.8200000000000001,-0.16999999999999993,1.5999999999999996,-149.0,-0.003799999999999998
D052,16,4,0.61,0.31,0.15,0.31,0.0,4,1.84,8.97,270.55,0.2072,23.0,8.9,38.1,733,14.3,2.8,5.6,6.1,1305.5,20.1,3.3,217.6,7.5,11.1,6,29,0,rotating,midwest,True,True,-0.15999999999999992,-1.0699999999999985,-1.4000000000000004,-51.0,-0.0247
D052,17,4,0.46,0.31,0.23,0.23,0.15,4,1.91,10.12,305.89,0.2337,32.5,12.1,30.3,638,6.7,2.8,6.0,5.3,1308.9,21.8,3.6,218.2,8.0,77.1,6,29,0,rotating,midwest,True,True,0.1299999999999999,-0.41000000000000014,-0.10000000000000009,41.0,-0.009500000000000008
D052,18,5,0.22,0.22,0.0,0.43,0.0,0,1.73,9.87,210.97,0.2281,36.3,13.0,35.6,528,2.4,2.8,6.1,4.4,925.0,14.8,3.0,185.0,7.2,44.4,5,29,0,rotating,midwest,True,True,-0.16999999999999993,-1.5500000000000007,-0.20000000000000018,-474.0,-0.03559999999999999
D052,19,5,0.62,0.31,0.21,0.62,0.21,1,2.8,9.45,210.49,0.2182,23.9,9.0,35.9,795,16.8,2.6,5.8,6.6,964.6,17.1,3.4,192.9,7.6,78.9,5,29,0,rotating,midwest,True,True,0.9899999999999998,-0.14000000000000057,-1.9,135.0,-0.0033999999999999864
D052,20,5,0.37,0.37,0.28,0.18,0.09,3,1.94,9.33,233.68,0.2155,30.5,12.7,43.0,862,19.2,3.8,6.5,7.2,1084.4,18.0,3.6,216.9,7.4,70.3,5,29,0,rotating,midwest,True,True,0.09999999999999987,0.35999999999999943,0.30000000000000027,129.0,0.008300000000000002
D052,21,5,0.1,0.59,0.29,0.78,0.39,3,3.13,10.02,236.41,0.2315,21.9,8.2,28.2,347,4.0,2.2,5.6,2.9,1021.0,16.2,3.2,204.2,6.8,52.9,5,29,0,rotating,midwest,True,True,1.22,-0.09999999999999964,-0.3999999999999999,-291.0,-0.0021999999999999797
D052,22,5,0.74,0.2,0.0,0.54,0.2,4,2.63,9.87,338.6,0.2281,19.0,7.6,30.4,893,15.3,2.5,5.5,7.5,1484.7,25.5,4.3,247.4,9.0,79.6,6,29,0,rotating,midwest,True,True,0.8999999999999999,0.0,1.2999999999999998,365.0,0.0
D052,23,6,0.66,0.33,0.33,0.42,0.08,3,3.07,10.45,290.62,0.2414,22.1,9.2,35.1,705,14.3,2.7,6.1,5.9,1203.7,21.8,3.6,200.6,7.8,78.7,6,29,0,rotating,midwest,True,True,0.27,1.0,0.20000000000000018,-90.0,0.0232
D052,24,6,1.45,0.0,0.14,0.29,0.14,0,3.19,10.48,167.04,0.242,23.5,10.0,44.2,681,14.0,2.7,6.1,5.7,690.3,12.8,4.3,230.1,8.7,73.1,3,29,0,rotating,midwest,True,True,1.25,1.1500000000000004,0.6999999999999997,-181.0,0.026499999999999996
D053,1,1,1.31,1.39,1.23,0.54,0.31,7,5.85,16.03,481.15,0.3703,70.4,22.7,34.6,1307,19.1,4.9,5.9,10.9,1299.5,28.9,4.1,185.6,9.9,0.0,7,57,0,day,southeast,False,False,,,,,
D053,2,1,0.78,1.1,0.31,0.78,0.16,1,4.08,17.66,260.15,0.408,77.6,24.1,34.4,1493,26.0,5.0,6.6,12.4,637.7,14.5,3.6,159.4,8.2,0.0,4,57,0,day,southeast,False,False,,,,,
D053,3,1,1.2,1.4,1.0,1.0,0.2,2,6.2,15.7,181.5,0.3627,56.1,18.9,35.6,848,8.7,3.3,6.0,7.1,500.4,11.0,3.7,166.8,7.3,0.0,3,57,0,day,southeast,False,False,,,,,
D053,4,1,1.54,1.26,1.12,0.98,0.14,7,6.28,15.66,259.18,0.3617,51.9,17.7,23.6,984,17.7,1.8,5.6,8.2,716.5,16.0,2.7,119.4,6.3,0.0,6,57,0,day,southeast,False,False,,,,,
D053,5,2,1.68,1.38,0.76,1.38,0.61,5,7.95,19.24,290.76,0.4444,78.0,26.7,34.8,1652,38.3,5.0,6.2,13.6,654.3,18.5,3.1,109.1,7.3,0.0,6,57,0,day,southeast,False,False,2.1000000000000005,3.2099999999999973,-0.9999999999999996,345.0,0.0741
D053,6,2,1.57,0.87,2.27,0.7,0.0,3,6.3,17.44,230.38,0.403,102.0,29.7,35.8,2180,42.5,5.5,5.9,18.0,571.7,14.4,3.6,142.9,9.2,0.0,4,57,0,day,southeast,False,False,2.2199999999999998,-0.21999999999999886,0.0,687.0,-0.004999999999999949
D053,7,2,1.75,0.97,1.75,0.58,0.19,1,6.23,15.68,185.96,0.3623,47.9,17.1,37.4,1686,31.5,6.0,6.7,13.9,513.3,12.0,3.0,128.3,7.0,0.0,4,57,0,day,southeast,False,False,0.03000000000000025,-0.019999999999999574,-0.7000000000000002,838.0,-0.00040000000000001146
D053,8,2,2.2,0.93,0.51,1.1,0.34,3,6.26,15.24,416.1,0.3521,48.6,15.5,40.2,1296,22.0,5.3,6.6,10.8,1181.7,25.8,4.3,196.9,10.2,0.0,6,57,0,day,southeast,False,False,-0.020000000000000462,-0.41999999999999993,1.5999999999999996,312.0,-0.009599999999999997
D053,9,2,1.01,1.59,0.87,0.72,0.29,3,5.93,15.41,245.95,0.356,50.6,18.3,31.4,1459,29.6,2.4,5.8,12.1,690.9,16.9,3.4,138.2,7.4,0.0,5,57,0,day,southeast,False,False,-2.0200000000000005,-3.8299999999999983,0.2999999999999998,-193.0,-0.08840000000000003
D053,10,3,1.88,0.52,1.04,0.84,0.21,3,6.06,14.66,324.37,0.3387,76.1,28.1,37.7,1638,27.0,4.3,5.7,13.6,957.8,22.4,3.7,159.6,9.3,0.0,6,57,0,day,southeast,False,False,-0.2400000000000002,-2.780000000000001,0.10000000000000009,-542.0,-0.06430000000000002
D053,11,3,1.72,1.5,1.72,1.5,0.43,5,8.81,16.57,178.19,0.3827,77.1,26.6,35.6,1664,27.3,5.0,6.1,13.8,465.6,11.1,3.7,155.2,8.7,0.0,3,57,0,day,southeast,False,False,2.58,0.8900000000000006,0.7000000000000002,-22.0,0.020399999999999974
D053,12,3,1.62,1.39,1.5,0.92,0.69,7,7.39,14.58,291.71,0.3368,51.6,18.3,37.4,1438,31.6,4.0,6.1,11.9,866.1,19.0,3.8,173.2,9.0,0.0,5,57,0,day,southeast,False,False,1.13,-0.6600000000000001,-0.5,142.0,-0.015300000000000036
D053,13,3,3.13,1.66,1.1,1.1,0.18,4,9.39,17.95,225.29,0.4146,92.1,30.8,39.1,1353,21.0,4.5,5.8,11.2,543.4,13.6,3.4,135.9,7.8,0.0,4,57,0,day,southeast,False,False,3.460000000000001,2.539999999999999,0.0,-106.0,0.05860000000000004
D053,14,4,2.15,1.29,1.29,0.43,0.64,1,8.16,17.0,182.86,0.3927,94.2,30.3,39.3,1902,32.0,7.7,6.6,15.7,465.6,12.3,4.1,155.2,10.0,0.0,3,57,0,day,southeast,False,False,2.1000000000000005,2.34,0.39999999999999947,264.0,0.05399999999999999
D053,15,4,2.27,1.91,1.2,1.67,0.48,7,10.28,13.18,254.61,0.3045,56.8,21.4,33.7,1172,24.3,5.5,6.8,9.8,836.2,19.6,3.3,139.4,8.3,0.0,6,57,0,day,southeast,False,False,1.4699999999999989,-3.3900000000000006,-0.40000000000000036,-492.0,-0.07819999999999999
D053,16,4,3.22,1.61,1.61,0.0,0.0,0,9.66,13.91,19.96,0.3214,20.2,11.3,30.8,518,2.0,2.0,5.1,4.3,62.1,2.0,2.0,62.1,5.0,0.0,1,57,0,day,southeast,False,False,2.2700000000000005,-0.6699999999999999,-1.7999999999999998,-920.0,-0.01539999999999997
D054,1,1,3.52,3.52,2.88,1.92,0.64,4,13.44,20.36,146.89,0.4702,37.4,12.5,28.1,2234,73.0,6.5,6.2,18.4,312.4,8.9,4.4,156.2,8.5,0.0,2,35,0,day,northeast,False,True,,,,,
D054,2,1,2.65,2.21,2.43,1.77,0.66,6,11.27,20.69,216.26,0.4779,76.4,17.9,29.6,2455,48.5,4.5,6.0,20.2,452.5,11.9,3.0,113.1,8.8,0.0,4,35,0,day,northeast,False,True,,,,,
D054,3,1,2.78,3.65,1.91,2.43,1.04,9,12.33,17.89,238.05,0.4133,41.9,13.1,32.1,2014,42.5,5.0,5.8,16.7,576.0,14.2,3.5,144.0,9.0,0.0,4,35,0,day,northeast,False,True,,,,,
D054,4,1,2.27,3.87,1.2,1.73,0.67,9,10.81,20.83,360.5,0.4811,53.3,16.2,37.6,2682,45.0,4.3,5.5,22.1,749.3,20.7,3.5,124.9,9.0,0.0,6,35,0,day,northeast,False,True,,,,,
D054,5,2,4.38,3.59,1.99,2.59,0.5,12,14.64,20.37,472.42,0.4706,47.3,14.8,30.5,2139,53.1,5.6,6.6,17.6,1003.9,26.7,3.8,143.4,8.9,0.0,7,35,0,day,northeast,False,True,1.200000000000001,0.010000000000001563,-0.6000000000000005,-95.0,0.00040000000000001146
D054,6,2,2.65,2.27,2.27,3.78,0.38,3,12.49,22.0,134.33,0.5082,59.2,19.6,37.0,2022,60.7,4.0,6.4,16.6,264.3,8.1,2.7,88.1,7.0,0.0,3,35,0,day,northeast,False,True,1.2200000000000006,1.3099999999999987,-0.2999999999999998,-433.0,0.030299999999999994
D054,7,2,3.38,3.38,2.21,2.45,0.23,11,13.51,19.61,388.98,0.4531,50.0,16.9,41.7,3413,70.7,3.8,5.5,28.1,858.5,24.5,4.1,143.1,10.3,0.0,6,35,0,day,northeast,False,True,1.1799999999999997,1.7199999999999989,0.5999999999999996,1399.0,0.0398
D054,8,2,3.28,3.83,2.73,2.19,0.73,5,13.49,21.0,266.14,0.4851,60.9,18.4,32.9,1994,48.7,5.2,7.3,16.4,548.6,15.6,2.6,91.4,6.7,0.0,6,35,0,day,northeast,False,True,2.6799999999999997,0.1700000000000017,-0.8999999999999999,-688.0,0.003999999999999948
D054,9,3,3.59,2.93,2.65,2.55,0.47,12,13.43,16.93,413.54,0.391,57.6,16.6,36.1,2167,43.7,4.5,5.4,17.9,1057.6,22.3,3.7,176.3,9.2,0.0,6,35,0,day,northeast,False,True,-1.2100000000000009,-3.4400000000000013,-0.09999999999999964,28.0,-0.0796
D054,10,3,3.77,2.95,2.13,2.46,0.82,9,13.12,20.38,287.18,0.4709,84.6,27.3,28.8,2031,42.3,5.0,6.3,16.8,609.9,17.0,2.8,101.6,7.3,0.0,6,35,0,day,northeast,False,True,0.629999999999999,-1.620000000000001,0.09999999999999964,9.0,-0.0373
D054,11,3,3.32,2.53,2.21,2.69,0.95,9,12.66,17.59,256.78,0.4062,40.4,15.0,37.3,1655,44.3,3.7,6.2,13.7,632.1,18.1,3.0,105.4,7.5,0.0,6,35,0,day,northeast,False,True,-0.8499999999999996,-2.0199999999999996,-1.0999999999999996,-1758.0,-0.0469
D054,12,3,3.76,4.17,2.92,1.46,0.83,3,13.57,17.83,197.27,0.4118,46.9,18.2,29.1,2440,51.0,4.8,6.5,20.1,479.1,14.0,3.5,119.8,7.8,0.0,4,35,0,day,northeast,False,True,0.08000000000000007,-3.1700000000000017,0.8999999999999999,446.0,-0.07329999999999998
D054,13,3,2.69,4.48,1.92,2.05,0.9,14,13.05,19.1,344.74,0.4412,54.8,18.7,29.1,2392,55.3,7.0,6.6,19.7,781.4,22.2,3.7,130.2,9.2,0.0,6,35,0,day,northeast,False,True,-0.379999999999999,2.1700000000000017,0.0,225.0,0.05019999999999997
D054,14,4,3.94,3.94,2.15,1.43,0.72,5,12.88,16.74,108.08,0.3867,57.0,21.6,37.3,1695,36.0,3.3,6.6,14.0,279.5,7.4,2.5,93.2,7.0,0.0,3,35,0,day,northeast,False,True,-0.23999999999999844,-3.6400000000000006,-0.2999999999999998,-336.0,-0.0842
D054,15,4,3.49,5.08,2.22,1.59,1.27,4,15.24,16.99,123.61,0.3924,59.3,17.6,43.9,2226,55.3,3.0,5.7,18.3,315.0,8.0,2.7,105.0,6.7,0.0,3,35,0,day,northeast,False,True,2.58,-0.6000000000000014,-0.2999999999999998,571.0,-0.013799999999999979
D054,16,4,2.93,6.11,1.96,2.69,0.98,5,15.65,20.17,190.58,0.466,68.5,20.3,34.2,2486,50.0,4.0,6.0,20.4,409.0,10.8,2.7,102.2,7.5,0.0,4,35,0,day,northeast,False,True,2.08,2.3400000000000034,-0.7999999999999998,46.0,0.054200000000000026
D054,17,4,2.49,2.68,2.1,2.3,0.96,5,11.29,17.88,215.92,0.4131,36.5,13.2,29.6,1710,41.6,3.0,5.4,14.1,522.7,14.4,2.9,104.5,7.0,0.0,5,35,0,day,northeast,False,True,-1.7600000000000016,-1.2200000000000024,-0.8000000000000003,-682.0,-0.02809999999999996
D054,18,5,2.76,3.72,2.34,2.34,0.55,11,12.68,18.0,301.8,0.4158,70.0,21.8,37.9,2166,45.6,5.0,6.0,17.9,725.8,18.5,3.7,145.2,8.4,0.0,5,35,0,day,northeast,False,True,-0.20000000000000107,1.2600000000000016,1.2000000000000002,471.0,0.029100000000000015
D054,19,5,3.3,3.82,2.08,2.08,0.0,9,11.63,16.89,224.74,0.3902,36.9,10.6,34.4,1342,24.4,4.8,6.2,11.1,575.9,16.1,3.2,115.2,7.8,0.0,5,35,0,day,northeast,False,True,-3.6099999999999994,-0.09999999999999787,0.5,-884.0,-0.0022000000000000353
D054,20,5,2.47,3.53,1.23,2.47,0.88,5,12.35,17.37,227.47,0.4012,57.1,16.5,29.4,2078,34.8,3.2,5.8,17.1,566.9,15.1,3.0,113.4,8.2,0.0,5,35,0,day,northeast,False,True,-3.3000000000000007,-2.8000000000000007,0.2999999999999998,-408.0,-0.06480000000000002
D054,21,5,2.72,3.75,1.93,3.07,0.68,16,12.72,18.03,366.8,0.4164,48.6,15.4,44.0,1957,36.7,4.5,6.9,16.1,880.8,24.0,4.0,146.8,8.8,0.0,6,35,0,day,northeast,False,True,1.4300000000000015,0.15000000000000213,1.1,247.0,0.0032999999999999696
D054,22,5,3.72,3.72,1.94,2.98,0.89,9,14.14,18.85,292.42,0.4353,50.8,18.4,37.7,2890,71.2,6.2,6.2,23.7,671.7,19.3,3.9,134.3,9.6,0.0,5,35,0,day,northeast,False,True,1.4600000000000009,0.8500000000000014,0.19999999999999973,724.0,0.019500000000000017
D054,23,6,2.6,3.55,1.42,2.13,0.47,5,11.84,17.04,166.2,0.3936,49.5,15.3,28.7,2755,51.0,8.0,6.4,22.7,422.3,9.4,4.7,211.2,10.5,0.0,2,35,0,day,northeast,False,True,0.20999999999999908,0.14999999999999858,1.5,1413.0,0.003400000000000014
D054,24,6,3.12,2.19,1.56,2.19,0.62,3,10.93,20.24,149.64,0.4675,55.2,19.4,41.8,1456,20.0,1.7,4.9,12.0,320.1,9.5,3.2,106.7,6.7,0.0,3,35,0,day,northeast,False,True,-1.42,2.8699999999999974,0.20000000000000018,-622.0,0.06630000000000003
D054,25,6,3.24,2.85,2.46,2.98,0.91,8,13.33,17.79,317.46,0.4108,48.2,16.9,33.8,2354,45.3,6.7,6.5,19.4,772.7,20.7,3.5,128.8,9.2,0.0,6,35,0,day,northeast,False,True,0.6099999999999994,-0.240000000000002,-0.5,397.0,-0.005599999999999994
D054,26,6,4.45,2.44,2.15,3.59,0.86,8,15.06,13.92,224.19,0.3216,36.4,12.6,41.1,2147,52.4,5.2,6.0,17.7,697.0,17.9,3.6,139.4,8.4,0.0,5,35,0,day,northeast,False,True,0.9199999999999999,-4.9300000000000015,-0.2999999999999998,-743.0,-0.11370000000000002
D055,1,1,0.89,1.02,0.38,0.38,0.38,4,3.69,12.89,234.16,0.2978,41.8,12.7,30.7,626,12.5,2.8,5.3,5.2,786.2,14.1,3.5,196.6,8.0,0.0,4,38,2,day,midwest,True,True,,,,,
D055,2,1,0.88,0.5,0.38,0.38,0.13,1,3.27,12.6,231.74,0.2911,33.6,11.4,43.1,464,9.3,1.3,5.5,3.9,796.0,14.3,4.8,265.3,8.7,0.0,3,38,2,day,midwest,True,True,,,,,
D055,3,1,0.88,0.97,0.68,0.88,0.29,4,4.96,14.2,337.38,0.3281,45.9,12.9,33.0,912,21.6,3.4,6.2,7.6,1028.4,17.5,3.5,205.7,7.8,0.0,5,38,2,day,midwest,True,True,,,,,
D055,4,1,1.84,0.5,0.34,1.51,0.17,7,5.2,13.42,369.74,0.3099,44.0,12.4,29.7,808,16.8,2.4,5.8,6.7,1192.9,19.5,3.9,238.6,7.6,0.0,5,38,2,day,midwest,True,True,,,,,
D055,5,1,1.2,0.8,0.4,0.96,0.24,5,4.94,12.06,349.57,0.2786,35.3,7.9,44.8,590,5.6,2.2,5.6,5.0,1254.9,19.6,3.9,251.0,8.2,0.0,5,38,2,day,midwest,True,True,1.2500000000000004,-0.8300000000000001,0.3999999999999999,-36.0,-0.019199999999999995
D055,6,2,1.78,0.18,0.44,0.71,0.27,4,5.06,14.47,376.65,0.3344,46.5,13.9,31.0,947,16.4,2.8,5.9,7.9,1126.5,20.2,4.0,225.3,8.4,0.0,5,38,2,day,midwest,True,True,1.7899999999999996,1.870000000000001,-0.7999999999999998,483.0,0.04329999999999995
D055,7,2,1.28,0.69,0.69,0.89,0.3,3,5.12,13.61,319.57,0.3143,46.7,12.9,34.4,638,5.2,3.6,7.0,5.3,1016.6,17.4,3.5,203.3,7.4,0.0,5,38,2,day,midwest,True,True,0.16000000000000014,-0.5899999999999999,0.0,-274.0,-0.013799999999999979
D055,8,2,0.59,0.59,0.34,1.18,0.42,6,4.21,13.67,374.73,0.3158,48.4,13.1,30.4,748,6.4,5.2,7.0,6.3,1186.7,19.6,3.9,237.3,8.8,0.0,5,38,2,day,midwest,True,True,-0.9900000000000002,0.25,0.0,-60.0,0.005900000000000016
D055,9,2,1.95,0.93,0.25,0.59,0.34,8,5.25,12.36,337.4,0.2856,40.2,12.2,42.5,424,6.0,1.6,6.0,3.6,1181.3,19.2,3.8,236.3,8.2,0.0,5,38,2,day,midwest,True,True,0.3099999999999996,0.29999999999999893,-0.10000000000000009,-166.0,0.007000000000000006
D055,10,3,1.38,0.97,0.9,1.25,0.42,11,6.44,12.54,418.25,0.2896,40.4,12.8,38.7,747,6.9,4.1,6.5,6.2,1444.4,24.3,3.5,206.3,8.0,0.0,7,38,2,day,midwest,True,True,1.3800000000000008,-1.9300000000000015,-0.5,-200.0,-0.04479999999999995
D055,11,3,1.45,0.8,0.87,0.87,0.36,5,6.61,12.3,391.18,0.2842,48.0,14.4,35.5,714,9.7,2.5,5.4,6.0,1376.6,22.2,3.7,229.4,7.8,0.0,6,38,2,day,midwest,True,True,1.4900000000000002,-1.3099999999999987,0.20000000000000018,76.0,-0.030100000000000016
D055,12,3,2.69,1.68,0.67,0.76,0.17,7,8.25,13.15,361.05,0.3038,47.6,16.0,39.2,954,17.7,5.0,6.5,7.9,1188.4,22.5,3.8,198.1,8.3,0.0,6,38,2,day,midwest,True,True,4.04,-0.5199999999999996,-0.10000000000000009,206.0,-0.01200000000000001
D055,13,3,1.38,1.15,1.07,0.69,0.38,16,6.52,12.39,373.02,0.2862,37.1,11.5,34.3,788,12.4,3.8,6.5,6.6,1303.4,20.9,4.2,260.7,8.8,0.0,5,38,2,day,midwest,True,True,1.2699999999999996,0.030000000000001137,0.40000000000000036,364.0,0.0005999999999999894
D055,14,4,3.13,2.04,1.22,0.95,0.54,2,9.12,12.42,210.86,0.287,37.8,12.2,25.9,661,8.7,3.3,6.4,5.5,734.8,12.3,4.1,244.9,8.3,0.0,3,38,2,day,midwest,True,True,2.679999999999999,-0.11999999999999922,0.5999999999999996,-86.0,-0.0026000000000000467
D056,1,1,0.93,0.23,0.12,0.35,0.0,3,2.22,12.28,242.83,0.2836,42.7,14.2,40.9,1322,26.0,3.6,6.2,11.0,856.3,17.8,3.6,171.3,8.8,100.0,5,31,1,night,southeast,False,False,,,,,
D056,2,1,0.75,0.6,0.15,0.15,0.3,1,2.4,13.11,201.71,0.3029,46.9,17.8,39.0,1566,26.7,3.7,5.9,13.0,666.0,13.8,4.6,222.0,10.7,100.0,3,31,1,night,southeast,False,False,,,,,
D056,3,1,0.2,0.41,0.0,0.2,0.0,2,2.24,13.25,150.06,0.3062,36.1,15.1,32.5,1088,27.5,4.8,7.0,9.0,490.1,11.5,2.9,122.5,6.0,100.0,4,31,1,night,southeast,False,False,,,,,
D056,4,1,0.46,0.23,0.35,0.35,0.23,1,2.08,12.38,247.4,0.286,35.4,14.9,33.8,1649,29.2,5.0,6.4,13.7,865.1,20.5,4.1,173.0,9.4,100.0,5,31,1,night,southeast,False,False,,,,,
D056,5,2,0.15,0.29,0.29,0.15,0.0,2,1.46,13.5,212.98,0.3117,42.7,18.6,33.1,1724,38.8,2.8,5.3,14.2,683.2,17.2,3.4,136.6,7.6,100.0,5,31,1,night,southeast,False,False,-0.7600000000000002,1.2200000000000006,-0.20000000000000018,402.0,0.02809999999999996
D056,6,2,0.57,0.0,0.38,0.29,0.1,1,1.72,12.64,305.31,0.292,31.5,12.5,32.0,1541,29.4,3.9,5.8,12.7,1045.6,25.5,3.6,149.4,9.0,100.0,7,31,1,night,southeast,False,False,-0.6799999999999999,-0.46999999999999886,-0.9999999999999996,-25.0,-0.01090000000000002
D056,7,2,0.3,0.3,0.2,0.2,0.0,1,1.49,11.01,255.76,0.2543,33.6,13.8,31.5,1352,22.0,5.8,6.5,11.2,1005.6,21.6,4.3,201.1,9.4,100.0,5,31,1,night,southeast,False,False,-0.7500000000000002,-2.24,1.4,264.0,-0.0519
D056,8,2,0.61,0.37,0.25,0.12,0.12,0,2.33,12.43,234.3,0.2871,32.1,13.3,32.7,1336,23.6,4.4,5.7,11.1,816.0,18.4,3.7,163.2,8.8,100.0,5,31,1,night,southeast,False,False,0.25,0.049999999999998934,-0.39999999999999947,-313.0,0.0011000000000000454
D056,9,3,0.36,0.12,0.12,0.24,0.12,2,2.06,11.86,226.52,0.2739,21.5,10.1,41.2,1352,23.2,4.0,6.7,11.2,827.0,19.9,4.0,165.4,8.2,100.0,5,31,1,night,southeast,False,False,0.6000000000000001,-1.6400000000000006,0.6000000000000001,-372.0,-0.0378
D056,10,3,0.53,0.53,0.11,0.32,0.0,2,2.02,12.03,260.73,0.2778,42.5,18.8,33.3,1424,29.2,6.4,6.6,11.8,938.5,21.2,4.2,187.7,9.8,100.0,5,31,1,night,southeast,False,False,0.30000000000000004,-0.6100000000000012,0.6000000000000001,-117.0,-0.01419999999999999
D056,11,3,0.48,0.0,0.24,0.24,0.0,1,2.65,12.23,117.32,0.2826,43.0,18.5,37.5,774,5.3,3.7,7.0,6.4,415.2,9.1,3.0,138.4,6.7,100.0,3,31,1,night,southeast,False,False,1.16,1.2200000000000006,-1.2999999999999998,-578.0,0.028299999999999992
D056,12,3,0.1,0.59,0.1,0.39,0.0,0,1.86,11.74,277.45,0.2711,45.2,19.8,37.9,1275,23.4,5.3,6.0,10.6,1023.4,24.6,3.5,146.2,8.1,100.0,7,31,1,night,southeast,False,False,-0.47,-0.6899999999999995,-0.20000000000000018,-61.0,-0.016000000000000014
D056,13,3,0.51,0.51,0.13,0.51,0.26,0,2.56,10.85,195.89,0.2507,39.7,18.7,28.0,1350,25.5,4.5,6.1,11.2,781.4,17.6,4.4,195.3,9.8,100.0,4,31,1,night,southeast,False,False,0.5,-1.0099999999999998,0.40000000000000036,-2.0,-0.0232
D056,14,4,0.26,0.13,0.26,0.13,0.0,0,1.15,11.8,213.4,0.2725,43.3,18.9,37.4,1749,35.2,4.8,5.6,14.5,783.1,17.7,3.5,156.6,10.2,100.0,5,31,1,night,southeast,False,False,-0.8700000000000001,-0.22999999999999865,-0.7000000000000002,325.0,-0.005299999999999971
D056,15,4,0.21,0.85,0.21,0.64,0.21,0,2.55,12.39,134.67,0.2861,50.6,21.3,43.4,1227,32.5,1.8,4.8,10.2,470.7,11.0,2.7,117.7,8.0,100.0,4,31,1,night,southeast,False,False,-0.10000000000000009,0.16000000000000014,-0.2999999999999998,453.0,0.003500000000000003
D056,16,4,0.34,0.17,0.17,0.34,0.0,3,2.74,9.96,134.4,0.2301,29.1,12.4,36.6,1011,19.2,3.6,6.0,8.4,584.1,14.6,2.9,116.8,7.2,100.0,5,31,1,night,southeast,False,False,0.8800000000000001,-1.7799999999999994,-0.6000000000000001,-264.0,-0.04100000000000001
D056,17,4,0.74,0.65,0.37,0.37,0.09,6,2.58,11.62,290.83,0.2683,48.1,21.2,33.3,1708,34.7,4.3,5.6,14.2,1083.8,23.7,3.9,180.6,9.0,100.0,6,31,1,night,southeast,False,False,0.020000000000000018,0.7699999999999996,-0.5000000000000004,358.0,0.017600000000000005
D056,18,5,0.5,0.12,0.25,0.12,0.12,1,1.74,12.02,222.82,0.2776,38.3,17.9,28.7,1876,48.0,6.0,6.0,15.5,802.8,19.8,4.0,160.6,10.2,100.0,5,31,1,night,southeast,False,False,0.5900000000000001,0.21999999999999886,0.5,127.0,0.005099999999999993
D056,19,5,0.78,0.31,0.16,0.78,0.31,1,2.5,12.15,179.83,0.2807,41.8,20.0,31.3,1355,26.5,4.5,6.2,11.2,640.6,15.6,3.9,160.1,9.0,100.0,4,31,1,night,southeast,False,False,-0.04999999999999982,-0.2400000000000002,1.1999999999999997,128.0,-0.005400000000000016
D056,20,5,0.22,0.65,0.33,0.44,0.0,2,2.07,11.31,239.45,0.2613,27.3,13.6,32.5,1084,18.7,4.2,6.3,9.0,916.4,22.9,3.8,152.7,8.3,100.0,6,31,1,night,southeast,False,False,-0.6700000000000004,1.3499999999999996,0.8999999999999999,73.0,0.031199999999999978
D056,21,5,0.7,0.23,0.35,0.58,0.12,3,3.39,11.41,225.39,0.2635,38.6,17.8,36.8,1432,31.3,4.0,5.6,11.9,855.4,20.0,3.3,142.6,7.8,100.0,6,31,1,night,southeast,False,False,0.81,-0.20999999999999908,-0.6000000000000001,-276.0,-0.004799999999999971
D056,22,5,0.34,0.68,0.34,0.11,0.11,2,1.92,10.22,209.03,0.236,33.7,14.5,37.2,1256,19.2,4.8,6.7,10.4,885.7,19.7,3.9,177.1,8.0,100.0,5,31,1,night,southeast,False,False,0.17999999999999994,-1.799999999999999,-0.10000000000000009,-620.0,-0.041600000000000026
D056,23,6,0.29,0.0,0.14,0.29,0.0,0,1.58,12.36,199.42,0.2856,41.6,19.9,29.1,1636,30.8,5.0,5.8,13.5,698.3,17.8,3.6,139.7,8.0,100.0,5,31,1,night,southeast,False,False,-0.9199999999999999,0.20999999999999908,-0.2999999999999998,281.0,0.0049000000000000155
D056,24,6,0.41,0.21,0.1,0.21,0.21,3,1.87,11.19,249.25,0.2584,31.4,14.4,38.7,945,13.7,2.8,5.7,7.9,964.6,20.7,3.4,160.8,7.5,100.0,6,31,1,night,southeast,False,False,-0.19999999999999973,-0.120000000000001,-0.3999999999999999,-139.0,-0.002899999999999958
D056,25,6,1.06,0.38,0.29,0.38,0.19,6,2.98,11.3,271.47,0.2611,33.6,14.8,34.1,1433,29.3,4.2,5.5,11.9,1039.8,22.4,3.7,173.3,9.2,100.0,6,31,1,night,southeast,False,False,-0.41000000000000014,-0.10999999999999943,0.40000000000000036,1.0,-0.0024000000000000132
D056,26,6,0.74,0.0,0.0,0.15,0.15,1,1.64,11.95,185.45,0.2761,44.8,19.1,45.3,1475,33.0,2.8,5.1,12.2,671.6,14.7,3.7,167.9,9.0,100.0,4,31,1,night,southeast,False,False,-0.28,1.7299999999999986,-0.19999999999999973,219.0,0.040100000000000025
D057,1,1,3.11,1.94,2.59,2.72,0.65,8,11.8,19.98,355.95,0.4615,57.1,15.9,29.8,1698,43.3,3.3,5.9,14.0,771.3,21.0,3.5,128.5,8.7,0.0,6,61,0,day,northeast,True,True,,,,,
D057,2,1,2.83,2.83,1.49,3.13,0.75,13,11.78,21.57,334.26,0.4983,74.6,21.6,37.1,2060,52.0,6.0,6.1,17.0,670.8,17.6,3.5,134.2,9.6,0.0,5,61,0,day,northeast,True,True,,,,,
D057,3,1,2.59,2.73,2.88,2.73,0.72,10,12.09,22.32,358.21,0.5156,66.0,21.2,36.2,3086,64.3,6.3,6.2,25.4,694.7,21.5,3.6,115.8,9.8,0.0,6,61,0,day,northeast,True,True,,,,,
D057,4,1,3.13,3.42,1.66,2.05,0.98,9,12.22,19.18,453.04,0.443,48.0,13.6,30.4,2402,57.2,5.8,6.2,19.8,1022.7,23.2,4.6,204.5,9.8,0.0,5,61,0,day,northeast,True,True,,,,,
D057,5,2,4.07,2.47,2.91,2.62,0.73,12,13.82,20.42,324.25,0.4716,55.4,15.2,38.3,1975,41.2,5.4,6.6,16.3,687.5,17.6,3.5,137.5,8.6,0.0,5,61,0,day,northeast,True,True,2.0199999999999996,0.4400000000000013,0.0,277.0,0.010099999999999998
D057,6,2,2.57,1.39,2.77,2.77,1.78,4,11.87,22.47,262.3,0.519,77.2,22.9,39.7,2409,57.6,3.4,5.8,19.8,505.4,14.8,3.0,101.1,7.2,0.0,5,61,0,day,northeast,True,True,0.08999999999999986,0.8999999999999986,-0.5,349.0,0.020699999999999996
D057,7,2,4.28,2.68,2.68,3.03,1.07,3,14.1,21.36,276.51,0.4934,60.9,17.4,33.1,2503,48.0,6.5,6.0,20.6,560.4,14.4,3.6,140.1,9.5,0.0,4,61,0,day,northeast,True,True,2.01,-0.9600000000000009,0.0,-583.0,-0.022199999999999942
D057,8,2,2.97,2.09,2.09,1.98,0.44,8,10.35,20.71,434.44,0.4785,58.1,17.9,36.1,2919,64.7,6.2,6.1,24.0,907.9,27.1,4.5,151.3,10.5,0.0,6,61,0,day,northeast,True,True,-1.870000000000001,1.5300000000000011,-0.09999999999999964,517.0,0.035499999999999976
D057,9,2,2.64,4.06,2.44,1.02,1.02,3,11.77,18.72,212.98,0.4324,75.2,20.3,36.0,2977,78.5,6.8,6.2,24.5,492.6,12.1,3.0,123.2,7.8,0.0,4,61,0,day,northeast,True,True,-2.0500000000000007,-1.7000000000000028,-0.5,1002.0,-0.03920000000000001
D057,10,3,3.07,2.3,2.56,3.2,0.77,9,12.4,19.9,359.44,0.4596,55.1,19.2,32.9,2838,64.7,6.0,6.3,23.4,782.0,23.4,3.9,130.3,9.3,0.0,6,61,0,day,northeast,True,True,0.5300000000000011,-2.5700000000000003,0.8999999999999999,429.0,-0.05940000000000001
D057,11,3,2.45,3.4,2.08,3.59,0.57,4,13.4,18.58,227.49,0.4293,57.2,17.3,33.6,2077,30.7,6.0,6.5,17.2,529.9,12.4,4.1,176.6,10.0,0.0,3,61,0,day,northeast,True,True,-0.6999999999999993,-2.780000000000001,0.49999999999999956,-426.0,-0.06409999999999999
D057,12,3,3.22,3.22,2.15,4.3,0.36,7,14.32,20.83,134.4,0.4812,83.3,26.5,35.6,1724,40.7,5.7,6.5,14.2,279.3,7.7,2.6,93.1,7.7,0.0,3,61,0,day,northeast,True,True,3.9700000000000006,0.11999999999999744,-1.9,-1195.0,0.0027000000000000357
D057,13,3,2.31,3.96,2.15,2.97,0.83,7,12.88,18.76,262.46,0.4332,65.1,19.3,33.8,1424,35.0,5.2,7.3,11.8,605.8,15.1,2.5,101.0,6.5,0.0,6,61,0,day,northeast,True,True,1.1100000000000012,0.0400000000000027,-0.5,-1553.0,0.0007999999999999674
D057,14,4,4.05,3.8,2.21,2.21,0.98,15,13.74,17.21,323.95,0.3975,45.9,16.6,33.5,1792,45.7,5.3,6.1,14.8,814.9,22.3,3.7,135.8,9.2,0.0,6,61,0,day,northeast,True,True,1.3399999999999999,-2.6899999999999977,-0.19999999999999973,-1046.0,-0.06209999999999999
D057,15,4,2.27,2.75,2.03,2.87,1.07,10,11.7,19.95,385.95,0.4609,49.7,17.0,35.3,1900,56.6,5.7,7.0,15.7,837.4,23.9,3.4,119.6,8.7,0.0,7,61,0,day,northeast,True,True,-1.700000000000001,1.370000000000001,-0.6999999999999997,-177.0,0.03159999999999996
D057,16,4,2.68,2.33,1.79,3.76,0.89,8,12.52,20.94,270.43,0.4837,64.4,21.4,32.4,2184,49.2,5.2,6.4,18.0,559.1,16.2,3.2,111.8,8.2,0.0,5,61,0,day,northeast,True,True,-1.8000000000000007,0.11000000000000298,0.6000000000000001,460.0,0.0025000000000000022
D057,17,4,3.46,2.66,2.4,1.6,0.67,6,11.59,18.53,321.46,0.4281,73.8,21.2,32.3,2912,54.5,5.0,5.5,24.0,750.9,17.5,4.4,187.7,10.8,0.0,4,61,0,day,northeast,True,True,-1.290000000000001,-0.23000000000000043,1.9000000000000004,1488.0,-0.005099999999999993
D057,18,5,7.99,2.66,1.33,3.99,0.0,2,15.98,19.77,68.58,0.4566,35.1,13.6,40.3,3157,78.0,5.0,6.9,26.0,150.2,5.2,2.6,75.1,9.0,0.0,2,61,0,day,northeast,True,True,2.24,2.5599999999999987,-1.1,1365.0,0.059099999999999986
D057,19,5,3.08,2.69,3.27,3.46,1.54,5,14.42,21.09,253.34,0.4871,81.9,26.3,31.9,2192,45.6,5.6,6.2,18.1,520.1,16.0,3.2,104.0,9.4,0.0,5,61,0,day,northeast,True,True,2.7200000000000006,1.1400000000000006,-0.19999999999999973,292.0,0.0262
D057,20,5,3.97,2.1,1.99,2.69,0.23,11,11.8,17.26,341.16,0.3986,36.3,12.3,33.3,1609,27.3,4.0,6.2,13.3,855.8,21.2,3.5,142.6,8.7,0.0,6,61,0,day,northeast,True,True,-0.7199999999999989,-3.6799999999999997,0.2999999999999998,-575.0,-0.08510000000000001
D057,21,5,2.09,2.09,1.35,3.31,1.35,13,11.54,15.57,292.95,0.3596,62.7,19.4,30.8,2126,48.3,5.8,6.8,17.5,814.6,20.0,3.3,135.8,8.0,0.0,6,61,0,day,northeast,True,True,-0.05000000000000071,-2.960000000000001,-1.1000000000000005,-786.0,-0.0685
D057,22,6,4.47,3.27,3.09,2.06,0.52,15,14.1,17.1,229.75,0.395,37.8,13.1,38.3,2355,49.5,3.5,5.5,19.4,581.6,15.6,3.9,145.4,9.0,0.0,4,61,0,day,northeast,True,True,-1.8800000000000008,-2.669999999999998,1.2999999999999998,-802.0,-0.06159999999999999
D057,23,6,3.79,4.19,2.2,2.0,0.6,7,13.97,20.55,237.86,0.4747,58.5,20.1,28.5,2174,40.4,4.0,6.2,17.9,501.1,14.7,2.9,100.2,7.2,0.0,5,61,0,day,northeast,True,True,-0.4499999999999993,-0.5399999999999991,-0.30000000000000027,-18.0,-0.012399999999999967
D057,24,6,2.08,2.5,1.25,1.46,1.46,5,8.95,18.77,208.34,0.4336,41.1,16.2,28.7,3166,85.0,5.0,5.3,26.0,480.5,15.0,3.8,120.1,10.0,0.0,4,61,0,day,northeast,True,True,-2.8500000000000014,1.509999999999998,0.2999999999999998,1557.0,0.034999999999999976
D057,25,6,2.47,2.34,1.3,2.6,0.39,10,9.35,15.83,281.68,0.3658,57.3,16.1,33.3,2489,60.4,4.6,5.7,20.5,770.1,18.7,3.7,154.0,8.6,0.0,5,61,0,day,northeast,True,True,-2.1899999999999995,0.2599999999999998,0.40000000000000036,363.0,0.006200000000000039
D057,26,6,2.5,3.54,3.74,0.83,1.04,4,12.69,22.4,248.69,0.5174,79.8,26.5,34.3,2084,50.0,3.0,5.9,17.2,480.7,15.0,3.0,96.1,7.2,0.0,5,61,0,day,northeast,True,True,-1.4100000000000001,5.299999999999997,-0.8999999999999999,-271.0,0.12239999999999995
D058,1,1,0.68,0.34,0.17,0.0,0.0,0,1.7,14.78,201.11,0.3414,47.1,21.5,32.0,2742,58.4,4.8,5.9,22.6,589.1,17.0,3.4,117.8,9.6,68.8,5,24,1,rotating,northeast,True,False,,,,,
D058,2,1,0.0,0.21,0.0,0.21,0.0,1,1.28,14.89,160.98,0.3441,50.4,22.1,35.9,2857,67.0,6.0,6.4,23.5,467.9,13.3,3.3,117.0,9.5,71.1,4,24,1,rotating,northeast,True,False,,,,,
D058,3,1,0.35,0.46,0.12,0.23,0.12,2,1.5,15.07,301.76,0.3481,70.6,28.5,28.0,2944,66.3,6.3,5.9,24.2,866.8,25.6,3.7,123.8,9.4,66.7,7,24,1,rotating,northeast,True,False,,,,,
D058,4,1,0.0,0.49,0.0,0.0,0.98,0,2.2,15.54,147.08,0.3589,45.0,19.3,43.5,1933,45.5,4.2,6.4,15.9,409.8,11.4,2.8,102.4,6.8,40.7,4,24,1,rotating,northeast,True,False,,,,,
D058,5,2,0.73,0.0,0.29,0.15,0.0,2,1.89,13.31,211.11,0.3075,36.7,17.9,37.1,2516,44.0,6.8,6.7,20.7,686.6,19.3,3.9,137.3,9.0,77.8,5,24,1,rotating,northeast,True,False,0.18999999999999995,-1.4699999999999989,0.5,-226.0,-0.033899999999999986
D058,6,2,0.59,0.12,0.12,0.12,0.24,2,1.65,13.77,270.15,0.3181,47.4,19.3,41.1,1929,34.6,3.3,5.9,15.9,849.2,21.0,3.0,121.3,8.0,85.7,7,24,1,rotating,northeast,True,False,0.3699999999999999,-1.120000000000001,-0.2999999999999998,-928.0,-0.026000000000000023
D058,7,2,0.62,0.31,0.15,0.15,0.0,0,2.0,12.7,190.44,0.2933,38.7,20.2,36.1,1955,47.7,4.5,6.4,16.1,649.3,19.5,3.3,108.2,7.7,73.9,6,24,1,rotating,northeast,True,False,0.5,-2.370000000000001,-0.40000000000000036,-989.0,-0.054800000000000015
D058,8,2,0.95,0.19,0.38,0.19,0.0,0,2.65,13.66,166.83,0.3155,48.7,20.1,39.9,1891,30.4,5.6,6.6,15.6,528.8,12.8,2.6,105.8,7.2,33.3,5,24,1,rotating,northeast,True,False,0.44999999999999973,-1.879999999999999,-0.19999999999999973,-42.0,-0.043399999999999994
D058,9,2,0.33,0.08,0.25,0.33,0.08,1,1.49,11.68,326.08,0.2699,35.0,14.8,36.7,1903,41.7,5.7,6.4,15.7,1208.3,26.6,3.8,172.6,7.7,63.0,7,24,1,rotating,northeast,True,False,-0.3999999999999999,-1.6300000000000008,-0.10000000000000009,-613.0,-0.03760000000000002
D058,10,3,1.02,0.15,0.15,0.29,0.29,1,2.63,15.03,237.68,0.3471,54.4,28.3,34.3,3173,82.0,5.2,5.9,26.1,684.7,22.4,3.7,114.1,10.2,54.1,6,24,1,rotating,northeast,True,False,0.98,1.2599999999999998,0.7000000000000002,1244.0,0.029000000000000026
D058,11,3,0.14,0.0,0.0,0.14,0.28,1,1.25,12.3,204.85,0.284,36.1,17.4,36.4,2379,57.6,6.8,6.3,19.6,721.2,17.8,3.6,144.2,9.8,75.5,5,24,1,rotating,northeast,True,False,-0.75,-0.3999999999999986,0.30000000000000027,424.0,-0.00930000000000003
D058,12,3,0.19,0.0,0.56,0.0,0.37,0,1.11,13.89,172.67,0.3208,55.1,26.6,35.2,2507,64.0,4.2,5.9,20.6,538.2,15.2,3.0,107.6,8.0,62.5,5,24,1,rotating,northeast,True,False,-1.5399999999999998,0.23000000000000043,0.3999999999999999,616.0,0.005299999999999971
D058,13,3,0.46,1.61,0.23,0.0,0.23,2,2.98,11.79,118.66,0.2724,47.5,22.0,31.8,1419,43.5,3.0,6.0,11.7,435.6,11.2,2.8,108.9,8.0,84.4,4,24,1,rotating,northeast,True,False,1.49,0.10999999999999943,-1.0,-484.0,0.0025000000000000022
D058,14,4,0.42,0.21,0.0,0.63,0.0,1,1.69,13.34,145.99,0.3081,48.9,23.1,34.9,1843,52.8,3.8,6.0,15.2,473.8,13.4,2.7,94.8,7.0,60.0,5,24,1,rotating,northeast,True,False,-0.94,-1.6899999999999995,-1.0,-1330.0,-0.039000000000000035
D058,15,4,0.84,0.34,0.34,0.17,0.0,2,2.7,11.78,161.19,0.2721,37.4,19.6,30.5,1846,40.4,4.4,6.0,15.2,592.4,16.3,3.3,118.5,8.0,35.0,5,24,1,rotating,northeast,True,False,1.4500000000000002,-0.5200000000000014,-0.30000000000000027,-533.0,-0.011899999999999966
D058,16,4,0.79,0.64,0.64,0.32,0.16,0,3.18,13.63,198.17,0.3148,54.3,25.8,37.8,2454,65.7,3.5,5.7,20.2,629.6,17.5,2.9,104.9,8.0,20.8,6,24,1,rotating,northeast,True,False,2.0700000000000003,-0.2599999999999998,-0.10000000000000009,-53.0,-0.00599999999999995
D058,17,4,0.15,0.15,0.15,0.15,0.0,0,1.06,11.85,181.29,0.2737,28.3,13.3,30.7,1709,45.7,2.8,5.6,14.1,662.3,17.2,2.9,110.4,7.0,71.4,6,24,1,rotating,northeast,True,False,-1.92,0.0600000000000005,0.10000000000000009,290.0,0.0013000000000000234
D058,18,5,1.48,0.74,0.25,0.25,0.25,2,4.18,11.8,110.86,0.2726,32.8,14.9,37.6,1778,47.0,3.5,5.9,14.6,406.6,11.1,2.8,101.6,7.2,79.3,4,24,1,rotating,northeast,True,False,2.4899999999999998,-1.5399999999999991,0.09999999999999964,-65.0,-0.035499999999999976
D058,19,5,0.47,0.0,0.32,0.63,0.0,0,2.05,12.03,176.09,0.2778,36.9,17.0,32.0,1801,49.2,2.6,5.6,14.9,633.9,17.0,3.4,126.8,8.2,70.7,5,24,1,rotating,northeast,True,False,-0.6500000000000004,0.25,0.10000000000000009,-45.0,0.005699999999999983
D058,20,5,0.41,0.68,0.27,0.41,0.0,2,2.71,14.88,253.36,0.3437,60.3,28.1,35.2,2028,54.0,4.7,6.3,16.7,737.2,21.8,3.1,105.3,8.3,60.3,7,24,1,rotating,northeast,True,False,-0.4700000000000002,1.25,0.20000000000000018,-426.0,0.02889999999999998
D058,21,5,0.77,0.31,0.15,0.15,0.31,2,2.46,11.05,166.2,0.2552,43.3,17.2,32.5,2523,36.8,7.6,6.9,20.8,651.3,17.0,3.4,130.3,8.6,0.0,5,24,1,rotating,northeast,True,False,1.4,-0.7999999999999989,0.5,814.0,-0.018500000000000016
D058,22,5,0.78,0.39,0.39,0.26,0.13,4,2.87,11.77,208.69,0.2718,50.4,18.8,32.1,2060,38.0,4.4,6.4,17.0,767.8,17.6,3.5,153.6,8.6,53.5,5,24,1,rotating,northeast,True,False,-1.3099999999999996,-0.030000000000001137,0.7000000000000002,282.0,-0.0008000000000000229
D058,23,6,0.19,0.38,0.19,0.57,0.19,1,3.26,12.86,155.07,0.297,51.9,22.4,43.3,1667,32.0,3.0,5.7,13.8,522.1,12.5,3.1,130.5,8.5,0.0,4,24,1,rotating,northeast,True,False,1.21,0.8300000000000001,-0.2999999999999998,-134.0,0.019199999999999995
D058,24,6,0.16,0.31,0.0,0.16,0.47,0,2.36,12.77,187.57,0.2949,53.9,24.2,34.0,1814,39.7,4.3,6.6,14.9,636.1,16.6,2.8,106.0,7.0,81.0,6,24,1,rotating,northeast,True,False,-0.3500000000000001,-2.110000000000001,-0.30000000000000027,-214.0,-0.04880000000000001
D058,25,6,1.48,0.0,0.0,0.0,0.33,4,2.79,12.57,177.15,0.2905,45.4,26.1,37.0,2445,52.8,5.8,6.4,20.1,609.9,18.9,3.8,122.0,9.8,100.0,5,24,1,rotating,northeast,True,False,0.33000000000000007,1.5199999999999996,0.3999999999999999,-78.0,0.0353
D058,26,6,0.46,0.46,0.46,0.0,0.0,0,1.37,14.19,71.84,0.3279,49.8,20.5,31.5,2939,69.3,6.3,6.1,24.1,219.1,7.5,2.5,73.0,6.7,0.0,3,24,1,rotating,northeast,True,False,-1.5,2.42,-1.0,879.0,0.05610000000000004
D059,1,1,2.48,0.31,2.48,1.71,0.47,6,10.09,26.46,393.83,0.6112,166.3,41.9,33.2,2175,50.0,4.7,6.1,17.9,644.4,17.9,2.6,92.1,7.9,0.0,7,39,3,day,northeast,False,False,,,,,
D059,2,1,2.0,1.69,1.39,1.39,0.77,6,9.55,25.81,387.13,0.5961,165.6,44.0,36.1,2550,53.7,5.0,5.6,21.0,649.4,19.2,3.2,108.2,8.8,0.0,6,39,3,day,northeast,False,False,,,,,
D059,3,1,1.52,0.89,1.14,1.4,0.76,7,8.64,19.38,352.34,0.4476,109.8,28.0,38.4,2483,57.6,5.0,6.0,20.5,787.1,18.8,3.8,157.4,8.8,0.0,5,39,3,day,northeast,False,False,,,,,
D059,4,1,2.33,2.04,1.02,2.19,0.58,10,10.35,19.44,308.06,0.449,84.0,27.9,39.7,2582,51.0,3.7,5.6,21.3,686.1,19.5,3.3,114.3,8.2,0.0,6,39,3,day,northeast,False,False,,,,,
D059,5,1,2.08,0.98,1.42,1.53,0.33,8,8.54,17.28,364.68,0.3991,85.1,25.3,39.6,2055,49.3,4.8,6.0,16.9,913.8,25.6,4.3,152.3,10.0,0.0,6,39,3,day,northeast,False,False,-1.5500000000000007,-9.18,1.6999999999999997,-120.0,-0.21209999999999996
D059,6,2,2.81,0.94,1.25,3.43,0.62,7,11.38,19.95,295.7,0.461,88.9,27.0,39.0,1925,36.8,5.0,5.5,15.9,641.5,17.0,3.4,128.3,8.6,0.0,5,39,3,day,northeast,False,False,1.83,-5.859999999999999,0.19999999999999973,-625.0,-0.13509999999999994
D059,7,2,1.73,1.06,1.59,0.8,0.66,5,8.63,21.51,374.38,0.497,115.5,33.4,31.9,1737,31.0,4.8,6.3,14.4,753.3,20.4,3.4,125.6,8.7,0.0,6,39,3,day,northeast,False,False,-0.009999999999999787,2.1300000000000026,-0.3999999999999999,-746.0,0.0494
D059,8,2,2.43,1.22,1.72,2.13,0.71,7,9.94,19.44,442.71,0.449,101.2,27.3,31.5,1488,22.7,5.7,6.6,12.3,986.1,24.1,4.0,164.4,9.3,0.0,6,39,3,day,northeast,False,False,-0.41000000000000014,0.0,0.7000000000000002,-1094.0,0.0
D059,9,2,0.86,1.72,1.51,0.86,0.86,4,8.84,18.4,197.2,0.4251,99.3,28.3,33.7,1445,31.5,4.2,6.4,11.9,463.9,10.4,2.6,116.0,7.0,0.0,4,39,3,day,northeast,False,False,0.3000000000000007,1.1199999999999974,-1.6999999999999997,-610.0,0.025999999999999968
D059,10,3,3.66,1.31,1.31,1.83,0.26,3,12.53,20.35,180.02,0.47,119.7,33.9,39.7,1430,30.0,6.0,7.8,11.9,383.0,10.6,3.5,127.7,8.0,0.0,3,39,3,day,northeast,False,False,1.1499999999999986,0.40000000000000213,0.10000000000000009,-495.0,0.008999999999999952
D059,11,3,2.76,2.23,1.57,1.97,0.39,11,13.12,21.12,371.93,0.488,133.7,37.3,33.7,2251,43.0,6.0,6.4,18.6,762.2,19.8,3.3,127.0,7.8,0.0,6,39,3,day,northeast,False,False,4.489999999999998,-0.39000000000000057,-0.10000000000000009,514.0,-0.009000000000000008
D059,12,3,2.02,1.09,2.02,2.02,0.93,7,9.93,20.88,311.02,0.4823,149.5,39.3,35.5,2489,48.8,7.0,6.6,20.5,644.8,16.5,3.3,129.0,9.0,0.0,5,39,3,day,northeast,False,False,-0.009999999999999787,1.4399999999999977,-0.7000000000000002,1001.0,0.033299999999999996
D059,13,3,1.01,1.01,3.03,3.29,1.01,10,14.4,21.51,196.63,0.4969,123.7,41.8,34.1,2789,62.5,5.0,6.0,22.9,395.7,12.8,3.2,98.9,8.0,0.0,4,39,3,day,northeast,False,False,5.5600000000000005,3.110000000000003,0.6000000000000001,1344.0,0.07180000000000003
D059,14,4,2.34,0.88,2.63,1.46,0.29,6,10.53,19.53,154.31,0.4512,93.7,29.4,35.4,1948,52.0,4.0,6.3,16.1,342.0,8.7,2.9,114.0,7.3,0.0,3,39,3,day,northeast,False,False,-2.0,-0.8200000000000003,-0.6000000000000001,518.0,-0.018799999999999983
D059,15,4,3.2,1.28,1.76,1.92,0.48,11,11.86,16.28,234.7,0.376,98.0,29.5,34.6,1711,51.2,4.0,5.7,14.1,624.2,15.7,3.1,124.8,8.0,0.0,5,39,3,day,northeast,False,False,-1.2599999999999998,-4.84,-0.19999999999999973,-540.0,-0.11199999999999999
D059,16,4,2.6,2.08,1.3,1.56,1.04,3,13.24,18.29,162.81,0.4226,91.0,33.2,36.4,1368,25.6,2.6,6.0,11.3,385.3,10.9,2.2,77.1,6.4,0.0,5,39,3,day,northeast,False,False,3.3100000000000005,-2.59,-1.0999999999999996,-1121.0,-0.05970000000000003
D059,17,4,1.72,1.89,2.58,1.21,0.17,8,10.67,20.58,276.14,0.4754,116.3,36.1,31.0,2050,50.0,6.6,6.8,16.9,580.9,15.7,3.1,116.2,7.8,0.0,5,39,3,day,northeast,False,False,-3.7300000000000004,-0.9300000000000033,-0.10000000000000009,-739.0,-0.02150000000000002
D059,18,5,2.78,1.92,1.71,2.35,0.21,5,13.26,18.25,197.14,0.4216,107.9,29.5,36.8,2056,41.3,4.0,6.2,17.0,467.6,9.7,3.2,155.9,8.0,0.0,3,39,3,day,northeast,False,False,2.7300000000000004,-1.2800000000000011,0.30000000000000027,108.0,-0.029600000000000015
D059,19,5,3.83,1.84,1.84,1.84,0.77,8,14.23,21.56,325.48,0.4981,110.9,34.4,33.9,1977,41.3,5.2,6.1,16.3,653.5,18.2,3.0,108.9,8.2,0.0,6,39,3,day,northeast,False,False,2.370000000000001,5.279999999999998,-0.10000000000000009,266.0,0.12209999999999999
D059,20,5,3.51,1.83,2.44,1.98,1.07,13,15.42,21.85,330.63,0.5047,105.4,35.2,40.6,2012,45.6,5.6,6.8,16.6,655.1,20.0,4.0,131.0,7.6,0.0,5,39,3,day,northeast,False,False,2.1799999999999997,3.5600000000000023,1.7999999999999998,644.0,0.08210000000000006
D059,21,5,3.72,2.17,2.63,2.79,1.24,9,16.41,22.29,332.66,0.515,134.9,39.6,37.1,2237,50.0,5.0,6.6,18.4,646.0,17.9,3.6,129.2,8.2,0.0,5,39,3,day,northeast,False,False,5.74,1.7100000000000009,0.5,187.0,0.039600000000000024
D059,22,5,4.06,2.9,2.61,2.32,1.16,9,20.03,17.05,135.69,0.3939,61.0,21.6,33.3,1879,29.0,3.0,5.9,15.4,344.5,10.3,2.6,86.1,6.8,0.0,4,39,3,day,northeast,False,False,6.770000000000001,-1.1999999999999993,-0.6000000000000001,-177.0,-0.027700000000000002
D059,23,6,4.28,2.72,3.11,2.72,0.78,14,21.77,25.23,149.9,0.5828,131.6,43.8,37.0,2069,44.7,3.0,5.6,17.0,257.2,9.0,3.0,85.7,7.3,0.0,3,39,3,day,northeast,False,False,7.539999999999999,3.6700000000000017,0.0,92.0,0.0847
D059,24,6,5.28,2.75,3.79,4.24,1.38,21,22.6,18.31,368.63,0.4229,103.5,31.0,32.3,1771,40.3,6.0,6.5,14.6,871.7,20.6,3.4,145.3,7.8,0.0,6,39,3,day,northeast,False,False,7.1800000000000015,-3.5400000000000027,-0.6000000000000001,-241.0,-0.08180000000000004
D059,25,6,5.17,2.07,3.1,4.99,0.69,12,22.73,22.15,297.2,0.5117,147.4,40.1,40.1,2094,57.6,4.2,6.1,17.2,580.8,15.2,3.0,116.2,8.0,0.0,5,39,3,day,northeast,False,False,6.32,-0.14000000000000057,-0.6000000000000001,-143.0,-0.0032999999999999696
D059,26,6,4.13,0.83,2.48,4.13,2.48,1,20.64,18.05,50.5,0.417,93.1,28.4,33.3,1384,24.0,1.0,4.4,11.4,121.1,2.8,2.8,121.1,7.0,0.0,1,39,3,day,northeast,False,False,0.6099999999999994,1.0,0.19999999999999973,-495.0,0.02310000000000001
D060,1,1,0.52,0.17,0.17,0.0,0.0,1,1.72,12.99,173.97,0.3,51.0,20.9,39.1,2112,35.3,7.3,6.7,17.4,579.9,13.4,4.5,193.3,10.0,0.0,3,47,1,day,southeast,False,True,,,,,
D060,2,1,0.26,0.38,0.13,0.38,0.38,1,2.3,12.61,227.84,0.2912,31.4,12.9,39.3,1581,38.0,6.0,6.7,13.1,782.4,17.2,4.3,195.6,9.2,0.0,4,47,1,day,southeast,False,True,,,,,
D060,3,1,0.22,0.88,0.0,0.44,0.22,2,2.42,13.84,145.25,0.3198,44.9,18.8,33.9,2120,56.7,5.0,5.9,17.5,454.2,11.6,3.9,151.4,10.7,0.0,3,47,1,day,southeast,False,True,,,,,
D060,4,1,0.33,0.11,0.22,0.44,0.22,0,1.99,12.74,266.39,0.2942,30.1,13.3,38.5,1210,24.7,4.2,5.7,10.1,905.4,21.4,3.6,150.9,8.0,0.0,6,47,1,day,southeast,False,True,,,,,
D060,5,1,0.0,0.32,0.11,0.11,0.11,0,1.4,12.47,267.94,0.288,38.2,15.2,29.3,1741,39.7,4.0,5.8,14.4,930.4,22.2,3.7,155.1,8.5,0.0,6,47,1,day,southeast,False,True,-0.32000000000000006,-0.5199999999999996,-0.7999999999999998,-371.0,-0.01200000000000001
D060,6,2,0.4,0.94,0.27,0.27,0.0,7,2.56,12.7,218.02,0.2933,44.2,16.5,33.8,1076,11.6,4.6,6.1,9.0,743.3,14.6,2.9,148.7,7.2,0.0,5,47,1,day,southeast,False,True,0.26000000000000023,0.08999999999999986,-1.4,-505.0,0.0020999999999999908
D060,7,2,0.58,0.23,0.23,0.12,0.12,1,1.61,12.28,246.5,0.2838,49.6,19.6,35.4,1758,29.2,5.0,6.0,14.6,868.7,19.6,3.9,173.7,9.6,0.0,5,47,1,day,southeast,False,True,-0.8099999999999998,-1.5600000000000005,0.0,-362.0,-0.035999999999999976
D060,8,2,0.0,0.4,0.0,0.4,0.0,0,1.98,15.34,89.47,0.3543,52.5,21.7,38.2,2117,43.0,5.5,6.2,17.5,252.5,6.7,3.3,126.2,9.0,0.0,2,47,1,day,southeast,False,True,-0.010000000000000009,2.5999999999999996,-0.30000000000000027,907.0,0.06009999999999999
D060,9,2,0.31,0.63,0.0,0.16,0.31,0,2.2,13.6,199.51,0.3141,39.2,15.9,32.8,1597,26.5,6.0,7.1,13.2,635.2,15.0,3.8,158.8,8.0,0.0,4,47,1,day,southeast,False,True,0.8000000000000003,1.129999999999999,0.09999999999999964,-144.0,0.026100000000000012
D060,10,3,0.16,0.0,0.31,0.16,0.0,0,1.09,12.29,181.73,0.2839,50.0,22.4,30.8,1338,18.0,4.4,5.6,11.1,640.1,16.3,3.3,128.0,8.4,0.0,5,47,1,day,southeast,False,True,-1.47,-0.41000000000000014,0.3999999999999999,262.0,-0.00940000000000002
D060,11,3,0.46,0.23,0.11,0.46,0.0,2,1.94,12.47,252.78,0.288,38.2,18.6,35.3,1221,24.4,4.6,6.5,10.2,877.7,22.5,4.5,175.5,8.8,0.0,5,47,1,day,southeast,False,True,0.32999999999999985,0.19000000000000128,0.6000000000000001,-537.0,0.0041999999999999815
D060,12,3,0.2,0.31,0.1,0.41,0.2,3,2.55,11.13,252.07,0.2571,35.4,15.4,33.5,1444,27.6,3.2,5.7,12.0,980.3,20.7,4.1,196.1,9.0,0.0,5,47,1,day,southeast,False,True,0.5699999999999998,-4.209999999999999,0.7999999999999998,-673.0,-0.09720000000000001
D060,13,3,0.49,0.0,0.33,0.16,0.49,0,2.14,12.5,175.74,0.2889,38.8,17.8,36.1,1771,40.0,5.0,6.2,14.6,608.4,16.0,3.2,121.7,8.6,0.0,5,47,1,day,southeast,False,True,-0.06000000000000005,-1.0999999999999996,-0.5999999999999996,174.0,-0.0252
D060,14,4,0.63,0.13,0.13,0.25,0.13,3,2.27,11.33,207.95,0.2618,34.8,15.8,33.3,1035,9.0,4.5,6.1,8.6,794.2,18.1,4.5,198.6,9.2,0.0,4,47,1,day,southeast,False,True,1.18,-0.9599999999999991,1.2000000000000002,-303.0,-0.02210000000000001
D060,15,4,0.18,0.63,0.0,0.63,0.09,7,2.51,10.88,279.74,0.2512,32.6,16.0,38.8,1688,18.3,4.5,5.7,14.0,1113.5,25.8,4.3,185.6,10.2,0.0,6,47,1,day,southeast,False,True,0.5699999999999998,-1.5899999999999999,-0.20000000000000018,467.0,-0.0368
D060,16,4,0.71,0.47,0.24,0.47,0.24,2,3.06,11.69,114.78,0.27,32.9,15.3,25.8,1040,13.3,3.3,5.6,8.6,425.2,10.0,3.3,141.7,7.0,0.0,3,47,1,day,southeast,False,True,0.5100000000000002,0.5599999999999987,-0.7999999999999998,-404.0,0.012900000000000023
D060,17,4,0.24,0.24,0.24,0.24,0.36,2,2.41,10.81,207.35,0.2496,43.1,20.3,41.7,1135,28.3,4.2,6.2,9.4,830.6,18.5,3.1,138.4,7.5,0.0,6,47,1,day,southeast,False,True,0.27,-1.6899999999999995,-0.10000000000000009,-636.0,-0.0393
D060,18,5,0.3,0.3,0.0,0.3,0.15,1,1.66,13.59,208.64,0.314,61.9,25.6,37.3,1714,28.5,4.2,5.8,14.2,664.5,15.8,3.9,166.1,10.0,0.0,4,47,1,day,southeast,False,True,-0.6100000000000001,2.26,-0.6000000000000001,679.0,0.052200000000000024
D060,19,5,0.32,0.54,0.11,0.11,0.11,3,2.14,12.08,260.41,0.2791,46.1,22.2,39.9,1169,23.3,3.8,6.1,9.7,932.9,22.9,3.8,155.5,8.7,0.0,6,47,1,day,southeast,False,True,-0.36999999999999966,1.1999999999999993,-0.5,-519.0,0.027900000000000036
D060,20,5,0.29,0.57,0.0,0.0,0.0,1,1.43,13.33,107.97,0.3079,36.2,18.0,31.6,987,15.5,4.0,6.4,8.2,350.7,9.7,2.4,87.7,6.5,0.0,4,47,1,day,southeast,False,True,-1.6300000000000001,1.6400000000000006,-0.8999999999999999,-53.0,0.03789999999999999
D060,21,5,0.47,0.24,0.0,0.59,0.0,1,2.12,10.46,205.36,0.2416,23.7,11.2,33.1,1483,20.4,5.4,6.3,12.3,850.0,19.0,3.8,170.0,8.2,0.0,5,47,1,day,southeast,False,True,-0.29000000000000004,-0.34999999999999964,0.6999999999999997,348.0,-0.00799999999999998
D060,22,5,0.53,0.42,0.21,0.42,0.11,3,2.55,12.86,279.72,0.2971,48.0,22.0,39.1,1788,35.0,5.3,6.1,14.8,941.4,23.1,3.8,156.9,9.7,0.0,6,47,1,day,southeast,False,True,0.8899999999999999,-0.7300000000000004,-0.10000000000000009,74.0,-0.016900000000000026
D060,23,6,0.55,0.97,0.0,0.55,0.0,1,2.62,12.38,206.98,0.2859,38.0,18.2,34.4,1555,29.7,3.2,5.9,12.9,724.0,18.4,3.1,120.7,7.8,0.0,6,47,1,day,southeast,False,True,0.48,0.3000000000000007,-0.6999999999999997,386.0,0.006799999999999973
D060,24,6,0.1,0.2,0.1,0.0,0.0,1,0.7,10.94,253.73,0.2528,29.9,14.4,39.1,1207,17.0,4.0,6.2,10.0,1003.6,22.4,3.7,167.3,8.8,0.0,6,47,1,day,southeast,False,True,-0.73,-2.3900000000000006,1.3000000000000003,220.0,-0.05509999999999998
D060,25,6,0.12,0.25,0.12,0.62,0.0,1,2.1,10.46,195.61,0.2416,31.3,14.3,44.5,1225,25.7,3.8,6.7,10.1,809.8,19.0,3.2,135.0,7.0,0.0,6,47,1,day,southeast,False,True,-0.020000000000000018,0.0,-0.5999999999999996,-258.0,0.0
D060,26,6,0.22,0.34,0.56,0.22,0.11,4,2.24,12.94,266.37,0.299,46.1,20.6,35.8,1356,22.3,4.5,6.0,11.2,890.9,21.5,3.6,148.5,8.2,0.0,6,47,1,day,southeast,False,True,-0.3099999999999996,0.08000000000000007,-0.19999999999999973,-432.0,0.0019000000000000128
D061,1,1,0.29,0.29,0.1,0.1,0.1,1,1.35,10.34,247.54,0.2388,28.3,10.1,32.4,787,14.7,2.0,5.7,6.5,1036.6,18.8,3.1,172.8,7.8,100.0,6,44,2,night,midwest,True,True,,,,,
D061,2,1,0.49,0.49,0.0,0.49,0.19,0,2.23,11.13,264.93,0.2572,25.9,8.7,31.7,1040,14.0,3.8,6.0,8.7,1030.0,18.5,4.6,257.5,10.0,100.0,4,44,2,night,midwest,True,True,,,,,
D061,3,1,0.31,0.16,0.24,0.31,0.08,0,1.65,10.42,306.54,0.2408,17.4,5.7,31.4,360,2.4,3.0,6.5,3.0,1273.0,18.6,3.7,254.6,7.0,100.0,5,44,2,night,midwest,True,True,,,,,
D061,4,1,0.44,0.18,0.09,0.35,0.09,1,1.86,10.39,270.55,0.24,26.0,8.3,36.8,886,16.4,2.2,5.7,7.4,1127.2,18.8,3.8,225.4,8.2,100.0,5,44,2,night,midwest,True,True,,,,,
D061,5,2,0.3,0.51,0.1,0.51,0.2,1,2.03,11.35,258.97,0.2623,27.1,10.1,34.2,824,15.7,3.0,6.3,6.9,987.5,17.7,3.0,164.6,7.7,100.0,6,44,2,night,midwest,True,True,0.6799999999999997,1.0099999999999998,-0.10000000000000009,37.0,0.023499999999999965
D061,6,2,0.29,0.0,0.0,0.87,0.0,0,1.73,11.11,177.55,0.2566,27.1,8.9,40.8,1237,24.7,3.3,5.5,10.3,691.9,13.2,4.4,230.6,9.7,100.0,3,44,2,night,midwest,True,True,-0.5,-0.02000000000000135,-0.1999999999999993,197.0,-0.0005999999999999894
D061,7,2,0.53,0.44,0.09,0.27,0.36,4,2.22,10.39,270.39,0.24,27.2,9.8,32.9,684,4.5,3.0,5.6,5.7,1126.4,17.9,4.5,281.6,8.5,100.0,4,44,2,night,midwest,True,True,0.5700000000000003,-0.02999999999999936,0.7999999999999998,324.0,-0.0007999999999999952
D061,8,2,0.35,0.48,0.0,0.21,0.0,2,1.52,11.81,394.04,0.2729,28.4,10.6,36.9,1063,11.7,4.3,6.2,8.9,1443.8,26.8,4.5,240.6,10.2,100.0,6,44,2,night,midwest,True,True,-0.3400000000000001,1.42,0.7000000000000002,177.0,0.032899999999999985
D061,9,3,0.46,0.55,0.0,0.64,0.27,6,2.1,8.84,224.09,0.2042,27.3,8.6,36.5,861,21.6,4.0,6.9,7.2,1097.3,18.2,3.6,219.5,9.0,100.0,5,44,2,night,midwest,True,True,0.07000000000000028,-2.51,0.6000000000000001,37.0,-0.058099999999999985
D061,10,3,0.36,0.36,0.14,0.71,0.07,4,2.21,10.15,328.67,0.2345,30.1,11.3,39.8,934,17.7,4.0,6.2,7.8,1401.4,23.9,4.0,233.6,8.7,100.0,6,44,2,night,midwest,True,True,0.48,-0.9599999999999991,-0.40000000000000036,-303.0,-0.02210000000000001
D061,11,3,0.31,0.1,0.0,0.21,0.21,3,1.46,9.95,219.75,0.2299,34.2,14.0,24.5,653,7.6,2.8,5.9,5.5,955.9,16.5,3.3,191.2,8.6,100.0,5,44,2,night,midwest,True,True,-0.7600000000000002,-0.4400000000000013,-1.2000000000000002,-31.0,-0.010099999999999998
D061,12,3,0.29,0.43,0.14,0.21,0.0,4,1.64,9.81,317.83,0.2267,32.8,12.9,41.7,1039,16.4,3.0,5.6,8.6,1402.2,24.3,4.9,280.4,8.6,100.0,5,44,2,night,midwest,True,True,0.11999999999999988,-2.0,0.40000000000000036,-24.0,-0.04619999999999996
D061,13,3,0.67,0.25,0.08,0.25,0.0,3,1.68,9.66,265.9,0.2231,30.4,12.9,28.7,622,10.0,2.8,5.7,5.2,1192.0,21.5,3.6,198.7,7.7,100.0,6,44,2,night,midwest,True,True,-0.42000000000000015,0.8200000000000003,0.0,-239.0,0.0189
D061,14,4,0.37,0.19,0.09,0.56,0.09,1,1.87,10.96,271.4,0.2531,44.8,15.1,32.2,840,10.0,3.2,5.9,7.0,1072.2,18.3,3.1,178.7,7.7,100.0,6,44,2,night,midwest,True,True,-0.33999999999999986,0.8100000000000005,-0.8999999999999999,-94.0,0.018600000000000005
D061,15,4,0.32,0.41,0.0,0.41,0.16,0,1.78,9.8,279.23,0.2265,24.9,9.3,36.5,819,8.8,3.8,6.2,6.8,1233.0,21.2,4.2,246.6,8.2,100.0,5,44,2,night,midwest,True,True,0.32000000000000006,-0.14999999999999858,0.9000000000000004,166.0,-0.0033999999999999864
D061,16,4,0.53,0.21,0.11,0.11,0.11,1,1.49,10.64,230.49,0.2458,31.1,13.5,44.9,1094,15.2,5.6,6.5,9.1,937.7,18.4,3.7,187.5,10.2,100.0,5,44,2,night,midwest,True,True,-0.1499999999999999,0.8300000000000001,-1.2000000000000002,55.0,0.019099999999999978
D061,17,4,0.55,0.37,0.18,0.18,0.0,3,2.1,9.79,247.24,0.2261,23.1,8.7,22.7,560,6.8,2.4,5.8,4.7,1093.7,16.8,3.4,218.7,7.4,100.0,5,44,2,night,midwest,True,True,0.42000000000000015,0.129999999999999,-0.20000000000000018,-62.0,0.0030000000000000027
D061,18,5,0.46,0.46,0.09,0.37,0.09,2,2.22,9.25,230.75,0.2136,26.6,11.3,34.8,1259,21.0,4.2,5.9,10.5,1080.4,18.2,4.5,270.1,10.5,100.0,4,44,2,night,midwest,True,True,0.3500000000000001,-1.7100000000000009,1.4,419.0,-0.03949999999999998
D061,19,5,0.57,0.11,0.23,0.34,0.23,0,1.94,9.47,192.08,0.2189,24.7,10.7,41.1,658,8.0,4.2,7.1,5.5,877.6,15.1,3.8,219.4,7.0,100.0,4,44,2,night,midwest,True,True,0.15999999999999992,-0.33000000000000007,-0.40000000000000036,-161.0,-0.007599999999999996
D061,20,5,0.41,0.25,0.0,0.08,0.16,1,1.56,10.29,288.89,0.2377,26.1,10.5,39.2,946,13.2,1.8,4.9,7.9,1215.2,21.3,4.3,243.0,9.4,100.0,5,44,2,night,midwest,True,True,0.07000000000000006,-0.3500000000000014,0.5999999999999996,-148.0,-0.008099999999999996
D061,21,5,0.35,0.35,0.26,0.44,0.09,0,1.74,9.8,259.53,0.2263,21.3,7.8,32.1,812,4.0,4.7,6.4,6.8,1146.9,17.1,5.7,382.3,11.3,100.0,3,44,2,night,midwest,True,True,-0.3600000000000001,0.010000000000001563,2.3000000000000003,252.0,0.00020000000000000573
D061,22,5,0.17,0.17,0.26,0.17,0.17,2,1.45,9.5,257.01,0.2195,24.7,10.6,34.2,1070,13.2,4.4,6.8,8.9,1171.0,21.7,4.3,234.2,9.6,100.0,5,44,2,night,midwest,True,True,-0.7700000000000002,0.25,-0.20000000000000018,-189.0,0.005899999999999989
D061,23,6,0.24,0.24,0.24,0.71,0.0,1,2.12,10.57,103.72,0.2442,37.3,14.5,38.9,638,10.7,3.7,6.8,5.3,424.8,7.3,2.4,141.6,6.3,100.0,3,44,2,night,midwest,True,True,0.18000000000000016,1.0999999999999996,-1.4,-20.0,0.02529999999999999
D061,24,6,0.22,0.22,0.34,0.34,0.11,1,1.9,11.21,231.25,0.2591,42.1,16.7,33.0,1013,17.2,3.6,6.4,8.4,892.7,16.6,3.3,178.5,7.6,100.0,5,44,2,night,midwest,True,True,0.33999999999999986,0.9200000000000017,-1.0,67.0,0.021400000000000002
D061,25,6,0.34,0.07,0.14,0.41,0.07,4,1.35,9.84,336.57,0.2273,25.9,7.7,37.6,597,7.4,2.9,5.7,5.0,1480.5,26.4,3.8,211.5,8.3,100.0,7,44,2,night,midwest,True,True,-0.3899999999999999,0.03999999999999915,-1.9000000000000004,-215.0,0.0010000000000000009
D061,26,6,0.14,0.14,0.14,0.57,0.14,2,1.43,9.39,151.4,0.2169,22.9,9.1,33.8,800,12.5,3.2,6.5,6.6,698.0,13.3,3.3,174.5,7.2,100.0,4,44,2,night,midwest,True,True,-0.020000000000000018,-0.10999999999999943,-1.0,-270.0,-0.002599999999999991
D062,1,1,4.36,3.46,2.1,2.1,1.2,8,14.28,21.34,327.9,0.4929,52.7,15.9,25.6,2235,56.8,3.8,5.8,18.4,665.2,17.8,3.6,133.0,9.4,100.0,5,31,0,night,northeast,False,True,,,,,
D062,2,1,2.41,2.56,1.21,3.17,0.45,4,11.61,17.6,269.58,0.4066,56.2,17.2,36.4,2757,80.5,6.2,6.0,22.7,663.0,16.2,4.0,165.8,10.5,100.0,4,31,0,night,northeast,False,True,,,,,
D062,3,1,2.45,3.27,2.57,2.57,0.47,12,12.03,19.15,378.75,0.4425,47.3,14.5,34.9,2286,52.0,5.4,6.6,18.8,856.0,21.4,4.3,171.2,9.4,100.0,5,31,0,night,northeast,False,True,,,,,
D062,4,1,3.18,2.43,2.06,3.37,0.94,6,13.3,19.82,244.54,0.4579,46.2,14.5,35.9,2345,43.0,6.0,6.7,19.3,534.0,14.8,3.7,133.5,9.0,100.0,4,31,0,night,northeast,False,True,,,,,
D062,5,2,3.32,4.74,1.42,3.08,0.47,2,14.94,24.59,239.55,0.5681,96.6,29.4,32.4,2046,55.6,3.8,5.6,16.9,421.7,13.4,2.7,84.3,8.0,100.0,5,31,0,night,northeast,False,True,0.6600000000000001,3.25,-0.8999999999999999,-189.0,0.07520000000000004
D062,6,2,3.45,2.84,2.1,2.59,0.74,9,12.21,19.18,359.04,0.443,57.6,17.6,31.7,2505,56.7,4.5,6.0,20.6,810.5,22.0,3.7,135.1,8.8,100.0,6,31,0,night,northeast,False,True,0.6000000000000014,1.5799999999999983,-0.2999999999999998,-252.0,0.03639999999999999
D062,7,2,3.33,3.95,1.97,1.73,0.99,6,12.46,21.19,396.65,0.4894,64.0,17.7,30.4,1954,33.3,5.0,6.0,16.1,810.5,20.1,3.4,135.1,9.2,100.0,6,31,0,night,northeast,False,True,0.4300000000000015,2.0400000000000027,-0.8999999999999999,-332.0,0.0469
D062,8,2,2.94,3.67,3.23,2.79,0.88,10,15.12,19.52,307.18,0.451,44.2,12.1,32.2,1893,42.8,3.8,5.8,15.6,681.1,15.3,3.1,136.2,7.4,100.0,5,31,0,night,northeast,False,True,1.8199999999999985,-0.3000000000000007,-0.6000000000000001,-452.0,-0.006899999999999962
D062,9,3,3.95,3.95,2.16,2.76,0.6,15,14.5,21.15,407.67,0.4885,76.2,23.5,31.7,2892,88.3,6.6,6.4,23.8,834.6,23.8,3.4,119.2,9.1,100.0,7,31,0,night,northeast,False,True,-0.4399999999999995,-3.4400000000000013,0.6999999999999997,846.0,-0.07960000000000006
D062,10,3,4.36,3.67,2.27,2.09,0.87,11,14.49,20.66,273.37,0.4772,77.2,26.5,32.1,2601,72.4,7.2,6.1,21.4,572.9,17.1,3.4,114.6,8.4,100.0,5,31,0,night,northeast,False,True,2.2799999999999994,1.4800000000000004,-0.30000000000000027,96.0,0.03420000000000001
D062,11,3,3.47,3.94,0.93,1.85,0.46,8,11.81,19.91,198.59,0.4598,59.7,21.6,36.0,2127,46.0,5.2,6.7,17.5,431.9,13.4,2.7,86.4,7.6,100.0,5,31,0,night,northeast,False,True,-0.6500000000000004,-1.2800000000000011,-0.6999999999999997,173.0,-0.029600000000000015
D062,12,3,2.47,2.97,2.22,2.72,0.49,6,11.86,20.44,191.04,0.4722,51.2,18.0,35.5,1562,42.0,2.6,5.6,12.8,404.6,12.1,2.4,80.9,5.4,100.0,5,31,0,night,northeast,False,True,-3.26,0.9200000000000017,-0.7000000000000002,-331.0,0.021199999999999997
D062,13,3,1.81,4.93,1.31,2.47,0.49,4,12.0,17.05,239.71,0.3939,49.1,16.3,34.8,2289,47.0,6.8,6.6,18.9,608.5,14.7,3.7,152.1,9.0,100.0,4,31,0,night,northeast,False,True,-2.5,-4.099999999999998,0.30000000000000027,-603.0,-0.09460000000000002
D062,14,4,3.07,3.19,2.72,2.72,0.47,8,12.75,18.27,357.4,0.4221,49.1,16.1,37.5,2411,61.3,5.2,6.3,19.9,846.8,21.8,3.6,141.1,8.7,100.0,6,31,0,night,northeast,False,True,-1.7400000000000002,-2.3900000000000006,0.20000000000000018,-190.0,-0.05510000000000004
D062,15,4,3.11,2.36,2.12,2.74,0.37,9,11.57,20.34,377.59,0.4699,91.4,28.0,34.1,2791,57.7,6.3,6.2,23.0,803.6,21.6,3.6,133.9,8.8,100.0,6,31,0,night,northeast,False,True,-0.2400000000000002,0.4299999999999997,0.8999999999999999,664.0,0.010099999999999998
D062,16,4,4.39,4.07,2.82,1.57,1.57,5,14.72,17.06,125.8,0.3941,40.1,15.1,36.7,2449,64.7,5.3,6.1,20.2,319.2,10.8,3.6,106.4,8.7,100.0,3,31,0,night,northeast,False,True,2.860000000000001,-3.3800000000000026,1.2000000000000002,887.0,-0.0781
D062,17,4,3.07,4.61,1.28,1.28,0.26,7,11.01,20.25,182.61,0.4677,66.4,20.7,37.2,3275,72.0,8.0,7.2,26.9,390.4,11.0,3.7,130.1,9.7,100.0,3,31,0,night,northeast,False,True,-0.9900000000000002,3.1999999999999993,0.0,986.0,0.07380000000000003
D062,18,5,4.28,3.0,1.93,2.68,0.96,12,13.7,18.66,402.73,0.4311,64.2,21.4,38.2,2407,64.9,5.3,5.9,19.8,934.1,25.4,3.6,133.4,9.0,100.0,7,31,0,night,northeast,False,True,0.9499999999999993,0.39000000000000057,0.0,-4.0,0.009000000000000008
D062,19,5,2.76,3.09,2.6,2.93,1.14,8,13.66,17.31,245.95,0.3999,55.3,16.7,33.3,2294,46.0,4.5,6.6,18.9,615.0,16.6,2.8,102.5,7.2,100.0,6,31,0,night,northeast,False,True,2.09,-3.030000000000001,-0.8000000000000003,-497.0,-0.07
D062,20,5,3.3,3.9,2.1,2.4,1.2,9,14.1,20.72,319.13,0.4787,61.1,21.0,38.0,2469,68.0,6.2,6.2,20.3,666.6,21.0,3.5,111.1,8.7,100.0,6,31,0,night,northeast,False,True,-0.620000000000001,3.66,-0.10000000000000009,20.0,0.08460000000000001
D062,21,5,2.4,3.59,2.55,1.35,0.75,11,11.08,19.25,296.97,0.4448,64.6,22.8,41.1,2110,36.4,4.2,6.3,17.4,667.7,19.8,4.0,133.5,9.0,100.0,5,31,0,night,northeast,False,True,0.07000000000000028,-1.0,0.2999999999999998,-1165.0,-0.02290000000000003
D062,22,5,2.7,3.34,1.59,2.86,0.48,9,11.93,20.25,294.16,0.4678,97.6,27.8,36.7,2014,43.6,4.6,5.6,16.6,628.8,15.2,3.0,125.8,7.6,100.0,5,31,0,night,northeast,False,True,-1.7699999999999996,1.5899999999999999,-0.6000000000000001,-393.0,0.03670000000000001
D062,23,6,2.92,4.38,1.25,1.46,1.04,6,11.47,19.92,220.65,0.4601,74.5,22.5,27.8,2857,58.0,7.5,6.7,23.5,479.6,14.3,3.6,119.9,9.5,100.0,4,31,0,night,northeast,False,True,-2.1899999999999995,2.610000000000003,0.8000000000000003,563.0,0.06020000000000003
D062,24,6,4.11,2.35,1.76,1.17,1.17,3,11.14,14.96,58.9,0.3455,33.1,14.2,25.7,1431,30.0,2.0,5.8,11.8,170.5,4.6,2.3,85.2,5.5,100.0,2,31,0,night,northeast,False,True,-2.959999999999999,-5.759999999999998,-1.2000000000000002,-1038.0,-0.13320000000000004
D062,25,6,3.9,3.48,2.37,2.92,0.56,10,14.19,17.1,283.95,0.395,43.1,14.5,35.5,1299,30.3,5.7,7.3,10.7,718.8,17.8,3.0,119.8,7.3,100.0,6,31,0,night,northeast,False,True,3.1099999999999994,-2.1499999999999986,-1.0,-811.0,-0.049799999999999955
D062,26,6,3.35,3.61,1.16,3.22,0.77,4,12.77,19.29,345.41,0.4456,81.3,21.7,36.3,2212,45.7,5.5,6.5,18.2,775.2,21.1,3.5,129.2,9.0,100.0,6,31,0,night,northeast,False,True,0.8399999999999999,-0.9600000000000009,0.5,198.0,-0.022199999999999998
D063,1,1,2.03,1.25,2.18,1.87,0.31,8,8.89,20.58,304.9,0.4754,101.3,29.6,42.6,1769,32.0,2.8,5.4,14.6,641.3,17.7,3.5,128.3,7.8,87.2,5,41,5,rotating,northeast,True,False,,,,,
D063,2,1,2.46,1.34,1.79,2.23,0.22,4,9.38,20.96,216.91,0.4843,121.4,32.3,38.5,1643,28.5,5.8,6.9,13.5,447.9,12.0,3.0,112.0,7.5,53.3,4,41,5,rotating,northeast,True,False,,,,,
D063,3,1,1.15,1.15,1.15,1.15,0.0,0,6.13,24.69,148.9,0.5703,144.8,38.5,37.7,1698,34.0,2.0,5.3,13.9,261.1,7.3,2.4,87.0,6.0,33.3,3,41,5,rotating,northeast,True,False,,,,,
D063,4,1,2.01,0.89,0.78,1.34,0.45,6,7.27,20.28,418.76,0.4684,99.2,30.1,37.6,1904,41.7,4.6,6.3,15.7,894.0,23.5,3.4,127.7,8.3,37.9,7,41,5,rotating,northeast,True,False,,,,,
D063,5,2,1.9,0.73,1.9,1.75,0.44,7,9.35,22.56,356.83,0.5211,115.4,35.7,32.0,2865,62.8,7.6,6.5,23.6,684.8,20.8,4.2,137.0,10.2,60.8,5,41,5,rotating,northeast,True,False,0.4599999999999991,1.9800000000000004,0.7000000000000002,1096.0,0.04570000000000002
D063,6,2,2.09,1.9,2.28,3.05,0.19,2,11.61,20.59,249.87,0.4756,101.0,27.2,32.1,2933,64.0,3.7,5.3,24.1,525.4,13.1,4.4,175.1,10.7,68.8,3,41,5,rotating,northeast,True,False,2.2299999999999986,-0.370000000000001,1.4000000000000004,1290.0,-0.008699999999999986
D063,7,2,2.02,1.24,2.02,1.57,0.56,13,9.32,22.11,454.72,0.5108,137.9,35.4,32.7,2269,49.0,7.0,6.9,18.7,890.3,21.7,3.6,148.4,9.5,45.6,6,41,5,rotating,northeast,True,False,3.1900000000000004,-2.580000000000002,1.2000000000000002,571.0,-0.0595
D063,8,2,2.24,1.71,1.58,2.76,0.39,10,11.18,22.42,393.72,0.518,128.6,33.7,28.1,2318,58.4,3.8,5.6,19.1,760.1,18.6,3.7,152.0,9.0,57.8,5,41,5,rotating,northeast,True,False,3.91,2.1400000000000006,0.30000000000000027,414.0,0.04960000000000003
D063,9,3,3.07,1.54,1.92,1.66,0.51,12,12.67,19.75,356.43,0.4562,123.4,36.2,30.9,2175,44.8,6.0,6.7,17.9,781.3,19.1,3.8,156.3,9.2,69.6,5,41,5,rotating,northeast,True,False,3.3200000000000003,-2.8099999999999987,-0.40000000000000036,-690.0,-0.06490000000000001
D063,10,3,2.94,1.38,4.15,2.42,1.21,12,16.27,20.84,278.22,0.4814,128.2,39.8,39.9,2519,58.8,3.2,5.4,20.7,577.9,15.7,3.1,115.6,8.8,25.0,5,41,5,rotating,northeast,True,False,4.66,0.25,-1.3000000000000003,-414.0,0.005799999999999972
D063,11,3,4.69,0.67,3.57,3.35,1.12,5,18.96,24.81,256.9,0.5732,142.8,43.1,35.3,2928,83.5,5.8,6.2,24.1,448.2,14.0,3.5,112.0,9.0,69.4,4,41,5,rotating,northeast,True,False,9.64,2.6999999999999993,-0.10000000000000009,659.0,0.06240000000000001
D063,12,3,2.71,1.57,2.0,3.0,1.14,9,14.14,16.04,259.37,0.3705,76.7,23.7,36.9,1435,31.5,3.2,5.5,11.9,700.1,15.9,4.0,175.0,7.5,0.0,4,41,5,rotating,northeast,True,False,2.960000000000001,-6.380000000000003,0.2999999999999998,-883.0,-0.14750000000000002
D063,13,3,2.48,1.98,1.49,4.46,0.33,9,14.55,21.22,296.53,0.4902,106.6,34.3,37.0,1966,51.3,5.8,6.5,16.2,604.9,17.8,3.0,100.8,8.0,52.1,6,41,5,rotating,northeast,True,False,1.8800000000000008,1.4699999999999989,-0.7999999999999998,-209.0,0.03400000000000003
D063,14,4,4.32,4.32,3.7,0.62,0.62,1,15.42,20.12,75.35,0.4649,77.7,30.0,36.8,1951,43.0,4.0,6.7,16.0,162.1,5.5,2.7,81.0,6.5,0.0,2,41,5,rotating,northeast,True,False,-0.8499999999999996,-0.7199999999999989,-0.3999999999999999,-568.0,-0.016500000000000015
D064,1,1,0.0,0.32,0.21,0.53,0.11,2,2.66,12.49,271.03,0.2885,38.3,15.8,42.7,2018,49.3,4.3,6.1,16.6,939.4,20.8,3.5,156.6,8.7,100.0,6,43,3,night,northeast,False,True,,,,,
D064,2,1,0.89,0.0,0.89,0.0,0.89,0,2.66,17.18,44.7,0.397,70.0,29.6,30.4,1160,24.0,4.0,5.8,9.6,112.6,3.4,3.4,112.6,8.0,100.0,1,43,3,night,northeast,False,True,,,,,
D064,3,1,0.39,0.13,0.13,0.26,0.0,1,1.17,12.89,228.81,0.2977,53.9,20.9,37.8,1768,36.3,4.5,6.3,14.6,768.6,19.3,3.2,128.1,7.8,100.0,6,43,3,night,northeast,False,True,,,,,
D064,4,1,0.38,0.48,0.1,0.19,0.1,5,2.3,12.93,311.94,0.2986,35.1,16.0,35.6,2283,49.7,5.3,6.1,18.8,1044.6,25.9,4.3,174.1,9.0,100.0,6,43,3,night,northeast,False,True,,,,,
D064,5,2,0.24,0.12,0.12,0.72,0.12,1,2.05,12.21,233.66,0.2821,32.4,15.3,34.7,1459,30.7,3.8,5.9,12.0,828.3,20.1,3.3,138.0,8.0,100.0,6,43,3,night,northeast,False,True,-0.6100000000000003,-0.27999999999999936,-0.20000000000000018,-559.0,-0.006399999999999961
D064,6,2,0.43,0.28,0.28,0.43,0.0,1,1.99,15.34,249.73,0.3543,57.1,25.2,40.2,2238,49.7,4.0,5.8,18.4,704.9,21.2,3.0,100.7,7.7,100.0,7,43,3,night,northeast,False,True,-0.6700000000000002,-1.8399999999999999,-0.3999999999999999,1078.0,-0.042700000000000016
D064,7,2,0.0,0.83,0.0,1.24,0.41,3,2.49,15.54,86.53,0.3589,44.2,21.2,30.8,2231,42.0,6.0,6.6,18.4,241.1,7.5,3.8,120.6,10.0,100.0,2,43,3,night,northeast,False,True,1.3200000000000003,2.6499999999999986,0.5999999999999996,463.0,0.06119999999999998
D064,8,2,0.43,0.54,0.11,0.22,0.11,3,2.37,13.62,291.91,0.3147,30.3,13.1,34.5,1797,45.3,4.3,5.9,14.8,927.7,23.0,3.8,154.6,9.0,100.0,6,43,3,night,northeast,False,True,0.07000000000000028,0.6899999999999995,-0.5,-486.0,0.016100000000000003
D064,9,3,0.53,0.0,0.0,0.13,0.13,1,1.86,12.24,213.1,0.2827,34.3,16.5,35.0,1963,36.8,4.2,6.0,16.2,753.9,19.9,4.0,150.8,8.4,100.0,5,43,3,night,northeast,False,True,-0.18999999999999972,0.02999999999999936,0.7000000000000002,504.0,0.0005999999999999894
D064,10,3,0.72,0.14,0.29,0.14,0.14,3,2.16,11.83,190.02,0.2732,27.6,14.5,36.0,2180,37.0,3.0,5.8,17.9,695.6,18.1,3.0,115.9,6.8,100.0,6,43,3,night,northeast,False,True,0.17000000000000015,-3.51,0.0,-58.0,-0.0811
D064,11,3,0.45,0.23,0.23,0.23,0.0,1,2.48,11.47,117.35,0.2649,32.6,12.1,30.8,2156,49.3,6.0,5.7,17.8,443.0,10.6,3.5,147.7,9.7,100.0,3,43,3,night,northeast,False,True,-0.010000000000000231,-4.0699999999999985,-0.2999999999999998,-75.0,-0.09399999999999997
D064,12,3,0.25,0.5,0.25,0.25,0.13,0,1.89,12.53,229.73,0.2895,41.2,20.2,40.0,1938,45.0,5.5,6.1,16.0,793.5,21.0,3.5,132.2,8.5,100.0,6,43,3,night,northeast,False,True,-0.4800000000000002,-1.0899999999999999,-0.2999999999999998,141.0,-0.0252
D064,13,3,0.3,0.0,0.0,0.0,0.15,0,0.74,12.43,194.02,0.2872,44.2,23.1,34.3,2217,47.3,4.7,5.9,18.3,675.5,19.0,3.2,112.6,7.8,100.0,6,43,3,night,northeast,False,True,-1.12,0.1899999999999995,-0.7999999999999998,254.0,0.004500000000000004
D064,14,4,0.0,0.32,0.32,0.95,0.0,0,2.21,12.1,88.61,0.2794,33.2,15.9,35.1,1408,32.0,3.7,5.7,11.6,317.1,7.7,2.6,105.7,6.7,100.0,3,43,3,night,northeast,False,True,0.04999999999999982,0.2699999999999996,-0.3999999999999999,-772.0,0.006199999999999983
D064,15,4,0.5,0.5,0.25,0.0,0.0,0,2.0,12.81,118.62,0.2959,32.5,17.0,32.6,1718,32.0,4.0,6.7,14.2,400.9,11.2,2.8,100.2,7.0,100.0,4,43,3,night,northeast,False,True,-0.48,1.3399999999999999,-0.7000000000000002,-438.0,0.030999999999999972
D064,16,4,0.23,0.12,0.0,0.35,0.23,1,1.75,12.64,249.66,0.292,37.9,18.4,32.4,2271,50.0,5.0,6.1,18.7,855.1,21.9,3.1,122.2,8.1,100.0,7,43,3,night,northeast,False,True,-0.1399999999999999,0.11000000000000121,-0.3999999999999999,333.0,0.0025000000000000022
D064,17,4,0.14,0.42,0.28,0.28,0.28,0,3.08,13.9,229.61,0.3212,55.7,26.6,35.9,2568,69.7,4.8,5.7,21.2,714.9,21.8,3.6,119.2,9.2,100.0,6,43,3,night,northeast,False,True,2.34,1.4700000000000006,0.3999999999999999,351.0,0.033999999999999975
D064,18,5,0.0,0.15,0.46,0.15,0.15,1,1.85,13.9,208.2,0.3211,51.9,25.8,31.2,2346,55.0,7.3,6.8,19.3,648.4,20.3,3.4,108.1,8.2,100.0,6,43,3,night,northeast,False,True,-0.3599999999999999,1.8000000000000007,0.7999999999999998,938.0,0.041700000000000015
D064,19,5,0.34,0.34,0.0,0.17,0.0,0,1.55,12.08,162.32,0.279,35.4,19.8,27.8,2567,41.0,5.5,6.5,21.1,581.9,17.2,4.3,145.5,10.5,100.0,4,43,3,night,northeast,False,True,-0.44999999999999996,-0.7300000000000004,1.5,849.0,-0.01689999999999997
D064,20,5,0.3,0.3,0.15,0.6,0.0,3,2.25,13.41,206.58,0.3099,50.7,23.7,33.3,2906,68.0,5.4,5.5,24.0,666.7,19.6,3.9,133.3,10.4,100.0,5,43,3,night,northeast,False,True,0.5,0.7699999999999996,0.7999999999999998,635.0,0.017900000000000027
D064,21,5,0.14,0.0,0.0,0.28,0.0,0,1.41,10.85,178.01,0.2505,35.0,16.0,37.9,1246,28.8,3.2,5.9,10.3,710.5,16.0,3.2,142.1,8.0,100.0,5,43,3,night,northeast,False,True,-1.6700000000000002,-3.0500000000000007,-0.3999999999999999,-1322.0,-0.07069999999999999
D064,22,5,0.31,0.16,0.16,0.47,0.16,0,1.73,11.53,169.55,0.2663,42.0,22.1,39.2,2595,52.0,3.5,5.3,21.4,636.7,16.2,4.1,159.2,10.5,100.0,4,43,3,night,northeast,False,True,-0.1200000000000001,-2.370000000000001,0.6999999999999997,249.0,-0.054800000000000015
D064,23,6,0.41,0.41,0.0,0.14,0.0,1,2.34,12.68,213.26,0.2929,44.1,20.1,34.6,2582,64.0,7.2,6.9,21.3,728.0,18.0,4.5,182.0,11.0,100.0,4,43,3,night,northeast,False,True,0.7899999999999998,0.5999999999999996,0.20000000000000018,15.0,0.013899999999999968
D064,24,6,0.9,0.22,0.0,0.45,0.11,2,2.25,13.91,285.93,0.3214,70.3,28.6,34.0,2718,54.0,5.2,6.0,22.4,889.7,22.8,4.6,177.9,9.6,100.0,5,43,3,night,northeast,False,True,0.0,0.5,0.6999999999999997,-188.0,0.01150000000000001
D064,25,6,0.45,0.0,0.0,0.23,0.0,0,2.03,12.59,128.9,0.2908,46.2,24.0,38.9,2432,43.0,3.0,5.6,20.0,443.2,12.9,3.2,110.8,7.8,100.0,4,43,3,night,northeast,False,True,0.6199999999999999,1.7400000000000002,0.0,1186.0,0.0403
D064,26,6,0.27,0.53,0.27,0.53,0.53,1,2.14,12.55,108.48,0.29,54.1,22.6,40.0,1248,22.5,3.0,6.0,10.3,374.1,8.7,2.2,93.5,6.0,100.0,4,43,3,night,northeast,False,True,0.41000000000000014,1.0200000000000014,-1.8999999999999995,-1347.0,0.0237
D065,1,1,1.16,1.3,1.16,1.44,0.87,4,7.8,19.56,312.68,0.4517,119.8,29.1,41.0,1324,18.4,4.6,5.9,11.0,692.2,18.0,3.6,138.4,8.0,100.0,5,55,2,night,southeast,False,False,,,,,
D065,2,1,1.93,1.78,1.19,1.33,0.44,10,9.04,18.94,295.26,0.4375,82.8,22.6,35.8,1156,21.6,4.2,6.2,9.6,674.9,16.3,3.3,135.0,7.6,100.0,5,55,2,night,southeast,False,False,,,,,
D065,3,1,2.8,0.0,0.0,0.0,0.0,0,5.6,44.34,36.57,1.0243,368.2,65.0,20.0,1372,14.0,3.0,6.6,11.3,35.7,1.2,1.2,35.7,5.0,100.0,1,55,2,night,southeast,False,False,,,,,
D065,4,1,1.85,1.72,1.23,1.6,0.49,8,8.99,20.05,376.11,0.4631,120.9,33.6,30.9,2216,40.4,5.2,5.6,18.3,812.1,19.9,4.0,162.4,9.8,100.0,5,55,2,night,southeast,False,False,,,,,
D065,5,2,1.82,1.3,2.08,1.69,0.65,6,10.79,18.85,334.86,0.4355,95.5,26.7,34.3,1406,30.0,3.2,5.3,11.7,768.9,18.9,3.8,153.8,8.6,100.0,5,55,2,night,southeast,False,False,2.9899999999999993,-0.7099999999999973,0.19999999999999973,82.0,-0.016199999999999992
D065,6,2,1.9,0.32,1.26,1.42,0.95,4,8.54,17.11,250.08,0.3953,105.2,22.2,39.0,751,7.5,3.0,6.3,6.3,632.6,11.9,3.0,158.2,7.5,100.0,4,55,2,night,southeast,False,False,-0.5,-1.8300000000000018,-0.2999999999999998,-405.0,-0.042200000000000015
D065,7,2,2.43,1.11,0.66,2.21,0.89,4,10.4,19.69,205.47,0.4548,198.3,42.2,28.0,1275,13.0,8.0,6.8,10.6,451.8,8.7,4.4,225.9,10.0,100.0,2,55,2,night,southeast,False,False,4.800000000000001,-24.650000000000002,3.2,-97.0,-0.5695
D065,8,2,2.29,1.2,1.53,2.95,0.87,13,12.24,19.23,406.47,0.4441,98.7,26.4,31.2,1615,36.8,5.2,6.4,13.4,915.2,19.8,4.0,183.0,8.8,100.0,5,55,2,night,southeast,False,False,3.25,-0.8200000000000003,0.0,-601.0,-0.019000000000000017
D065,9,2,1.7,1.28,1.85,2.13,0.99,11,10.64,20.39,331.81,0.4709,108.9,30.1,35.0,2074,42.8,5.6,5.8,17.1,704.6,18.8,3.8,140.9,9.6,100.0,5,55,2,night,southeast,False,False,-0.14999999999999858,1.5399999999999991,0.0,668.0,0.03539999999999999
D065,10,3,1.62,1.38,2.19,2.27,0.65,11,11.1,20.02,570.69,0.4625,143.6,37.1,35.1,1445,24.9,6.7,6.4,12.0,1233.9,28.2,4.0,176.3,8.0,100.0,7,55,2,night,southeast,False,False,2.5600000000000005,2.91,1.0,694.0,0.06720000000000004
D065,11,3,2.91,1.79,1.79,1.79,0.47,6,11.19,16.82,413.17,0.3885,82.5,25.6,34.6,1576,33.0,4.3,5.3,13.1,1063.5,23.8,4.0,177.2,10.0,100.0,6,55,2,night,southeast,False,False,0.7899999999999991,-2.870000000000001,-0.40000000000000036,301.0,-0.06629999999999997
D065,12,3,2.67,1.34,2.17,1.5,0.0,7,10.68,17.94,248.32,0.4145,137.6,33.1,37.7,1174,19.0,5.5,6.3,9.8,599.1,13.3,3.3,149.8,8.0,100.0,4,55,2,night,southeast,False,False,-1.5600000000000005,-1.2899999999999991,-0.7000000000000002,-441.0,-0.029600000000000015
D065,13,3,2.54,1.54,1.91,2.0,0.64,20,11.08,18.44,468.86,0.4259,114.9,33.1,35.3,1146,21.7,3.4,5.5,9.5,1100.8,25.3,3.6,157.3,8.4,100.0,7,55,2,night,southeast,False,False,0.4399999999999995,-1.9499999999999993,-0.19999999999999973,-928.0,-0.044999999999999984
D065,14,4,3.47,0.82,2.45,1.63,1.22,9,13.68,19.93,225.57,0.4604,118.5,34.8,40.4,1185,30.5,4.0,6.0,9.8,489.9,12.0,3.0,122.5,7.0,100.0,4,55,2,night,southeast,False,False,2.58,-0.08999999999999986,-1.0,-260.0,-0.0021000000000000463
D065,15,4,3.76,1.55,2.59,2.07,1.04,11,14.38,19.46,346.94,0.4495,130.8,36.7,37.9,1815,32.0,4.8,6.0,15.0,771.9,18.1,3.6,154.4,9.0,100.0,5,55,2,night,southeast,False,False,3.1900000000000013,2.6400000000000006,-0.3999999999999999,239.0,0.061
D065,16,4,2.38,2.38,2.28,2.09,0.5,14,13.8,16.07,373.8,0.3712,64.6,20.8,31.1,1298,22.4,3.4,5.7,10.8,1006.9,21.8,4.4,201.4,8.6,100.0,5,55,2,night,southeast,False,False,3.120000000000001,-1.870000000000001,1.1000000000000005,124.0,-0.043300000000000005
D065,17,4,2.94,0.98,1.96,2.21,0.74,9,12.75,18.37,173.18,0.4245,122.1,30.7,32.7,1496,27.5,4.5,6.5,12.4,408.0,10.2,2.6,102.0,6.8,100.0,4,55,2,night,southeast,False,False,1.67,-0.07000000000000028,-1.0,350.0,-0.0014000000000000123
D065,18,4,1.8,1.5,3.31,1.8,0.6,4,11.72,20.9,160.59,0.4827,131.3,38.6,29.6,1498,30.7,3.0,5.8,12.4,332.7,8.5,2.8,110.9,7.7,100.0,3,55,2,night,southeast,False,False,-1.959999999999999,0.9699999999999989,-0.20000000000000018,313.0,0.022300000000000042
D065,19,5,3.09,2.39,2.25,1.12,0.42,8,12.79,19.37,318.43,0.4475,111.9,33.4,31.5,1538,32.0,5.5,6.5,12.7,711.6,17.4,2.9,118.6,8.0,100.0,6,55,2,night,southeast,False,False,-1.5900000000000016,-0.08999999999999986,-0.7000000000000002,-277.0,-0.0020000000000000018
D065,20,5,2.46,1.71,2.14,1.93,0.75,13,12.85,19.0,409.84,0.4389,143.0,35.8,28.8,1470,25.3,5.3,6.9,12.2,933.8,19.4,3.2,155.6,8.2,100.0,6,55,2,night,southeast,False,False,-0.9500000000000011,2.9299999999999997,-1.2000000000000002,172.0,0.06770000000000004
D065,21,5,2.54,1.58,1.58,2.54,0.96,20,13.93,16.75,441.72,0.387,81.9,25.4,31.8,1409,24.3,4.8,6.0,11.7,1141.5,25.0,4.2,190.2,9.8,100.0,6,55,2,night,southeast,False,False,1.1799999999999997,-1.620000000000001,1.6,-87.0,-0.03749999999999998
D065,22,5,1.93,1.61,2.68,1.93,0.54,14,12.42,17.5,377.71,0.4043,89.8,27.5,32.2,1443,33.2,6.4,7.3,12.0,934.3,20.9,4.2,186.9,10.2,100.0,5,55,2,night,southeast,False,False,0.6999999999999993,-3.3999999999999986,1.4000000000000004,-55.0,-0.07840000000000003
D065,23,6,2.83,1.65,1.53,1.65,1.18,15,11.68,21.07,412.68,0.4868,121.6,35.6,41.6,1549,29.7,5.7,6.4,12.8,847.8,21.8,3.6,141.3,8.5,100.0,6,55,2,night,southeast,False,False,-1.1099999999999994,1.6999999999999993,0.7000000000000002,11.0,0.0393
D065,24,6,2.76,1.84,1.29,1.84,0.37,4,10.51,17.89,224.16,0.4132,91.3,28.9,38.6,1241,23.5,5.0,7.3,10.3,542.5,12.8,3.2,135.6,7.8,100.0,4,55,2,night,southeast,False,False,-2.34,-1.1099999999999994,0.0,-229.0,-0.0257
D065,25,6,2.2,2.64,2.64,1.76,1.1,6,13.86,18.82,197.62,0.4347,100.9,30.1,35.9,1792,45.5,3.5,5.8,14.8,454.6,11.6,2.9,113.6,7.5,100.0,4,55,2,night,southeast,False,False,-0.07000000000000028,2.0700000000000003,-1.3000000000000003,383.0,0.047699999999999965
D065,26,6,3.58,1.99,1.19,1.99,1.19,3,13.91,23.05,133.96,0.5324,195.9,45.4,36.4,1512,31.0,4.0,5.7,12.5,251.6,6.1,3.1,125.8,7.5,100.0,2,55,2,night,southeast,False,False,1.4900000000000002,5.550000000000001,-1.1,69.0,0.1281
D066,1,1,0.77,0.15,0.15,0.0,0.0,0,1.23,15.08,227.26,0.3484,53.7,22.1,31.3,2430,56.0,5.4,6.0,20.1,652.3,16.9,3.4,130.5,9.0,0.0,5,30,1,day,northeast,True,False,,,,,
D066,2,1,0.34,0.11,0.0,0.79,0.23,5,2.14,12.46,255.3,0.2878,37.4,17.1,32.1,2129,34.3,6.0,6.5,17.6,887.0,23.1,3.8,147.8,9.2,0.0,6,30,1,day,northeast,True,False,,,,,
D066,3,1,0.36,0.0,0.0,0.36,0.0,2,1.43,13.88,179.19,0.3207,59.3,21.8,28.2,2243,62.5,4.8,5.6,18.5,558.7,12.4,3.1,139.7,9.8,0.0,4,30,1,day,northeast,True,False,,,,,
D066,4,1,1.07,0.0,0.0,0.8,0.0,3,2.41,15.08,260.52,0.3483,48.3,22.1,38.6,2460,50.0,4.7,6.3,20.2,748.0,21.7,3.1,106.9,7.7,0.0,7,30,1,day,northeast,True,False,,,,,
D066,5,2,0.9,0.18,0.36,0.18,0.18,2,2.51,11.35,146.06,0.2623,30.7,13.2,40.5,1353,20.0,2.0,5.2,11.2,556.9,12.0,3.0,139.2,6.8,0.0,4,30,1,day,northeast,True,False,1.2799999999999998,-3.7300000000000004,-0.3999999999999999,-1077.0,-0.08610000000000001
D066,6,2,0.38,0.0,0.38,0.25,0.0,1,1.65,14.36,261.4,0.3317,41.4,20.0,30.7,1973,48.7,5.5,6.0,16.3,788.0,23.1,3.8,131.3,9.3,0.0,6,30,1,day,northeast,True,False,-0.4900000000000002,1.8999999999999986,0.0,-156.0,0.043899999999999995
D066,7,2,0.38,0.0,0.0,0.38,0.38,0,1.52,15.44,93.81,0.3567,62.7,24.6,40.3,3351,67.0,6.5,5.5,27.5,263.0,6.6,3.3,131.5,9.5,0.0,2,30,1,day,northeast,True,False,0.09000000000000008,1.5599999999999987,0.19999999999999973,1108.0,0.03600000000000003
D066,8,2,0.87,0.0,0.25,0.37,0.0,3,1.87,13.07,242.5,0.3019,44.4,19.4,30.0,2164,53.2,4.6,6.2,17.8,803.3,19.9,4.0,160.7,9.6,0.0,5,30,1,day,northeast,True,False,-0.54,-2.01,0.8999999999999999,-296.0,-0.0464
D066,9,2,0.35,0.35,0.17,0.17,0.35,1,2.24,12.86,172.21,0.2972,43.9,19.9,31.9,2277,51.5,3.8,5.3,18.8,579.5,15.8,3.9,144.9,9.5,0.0,4,30,1,day,northeast,True,False,-0.2699999999999996,1.5099999999999998,0.8999999999999999,924.0,0.03490000000000004
D066,10,3,0.3,0.3,0.6,0.15,0.0,3,2.39,13.21,204.25,0.3051,52.2,24.6,34.7,1941,43.7,5.2,6.7,16.0,669.4,17.6,2.9,111.6,8.2,0.0,6,30,1,day,northeast,True,False,0.7400000000000002,-1.1499999999999986,-0.8999999999999999,-32.0,-0.026600000000000013
D066,11,3,0.28,0.56,0.0,0.28,0.14,0,1.98,12.66,207.3,0.2925,40.8,19.8,38.4,2455,60.0,5.0,6.2,20.2,708.7,18.3,3.7,141.7,8.6,0.0,5,30,1,day,northeast,True,False,0.45999999999999996,-2.7799999999999994,0.40000000000000036,-896.0,-0.06420000000000003
D066,12,3,0.21,0.0,0.21,0.0,0.0,0,0.86,13.19,141.88,0.3047,35.4,16.9,33.8,2548,51.0,3.8,5.6,21.0,465.7,13.2,3.3,116.4,8.5,0.0,4,30,1,day,northeast,True,False,-1.0100000000000002,0.11999999999999922,-0.7000000000000002,384.0,0.0028000000000000247
D066,13,3,0.24,0.24,0.49,0.24,0.0,0,1.46,13.83,131.02,0.3195,57.4,27.3,35.3,1429,27.0,2.2,5.6,11.8,410.1,11.2,2.8,102.5,6.2,0.0,4,30,1,day,northeast,True,False,-0.7800000000000002,0.9700000000000006,-1.1,-848.0,0.022299999999999986
D066,14,4,0.47,0.16,0.0,0.16,0.16,1,1.55,12.52,186.19,0.2891,53.5,22.6,40.7,1943,52.8,5.2,6.1,16.0,644.0,16.6,3.3,128.8,9.6,0.0,5,30,1,day,northeast,True,False,-0.8400000000000001,-0.6900000000000013,0.3999999999999999,2.0,-0.01599999999999996
D066,15,4,0.61,0.0,0.31,0.31,0.0,1,1.84,14.16,106.81,0.327,52.6,27.2,26.8,3270,93.3,6.0,5.9,26.9,326.6,10.9,3.6,108.9,11.3,0.0,3,30,1,day,northeast,True,False,-0.1399999999999999,1.5,-0.10000000000000009,815.0,0.03450000000000003
D066,16,4,0.58,0.12,0.23,0.35,0.12,2,1.96,12.18,244.42,0.2813,46.5,21.6,33.0,2410,39.3,5.3,6.1,19.8,868.8,22.8,3.8,144.8,9.7,0.0,6,30,1,day,northeast,True,False,1.1,-1.0099999999999998,0.5,-138.0,-0.023400000000000032
D066,17,4,0.25,0.25,0.25,0.25,0.0,1,2.51,12.52,115.11,0.2893,45.0,24.1,36.4,1578,33.5,4.2,6.0,13.0,397.9,11.9,3.0,99.5,8.8,0.0,4,30,1,day,northeast,True,False,1.0499999999999998,-1.3100000000000005,0.20000000000000018,149.0,-0.030200000000000005
D066,18,5,0.0,0.18,0.0,0.0,0.18,0,0.7,14.14,185.61,0.3267,50.1,24.5,36.7,2893,72.0,5.6,6.1,23.8,568.1,16.9,3.4,113.6,9.4,0.0,5,30,1,day,northeast,True,False,-0.8500000000000001,1.620000000000001,0.10000000000000009,950.0,0.03759999999999997
D066,19,5,0.81,0.16,0.33,0.16,0.16,3,2.12,12.84,182.0,0.2966,48.5,20.7,32.2,2194,42.0,4.5,5.9,18.1,613.6,14.0,3.5,153.4,9.2,0.0,4,30,1,day,northeast,True,False,0.28,-1.3200000000000003,-0.10000000000000009,-1076.0,-0.030400000000000038
D066,20,5,0.63,0.32,0.32,0.11,0.11,1,2.43,11.95,261.77,0.276,50.1,21.9,36.1,1814,47.4,5.0,6.4,15.0,948.4,23.1,3.3,135.5,7.4,0.0,7,30,1,day,northeast,True,False,0.4700000000000002,-0.23000000000000043,-0.5,-596.0,-0.005299999999999971
D066,21,5,0.38,0.38,0.0,0.57,0.19,2,2.11,11.63,140.26,0.2688,32.2,15.0,30.6,2286,60.7,6.0,5.6,18.9,521.9,12.4,4.1,174.0,9.7,0.0,3,30,1,day,northeast,True,False,-0.3999999999999999,-0.8899999999999988,1.0999999999999996,708.0,-0.020500000000000018
D066,22,5,0.83,0.21,0.21,0.21,0.0,1,2.29,12.05,133.84,0.2783,28.8,15.1,38.3,1980,34.5,5.5,7.0,16.3,481.0,12.6,3.2,120.2,7.0,0.0,4,30,1,day,northeast,True,False,1.59,-2.09,-0.19999999999999973,-913.0,-0.0484
D066,23,6,0.67,0.0,0.13,0.4,0.0,0,1.34,12.69,218.83,0.2931,37.7,17.6,32.4,2359,57.3,5.2,7.0,19.4,746.6,18.6,3.1,124.4,8.2,0.0,6,30,1,day,northeast,True,False,-0.78,-0.15000000000000036,-0.3999999999999999,165.0,-0.0034999999999999476
D066,24,6,0.48,0.12,0.24,0.24,0.24,2,1.8,13.93,267.61,0.3218,55.9,26.9,35.2,2392,55.7,5.5,6.2,19.7,831.6,23.7,4.0,138.6,9.3,0.0,6,30,1,day,northeast,True,False,-0.6300000000000001,1.9800000000000004,0.7000000000000002,578.0,0.04579999999999995
D066,25,6,0.54,0.36,0.0,0.18,0.36,0,1.98,13.3,170.59,0.3073,51.7,23.0,37.1,3154,61.0,6.2,6.7,25.9,555.1,14.7,3.7,138.8,9.8,0.0,4,30,1,day,northeast,True,False,-0.1299999999999999,1.67,-0.39999999999999947,868.0,0.038500000000000034
D066,26,6,0.54,0.54,0.54,0.18,0.0,0,2.18,10.8,137.49,0.2496,42.8,22.0,34.8,2500,42.5,6.5,6.3,20.6,550.9,13.8,3.4,137.7,9.5,0.0,4,30,1,day,northeast,True,False,-0.10999999999999988,-1.25,0.19999999999999973,520.0,-0.028700000000000003
D067,1,1,3.52,4.62,2.42,2.2,1.32,15,15.28,19.54,410.6,0.4513,49.3,13.4,36.5,1344,31.7,4.5,6.1,11.1,909.9,21.0,3.5,151.6,8.3,68.0,6,37,0,rotating,southeast,False,False,,,,,
D067,2,1,3.96,3.46,3.13,3.3,0.49,10,15.17,19.62,274.84,0.4533,49.9,14.4,39.2,1472,40.8,5.2,6.6,12.2,606.3,14.4,2.9,121.3,7.4,78.4,5,37,0,rotating,southeast,False,False,,,,,
D067,3,1,4.18,3.24,3.78,2.43,0.27,13,15.64,19.92,341.23,0.4601,69.4,18.6,33.6,1297,18.0,6.0,7.3,10.8,741.6,16.8,3.4,148.3,7.8,87.2,5,37,0,rotating,southeast,False,False,,,,,
D067,4,1,3.5,2.96,2.42,3.5,1.08,4,14.27,20.66,177.22,0.4773,82.3,19.8,40.8,2032,34.0,7.5,7.0,16.8,371.3,7.8,3.9,185.6,10.5,0.0,2,37,0,rotating,southeast,False,False,,,,,
D067,5,2,2.46,1.85,2.46,3.69,0.62,0,12.93,15.22,57.1,0.3516,12.6,3.2,41.7,416,10.0,1.0,4.5,3.5,162.4,2.6,2.6,162.4,6.0,100.0,1,37,0,rotating,southeast,False,False,-2.3499999999999996,-4.3199999999999985,-0.8999999999999999,-928.0,-0.09969999999999996
D067,6,2,5.4,2.09,2.61,2.61,1.22,7,14.45,17.12,227.17,0.3956,65.8,15.7,37.0,1290,20.5,3.8,5.8,10.7,574.3,13.0,3.3,143.6,7.2,100.0,4,37,0,rotating,southeast,False,False,-0.7200000000000006,-2.5,0.3999999999999999,-182.0,-0.057699999999999974
D067,7,2,2.58,3.3,3.16,3.01,0.14,11,13.48,20.84,335.57,0.4813,64.8,17.6,31.0,1445,29.6,5.6,6.3,12.0,697.2,16.4,3.3,139.4,8.4,66.7,5,37,0,rotating,southeast,False,False,-2.16,0.9199999999999982,-0.10000000000000009,148.0,0.021199999999999997
D067,8,2,4.44,3.15,3.33,2.78,0.0,6,14.25,17.71,221.09,0.4092,40.7,12.6,40.7,1261,14.5,4.0,5.2,10.5,540.3,12.6,3.1,135.1,8.0,46.9,4,37,0,rotating,southeast,False,False,-0.019999999999999574,-2.9499999999999993,-0.7999999999999998,-771.0,-0.0681
D067,9,2,2.99,3.8,2.88,1.96,1.04,7,13.12,18.64,374.24,0.4306,71.8,20.9,35.4,1621,38.7,5.8,6.2,13.4,869.1,22.0,3.7,144.8,8.8,54.7,6,37,0,rotating,southeast,False,False,0.1899999999999995,3.42,1.1,1205.0,0.07899999999999996
D067,10,3,3.8,3.02,3.36,3.47,0.45,10,14.88,16.41,338.69,0.379,39.9,13.3,42.1,1461,30.7,4.7,6.1,12.1,893.6,21.3,3.5,148.9,8.7,61.5,6,37,0,rotating,southeast,False,False,0.4300000000000015,-0.7100000000000009,0.20000000000000018,171.0,-0.016600000000000004
D067,11,3,5.65,4.52,2.48,3.16,0.9,6,17.16,16.78,171.61,0.3876,47.7,18.1,38.4,1459,15.5,4.2,5.6,12.1,442.8,12.4,3.1,110.7,7.5,50.0,4,37,0,rotating,southeast,False,False,3.6799999999999997,-4.059999999999999,-0.19999999999999973,14.0,-0.0937
D067,12,3,3.01,3.21,3.21,3.41,0.8,2,14.43,18.37,211.69,0.4244,54.0,16.9,37.5,1741,22.7,5.3,6.5,14.4,498.8,12.8,4.3,166.3,9.3,35.7,3,37,0,rotating,southeast,False,False,0.17999999999999972,0.6600000000000001,1.1999999999999997,480.0,0.015199999999999991
D067,13,3,4.12,2.85,3.59,3.17,0.74,19,15.54,17.47,381.82,0.4035,43.4,14.4,32.5,1517,30.3,4.4,6.3,12.6,946.2,24.1,3.4,135.2,8.6,56.7,7,37,0,rotating,southeast,False,False,2.42,-1.1700000000000017,-0.30000000000000027,-104.0,-0.027099999999999957
D067,14,4,4.89,2.75,2.84,2.04,1.42,23,15.55,15.71,408.43,0.3629,51.4,16.6,31.2,1254,15.7,5.6,6.7,10.4,1125.5,25.2,3.6,160.8,8.9,54.8,7,37,0,rotating,southeast,False,False,0.6699999999999999,-0.6999999999999993,0.10000000000000009,-207.0,-0.016100000000000003
D067,15,4,2.89,3.13,3.5,2.89,1.09,13,14.35,17.88,342.53,0.413,57.1,18.4,38.0,1760,33.2,5.4,6.0,14.6,829.4,20.9,4.2,165.9,10.4,78.8,5,37,0,rotating,southeast,False,False,-2.8100000000000005,1.0999999999999979,1.1,301.0,0.025399999999999978
D067,16,4,5.45,2.64,3.3,2.97,0.66,3,16.01,15.94,223.15,0.3682,30.1,10.1,45.7,1088,25.3,7.0,8.1,9.0,606.0,14.4,4.8,202.0,8.7,0.0,3,37,0,rotating,southeast,False,False,1.5800000000000018,-2.4300000000000015,0.5,-653.0,-0.05619999999999997
D067,17,4,4.18,4.07,3.16,2.85,1.32,14,17.01,16.66,377.85,0.3849,59.4,17.3,35.4,1393,23.0,4.7,6.4,11.5,981.6,20.9,3.5,163.6,8.2,34.7,6,37,0,rotating,southeast,False,False,1.4700000000000024,-0.8099999999999987,0.10000000000000009,-124.0,-0.018600000000000005
D067,18,5,2.66,3.55,3.02,1.95,0.53,15,12.78,18.69,243.1,0.4316,87.2,23.0,44.0,953,10.5,3.8,6.0,7.9,563.2,12.0,3.0,140.8,7.2,44.8,4,37,0,rotating,southeast,False,False,-2.7700000000000014,2.9800000000000004,-0.6000000000000001,-301.0,0.06869999999999998
D067,19,5,5.8,3.18,3.04,2.9,0.83,15,17.27,17.46,291.89,0.4034,60.7,18.2,30.0,1234,20.4,4.6,5.8,10.2,723.6,16.0,3.2,144.7,7.2,83.3,5,37,0,rotating,southeast,False,False,2.92,-0.41999999999999815,-1.0,-526.0,-0.009599999999999997
D067,20,5,4.18,3.74,3.74,2.86,0.66,12,15.84,18.11,190.18,0.4184,68.2,20.9,23.7,1031,25.5,3.0,6.4,8.6,454.6,10.7,2.7,113.6,7.2,27.6,4,37,0,rotating,southeast,False,False,-0.1700000000000017,2.17,-2.0999999999999996,-57.0,0.05019999999999997
D067,21,5,3.98,3.41,2.84,1.99,0.28,7,13.92,19.39,315.34,0.4479,79.8,23.8,30.9,1315,23.6,5.6,6.4,10.9,704.0,17.4,3.5,140.8,8.2,41.5,5,37,0,rotating,southeast,False,False,-3.0900000000000016,2.7300000000000004,0.0,-78.0,0.063
D067,22,5,2.76,4.71,3.74,2.92,1.14,13,16.25,17.11,243.2,0.3952,62.0,15.5,36.7,1150,24.0,3.0,5.2,9.5,615.4,12.1,3.0,153.8,7.8,83.9,4,37,0,rotating,southeast,False,False,3.4700000000000006,-1.5800000000000018,0.0,197.0,-0.03639999999999999
D067,23,6,2.7,2.7,3.93,1.47,0.98,8,13.25,15.34,288.7,0.3543,36.0,9.4,31.6,1381,26.0,4.0,5.7,11.4,814.8,16.8,4.2,203.7,7.8,45.2,4,37,0,rotating,southeast,False,False,-4.02,-2.120000000000001,1.0,147.0,-0.04909999999999998
D067,24,6,4.54,4.42,2.99,2.63,1.08,14,15.9,16.5,318.78,0.3811,41.2,11.5,32.5,1064,17.2,3.4,5.3,8.9,836.5,16.9,3.4,167.3,7.2,25.0,5,37,0,rotating,southeast,False,False,0.0600000000000005,-1.6099999999999994,0.6999999999999997,33.0,-0.0373
D067,25,6,4.24,2.83,3.68,2.26,0.57,9,14.42,17.38,141.97,0.4014,58.6,19.4,36.4,1420,24.0,4.0,5.7,11.8,353.7,8.7,2.9,117.9,7.7,0.0,3,37,0,rotating,southeast,False,False,0.5,-2.0100000000000016,-0.6000000000000001,105.0,-0.04650000000000004
D067,26,6,4.84,3.39,3.63,2.18,0.6,14,15.72,17.05,325.59,0.3938,47.1,14.6,31.4,1557,21.2,4.0,6.1,12.9,826.9,19.5,3.9,165.4,8.8,47.7,5,37,0,rotating,southeast,False,False,-0.5299999999999994,-0.05999999999999872,0.8999999999999999,407.0,-0.0014000000000000123
D068,1,1,0.77,1.01,0.7,0.62,0.31,5,4.87,13.21,394.57,0.305,31.6,8.5,34.1,810,9.2,2.0,5.3,6.7,1293.5,20.4,4.1,258.7,8.0,0.0,5,44,0,day,midwest,False,True,,,,,
D068,2,1,1.1,0.59,0.59,0.51,0.51,10,4.4,14.71,463.46,0.3398,46.2,13.3,31.5,827,10.0,3.7,5.9,6.9,1364.0,23.9,4.0,227.3,8.5,0.0,6,44,0,day,midwest,False,True,,,,,
D068,3,1,0.59,0.69,0.49,0.98,0.29,3,4.81,12.73,299.4,0.2941,46.1,14.1,34.7,946,14.8,3.0,5.5,7.9,1018.1,18.5,3.7,203.6,9.0,0.0,5,44,0,day,midwest,False,True,,,,,
D068,4,1,0.8,1.66,0.6,0.8,0.2,12,5.77,14.03,488.22,0.3241,45.6,12.7,31.4,889,11.1,3.7,5.9,7.4,1506.5,26.4,3.8,215.2,9.7,0.0,7,44,0,day,midwest,False,True,,,,,
D068,5,2,1.05,1.32,0.26,1.05,0.26,5,5.62,13.18,346.64,0.3044,67.4,17.2,31.6,911,14.5,6.0,6.7,7.6,1138.9,16.7,4.2,284.7,9.2,0.0,4,44,0,day,midwest,False,True,0.75,-0.030000000000001137,0.10000000000000053,101.0,-0.0005999999999999894
D068,6,2,1.29,0.83,1.29,1.14,0.3,10,5.9,14.7,448.58,0.3395,51.3,14.2,32.8,670,4.3,2.8,5.6,5.6,1321.4,22.4,3.7,220.2,8.8,0.0,6,44,0,day,midwest,False,True,1.5,-0.010000000000001563,-0.2999999999999998,-157.0,-0.00029999999999996696
D068,7,2,0.95,1.59,0.53,0.42,0.64,7,6.04,14.58,317.83,0.3368,43.8,13.1,38.4,838,15.0,3.8,5.3,7.0,943.6,17.6,4.4,235.9,9.5,0.0,4,44,0,day,midwest,False,True,1.2300000000000004,1.8499999999999996,0.7000000000000002,-108.0,0.042700000000000016
D068,8,2,1.07,1.07,0.58,0.99,0.33,7,4.94,13.77,386.51,0.3181,48.9,15.4,37.7,1708,24.4,5.6,6.1,14.1,1214.9,22.6,4.5,243.0,9.6,0.0,5,44,0,day,midwest,False,True,-0.8299999999999992,-0.2599999999999998,0.7000000000000002,819.0,-0.006000000000000005
D068,9,2,1.18,1.42,0.47,0.55,0.16,4,5.44,13.35,391.48,0.3084,38.0,11.2,32.7,873,16.4,5.4,6.7,7.3,1269.3,22.3,4.5,253.9,9.8,0.0,5,44,0,day,midwest,False,True,-0.17999999999999972,0.16999999999999993,0.2999999999999998,-38.0,0.0040000000000000036
D068,10,3,1.84,1.33,0.61,0.92,0.1,7,6.34,14.26,321.94,0.3293,58.4,17.8,37.5,988,18.7,2.5,6.1,8.2,977.6,17.9,3.0,162.9,6.8,0.0,6,44,0,day,midwest,False,True,0.4399999999999995,-0.4399999999999995,-0.7000000000000002,318.0,-0.010200000000000042
D068,11,3,1.11,1.48,0.19,0.37,0.37,4,5.18,12.4,154.82,0.2865,57.5,18.0,36.5,770,3.3,3.0,6.0,6.4,540.3,9.0,3.0,180.1,8.0,0.0,3,44,0,day,midwest,False,True,-0.8600000000000003,-2.1799999999999997,-1.4000000000000004,-68.0,-0.05030000000000001
D068,12,3,1.31,1.51,0.2,0.81,0.4,8,5.65,12.23,280.06,0.2826,50.2,14.9,34.1,737,4.0,6.0,7.3,6.2,991.0,16.0,4.0,247.8,8.8,0.0,4,44,0,day,midwest,False,True,0.71,-1.5399999999999991,-0.5,-971.0,-0.035499999999999976
D068,13,3,0.73,0.4,0.56,0.81,0.16,4,3.79,11.9,341.19,0.275,46.6,12.8,37.0,623,8.4,4.2,6.2,5.3,1240.8,20.3,4.1,248.2,10.0,0.0,5,44,0,day,midwest,False,True,-1.6500000000000004,-1.4499999999999993,-0.40000000000000036,-250.0,-0.033399999999999985
D068,14,4,1.18,1.25,0.48,0.55,0.21,5,4.99,12.61,420.42,0.2913,57.0,17.0,32.3,552,4.0,3.8,6.3,4.7,1443.3,23.9,4.0,240.6,8.5,0.0,6,44,0,day,midwest,False,True,-1.3499999999999996,-1.6500000000000004,1.0,-436.0,-0.03799999999999998
D068,15,4,1.02,1.46,0.44,0.87,0.15,3,4.95,12.68,201.2,0.293,58.0,16.8,32.9,848,14.0,2.7,5.5,7.1,686.8,10.6,3.5,228.9,8.3,0.0,3,44,0,day,midwest,False,True,-0.22999999999999954,0.27999999999999936,0.5,78.0,0.006500000000000006
D068,16,4,1.4,1.13,0.73,0.6,0.27,11,5.38,11.72,407.41,0.2707,35.9,11.2,33.3,864,15.2,4.0,6.4,7.2,1505.0,23.6,4.7,301.0,9.0,0.0,5,44,0,day,midwest,False,True,-0.27000000000000046,-0.5099999999999998,0.7000000000000002,127.0,-0.011900000000000022
D068,17,4,0.99,0.44,0.66,0.99,0.0,5,5.26,11.01,232.13,0.2543,26.7,7.8,35.5,393,5.0,2.2,6.1,3.3,912.7,13.1,3.3,228.2,8.0,0.0,4,44,0,day,midwest,False,True,1.4699999999999998,-0.8900000000000006,-0.7999999999999998,-230.0,-0.020699999999999996
D068,18,5,1.66,0.83,0.55,0.9,0.28,5,5.54,13.01,434.33,0.3006,54.1,16.2,36.7,809,15.0,2.8,6.0,6.7,1445.0,24.1,4.0,240.8,9.0,0.0,6,44,0,day,midwest,False,True,0.5499999999999998,0.40000000000000036,0.0,257.0,0.009299999999999975
D068,19,5,0.36,0.72,0.48,0.6,0.12,1,3.71,12.73,245.53,0.2941,51.7,16.9,30.9,1076,19.2,5.6,7.1,8.9,834.8,15.8,3.2,167.0,7.2,0.0,5,44,0,day,midwest,False,True,-1.2400000000000002,0.05000000000000071,-0.2999999999999998,228.0,0.0010999999999999899
D068,20,5,0.9,1.23,0.34,1.01,0.11,7,4.71,12.54,258.1,0.2896,51.6,15.5,27.0,610,2.5,3.5,6.3,5.1,891.2,14.2,3.5,222.8,8.5,0.0,4,44,0,day,midwest,False,True,-0.6699999999999999,0.8199999999999985,-1.2000000000000002,-254.0,0.018900000000000028
D068,21,5,0.77,1.43,0.55,0.88,0.11,4,5.18,12.95,271.33,0.2993,75.1,19.0,30.3,584,8.4,3.4,7.2,4.9,906.7,14.8,3.0,181.3,7.4,0.0,5,44,0,day,midwest,False,True,-0.08000000000000007,1.9399999999999995,-0.2999999999999998,191.0,0.044999999999999984
D068,22,5,0.87,1.24,0.36,1.02,0.29,7,5.31,12.99,412.45,0.3001,56.0,17.3,39.7,922,22.0,4.0,6.6,7.7,1374.4,23.7,3.9,229.1,8.5,0.0,6,44,0,day,midwest,False,True,-0.23000000000000043,-0.019999999999999574,-0.10000000000000009,113.0,-0.0005000000000000004
D068,23,6,0.94,0.39,0.62,1.41,0.08,11,5.15,12.53,370.57,0.2894,45.8,14.6,33.9,667,12.3,3.7,6.7,5.6,1280.6,22.4,3.2,182.9,7.1,0.0,7,44,0,day,midwest,False,True,1.4400000000000004,-0.20000000000000107,0.0,-409.0,-0.004699999999999982
D068,24,6,0.55,0.97,0.55,1.52,0.41,3,5.52,13.08,219.03,0.3021,51.4,15.9,29.2,648,9.5,3.5,7.1,5.4,725.1,12.2,3.1,181.3,6.2,0.0,4,44,0,day,midwest,False,True,0.8099999999999996,0.5400000000000009,-0.3999999999999999,38.0,0.012499999999999956
D068,25,6,1.36,1.18,1.0,0.82,0.36,12,6.44,11.94,303.95,0.2758,36.8,11.3,36.0,443,7.2,2.8,6.8,3.7,1101.9,17.9,3.6,220.4,7.2,0.0,5,44,0,day,midwest,False,True,1.2600000000000007,-1.0099999999999998,0.6000000000000001,-141.0,-0.02350000000000002
D068,26,6,1.47,0.96,0.58,0.83,0.26,8,5.5,11.4,411.73,0.2633,40.1,13.9,33.9,973,12.3,3.3,5.9,8.1,1563.9,27.7,4.0,223.4,9.1,0.0,7,44,0,day,midwest,False,True,0.1900000000000004,-1.5899999999999999,0.10000000000000009,51.0,-0.0368
D069,1,1,1.5,0.75,1.35,0.6,0.3,2,5.09,15.76,242.99,0.364,57.1,19.0,32.8,2026,38.5,3.5,5.4,16.7,667.5,16.2,4.0,166.9,9.0,66.7,4,62,2,rotating,northeast,True,False,,,,,
D069,2,1,1.86,0.7,0.7,0.23,0.0,2,4.66,22.43,222.57,0.5181,118.3,36.1,35.6,1962,48.0,3.6,5.9,16.2,429.6,12.2,2.4,85.9,7.6,36.8,5,62,2,rotating,northeast,True,False,,,,,
D069,3,1,1.5,0.3,0.9,0.3,0.9,2,4.79,19.39,149.46,0.4479,71.0,24.4,26.7,2419,51.3,6.3,6.8,19.9,333.7,9.3,3.1,111.2,8.3,64.0,3,62,2,rotating,northeast,True,False,,,,,
D069,4,1,0.93,0.27,0.66,0.53,0.27,3,3.59,17.5,304.27,0.4043,54.9,20.8,34.1,1900,46.9,4.4,6.7,15.6,752.5,21.0,3.0,107.5,7.6,43.4,7,62,2,rotating,northeast,True,False,,,,,
D069,5,1,1.22,0.92,1.22,1.53,0.0,0,6.42,21.79,164.75,0.5034,82.8,28.4,35.7,2366,41.0,5.0,6.3,19.5,327.3,10.4,2.6,81.8,7.8,61.3,4,62,2,rotating,northeast,True,False,1.33,6.029999999999999,-1.4,340.0,0.13939999999999997
D069,6,2,1.41,0.54,0.98,1.41,0.11,8,5.66,17.79,377.87,0.411,83.8,25.5,33.8,2325,49.7,6.0,6.5,19.2,919.5,21.6,3.6,153.2,8.8,22.6,6,62,2,rotating,northeast,True,False,1.0,-4.640000000000001,1.2000000000000002,363.0,-0.10710000000000003
D069,7,2,2.05,0.57,1.14,0.57,0.34,2,5.8,16.79,341.12,0.3879,57.0,19.5,38.9,2463,66.4,4.6,5.8,20.3,879.4,21.7,4.3,175.9,10.4,100.0,5,62,2,rotating,northeast,True,False,1.0099999999999998,-2.6000000000000014,1.1999999999999997,44.0,-0.06
D069,8,2,0.94,0.94,1.51,1.7,0.38,4,6.61,19.85,242.94,0.4586,88.9,30.7,30.5,3117,79.0,5.5,5.9,25.6,529.7,15.2,3.8,132.4,10.0,20.0,4,62,2,rotating,northeast,True,False,3.0200000000000005,2.3500000000000014,0.7999999999999998,1217.0,0.054300000000000015
D069,9,2,1.22,0.85,0.61,0.61,0.12,2,4.14,15.67,296.88,0.3619,78.7,26.0,36.7,1734,32.3,3.6,6.1,14.3,820.4,21.2,3.0,117.2,7.6,52.8,7,62,2,rotating,northeast,True,False,-2.2800000000000002,-6.119999999999999,0.3999999999999999,-632.0,-0.14149999999999996
D069,10,3,2.8,1.23,0.35,0.35,0.18,4,6.13,16.87,222.57,0.3898,64.7,26.0,38.3,1755,43.2,3.2,5.5,14.5,571.0,16.2,3.2,114.2,7.6,57.9,5,62,2,rotating,northeast,True,False,0.46999999999999975,-0.9199999999999982,-0.3999999999999999,-570.0,-0.021199999999999997
D069,11,3,1.36,0.54,0.82,0.68,0.14,2,4.76,14.77,250.64,0.3411,44.5,19.5,26.5,1859,35.2,3.6,5.3,15.3,734.7,20.2,4.0,146.9,9.0,0.0,5,62,2,rotating,northeast,True,False,-1.04,-2.0199999999999996,-0.2999999999999998,-604.0,-0.04680000000000001
D069,12,3,1.11,0.55,0.55,0.55,0.0,1,3.88,14.56,121.39,0.3364,33.1,14.2,27.1,1378,36.0,3.0,5.8,11.4,360.8,9.4,3.1,120.3,7.3,0.0,3,62,2,rotating,northeast,True,False,-2.7300000000000004,-5.290000000000001,-0.6999999999999997,-1739.0,-0.12220000000000003
D069,13,3,2.11,0.65,1.46,0.81,0.16,1,5.99,16.73,238.55,0.3865,64.1,25.1,38.3,1871,40.4,4.4,6.2,15.4,617.2,16.9,3.4,123.4,8.2,46.3,5,62,2,rotating,northeast,True,False,1.8500000000000005,1.0600000000000005,0.3999999999999999,137.0,0.02460000000000001
D069,14,4,1.39,0.56,0.42,0.97,0.56,3,5.15,17.6,292.1,0.4065,78.9,30.4,35.1,2539,59.7,5.3,6.1,20.9,718.6,20.9,3.5,119.8,8.2,55.1,6,62,2,rotating,northeast,True,False,-0.9799999999999995,0.7300000000000004,0.2999999999999998,784.0,0.016699999999999993
D069,15,4,1.23,0.25,1.23,1.11,0.49,4,5.41,14.43,271.01,0.3334,55.6,22.8,43.3,2249,50.0,5.8,5.9,18.5,812.8,20.4,4.1,162.6,8.8,63.6,5,62,2,rotating,northeast,True,False,0.6500000000000004,-0.33999999999999986,0.09999999999999964,390.0,-0.00770000000000004
D069,16,4,1.92,0.82,0.55,1.09,0.27,6,6.02,16.74,141.33,0.3868,56.7,23.2,35.5,2427,54.0,4.7,6.4,20.0,365.4,10.4,3.5,121.8,9.7,65.5,3,62,2,rotating,northeast,True,False,2.1399999999999997,2.179999999999998,0.3999999999999999,1049.0,0.0504
D069,17,4,1.81,0.91,0.73,1.27,0.54,2,5.99,14.17,180.43,0.3274,38.5,16.8,31.9,1959,50.4,3.4,5.8,16.1,551.1,14.9,3.0,110.2,8.2,63.4,5,62,2,rotating,northeast,True,False,0.0,-2.5600000000000005,-0.3999999999999999,88.0,-0.059099999999999986
D069,18,5,1.47,0.42,0.63,0.42,0.63,4,5.46,19.1,210.16,0.4412,85.9,33.6,45.6,2430,45.2,5.6,7.1,20.0,476.3,15.2,3.0,95.3,7.4,67.6,5,62,2,rotating,northeast,True,False,0.3099999999999996,1.5,-0.5,-109.0,0.03470000000000001
D069,19,5,1.86,0.78,1.09,0.78,0.0,3,5.59,17.85,265.56,0.4124,73.6,27.3,27.5,2339,46.0,5.3,6.6,19.2,643.9,18.9,3.1,107.3,8.7,36.5,6,62,2,rotating,northeast,True,False,0.17999999999999972,3.4200000000000017,-0.9999999999999996,90.0,0.07900000000000001
D069,20,5,1.78,0.51,0.38,0.89,0.51,3,5.48,17.88,324.07,0.4129,91.9,31.2,35.1,2143,56.7,5.5,6.5,17.7,784.8,19.8,3.3,130.8,7.8,59.6,6,62,2,rotating,northeast,True,False,-0.5399999999999991,1.1400000000000006,-0.20000000000000018,-284.0,0.026100000000000012
D069,21,5,1.37,1.18,1.18,1.77,0.2,3,7.26,16.52,194.55,0.3816,71.1,27.2,35.0,2413,55.5,4.0,6.0,19.8,509.8,14.8,3.7,127.4,8.5,14.7,4,62,2,rotating,northeast,True,False,1.2699999999999996,2.3499999999999996,0.7000000000000002,454.0,0.05419999999999997
D069,22,5,2.2,0.73,0.37,0.73,0.37,3,6.23,20.05,252.76,0.4633,118.9,38.9,29.4,2660,67.3,5.7,6.8,21.8,545.6,16.0,2.7,90.9,8.0,41.7,6,62,2,rotating,northeast,True,False,0.7700000000000005,0.9499999999999993,-0.2999999999999998,230.0,0.02210000000000001
D069,23,6,1.4,0.89,0.76,1.14,0.25,4,4.96,16.6,301.59,0.3834,69.0,24.8,40.4,2064,46.7,4.5,6.1,17.0,786.6,20.1,3.3,131.1,8.3,0.0,6,62,2,rotating,northeast,True,False,-0.6299999999999999,-1.25,0.19999999999999973,-275.0,-0.02899999999999997
D069,24,6,0.0,2.08,0.0,0.0,0.0,1,3.12,19.98,44.31,0.4615,95.5,34.3,32.4,2964,80.0,2.0,4.7,24.3,96.0,2.9,2.9,96.0,10.0,100.0,1,62,2,rotating,northeast,True,False,-2.3600000000000003,2.1000000000000014,-0.3999999999999999,821.0,0.04860000000000003
D069,25,6,1.7,0.57,0.57,1.41,0.0,3,5.94,19.48,159.14,0.45,106.1,38.4,34.0,1908,44.0,3.5,6.4,15.7,353.6,10.5,2.6,88.4,7.0,17.9,4,62,2,rotating,northeast,True,False,-1.3199999999999994,2.960000000000001,-1.1,-505.0,0.06840000000000002
D069,26,6,2.45,0.68,0.54,0.27,0.41,4,5.04,19.16,324.97,0.4426,88.5,33.1,33.2,2682,51.0,4.8,6.1,22.1,734.3,22.3,3.7,122.4,9.8,71.2,6,62,2,rotating,northeast,True,False,-1.1900000000000004,-0.8900000000000006,1.0,22.0,-0.020699999999999996
D070,1,1,1.8,1.35,1.01,1.46,0.34,7,8.11,21.41,439.34,0.4946,127.3,34.3,34.9,1462,31.7,4.2,6.0,12.1,888.2,21.6,3.6,148.0,8.7,0.0,6,49,2,day,southeast,False,True,,,,,
D070,2,1,1.11,0.74,1.35,1.72,0.74,9,8.25,19.77,371.06,0.4567,88.8,26.2,34.2,1456,28.7,5.0,6.5,12.0,812.5,19.7,3.3,135.4,7.5,0.0,6,49,2,day,southeast,False,True,,,,,
D070,3,1,1.87,1.68,0.75,2.25,0.37,4,11.97,18.83,232.52,0.435,107.4,27.6,37.1,1302,19.2,2.2,5.5,10.8,534.5,13.3,2.7,106.9,6.6,0.0,5,49,2,day,southeast,False,True,,,,,
D070,4,1,1.86,1.16,1.63,1.63,0.81,11,9.31,18.42,365.7,0.4254,110.3,27.1,38.1,1596,25.5,5.2,5.9,13.2,859.6,17.5,4.4,214.9,10.0,0.0,4,49,2,day,southeast,False,True,,,,,
D070,5,2,1.52,2.43,0.61,2.43,0.61,5,9.11,19.21,146.08,0.4438,79.9,24.5,33.8,1785,30.0,6.5,6.6,14.8,329.2,8.1,4.0,164.6,11.5,0.0,2,49,2,day,southeast,False,True,1.0,-2.1999999999999993,0.3999999999999999,323.0,-0.05080000000000001
D070,6,2,2.05,1.36,1.36,2.05,1.27,5,9.84,21.97,520.97,0.5075,147.1,36.0,30.2,1338,20.0,4.7,5.9,11.1,1026.6,23.8,3.4,146.7,9.1,0.0,7,49,2,day,southeast,False,True,1.5899999999999999,2.1999999999999993,0.10000000000000009,-118.0,0.050799999999999956
D070,7,2,1.75,1.31,1.75,1.31,0.44,8,8.89,19.26,305.36,0.4449,110.1,28.4,34.5,1287,17.0,5.8,6.4,10.7,686.4,14.6,3.6,171.6,8.0,0.0,4,49,2,day,southeast,False,True,-3.08,0.43000000000000327,0.8999999999999999,-15.0,0.00990000000000002
D070,8,2,1.73,0.8,1.07,1.33,0.67,6,9.07,22.69,392.98,0.5241,149.9,39.0,35.6,1439,34.7,5.3,6.5,11.9,749.8,19.4,3.2,125.0,8.2,0.0,6,49,2,day,southeast,False,True,-0.2400000000000002,4.27,-1.2000000000000002,-157.0,0.09870000000000001
D070,9,2,1.7,1.18,1.04,1.7,0.78,9,8.62,18.22,322.34,0.4209,97.2,27.2,38.7,1687,34.5,5.5,5.9,14.0,765.8,17.0,4.3,191.4,10.2,0.0,4,49,2,day,southeast,False,True,-0.4900000000000002,-0.990000000000002,0.2999999999999998,-98.0,-0.022899999999999976
D070,10,3,1.31,1.18,1.31,1.18,0.92,5,8.53,19.15,337.01,0.4424,122.4,33.2,36.7,1769,34.8,5.0,6.2,14.7,761.7,17.7,3.5,152.3,9.2,0.0,5,49,2,day,southeast,False,True,-1.3100000000000005,-2.8200000000000003,0.10000000000000009,431.0,-0.06509999999999994
D070,11,3,2.64,1.32,1.65,2.09,0.77,11,12.33,18.84,395.29,0.4351,100.1,30.7,36.0,1708,39.2,5.0,5.7,14.2,908.5,21.8,4.4,181.7,10.6,0.0,5,49,2,day,southeast,False,True,3.4399999999999995,-0.4200000000000017,0.8000000000000003,421.0,-0.009800000000000031
D070,12,3,1.63,1.63,0.7,2.57,0.47,1,9.33,20.45,202.38,0.4723,138.9,37.0,35.2,1580,38.5,4.8,6.0,13.1,428.5,10.2,2.5,107.1,8.0,0.0,4,49,2,day,southeast,False,True,0.2599999999999998,-2.240000000000002,-0.7000000000000002,141.0,-0.05180000000000001
D070,13,3,1.9,1.14,1.9,2.28,0.89,8,10.64,15.99,291.59,0.3693,82.2,24.9,30.7,1199,14.8,3.0,5.2,9.9,789.6,17.3,3.5,157.9,9.2,0.0,5,49,2,day,southeast,False,True,2.0200000000000014,-2.2299999999999986,-0.7999999999999998,-488.0,-0.05159999999999998
D070,14,4,1.58,1.47,1.47,1.47,0.34,11,9.47,19.93,408.5,0.4604,146.2,37.5,34.8,1626,33.7,4.3,5.7,13.5,887.3,22.2,3.7,147.9,8.7,0.0,6,49,2,day,southeast,False,True,0.9400000000000013,0.7800000000000011,0.20000000000000018,-143.0,0.01799999999999996
D070,15,4,1.19,0.68,0.68,1.7,0.51,4,7.64,18.76,255.37,0.4334,121.4,35.8,38.7,1191,24.0,4.4,6.7,9.9,589.2,14.1,2.8,117.8,6.6,0.0,5,49,2,day,southeast,False,True,-4.69,-0.0799999999999983,-1.6000000000000005,-517.0,-0.0016999999999999793
D070,16,4,2.24,1.26,1.96,1.54,1.26,7,12.02,15.7,259.51,0.3626,83.7,22.2,35.2,1061,20.5,3.5,5.6,8.8,715.6,13.7,3.4,178.9,8.8,0.0,4,49,2,day,southeast,False,True,2.6899999999999995,-4.75,0.8999999999999999,-519.0,-0.10970000000000002
D070,17,4,2.64,1.32,1.32,2.42,0.55,8,12.64,17.35,364.82,0.4009,91.9,29.6,26.0,1749,25.6,5.4,6.1,14.5,910.1,21.8,4.4,182.0,10.8,0.0,5,49,2,day,southeast,False,True,2.0,1.3600000000000012,0.9000000000000004,550.0,0.03159999999999996
D070,18,4,2.39,1.12,1.6,1.92,0.8,9,11.49,21.03,304.37,0.4857,150.4,41.9,27.3,2165,52.0,5.2,5.7,17.9,626.6,15.8,4.0,156.6,9.5,0.0,4,49,2,day,southeast,False,True,2.0199999999999996,1.1000000000000014,0.2999999999999998,539.0,0.025300000000000045
D070,19,5,3.78,0.34,1.03,3.1,0.0,2,11.01,18.22,122.38,0.421,96.9,30.0,40.3,1323,32.0,5.5,6.7,11.0,290.7,6.8,3.4,145.4,7.5,0.0,2,49,2,day,southeast,False,True,3.37,-0.5400000000000027,0.6000000000000001,132.0,-0.012400000000000022
D070,20,5,2.5,1.11,1.39,1.66,0.42,6,10.27,18.7,311.34,0.4319,93.2,28.8,33.8,1401,29.6,2.6,5.2,11.6,720.8,17.6,3.5,144.2,8.4,0.0,5,49,2,day,southeast,False,True,-1.75,3.0,0.10000000000000009,340.0,0.06930000000000003
D070,21,5,2.57,1.45,1.79,2.34,0.45,17,12.61,16.05,332.32,0.3708,73.7,22.9,35.3,1118,17.7,4.5,6.4,9.3,896.3,20.6,3.4,149.4,7.5,0.0,6,49,2,day,southeast,False,True,-0.030000000000001137,-1.3000000000000007,-1.0000000000000004,-631.0,-0.03009999999999996
D070,22,6,2.74,0.84,1.48,1.48,0.21,6,10.34,16.25,177.85,0.3754,90.9,32.5,36.0,1274,19.5,3.8,6.2,10.5,473.8,12.1,3.0,118.4,6.8,0.0,4,49,2,day,southeast,False,True,-1.1500000000000004,-4.780000000000001,-1.0,-891.0,-0.11030000000000001
D070,23,6,2.07,2.07,1.38,2.16,0.43,17,12.25,15.67,419.73,0.362,69.3,22.8,33.2,1417,28.0,3.4,5.8,11.7,1159.6,26.3,3.8,165.7,7.9,0.0,7,49,2,day,southeast,False,True,1.2400000000000002,-2.549999999999999,0.3999999999999999,94.0,-0.059
D070,24,6,1.99,2.11,2.55,2.33,0.55,12,13.3,17.03,355.07,0.3934,93.2,30.4,40.2,1345,27.0,3.8,6.3,11.1,902.5,21.5,3.6,150.4,7.8,0.0,6,49,2,day,southeast,False,True,3.030000000000001,-1.6699999999999982,0.10000000000000009,-56.0,-0.03849999999999998
D070,25,6,2.46,1.56,0.45,3.46,0.67,7,12.85,15.94,329.52,0.3682,75.6,24.4,34.1,1576,30.8,6.6,6.5,13.1,894.9,20.1,4.0,179.0,9.2,0.0,5,49,2,day,southeast,False,True,0.2400000000000002,-0.11000000000000121,0.6000000000000001,458.0,-0.002599999999999991
D070,26,6,2.43,1.89,1.35,2.97,0.54,4,12.67,17.13,146.78,0.3957,87.3,24.2,33.9,572,11.3,3.3,6.7,4.8,370.9,7.4,2.4,123.6,6.3,0.0,3,49,2,day,southeast,False,True,2.33,0.879999999999999,-0.6000000000000001,-702.0,0.020299999999999985
D071,1,1,1.14,0.93,0.5,0.5,0.14,8,4.43,12.89,416.54,0.2979,34.2,9.5,28.4,670,7.7,2.8,6.0,5.6,1398.4,22.9,3.8,233.1,7.5,53.3,6,46,5,rotating,midwest,False,True,,,,,
D071,2,1,1.49,1.19,0.67,0.82,0.15,8,5.13,14.61,454.19,0.3374,54.9,15.7,30.1,771,7.0,4.2,6.0,6.4,1346.1,23.8,4.0,224.4,8.5,64.7,6,46,5,rotating,midwest,False,True,,,,,
D071,3,1,1.27,1.14,0.38,0.25,0.51,3,4.58,15.08,274.01,0.3483,54.3,15.3,32.7,685,9.6,3.4,6.6,5.7,786.7,13.9,2.8,157.3,6.6,84.8,5,46,5,rotating,midwest,False,True,,,,,
D071,4,1,1.03,0.75,0.37,0.65,0.0,1,4.3,13.82,341.37,0.3192,40.8,11.9,45.4,900,16.4,3.0,6.3,7.5,1069.3,18.1,3.6,213.9,8.8,52.3,5,46,5,rotating,midwest,False,True,,,,,
D071,5,2,1.03,0.8,1.03,1.03,0.0,2,5.63,14.51,291.75,0.3352,62.1,17.2,38.7,1072,7.5,2.8,5.1,8.9,870.3,16.2,4.1,217.6,9.8,23.1,4,46,5,rotating,midwest,False,True,1.2000000000000002,1.6199999999999992,0.2999999999999998,402.0,0.0373
D071,6,2,1.32,1.32,0.33,0.66,0.33,5,4.83,13.63,286.81,0.3149,39.1,12.6,41.9,1248,24.4,3.6,6.0,10.3,910.9,16.8,3.4,182.2,8.6,51.2,5,46,5,rotating,midwest,False,True,-0.2999999999999998,-0.9799999999999986,-0.6000000000000001,477.0,-0.022499999999999964
D071,7,2,0.7,0.79,0.6,0.5,0.1,3,4.37,12.91,300.39,0.2983,42.1,12.3,30.4,1242,21.3,3.7,5.9,10.3,1007.1,15.8,5.3,335.7,9.7,41.4,3,46,5,rotating,midwest,False,True,-0.20999999999999996,-2.17,2.5,557.0,-0.04999999999999999
D071,8,2,1.26,1.26,0.28,0.7,0.28,3,5.61,14.58,240.24,0.3367,33.7,10.3,33.8,1370,17.3,4.3,5.8,11.4,713.5,13.2,4.4,237.8,9.0,55.6,3,46,5,rotating,midwest,False,True,1.3100000000000005,0.7599999999999998,0.8000000000000003,470.0,0.017500000000000016
D071,9,2,1.21,1.29,0.6,1.04,0.43,9,5.69,13.11,351.12,0.3029,56.5,18.1,40.7,981,13.3,3.5,5.9,8.2,1159.3,21.5,3.6,193.2,8.5,56.9,6,46,5,rotating,midwest,False,True,0.0600000000000005,-1.4000000000000004,-0.49999999999999956,-91.0,-0.032299999999999995
D071,10,3,1.13,0.94,0.38,0.47,0.47,3,4.51,12.65,311.0,0.2922,45.7,12.7,36.7,593,5.2,4.2,6.9,5.0,1064.3,16.6,3.3,212.9,8.8,70.5,5,46,5,rotating,midwest,False,True,-0.3200000000000003,-0.9800000000000004,-0.10000000000000009,-655.0,-0.022699999999999998
D071,11,3,0.76,0.57,0.38,0.57,0.09,6,3.7,12.16,295.89,0.2808,55.5,16.4,37.3,428,6.0,2.0,5.3,3.6,1053.8,16.3,3.3,210.8,7.4,37.8,5,46,5,rotating,midwest,False,True,-0.6699999999999999,-0.75,-2.0,-814.0,-0.017500000000000016
D071,12,3,0.95,0.88,0.57,1.2,0.32,4,5.11,12.79,468.65,0.2955,43.4,13.2,31.6,852,11.7,4.3,6.2,7.1,1585.9,25.7,4.3,264.3,9.2,10.9,6,46,5,rotating,midwest,False,True,-0.5,-1.790000000000001,-0.10000000000000053,-518.0,-0.041200000000000014
D071,13,3,0.84,0.73,0.52,1.26,0.52,3,5.35,10.1,222.29,0.2333,25.7,9.2,26.2,849,10.5,2.8,5.8,7.1,952.8,15.8,3.9,238.2,7.8,77.4,4,46,5,rotating,midwest,False,True,-0.34000000000000075,-3.01,0.2999999999999998,-132.0,-0.0696
D071,14,4,1.02,0.85,0.68,0.68,0.43,12,5.87,12.95,351.81,0.2991,41.0,13.7,38.3,602,5.3,4.2,6.3,5.1,1176.4,21.1,3.5,196.1,7.7,47.8,6,46,5,rotating,midwest,False,True,1.3600000000000003,0.29999999999999893,0.20000000000000018,9.0,0.006899999999999962
D071,15,4,1.95,0.83,0.42,1.11,0.42,8,6.26,12.34,205.06,0.285,48.4,15.5,31.9,862,20.0,3.0,5.6,7.2,719.4,12.5,4.2,239.8,8.7,65.4,3,46,5,rotating,midwest,False,True,2.5599999999999996,0.17999999999999972,0.9000000000000004,434.0,0.0041999999999999815
D071,16,4,1.23,0.98,0.9,0.82,0.41,7,6.15,13.95,392.95,0.3221,44.3,14.9,31.7,1049,14.8,3.2,5.9,8.7,1219.8,23.9,4.8,244.0,9.4,0.0,5,46,5,rotating,midwest,False,True,1.04,1.1600000000000001,0.5,197.0,0.026600000000000013
D071,17,4,0.77,1.23,0.31,0.69,0.31,1,4.37,12.56,377.99,0.2901,46.1,14.0,34.4,864,7.6,4.0,6.3,7.2,1303.0,21.8,4.4,260.6,9.8,100.0,5,46,5,rotating,midwest,False,True,-0.9799999999999995,2.460000000000001,0.5000000000000004,15.0,0.05680000000000002
D071,18,5,1.38,1.26,0.8,0.98,0.17,10,5.91,11.96,481.5,0.2763,41.7,13.1,35.9,978,18.6,2.0,5.3,8.1,1742.8,29.0,4.1,249.0,8.0,51.8,7,46,5,rotating,midwest,False,True,0.040000000000000036,-0.9899999999999984,0.5999999999999996,376.0,-0.022799999999999987
D071,19,5,1.16,1.26,0.53,0.63,0.0,2,5.67,13.3,292.38,0.3072,65.7,20.0,38.0,766,6.0,4.0,6.9,6.4,951.6,16.1,3.2,190.3,7.0,62.9,5,46,5,rotating,midwest,False,True,-0.5899999999999999,0.9600000000000009,-1.0,-96.0,0.022199999999999998
D071,20,5,1.57,1.57,0.78,2.35,0.26,1,7.33,13.0,114.76,0.3003,38.3,13.8,27.1,699,6.0,3.5,6.2,5.9,382.2,7.7,3.8,191.1,9.0,0.0,2,46,5,rotating,midwest,False,True,1.1799999999999997,-0.9499999999999993,-1.0,-350.0,-0.021799999999999986
D071,21,5,1.37,1.83,0.99,1.14,0.3,8,7.47,11.83,358.35,0.2732,34.8,10.6,30.2,768,10.7,2.5,5.7,6.4,1311.6,21.0,3.5,218.6,7.5,31.1,6,46,5,rotating,midwest,False,True,3.0999999999999996,-0.7300000000000004,-0.9000000000000004,-96.0,-0.016900000000000026
D071,22,5,1.82,1.21,0.91,1.44,0.38,10,7.59,12.92,393.23,0.2984,46.5,14.5,36.2,1086,20.4,4.0,6.2,9.0,1317.9,23.2,4.6,263.6,9.4,80.9,5,46,5,rotating,midwest,False,True,1.6799999999999997,0.9599999999999991,0.5,108.0,0.02210000000000001
D071,23,6,2.38,1.57,1.5,1.25,0.25,18,9.28,12.69,467.73,0.2932,46.9,14.3,36.1,948,14.9,3.4,5.6,7.9,1595.3,28.3,4.0,227.9,8.1,56.1,7,46,5,rotating,midwest,False,True,3.6099999999999994,-0.6100000000000012,0.7999999999999998,182.0,-0.013999999999999957
D071,24,6,1.98,1.71,0.99,1.08,0.36,9,9.09,13.74,352.69,0.3175,53.4,17.3,39.4,994,22.5,3.2,5.4,8.3,1110.9,20.6,5.2,277.7,10.8,0.0,4,46,5,rotating,midwest,False,True,1.7599999999999998,0.7400000000000002,1.4000000000000004,295.0,0.017199999999999993
D072,1,1,1.61,1.21,1.34,2.02,0.0,6,7.39,21.47,369.05,0.496,106.7,30.5,29.8,1961,46.0,2.2,5.3,16.2,744.1,19.1,3.2,124.0,8.0,0.0,6,53,2,day,northeast,True,False,,,,,
D072,2,1,2.88,0.45,2.12,1.67,0.76,6,9.84,20.17,307.78,0.4659,111.6,29.4,33.1,1764,35.6,3.4,6.5,14.5,660.6,14.9,3.0,132.1,7.2,0.0,5,53,2,day,northeast,True,False,,,,,
D072,3,1,2.54,0.92,0.46,1.38,0.0,2,6.68,20.29,203.4,0.4688,102.4,29.1,36.0,2698,77.3,3.3,5.1,22.2,433.9,10.5,3.5,144.6,8.0,0.0,3,53,2,day,northeast,True,False,,,,,
D072,4,1,0.93,1.33,1.6,0.67,0.4,4,6.53,22.51,390.02,0.5199,158.4,42.4,34.8,2670,72.4,5.4,5.8,22.0,750.2,19.6,3.9,150.0,9.8,0.0,5,53,2,day,northeast,True,False,,,,,
D072,5,2,3.1,0.9,1.42,1.16,0.52,4,9.43,20.61,368.63,0.4762,105.7,29.6,38.2,1744,34.0,5.8,6.8,14.4,774.1,19.1,3.8,154.8,9.2,0.0,5,53,2,day,northeast,True,False,2.04,-0.8599999999999994,0.5999999999999996,-217.0,-0.019799999999999984
D072,6,2,1.66,0.21,1.04,0.83,0.83,4,6.84,21.19,236.34,0.4895,83.6,29.4,38.6,2483,56.5,4.0,5.2,20.5,482.8,15.3,3.8,120.7,9.2,0.0,4,53,2,day,northeast,True,False,-3.0,1.0199999999999996,0.7999999999999998,719.0,0.02360000000000001
D072,7,2,1.71,1.22,2.69,1.71,1.47,7,11.25,22.65,213.98,0.5233,149.6,40.1,20.5,1474,18.0,2.5,5.9,12.1,408.9,11.7,2.9,102.2,6.2,0.0,4,53,2,day,northeast,True,False,4.57,2.3599999999999994,-0.6000000000000001,-1224.0,0.05449999999999999
D072,8,2,2.85,0.0,1.9,3.09,0.48,4,9.51,21.72,210.95,0.5018,98.1,29.8,36.0,2470,62.7,8.0,7.2,20.3,420.4,11.6,3.9,140.1,10.0,0.0,3,53,2,day,northeast,True,False,2.9799999999999995,-0.7900000000000027,0.0,-200.0,-0.018100000000000005
D072,9,2,2.25,1.13,2.11,1.41,0.7,12,9.58,21.25,348.39,0.4908,96.0,33.2,38.0,2720,60.4,6.2,6.0,22.4,709.9,21.9,4.4,142.0,10.2,0.0,5,53,2,day,northeast,True,False,0.15000000000000036,0.6400000000000006,0.6000000000000005,976.0,0.014600000000000002
D072,10,3,2.75,0.92,2.14,1.84,0.61,5,11.48,22.33,337.08,0.5158,134.3,41.8,33.0,3040,71.0,6.8,6.3,25.0,653.5,19.7,3.3,108.9,8.5,0.0,6,53,2,day,northeast,True,False,4.640000000000001,1.139999999999997,-0.5,557.0,0.026300000000000046
D072,11,3,2.8,0.33,0.99,2.31,0.49,6,8.41,17.49,245.02,0.4041,135.8,31.9,39.1,2050,46.8,6.4,6.2,16.9,606.3,14.1,2.8,121.3,8.4,0.0,5,53,2,day,northeast,True,False,-2.84,-5.16,-0.10000000000000009,576.0,-0.11919999999999997
D072,12,3,1.94,1.45,1.94,1.94,0.6,11,9.8,22.35,426.63,0.5162,143.0,41.3,33.6,2766,69.7,5.3,5.7,22.8,826.5,24.0,3.4,118.1,9.0,0.0,7,53,2,day,northeast,True,False,0.2900000000000009,0.6300000000000026,-0.5,296.0,0.014399999999999968
D072,13,3,2.77,1.07,2.02,1.81,0.21,13,10.01,21.53,466.9,0.4973,132.1,39.0,29.5,3003,65.7,6.4,5.8,24.7,938.9,26.4,3.8,134.1,10.4,0.0,7,53,2,day,northeast,True,False,0.4299999999999997,0.28000000000000114,-0.6000000000000005,283.0,0.006500000000000006
D072,14,4,1.29,1.29,2.31,2.19,0.9,5,9.65,19.8,355.74,0.4575,118.8,35.7,35.6,2164,39.7,3.7,5.3,17.8,777.6,20.6,3.4,129.6,8.0,0.0,6,53,2,day,northeast,True,False,-1.83,-2.5299999999999976,0.10000000000000009,-876.0,-0.05830000000000002
D072,15,4,2.17,0.81,2.44,2.3,0.68,8,11.38,17.64,300.69,0.4075,83.0,28.8,34.6,2294,44.0,5.8,6.3,19.0,737.9,20.7,4.1,147.6,9.2,0.0,5,53,2,day,northeast,True,False,2.9700000000000006,0.15000000000000213,1.2999999999999998,244.0,0.0033999999999999586
D072,16,4,3.1,1.96,1.63,3.27,0.98,6,13.23,23.05,325.89,0.5324,198.1,44.8,34.5,2512,48.8,5.2,6.2,20.7,612.1,14.8,3.0,122.4,8.6,0.0,5,53,2,day,northeast,True,False,3.4299999999999997,0.6999999999999993,-0.3999999999999999,-254.0,0.016199999999999992
D072,17,4,2.65,1.77,2.47,1.24,0.71,6,10.42,18.32,239.55,0.4231,95.5,31.2,36.0,2171,51.5,4.5,6.2,17.9,566.2,14.7,3.7,141.6,8.2,0.0,4,53,2,day,northeast,True,False,0.41000000000000014,-3.210000000000001,-0.09999999999999964,-832.0,-0.07420000000000004
D072,18,4,1.99,1.59,1.79,2.78,1.19,7,11.53,20.02,232.55,0.4624,125.7,37.1,31.2,2674,42.0,3.5,5.4,22.0,502.9,14.3,3.6,125.7,9.8,0.0,4,53,2,day,northeast,True,False,1.879999999999999,0.21999999999999886,0.20000000000000018,510.0,0.00489999999999996
D072,19,5,2.48,1.34,2.29,3.05,0.57,2,12.41,20.89,252.76,0.4825,132.7,38.4,33.6,2513,59.5,5.8,6.1,20.7,523.9,13.3,3.3,131.0,9.5,0.0,4,53,2,day,northeast,True,False,1.0299999999999994,3.25,-0.7999999999999998,219.0,0.07500000000000001
D072,20,5,2.29,1.38,2.41,2.41,0.69,15,11.93,20.74,417.6,0.4792,112.5,35.7,40.0,2001,46.9,4.0,6.1,16.5,871.5,24.7,3.5,124.5,8.4,0.0,7,53,2,day,northeast,True,False,-1.3000000000000007,-2.3100000000000023,0.5,-511.0,-0.05319999999999997
D072,21,5,2.48,0.57,1.14,2.29,0.95,8,9.92,22.07,267.24,0.5097,133.4,40.0,36.9,2491,39.5,6.5,6.4,20.5,524.3,14.5,3.6,131.1,9.8,0.0,4,53,2,day,northeast,True,False,-0.5,3.75,-0.10000000000000009,320.0,0.08660000000000007
D072,22,5,3.75,0.63,2.71,1.67,1.04,8,12.72,17.77,196.9,0.4105,70.6,27.0,34.4,2809,65.0,4.5,6.2,23.1,479.7,13.9,3.5,119.9,9.5,0.0,4,53,2,day,northeast,True,False,1.1900000000000013,-2.25,-0.10000000000000009,135.0,-0.0519
D072,23,6,2.8,1.2,1.33,1.07,0.8,11,10.25,22.95,398.11,0.53,163.1,42.5,35.4,2268,58.7,4.7,6.0,18.7,751.1,19.9,3.3,125.2,8.3,0.0,6,53,2,day,northeast,True,False,-2.16,2.0599999999999987,0.0,-245.0,0.04750000000000004
D072,24,6,4.19,0.99,1.85,1.36,0.74,6,13.44,19.06,356.96,0.4402,85.5,27.9,35.8,1654,44.9,2.7,5.7,13.6,810.9,22.9,3.3,115.8,7.0,0.0,7,53,2,day,northeast,True,False,1.5099999999999998,-1.6799999999999997,-0.20000000000000018,-347.0,-0.039000000000000035
D072,25,6,1.74,1.88,2.75,1.74,0.58,6,10.7,22.91,366.07,0.5293,186.2,42.8,37.4,2162,45.0,3.3,6.0,17.8,691.6,19.2,3.2,115.3,8.5,0.0,6,53,2,day,northeast,True,False,0.7799999999999994,0.8399999999999999,-0.3999999999999999,-329.0,0.01959999999999995
D072,26,6,3.51,1.75,2.23,2.07,0.32,5,12.28,22.42,324.76,0.5179,134.0,40.4,39.5,2543,60.8,4.4,6.1,20.9,627.1,17.9,3.6,125.4,9.2,0.0,5,53,2,day,northeast,True,False,-0.4400000000000013,4.650000000000002,0.10000000000000009,-266.0,0.10740000000000005
D073,1,1,1.06,1.0,0.65,0.71,0.29,8,4.95,14.18,556.02,0.3276,41.0,11.6,35.1,936,13.0,3.5,6.2,7.8,1697.1,28.3,4.7,282.8,10.2,47.5,6,62,0,rotating,midwest,False,True,,,,,
D073,2,1,1.27,0.97,0.49,0.49,0.42,10,5.28,13.79,525.13,0.3186,39.0,10.8,36.6,789,12.3,3.5,6.1,6.6,1648.1,27.4,4.6,274.7,9.3,33.9,6,62,0,rotating,midwest,False,True,,,,,
D073,3,1,1.15,1.64,0.74,0.66,0.41,7,5.41,13.47,379.9,0.3112,32.9,9.7,33.0,966,21.6,2.4,5.6,8.0,1220.9,20.5,4.1,244.2,8.0,57.5,5,62,0,rotating,midwest,False,True,,,,,
D073,4,1,1.57,1.11,0.74,0.55,0.18,6,6.45,14.19,355.56,0.3277,50.7,13.1,37.8,868,20.0,3.8,7.2,7.2,1084.9,16.9,4.2,271.2,8.5,44.1,4,62,0,rotating,midwest,False,True,,,,,
D073,5,1,1.61,1.41,0.7,0.7,0.5,3,6.53,13.7,314.71,0.3164,53.0,15.8,43.9,1081,21.0,5.5,5.8,9.0,994.8,17.1,4.3,248.7,10.0,82.5,4,62,0,rotating,midwest,False,True,1.58,-0.4800000000000004,-0.40000000000000036,145.0,-0.011199999999999988
D073,6,2,2.33,1.02,1.02,1.21,0.47,6,7.45,14.2,352.11,0.328,39.8,12.6,33.0,1003,9.5,4.2,6.6,8.4,1073.5,20.3,5.1,268.4,9.5,44.7,4,62,0,rotating,midwest,False,True,2.17,0.41000000000000014,0.5,214.0,0.00940000000000002
D073,7,2,1.54,1.65,0.91,1.6,0.34,10,7.69,12.38,501.85,0.286,52.3,16.1,39.8,1141,16.3,4.0,6.0,9.5,1754.6,30.2,4.3,250.7,8.7,59.0,7,62,0,rotating,midwest,False,True,2.2800000000000002,-1.0899999999999999,0.20000000000000018,175.0,-0.0252
D073,8,2,2.0,1.41,1.41,1.65,0.24,7,9.31,12.78,250.54,0.2952,39.3,11.5,38.7,1196,12.0,4.0,6.1,9.9,848.8,13.7,4.6,282.9,9.0,40.7,3,62,0,rotating,midwest,False,True,2.8600000000000003,-1.4100000000000001,0.39999999999999947,328.0,-0.03249999999999997
D073,9,2,2.34,2.34,0.85,0.85,0.32,9,9.59,13.78,298.75,0.3182,41.7,14.0,37.3,963,17.6,2.6,6.0,8.0,938.8,18.2,3.6,187.8,8.0,50.0,5,62,0,rotating,midwest,False,True,3.0599999999999996,0.08000000000000007,-0.6999999999999997,-118.0,0.0017999999999999683
D073,10,3,2.89,1.92,0.24,1.68,0.24,3,10.1,12.06,115.85,0.2786,62.0,21.0,28.8,1001,22.0,3.3,7.1,8.3,415.8,7.3,2.4,138.6,6.3,100.0,3,62,0,rotating,midwest,False,True,2.6499999999999995,-2.139999999999999,-2.6999999999999997,-2.0,-0.0494
D074,1,1,1.3,0.84,0.37,0.28,0.28,5,4.46,15.97,397.2,0.3689,67.3,19.7,36.8,1796,32.3,5.3,6.8,14.9,1076.7,23.9,4.0,179.5,9.8,100.0,6,37,4,night,southeast,True,False,,,,,
D074,2,1,0.99,1.56,1.84,0.85,0.28,6,6.24,17.58,286.37,0.4062,88.8,27.4,37.0,1475,33.0,3.7,6.0,12.2,705.0,17.5,2.9,117.5,7.3,100.0,6,37,4,night,southeast,True,False,,,,,
D074,3,1,2.76,1.61,0.46,0.46,0.23,2,6.91,15.66,157.01,0.3618,45.2,16.7,30.3,1050,19.0,3.8,6.2,8.7,434.0,10.7,2.7,108.5,7.0,100.0,4,37,4,night,southeast,True,False,,,,,
D074,4,1,1.48,0.7,0.93,1.01,0.31,1,5.44,14.57,433.03,0.3366,47.6,15.4,39.1,1128,16.6,3.9,6.1,9.4,1286.4,27.1,3.9,183.8,8.1,100.0,7,37,4,night,southeast,True,False,,,,,
D074,5,2,1.28,0.55,0.91,0.73,0.36,2,4.38,17.32,219.47,0.4002,72.5,24.1,26.2,1709,20.5,6.2,7.7,14.1,548.4,13.2,3.3,137.1,8.5,100.0,4,37,4,night,southeast,True,False,-0.08000000000000007,1.3499999999999996,-0.7000000000000002,-87.0,0.031299999999999994
D074,6,2,1.25,0.63,0.31,0.47,0.16,1,3.91,17.32,255.72,0.4001,70.2,23.4,33.3,1760,39.5,4.0,5.8,14.6,639.1,15.8,4.0,159.8,8.8,100.0,4,37,4,night,southeast,True,False,-2.33,-0.259999999999998,1.1,285.0,-0.006099999999999994
D074,7,2,0.69,0.69,0.55,0.55,0.14,1,4.02,15.35,255.72,0.3546,58.9,20.7,26.8,1561,20.5,5.8,6.2,13.0,721.2,16.9,4.2,180.3,9.5,100.0,4,37,4,night,southeast,True,False,-2.8900000000000006,-0.3100000000000005,1.5,511.0,-0.007199999999999984
D074,8,2,1.92,0.74,0.44,1.18,0.3,2,5.03,15.75,245.99,0.3637,43.8,14.6,28.1,1208,29.5,3.5,5.4,10.0,676.3,14.8,3.7,169.1,7.2,100.0,4,37,4,night,southeast,True,False,-0.41000000000000014,1.1799999999999997,-0.19999999999999973,80.0,0.027100000000000013
D074,9,3,1.37,0.84,0.95,0.21,0.63,5,5.79,15.89,348.74,0.367,61.5,21.6,38.4,1922,34.0,6.2,6.3,15.9,950.3,22.7,3.8,158.4,9.5,100.0,6,37,4,night,southeast,True,False,1.4100000000000001,-1.4299999999999997,0.5,213.0,-0.03320000000000001
D074,10,3,1.18,0.89,1.03,0.44,0.74,2,5.32,17.24,269.74,0.3983,82.7,28.6,35.6,1393,17.6,4.6,5.8,11.5,677.2,16.8,3.4,135.4,7.8,100.0,5,37,4,night,southeast,True,False,1.4100000000000001,-0.08000000000000185,-0.6000000000000001,-367.0,-0.0018000000000000238
D074,11,3,2.08,0.39,1.69,1.3,0.39,3,7.28,15.21,270.22,0.3513,89.9,28.7,32.8,1546,36.0,4.8,5.9,12.8,769.3,18.0,3.6,153.9,8.4,100.0,5,37,4,night,southeast,True,False,3.2600000000000007,-0.1399999999999988,-0.6000000000000001,-15.0,-0.003300000000000025
D074,12,3,2.84,0.44,0.22,1.31,0.22,4,6.56,14.8,156.41,0.3418,64.9,21.4,36.9,1292,20.7,4.7,6.0,10.7,457.6,10.2,3.4,152.5,8.0,100.0,3,37,4,night,southeast,True,False,1.5299999999999994,-0.9499999999999993,-0.30000000000000027,84.0,-0.02190000000000003
D074,13,3,0.5,0.67,0.84,0.17,0.34,1,3.02,13.91,191.73,0.3214,67.4,21.4,33.0,1056,26.0,2.2,5.5,8.7,596.6,12.9,2.6,119.3,6.6,100.0,5,37,4,night,southeast,True,False,-2.77,-1.9800000000000004,-1.1999999999999997,-866.0,-0.045599999999999974
D074,14,4,1.6,1.4,1.0,1.0,1.2,6,7.41,17.36,200.28,0.401,83.3,30.3,29.4,1456,22.0,5.8,6.3,12.1,499.5,13.3,3.3,124.9,8.5,100.0,4,37,4,night,southeast,True,False,2.09,0.120000000000001,-0.10000000000000009,63.0,0.0027000000000000357
D074,15,4,1.87,0.58,1.15,0.72,0.58,6,6.49,16.35,262.12,0.3778,90.1,31.3,29.7,1877,36.4,4.0,5.5,15.5,693.8,16.6,3.3,138.8,8.6,100.0,5,37,4,night,southeast,True,False,-0.79,1.1400000000000006,-0.30000000000000027,331.0,0.026500000000000024
D074,16,4,1.41,1.25,0.47,1.09,0.62,5,6.25,13.31,196.81,0.3075,43.8,17.8,39.0,867,10.4,3.2,6.4,7.2,640.1,15.0,3.0,128.0,6.2,100.0,5,37,4,night,southeast,True,False,-0.3099999999999996,-1.4900000000000002,-0.3999999999999999,-425.0,-0.0343
D074,17,4,1.29,0.69,0.99,1.09,0.4,6,5.35,14.8,344.74,0.3418,66.9,24.7,32.8,1451,32.0,4.8,6.2,12.0,1008.5,23.8,4.0,168.1,9.5,100.0,6,37,4,night,southeast,True,False,2.3299999999999996,0.8900000000000006,1.4,395.0,0.020399999999999974
D074,18,5,1.53,0.51,1.53,0.25,0.25,2,4.84,16.64,150.96,0.3843,75.0,27.2,20.9,1449,27.5,4.0,6.1,12.0,392.8,9.9,2.5,98.2,6.0,100.0,4,37,4,night,southeast,True,False,-2.5700000000000003,-0.7199999999999989,-0.7999999999999998,-7.0,-0.016700000000000048
D074,19,5,1.13,0.63,0.75,0.75,0.38,2,5.13,13.95,257.68,0.3221,64.4,23.9,38.7,900,23.7,2.2,5.7,7.5,799.9,17.9,3.0,133.3,7.0,100.0,6,37,4,night,southeast,True,False,-1.3600000000000003,-2.400000000000002,-0.2999999999999998,-977.0,-0.05570000000000003
D074,20,5,1.38,1.47,0.69,0.59,0.2,4,5.8,15.34,360.66,0.3544,59.2,22.2,41.7,2036,37.7,4.0,5.8,16.8,1017.6,24.4,4.1,169.6,9.5,100.0,6,37,4,night,southeast,True,False,-0.4500000000000002,2.0299999999999994,1.0999999999999996,1169.0,0.0469
D074,21,5,0.3,1.2,0.6,0.0,0.6,1,4.19,13.81,106.68,0.3191,45.2,15.1,45.9,1120,26.7,4.0,6.5,9.3,334.3,7.0,2.3,111.4,6.3,100.0,3,37,4,night,southeast,True,False,-1.1599999999999993,-0.9900000000000002,-1.7000000000000002,-331.0,-0.022699999999999998
D074,22,5,0.86,0.14,1.01,0.86,0.57,5,4.45,14.64,235.37,0.3382,65.1,23.6,34.6,1698,32.8,4.0,5.7,14.0,695.9,17.5,3.5,139.2,8.6,100.0,5,37,4,night,southeast,True,False,-0.3899999999999997,-2.0,1.0,249.0,-0.046099999999999974
D074,23,6,1.5,1.37,0.75,1.37,0.37,3,6.37,14.86,274.98,0.3432,57.7,21.6,29.9,1939,45.0,6.5,6.0,16.1,801.2,19.9,5.0,200.3,11.0,100.0,4,37,4,night,southeast,True,False,1.2400000000000002,0.9100000000000001,2.0,1039.0,0.021100000000000008
D074,24,6,0.64,0.48,0.64,1.27,0.32,6,4.46,15.16,219.96,0.3502,81.3,24.9,31.1,1351,30.4,3.2,5.6,11.2,628.1,13.9,2.8,125.6,7.2,100.0,5,37,4,night,southeast,True,False,-1.3399999999999999,-0.17999999999999972,-1.2999999999999998,-685.0,-0.0041999999999999815
D074,25,6,1.41,0.43,0.54,0.65,0.43,2,4.34,16.1,342.53,0.3719,83.5,27.0,39.6,1209,14.3,4.5,5.7,10.1,921.1,20.2,3.4,153.5,9.0,100.0,6,37,4,night,southeast,True,False,0.14999999999999947,2.290000000000001,1.1,89.0,0.052800000000000014
D074,26,6,1.7,0.57,0.76,0.94,0.66,4,6.23,12.23,299.08,0.2825,45.9,18.3,37.0,1183,23.0,3.8,5.8,9.8,1058.6,22.7,3.8,176.4,8.2,100.0,6,37,4,night,southeast,True,False,1.7800000000000002,-2.41,0.2999999999999998,-515.0,-0.05570000000000003
D075,1,1,1.7,1.26,0.99,1.17,0.27,10,7.0,16.63,428.04,0.3841,64.4,20.5,33.9,1418,33.7,4.9,6.9,11.7,1114.4,24.9,3.6,159.2,8.3,0.0,7,48,1,day,southeast,False,False,,,,,
D075,2,1,1.47,1.22,0.85,0.37,0.37,4,5.01,15.95,301.78,0.3684,60.4,20.2,31.2,1397,33.6,4.2,5.5,11.6,819.1,19.3,3.9,163.8,8.8,0.0,5,48,1,day,southeast,False,False,,,,,
D075,3,1,1.61,1.53,1.02,0.59,0.34,8,7.05,15.42,419.52,0.3561,56.0,19.9,30.8,2123,46.3,6.0,6.2,17.6,1178.1,27.4,4.6,196.3,10.8,0.0,6,48,1,day,southeast,False,False,,,,,
D075,4,1,1.88,0.94,0.31,0.78,0.63,3,5.49,16.37,240.89,0.378,77.5,22.7,40.5,1340,18.7,3.7,5.8,11.1,637.2,13.0,4.3,212.4,9.0,0.0,3,48,1,day,southeast,False,False,,,,,
D075,5,2,1.83,0.85,0.73,0.61,0.24,5,6.22,18.05,342.16,0.417,91.4,27.5,28.7,1525,28.3,3.8,5.9,12.6,820.5,18.6,3.1,136.8,7.2,0.0,6,48,1,day,southeast,False,False,-0.7800000000000002,1.4200000000000017,-0.5,107.0,0.032899999999999985
D075,6,2,1.11,0.92,0.55,1.2,0.46,5,5.9,15.54,389.35,0.359,57.7,18.3,35.2,1728,32.8,4.6,6.4,14.3,1084.6,23.6,4.7,216.9,9.6,0.0,5,48,1,day,southeast,False,False,0.8900000000000006,-0.41000000000000014,0.8000000000000003,331.0,-0.00940000000000002
D075,7,2,0.76,0.46,0.46,0.76,0.0,2,3.67,17.06,257.98,0.394,74.2,23.5,36.9,1238,11.6,4.0,5.9,10.3,654.8,15.0,3.0,131.0,6.4,0.0,5,48,1,day,southeast,False,False,-3.38,1.6399999999999988,-1.5999999999999996,-885.0,0.03789999999999999
D075,8,2,1.9,1.26,0.42,0.63,0.42,1,5.69,16.09,176.44,0.3718,68.8,21.0,38.8,1173,22.7,4.0,6.3,9.8,474.6,9.7,3.2,158.2,7.3,0.0,3,48,1,day,southeast,False,False,0.20000000000000018,-0.28000000000000114,-1.0999999999999996,-167.0,-0.006199999999999983
D075,9,3,2.45,1.63,0.68,1.5,0.27,6,7.34,16.04,272.46,0.3706,61.2,22.1,35.5,1474,15.6,4.6,6.2,12.2,735.2,17.7,3.5,147.0,8.0,0.0,5,48,1,day,southeast,False,False,1.12,-2.0100000000000016,0.3999999999999999,-51.0,-0.0464
D075,10,3,1.02,0.89,1.02,1.02,0.0,6,6.75,15.35,278.52,0.3546,65.1,23.0,38.9,983,14.3,3.2,5.4,8.2,785.4,17.9,3.0,130.9,7.8,0.0,6,48,1,day,southeast,False,False,0.8499999999999996,-0.1899999999999995,-1.7000000000000002,-745.0,-0.0043999999999999595
D075,11,3,1.39,1.04,0.69,0.61,0.17,10,5.38,15.9,423.52,0.3673,78.2,25.5,34.7,1456,27.0,4.8,6.5,12.1,1153.0,25.5,4.2,192.2,9.5,0.0,6,48,1,day,southeast,False,False,1.71,-1.1599999999999984,1.2000000000000002,218.0,-0.0267
D075,12,3,2.21,1.83,0.96,0.67,0.19,10,7.5,13.78,331.0,0.3182,57.3,19.4,34.3,1461,24.3,6.2,6.8,12.1,1040.2,23.7,4.0,173.4,9.7,0.0,6,48,1,day,southeast,False,False,1.8099999999999996,-2.3100000000000005,0.7999999999999998,288.0,-0.053600000000000037
D075,13,3,1.43,0.82,0.41,0.61,0.41,2,4.9,15.16,171.49,0.3501,62.1,25.6,30.8,1460,25.5,3.8,6.0,12.1,489.8,13.2,3.3,122.4,8.2,0.0,4,48,1,day,southeast,False,False,-2.4399999999999995,-0.879999999999999,-0.20000000000000018,-14.0,-0.020499999999999963
D075,14,4,1.25,1.13,1.02,1.36,0.0,13,6.12,14.13,288.06,0.3264,49.8,19.1,33.8,1472,28.4,4.4,5.8,12.2,882.5,20.0,4.0,176.5,8.2,0.0,5,48,1,day,southeast,False,False,-0.6299999999999999,-1.2199999999999989,1.0,489.0,-0.028200000000000003
D075,15,4,2.33,0.62,0.54,1.09,0.31,6,6.21,14.5,431.85,0.335,65.3,21.3,38.4,1445,24.7,5.7,6.4,12.0,1289.1,26.6,4.4,214.8,9.3,0.0,6,48,1,day,southeast,False,False,0.8300000000000001,-1.4000000000000004,0.20000000000000018,-11.0,-0.032299999999999995
D075,16,4,1.7,1.1,0.4,0.8,0.2,6,6.1,17.88,413.14,0.4131,87.8,29.5,34.2,1741,33.3,6.2,6.6,14.4,1000.2,25.1,4.2,166.7,9.5,0.0,6,48,1,day,southeast,False,False,-1.4000000000000004,4.1,0.20000000000000018,280.0,0.09490000000000004
D075,17,4,1.77,0.41,0.68,0.54,0.14,3,4.9,16.11,273.27,0.3721,72.4,26.9,33.5,1976,42.8,5.0,5.8,16.4,734.4,18.4,3.7,146.9,9.4,0.0,5,48,1,day,southeast,False,False,0.0,0.9499999999999993,0.40000000000000036,516.0,0.021999999999999964
D075,18,5,1.74,0.97,0.19,0.58,0.19,3,5.03,14.95,178.59,0.3454,77.7,24.9,31.5,788,16.5,4.2,7.4,6.5,517.1,10.5,2.6,129.3,6.5,0.0,4,48,1,day,southeast,False,False,-1.0899999999999999,0.8199999999999985,-1.4,-684.0,0.01899999999999996
D075,19,5,0.57,1.0,0.72,0.57,0.29,0,4.59,14.23,229.04,0.3288,57.5,20.5,33.3,1639,29.2,3.0,5.5,13.5,696.6,17.0,3.4,139.3,7.4,0.0,5,48,1,day,southeast,False,False,-1.62,-0.2699999999999996,-1.0000000000000004,194.0,-0.006200000000000039
D075,20,5,1.36,0.23,0.45,1.13,0.91,4,4.99,16.48,167.78,0.3807,67.1,25.4,41.2,1180,27.0,5.5,6.9,9.8,440.7,11.6,2.9,110.2,7.0,0.0,4,48,1,day,southeast,False,False,-1.1099999999999994,-1.3999999999999986,-1.3000000000000003,-561.0,-0.03240000000000004
D075,21,5,1.18,1.18,0.94,0.71,0.24,1,5.43,14.76,144.49,0.3409,61.5,21.8,28.8,1166,16.0,5.7,7.0,9.7,423.9,10.1,3.4,141.3,7.7,0.0,3,48,1,day,southeast,False,False,0.5299999999999994,-1.3499999999999996,-0.30000000000000027,-810.0,-0.031200000000000006
D075,22,5,1.04,1.22,0.69,0.52,0.17,1,5.04,13.73,182.56,0.3171,45.7,19.0,36.6,2012,30.0,4.2,6.2,16.6,575.8,15.6,3.9,144.0,9.2,0.0,4,48,1,day,southeast,False,False,0.009999999999999787,-1.2199999999999989,1.2999999999999998,1224.0,-0.028299999999999992
D075,23,6,1.29,0.55,1.66,0.55,0.55,2,5.16,15.56,194.99,0.3594,69.9,24.7,30.3,1501,31.5,5.5,6.1,12.4,542.5,12.4,3.1,135.6,8.0,0.0,4,48,1,day,southeast,False,False,0.5700000000000003,1.33,-0.2999999999999998,-138.0,0.030600000000000016
D075,24,6,2.43,0.72,1.15,0.72,0.29,3,7.45,14.42,232.64,0.3332,65.0,24.9,36.6,1742,40.8,4.8,6.9,14.4,698.2,17.3,3.5,139.6,8.6,0.0,5,48,1,day,southeast,False,False,2.46,-2.0600000000000005,0.6000000000000001,562.0,-0.04749999999999999
D075,25,6,1.59,0.58,1.59,1.01,0.14,4,6.37,15.43,246.08,0.3565,84.3,24.9,30.6,1906,32.4,4.8,6.2,15.8,690.2,16.6,3.3,138.0,8.0,0.0,5,48,1,day,southeast,False,False,0.9400000000000004,0.6699999999999999,-0.10000000000000009,740.0,0.015600000000000003
D075,26,6,1.58,1.19,0.53,1.19,0.4,4,6.06,15.4,269.99,0.3557,84.7,23.2,43.3,1041,20.0,3.7,6.1,8.6,759.0,18.3,3.0,126.5,7.0,0.0,6,48,1,day,southeast,False,False,1.0199999999999996,1.67,-0.8999999999999999,-971.0,0.03860000000000002
D076,1,1,0.6,0.3,0.3,0.1,0.3,0,2.11,14.73,338.44,0.3403,54.2,21.6,34.7,1660,30.3,4.7,6.3,13.7,994.6,24.4,3.5,142.1,7.9,0.0,7,39,1,day,southeast,True,True,,,,,
D076,2,1,0.0,0.32,0.0,0.47,0.0,4,1.58,14.15,207.14,0.3268,49.9,21.3,26.6,2048,46.4,3.8,5.6,16.9,633.8,16.9,3.4,126.8,9.0,0.0,5,39,1,day,southeast,True,True,,,,,
D076,3,1,0.42,0.28,0.0,0.42,0.28,1,2.08,13.01,216.75,0.3006,48.7,18.4,33.3,1246,27.0,4.5,6.0,10.3,721.0,14.9,3.7,180.2,8.0,0.0,4,39,1,day,southeast,True,True,,,,,
D076,4,1,0.11,0.22,0.0,0.11,0.33,1,1.41,13.12,279.6,0.303,34.2,15.1,37.0,1473,22.7,3.8,5.6,12.2,922.9,22.3,3.7,153.8,7.5,0.0,6,39,1,day,southeast,True,True,,,,,
D076,5,2,0.19,0.19,0.0,0.38,0.0,1,0.96,13.85,166.25,0.32,54.1,21.2,41.2,1394,30.0,6.7,6.1,11.6,519.6,11.9,4.0,173.2,10.3,0.0,3,39,1,day,southeast,True,True,-1.15,-0.8800000000000008,0.5,-266.0,-0.020299999999999985
D076,6,2,0.29,0.1,0.0,0.48,0.19,1,1.54,13.93,333.63,0.3218,49.5,20.0,32.6,1847,37.0,4.8,5.7,15.3,1036.7,24.3,4.1,172.8,9.3,0.0,6,39,1,day,southeast,True,True,-0.040000000000000036,-0.22000000000000064,0.6999999999999997,-201.0,-0.0050000000000000044
D076,7,2,0.56,0.0,0.0,0.28,0.14,2,1.68,13.36,221.02,0.3085,43.7,17.0,35.5,1183,17.2,5.2,6.4,9.8,716.4,15.8,3.2,143.3,8.0,0.0,5,39,1,day,southeast,True,True,-0.40000000000000013,0.34999999999999964,-0.5,-63.0,0.007900000000000018
D076,8,2,0.29,0.29,0.0,0.14,0.14,0,1.57,14.37,232.55,0.3319,42.5,17.9,37.5,1401,29.7,4.5,6.5,11.6,700.7,17.7,2.9,116.8,7.3,0.0,6,39,1,day,southeast,True,True,0.16000000000000014,1.25,-0.8000000000000003,-72.0,0.02889999999999998
D076,9,2,0.37,0.49,0.12,0.62,0.12,0,1.97,12.96,242.64,0.2993,37.5,16.1,29.9,1349,25.6,4.2,6.5,11.2,810.7,18.8,3.8,162.1,7.8,0.0,5,39,1,day,southeast,True,True,1.01,-0.8899999999999988,-0.20000000000000018,-45.0,-0.020699999999999996
D076,10,3,0.16,0.16,0.0,0.0,0.32,1,1.1,11.45,167.84,0.2645,45.6,20.5,30.3,2011,45.5,6.0,6.8,16.6,634.6,14.4,3.6,158.6,9.8,0.0,4,39,1,day,southeast,True,True,-0.43999999999999995,-2.4800000000000004,-0.49999999999999956,164.0,-0.05729999999999996
D076,11,3,0.31,0.16,0.16,0.47,0.16,0,1.41,12.34,182.51,0.285,52.6,23.2,35.1,1607,19.0,7.2,6.4,13.3,640.3,15.8,4.0,160.1,9.5,0.0,4,39,1,day,southeast,True,True,-0.27,-1.0199999999999996,0.7999999999999998,424.0,-0.02350000000000002
D076,12,3,0.37,0.12,0.0,0.24,0.0,1,1.35,12.37,233.31,0.2857,40.6,19.0,35.8,1611,27.2,4.2,6.1,13.3,816.5,20.8,4.2,163.3,9.4,0.0,5,39,1,day,southeast,True,True,-0.21999999999999997,-2.0,1.3000000000000003,210.0,-0.04619999999999996
D076,13,3,0.44,0.27,0.18,0.35,0.09,2,1.51,11.54,300.88,0.2665,30.0,13.8,33.9,1365,23.7,4.0,5.8,11.3,1129.1,25.6,4.3,188.2,8.7,0.0,6,39,1,day,southeast,True,True,-0.45999999999999996,-1.4200000000000017,0.5,16.0,-0.032799999999999996
D076,14,4,0.35,0.23,0.23,0.23,0.12,0,1.97,10.99,219.13,0.254,24.7,11.7,29.1,1749,36.5,4.0,5.9,14.4,862.8,18.9,4.7,215.7,9.5,0.0,4,39,1,day,southeast,True,True,0.8699999999999999,-0.4599999999999991,1.1,-262.0,-0.01050000000000001
D076,15,4,0.17,0.17,0.17,0.17,0.17,0,1.49,13.0,181.15,0.3004,39.7,19.1,30.2,1554,24.5,5.8,6.3,12.9,603.1,15.8,3.9,150.8,9.0,0.0,4,39,1,day,southeast,True,True,0.08000000000000007,0.6600000000000001,-0.10000000000000009,-53.0,0.015400000000000025
D076,16,4,0.25,0.0,0.25,0.37,0.12,0,1.85,12.88,240.59,0.2975,42.2,20.0,36.2,1581,31.0,4.5,6.4,13.1,808.8,20.7,3.4,134.8,8.8,0.0,6,39,1,day,southeast,True,True,0.5,0.5100000000000016,-0.8000000000000003,-30.0,0.011799999999999977
D076,17,4,0.53,0.4,0.27,0.53,0.13,2,2.26,13.25,230.28,0.3061,49.3,22.9,32.6,1759,42.3,4.7,6.4,14.5,752.3,19.4,3.2,125.4,7.8,0.0,6,39,1,day,southeast,True,True,0.7499999999999998,1.7100000000000009,-1.0999999999999996,394.0,0.03959999999999997
D076,18,5,0.67,0.48,0.19,0.19,0.0,3,2.0,12.9,313.61,0.298,45.4,20.7,34.5,1890,32.0,7.3,6.7,15.6,1052.2,26.3,4.4,175.4,9.7,0.0,6,39,1,day,southeast,True,True,0.030000000000000027,1.9100000000000001,-0.2999999999999998,141.0,0.043999999999999984
D076,19,5,0.35,0.35,0.24,0.24,0.24,4,2.0,10.91,214.0,0.2521,55.9,17.4,37.2,1416,22.3,4.7,5.9,11.8,848.8,19.0,3.2,141.5,8.7,0.0,6,39,1,day,southeast,True,True,0.51,-2.09,-0.6999999999999997,-138.0,-0.04830000000000001
D076,20,5,0.25,0.42,0.17,0.34,0.08,5,2.02,10.67,292.49,0.2466,43.4,20.4,30.8,1389,23.1,4.4,6.4,11.5,1186.2,25.5,3.6,169.5,8.4,0.0,7,39,1,day,southeast,True,True,0.16999999999999993,-2.210000000000001,0.20000000000000018,-192.0,-0.05089999999999997
D076,21,5,0.75,0.13,0.13,0.75,0.0,2,2.13,11.26,207.25,0.2601,50.7,17.1,36.8,948,14.4,3.6,6.1,7.9,796.8,16.4,3.3,159.4,7.6,0.0,5,39,1,day,southeast,True,True,-0.1299999999999999,-1.9900000000000002,0.09999999999999964,-811.0,-0.045999999999999985
D076,22,5,0.61,0.0,0.0,0.41,0.0,1,1.43,13.04,147.05,0.3012,48.1,21.3,31.4,1005,15.0,4.5,6.5,8.4,488.2,11.7,2.9,122.1,7.0,0.0,4,39,1,day,southeast,True,True,-0.5700000000000001,0.1399999999999988,-1.5000000000000004,-885.0,0.003200000000000036
D076,23,6,0.38,0.0,0.0,0.19,0.56,0,1.13,11.95,146.94,0.276,30.6,15.5,36.7,1651,24.0,4.8,6.6,13.6,532.3,14.4,3.6,133.1,8.2,0.0,4,39,1,day,southeast,True,True,-0.8700000000000001,1.0399999999999991,0.3999999999999999,235.0,0.023900000000000032
D076,24,6,0.54,0.4,0.13,0.67,0.0,4,2.28,12.04,207.62,0.2782,47.4,20.1,42.2,988,18.0,4.0,6.2,8.2,746.3,16.0,3.2,149.3,7.6,0.0,5,39,1,day,southeast,True,True,0.2599999999999998,1.3699999999999992,-0.3999999999999999,-401.0,0.03159999999999999
D076,25,6,0.31,0.21,0.0,0.52,0.0,2,2.08,11.91,265.07,0.2752,29.5,14.1,36.9,1214,23.7,5.0,6.3,10.1,963.2,23.0,3.8,160.5,8.8,0.0,6,39,1,day,southeast,True,True,-0.04999999999999982,0.6500000000000004,0.5,266.0,0.015100000000000002
D076,26,6,0.41,0.21,0.21,0.21,0.0,5,2.27,11.64,261.1,0.269,40.5,17.7,38.0,1300,20.0,3.8,5.8,10.8,970.7,21.1,3.5,161.8,7.8,0.0,6,39,1,day,southeast,True,True,0.8400000000000001,-1.3999999999999986,0.6000000000000001,295.0,-0.032200000000000006
D077,1,1,1.3,0.72,0.79,0.5,0.29,4,4.47,12.96,415.22,0.2993,50.6,14.1,39.3,755,12.0,3.5,6.0,6.3,1387.2,21.7,3.6,231.2,7.7,100.0,6,60,1,night,midwest,True,False,,,,,
D077,2,1,1.33,0.75,0.58,1.08,0.33,5,5.09,13.14,363.85,0.3035,34.4,10.7,44.6,865,14.8,4.6,6.5,7.2,1198.8,20.6,4.1,239.8,8.8,100.0,5,60,1,night,midwest,True,False,,,,,
D077,3,1,2.06,1.23,0.99,0.49,0.66,8,6.92,13.53,379.6,0.3125,40.8,12.8,37.2,731,11.2,2.6,5.7,6.1,1214.6,22.0,4.4,242.9,8.8,100.0,5,60,1,night,midwest,True,False,,,,,
D077,4,1,1.51,0.43,0.65,0.65,0.22,2,4.75,14.41,308.38,0.333,51.5,16.4,32.3,823,10.7,3.8,6.8,6.9,926.2,18.5,3.1,154.4,7.3,100.0,6,60,1,night,midwest,True,False,,,,,
D077,5,1,1.79,0.6,1.05,0.67,0.37,7,5.08,13.78,425.66,0.3183,50.9,15.0,33.3,817,10.6,3.6,5.7,6.8,1337.4,24.2,3.5,191.1,8.3,100.0,7,60,1,night,midwest,True,False,0.6100000000000003,0.8199999999999985,-0.10000000000000009,62.0,0.019000000000000017
D077,6,2,1.77,0.72,0.4,0.81,0.24,5,5.15,13.9,398.89,0.3212,59.8,17.8,35.1,1472,34.4,3.6,5.6,12.2,1241.9,22.4,4.5,248.4,10.4,100.0,5,60,1,night,midwest,True,False,0.0600000000000005,0.7599999999999998,0.40000000000000036,607.0,0.017699999999999994
D077,7,2,1.52,0.29,1.01,1.01,0.14,4,4.99,13.7,437.84,0.3165,46.6,13.3,35.9,793,12.7,2.8,5.8,6.6,1383.2,22.7,3.8,230.5,8.5,100.0,6,60,1,night,midwest,True,False,-1.9299999999999997,0.16999999999999993,-0.6000000000000005,62.0,0.0040000000000000036
D077,8,2,2.57,0.92,0.82,0.72,0.0,3,5.65,13.0,292.52,0.3003,48.2,14.5,34.1,740,13.6,2.0,5.6,6.2,974.1,17.4,3.5,194.8,7.0,100.0,5,60,1,night,midwest,True,False,0.9000000000000004,-1.4100000000000001,0.3999999999999999,-83.0,-0.03270000000000001
D077,9,3,1.97,0.62,0.99,0.49,0.0,5,5.42,12.65,237.03,0.2922,68.8,21.0,39.4,959,20.0,5.3,7.0,8.0,811.2,13.4,4.5,270.4,8.7,100.0,3,60,1,night,midwest,True,False,0.33999999999999986,-1.129999999999999,1.0,142.0,-0.026100000000000012
D077,10,3,1.44,0.59,0.76,0.93,0.34,6,5.18,12.44,338.39,0.2873,32.8,10.3,33.7,697,8.0,2.8,6.2,5.8,1178.0,19.1,3.8,235.6,7.6,100.0,5,60,1,night,midwest,True,False,0.02999999999999936,-1.4600000000000009,-0.7000000000000002,-775.0,-0.033899999999999986
D077,11,3,1.92,0.37,0.67,0.81,0.44,12,5.55,12.94,403.86,0.2988,48.9,14.4,36.8,636,9.3,3.2,6.3,5.3,1351.6,22.6,3.8,225.3,7.8,100.0,6,60,1,night,midwest,True,False,0.5599999999999996,-0.7599999999999998,0.0,-157.0,-0.017699999999999994
D077,12,3,1.45,0.36,0.84,0.84,0.48,3,5.67,12.8,245.09,0.2958,46.2,15.1,35.5,939,14.0,7.5,7.4,7.9,828.7,15.9,4.0,207.2,8.5,100.0,4,60,1,night,midwest,True,False,0.019999999999999574,-0.1999999999999993,0.5,199.0,-0.004500000000000004
D077,13,3,0.97,0.85,0.48,1.09,0.24,6,5.21,13.07,249.02,0.3019,51.2,17.3,39.1,944,22.0,6.0,6.7,7.9,824.8,16.2,4.0,206.2,9.2,100.0,4,60,1,night,midwest,True,False,-0.20999999999999996,0.41999999999999993,-0.5,-15.0,0.009699999999999986
D077,14,4,1.2,0.74,0.68,0.85,0.17,8,4.84,12.05,489.03,0.2784,47.6,15.1,33.9,1145,15.3,4.8,5.9,9.5,1756.5,28.7,4.8,292.8,10.0,100.0,6,60,1,night,midwest,True,False,-0.33999999999999986,-0.3899999999999988,1.0,448.0,-0.008900000000000019
D077,15,4,1.8,0.6,0.72,0.6,0.24,3,4.79,12.41,239.08,0.2866,34.8,10.1,32.1,814,11.3,3.0,6.9,6.8,834.3,12.6,4.2,278.1,8.0,100.0,3,60,1,night,midwest,True,False,-0.7599999999999998,-0.5299999999999994,0.40000000000000036,178.0,-0.012199999999999989
D077,16,4,1.41,0.3,0.3,0.61,0.4,8,3.43,13.06,298.98,0.3017,57.4,14.9,30.0,930,10.5,3.0,4.9,7.8,991.0,18.2,4.5,247.8,10.0,100.0,4,60,1,night,midwest,True,False,-2.2399999999999998,0.2599999999999998,0.5,-9.0,0.005900000000000016
D077,17,4,1.68,1.09,0.79,0.79,0.1,8,5.85,11.56,269.44,0.267,34.3,12.7,39.1,1028,28.0,2.4,5.1,8.5,1009.2,18.5,3.7,201.8,9.0,100.0,5,60,1,night,midwest,True,False,0.6399999999999997,-1.5099999999999998,-0.2999999999999998,84.0,-0.03489999999999999
D077,18,5,1.62,0.54,0.93,0.77,0.23,3,5.34,13.46,402.1,0.311,51.0,15.2,28.1,994,8.4,3.6,6.0,8.3,1292.9,21.5,4.3,258.6,9.4,100.0,5,60,1,night,midwest,True,False,0.5,1.4100000000000001,-0.5,-151.0,0.03260000000000002
D077,19,5,1.29,1.07,0.96,0.79,0.34,11,5.52,11.78,483.48,0.2722,44.9,13.3,35.9,1213,18.9,4.4,6.2,10.1,1776.2,30.6,4.4,253.7,9.9,100.0,7,60,1,night,midwest,True,False,0.7299999999999995,-0.6300000000000008,0.20000000000000018,399.0,-0.014400000000000024
D077,20,5,1.03,0.84,0.47,1.21,0.47,10,5.51,13.1,324.35,0.3026,66.5,20.1,38.5,1370,28.8,3.0,5.5,11.4,1071.7,19.2,3.8,214.3,8.6,100.0,5,60,1,night,midwest,True,False,2.0799999999999996,0.03999999999999915,-0.7000000000000002,440.0,0.0008999999999999564
D077,21,5,1.37,0.51,0.34,0.51,0.17,4,4.18,11.86,321.09,0.274,64.1,20.3,34.0,1090,18.3,4.5,6.2,9.1,1171.7,20.6,3.4,195.3,8.3,100.0,6,60,1,night,midwest,True,False,-1.67,0.29999999999999893,-0.30000000000000027,62.0,0.007000000000000006
D077,22,5,1.5,0.9,0.22,0.97,0.52,10,5.31,11.71,361.65,0.2705,45.3,14.1,35.9,516,7.0,3.0,6.1,4.4,1336.8,21.7,3.6,222.8,7.7,100.0,6,60,1,night,midwest,True,False,-0.03000000000000025,-1.75,-0.6999999999999997,-478.0,-0.04049999999999998
D077,23,6,1.47,0.56,0.91,0.49,0.14,4,4.89,11.46,378.93,0.2646,40.5,13.2,36.6,744,8.0,3.2,6.4,6.2,1432.0,25.0,5.0,286.4,9.2,100.0,5,60,1,night,midwest,True,False,-0.6299999999999999,-0.3199999999999985,0.5999999999999996,-469.0,-0.007599999999999996
D077,24,6,1.34,1.04,1.49,0.74,0.74,3,6.99,13.56,210.65,0.3133,66.2,19.8,37.5,1001,20.5,4.8,7.7,8.3,672.4,11.5,2.9,168.1,7.0,100.0,4,60,1,night,midwest,True,False,1.4800000000000004,0.46000000000000085,-0.8999999999999999,-369.0,0.010700000000000043
D077,25,6,1.59,0.71,0.71,0.71,0.18,3,4.96,11.54,150.45,0.2665,49.8,16.2,37.3,700,12.7,2.7,5.8,5.8,564.6,8.8,2.9,188.2,6.0,100.0,3,60,1,night,midwest,True,False,0.7800000000000002,-0.3200000000000003,-0.5,-390.0,-0.007500000000000007
D077,26,6,1.6,1.23,0.94,0.65,0.15,7,5.73,11.51,366.71,0.266,46.2,14.0,25.8,1132,20.8,4.6,6.8,9.4,1378.8,22.3,4.5,275.8,9.6,100.0,5,60,1,night,midwest,True,False,0.4200000000000008,-0.20000000000000107,0.8999999999999999,616.0,-0.004500000000000004
D078,1,1,2.36,2.26,2.05,2.57,0.72,10,10.47,19.55,440.03,0.4515,54.7,17.0,39.9,2236,41.7,5.7,6.3,18.4,974.6,25.6,3.7,139.2,8.1,49.1,7,32,1,rotating,northeast,True,True,,,,,
D078,2,1,2.92,0.81,2.6,2.6,0.65,6,11.19,20.01,284.87,0.4621,51.2,15.3,41.1,3189,60.0,6.5,6.4,26.2,616.4,16.0,4.0,154.1,9.2,51.4,4,32,1,rotating,northeast,True,True,,,,,
D078,3,1,3.37,2.11,2.81,2.11,0.42,7,11.52,19.96,328.11,0.461,48.1,14.8,36.8,2354,55.6,3.2,5.4,19.4,711.7,18.8,3.8,142.3,9.2,54.3,5,32,1,rotating,northeast,True,True,,,,,
D078,4,1,3.41,2.38,2.38,2.55,0.85,7,12.43,21.31,289.07,0.4923,62.6,18.8,33.3,1850,39.0,3.3,5.9,15.2,587.2,16.7,2.8,97.9,7.2,60.5,6,32,1,rotating,northeast,True,True,,,,,
D078,5,1,4.01,3.01,3.63,2.38,1.0,8,15.15,19.19,354.1,0.4434,71.9,16.0,34.1,2213,40.4,3.8,6.1,18.3,798.6,19.7,3.9,159.7,9.2,19.6,5,32,1,rotating,northeast,True,True,4.68,-0.35999999999999943,0.19999999999999973,-23.0,-0.008099999999999996
D078,6,2,5.45,4.8,2.98,3.89,1.04,12,19.07,20.42,363.64,0.4717,62.8,15.7,34.2,2135,56.8,4.0,5.8,17.6,770.9,19.8,4.0,154.2,9.4,36.2,5,32,1,rotating,northeast,True,True,7.880000000000001,0.41000000000000014,0.0,-1054.0,0.009599999999999997
D078,7,2,5.09,2.79,2.46,5.41,0.98,10,18.04,18.93,266.6,0.4373,40.2,12.8,32.8,2671,58.5,6.8,6.9,22.0,609.6,15.6,3.9,152.4,9.0,41.7,4,32,1,rotating,northeast,True,True,6.52,-1.0300000000000011,0.10000000000000009,317.0,-0.0237
D078,8,2,4.89,4.89,5.48,4.7,0.78,12,22.11,21.08,248.86,0.487,53.6,17.3,25.6,2480,47.0,4.5,6.1,20.4,511.0,14.7,3.7,127.8,9.5,73.7,4,32,1,rotating,northeast,True,True,9.68,-0.23000000000000043,0.9000000000000004,630.0,-0.005300000000000027
D078,9,3,5.86,6.24,3.59,4.54,2.46,17,23.63,20.95,255.92,0.4839,63.9,20.9,35.0,3162,73.5,6.0,6.3,26.0,528.9,15.1,3.8,132.2,9.8,17.9,4,32,1,rotating,northeast,True,True,8.479999999999999,1.759999999999998,-0.10000000000000009,949.0,0.04049999999999998
D078,10,3,7.55,2.91,5.23,4.65,1.16,4,23.24,20.04,79.67,0.4629,74.8,22.7,40.9,1671,44.0,4.5,6.3,13.7,172.1,4.3,2.2,86.0,7.0,0.0,2,32,1,rotating,northeast,True,True,4.169999999999998,-0.38000000000000256,-1.7999999999999998,-464.0,-0.00880000000000003
D079,1,1,0.5,0.17,0.0,0.0,0.33,2,1.33,13.87,193.23,0.3204,43.0,18.6,46.9,2329,37.0,3.2,5.0,19.2,603.1,15.1,3.8,150.8,10.5,0.0,4,47,1,day,northeast,False,True,,,,,
D079,2,1,0.27,0.14,0.14,0.27,0.14,3,1.64,12.63,213.77,0.2918,37.0,17.5,38.4,1990,35.6,5.0,6.3,16.4,732.5,18.6,3.7,146.5,8.2,0.0,5,47,1,day,northeast,False,True,,,,,
D079,3,1,0.18,0.54,0.18,0.36,0.0,1,1.63,11.63,148.72,0.2686,37.4,17.6,33.3,1682,32.0,3.5,5.4,13.9,553.7,13.4,3.3,138.4,8.5,0.0,4,47,1,day,northeast,False,True,,,,,
D079,4,1,0.81,0.65,0.0,0.0,0.16,0,2.28,14.39,204.18,0.3324,37.6,17.4,33.3,2693,61.5,6.5,6.9,22.1,614.3,17.0,4.3,153.6,9.5,0.0,4,47,1,day,northeast,False,True,,,,,
D079,5,2,0.34,0.0,0.34,0.34,0.0,0,2.02,12.67,86.74,0.2926,30.7,14.8,34.3,1778,31.3,2.7,5.7,14.6,296.4,9.0,3.0,98.8,7.7,0.0,3,47,1,day,northeast,False,True,0.69,-1.1999999999999993,-0.7999999999999998,-551.0,-0.02779999999999999
D079,6,2,0.51,0.34,0.17,0.34,0.0,1,1.54,14.08,190.27,0.3252,53.1,19.9,32.4,2135,46.8,4.2,6.2,17.6,585.1,15.2,3.0,117.0,8.2,0.0,5,47,1,day,northeast,False,True,-0.09999999999999987,1.4499999999999993,-0.7000000000000002,145.0,0.033399999999999985
D079,7,2,0.51,0.51,0.25,0.25,0.0,0,2.27,13.73,125.62,0.3172,43.3,19.6,39.4,2160,44.0,4.0,5.6,17.8,396.0,12.0,4.0,132.0,10.0,0.0,3,47,1,day,northeast,False,True,0.6400000000000001,2.0999999999999996,0.7000000000000002,478.0,0.04859999999999998
D079,8,2,0.58,0.29,0.15,0.15,0.29,0,1.46,15.2,240.1,0.3511,57.0,23.5,34.2,2094,41.2,4.4,5.8,17.3,683.8,18.3,3.7,136.8,9.2,0.0,5,47,1,day,northeast,False,True,-0.8199999999999998,0.8099999999999987,-0.5999999999999996,-599.0,0.01870000000000005
D079,9,3,0.28,0.84,0.0,0.0,0.56,2,2.23,13.93,115.22,0.3217,51.3,23.8,30.9,1903,41.5,4.5,6.3,15.7,358.2,10.6,2.6,89.5,7.8,0.0,4,47,1,day,northeast,False,True,0.20999999999999996,1.2599999999999998,-0.3999999999999999,125.0,0.02909999999999996
D079,10,3,0.32,0.0,0.0,0.32,0.16,1,1.42,11.22,163.94,0.2591,36.2,14.1,36.5,1835,32.0,4.6,5.8,15.1,632.7,16.4,3.3,126.5,7.6,0.0,5,47,1,day,northeast,False,True,-0.1200000000000001,-2.8599999999999994,0.2999999999999998,-300.0,-0.06609999999999999
D079,11,3,0.48,0.36,0.36,0.36,0.12,2,2.3,12.21,232.71,0.282,41.6,18.6,38.2,1684,36.3,5.2,6.4,13.9,825.3,18.7,3.1,137.5,7.5,0.0,6,47,1,day,northeast,False,True,0.029999999999999805,-1.5199999999999996,-0.8999999999999999,-476.0,-0.03520000000000001
D079,12,3,0.29,0.88,0.59,0.88,0.0,2,3.54,11.52,90.27,0.2661,38.2,19.0,38.1,1701,47.0,5.2,6.4,14.0,339.3,9.8,2.5,84.8,7.5,0.0,4,47,1,day,northeast,False,True,2.08,-3.6799999999999997,-1.2000000000000002,-393.0,-0.08500000000000002
D079,13,3,0.33,0.16,0.33,0.16,0.0,3,1.64,13.97,196.26,0.3227,53.7,24.4,38.6,1722,44.0,4.2,6.6,14.2,608.1,17.8,3.0,101.3,7.2,0.0,6,47,1,day,northeast,False,True,-0.5900000000000001,0.040000000000000924,0.3999999999999999,-181.0,0.0010000000000000009
D079,14,4,0.26,0.13,0.13,0.26,0.13,2,1.57,12.0,212.01,0.2772,39.6,19.1,37.0,1920,61.3,5.5,6.5,15.8,764.8,18.8,3.1,127.5,7.8,0.0,6,47,1,day,northeast,False,True,0.15000000000000013,0.7799999999999994,-0.19999999999999973,85.0,0.018100000000000005
D079,15,4,0.34,0.34,0.0,0.34,0.17,1,1.86,13.19,180.3,0.3048,45.4,21.6,32.6,2329,40.5,7.0,6.5,19.2,591.6,15.5,3.9,147.9,9.8,0.0,4,47,1,day,northeast,False,True,-0.4399999999999997,0.9799999999999986,0.7999999999999998,645.0,0.022800000000000042
D079,16,4,0.49,1.48,0.49,0.49,0.0,0,2.95,10.45,49.04,0.2413,25.6,12.3,37.0,1491,40.0,1.0,4.9,12.3,203.2,5.6,2.8,101.6,7.0,0.0,2,47,1,day,northeast,False,True,-0.5899999999999999,-1.0700000000000003,0.2999999999999998,-210.0,-0.024800000000000016
D079,17,4,0.68,0.23,0.11,0.79,0.34,2,3.05,13.12,268.31,0.3032,44.0,22.1,31.1,2270,33.0,4.8,5.9,18.7,885.0,24.4,4.1,147.5,9.5,0.0,6,47,1,day,northeast,False,True,1.41,-0.8500000000000014,1.0999999999999996,548.0,-0.019499999999999962
D079,18,5,0.33,0.22,0.0,0.11,0.0,1,1.52,13.58,288.1,0.3136,48.9,25.2,28.6,2071,60.3,5.4,6.1,17.1,918.7,27.6,3.9,131.2,9.1,0.0,7,47,1,day,northeast,False,True,-0.050000000000000044,1.58,0.7999999999999998,151.0,0.03639999999999999
D079,19,5,0.82,0.59,0.12,0.35,0.12,2,3.18,11.6,227.56,0.2681,30.6,15.5,36.4,1694,37.0,3.8,6.1,14.0,848.9,22.5,3.7,141.5,8.3,0.0,6,47,1,day,northeast,False,True,1.32,-1.5899999999999999,-0.19999999999999973,-635.0,-0.03670000000000001
D079,20,5,0.25,0.0,0.25,0.5,0.0,0,2.24,12.47,115.55,0.288,31.7,16.3,30.1,2299,64.7,5.0,6.1,18.9,401.2,10.7,3.6,133.7,8.7,0.0,3,47,1,day,northeast,False,True,-0.71,2.0200000000000014,0.8000000000000003,808.0,0.04669999999999999
D079,21,5,0.29,0.2,0.0,0.1,0.1,2,1.66,12.8,303.26,0.2958,43.0,20.5,33.5,2002,47.7,3.3,5.7,16.5,1025.3,26.6,3.8,146.5,8.9,0.0,7,47,1,day,northeast,False,True,-1.39,-0.3199999999999985,-0.2999999999999998,-268.0,-0.007400000000000018
D079,22,5,0.23,0.23,0.0,0.23,0.69,0,2.51,13.17,133.15,0.3043,40.7,20.4,42.0,1821,40.0,3.2,6.3,15.0,437.5,12.0,3.0,109.4,8.0,0.0,4,47,1,day,northeast,False,True,0.9899999999999998,-0.41000000000000014,-0.8999999999999999,-250.0,-0.009299999999999975
D079,23,6,0.98,0.73,0.0,0.24,0.24,1,2.2,14.24,134.3,0.3289,66.0,27.3,33.9,2028,51.0,5.0,6.4,16.7,408.3,11.4,2.8,102.1,8.2,0.0,4,47,1,day,northeast,False,True,-0.98,2.6400000000000006,-0.9000000000000004,334.0,0.06080000000000002
D079,24,6,0.31,0.31,0.0,0.15,0.0,1,2.01,13.35,199.79,0.3083,38.8,19.0,39.1,2293,48.4,5.6,6.4,18.9,648.1,17.6,3.5,129.6,8.8,0.0,5,47,1,day,northeast,False,True,-0.23000000000000043,0.879999999999999,-0.10000000000000009,-6.0,0.02030000000000004
D079,25,6,0.93,0.0,0.0,0.31,0.0,0,1.86,14.09,105.15,0.3255,60.6,28.0,28.7,2906,72.0,3.3,5.3,23.9,323.0,9.4,3.1,107.7,7.7,0.0,3,47,1,day,northeast,False,True,0.20000000000000018,1.2899999999999991,-0.6999999999999997,904.0,0.029700000000000004
D079,26,6,0.57,0.57,0.29,0.0,0.0,3,2.59,15.84,127.3,0.3658,55.3,26.4,35.4,2698,72.5,5.5,6.5,22.2,348.0,11.7,2.9,87.0,8.0,0.0,4,47,1,day,northeast,False,True,0.08000000000000007,2.67,-0.10000000000000009,877.0,0.0615
D080,1,1,0.73,0.0,0.29,0.58,0.15,4,3.35,13.15,208.55,0.3036,40.7,16.3,35.6,1213,19.2,5.4,7.8,10.0,686.8,15.3,3.1,137.4,7.6,100.0,5,43,3,night,southeast,False,False,,,,,
D080,2,1,0.8,0.32,0.0,0.32,0.16,3,2.41,12.39,178.1,0.2862,32.7,13.2,29.0,1251,20.5,4.2,6.6,10.4,622.3,13.1,3.3,155.6,7.5,100.0,4,43,3,night,southeast,False,False,,,,,
D080,3,1,0.0,0.2,0.1,0.49,0.0,2,1.86,13.73,324.9,0.3173,42.3,18.3,30.7,1540,27.7,4.7,6.0,12.8,1024.1,25.4,4.2,170.7,8.7,100.0,6,43,3,night,southeast,False,False,,,,,
D080,4,1,0.52,0.69,0.0,0.17,0.0,1,1.9,13.85,184.89,0.3199,41.8,17.9,40.5,1612,34.7,8.3,6.7,13.5,577.9,14.3,4.8,192.6,11.7,100.0,3,43,3,night,southeast,False,False,,,,,
D080,5,2,0.26,0.26,0.26,0.26,0.13,2,1.67,11.98,214.95,0.2767,32.6,14.0,30.8,1176,20.0,1.6,4.9,9.7,776.7,17.2,3.4,155.3,7.6,100.0,5,43,3,night,southeast,False,False,-1.6800000000000002,-1.17,0.2999999999999998,-37.0,-0.02689999999999998
D080,6,2,0.94,0.27,0.13,0.54,0.13,2,2.96,12.58,215.8,0.2906,45.0,18.5,29.8,1116,26.8,5.2,6.7,9.3,742.7,16.5,3.3,148.5,8.2,100.0,5,43,3,night,southeast,False,False,0.5499999999999998,0.1899999999999995,0.0,-135.0,0.004400000000000015
D080,7,2,0.6,0.2,0.1,0.5,0.0,1,2.41,12.6,289.91,0.2912,40.8,16.4,33.3,1756,44.0,4.7,6.0,14.5,995.7,21.7,3.6,166.0,9.3,100.0,6,43,3,night,southeast,False,False,0.55,-1.1300000000000008,-0.6000000000000001,216.0,-0.026100000000000012
D080,8,2,0.29,0.57,0.29,0.14,0.14,1,2.01,12.91,208.22,0.2983,33.1,13.5,31.4,1452,33.2,4.6,6.3,12.0,698.0,16.8,3.4,139.6,7.4,100.0,5,43,3,night,southeast,False,False,0.10999999999999988,-0.9399999999999995,-1.4,-160.0,-0.021600000000000008
D080,9,3,0.31,0.31,0.21,0.1,0.21,1,1.95,11.48,257.82,0.2653,32.0,14.0,34.4,2063,44.4,5.0,6.6,17.0,971.9,21.2,4.2,194.4,9.4,100.0,5,43,3,night,southeast,False,False,0.28,-0.5,0.8000000000000003,887.0,-0.011400000000000021
D080,10,3,0.42,0.1,0.21,0.21,0.21,1,1.67,12.6,279.42,0.291,45.9,22.5,35.7,1719,30.0,6.0,6.7,14.2,960.1,24.9,3.6,137.2,8.6,100.0,7,43,3,night,southeast,False,False,-1.29,0.019999999999999574,0.30000000000000027,603.0,0.00039999999999995595
D080,11,3,0.61,0.31,0.15,0.31,0.0,0,2.45,11.17,168.24,0.258,33.7,17.0,35.9,1448,30.4,5.2,6.3,12.0,652.2,16.5,3.3,130.4,7.4,100.0,5,43,3,night,southeast,False,False,0.040000000000000036,-1.4299999999999997,-0.30000000000000027,-308.0,-0.03320000000000001
D080,12,3,0.48,0.64,0.0,0.32,0.0,0,2.42,11.26,161.38,0.26,31.2,14.6,34.5,1234,22.0,3.4,6.2,10.2,620.7,15.8,3.2,124.1,7.6,100.0,5,43,3,night,southeast,False,False,0.41000000000000014,-1.6500000000000004,-0.19999999999999973,-218.0,-0.0383
D080,13,3,0.41,0.41,0.0,0.16,0.0,1,2.39,11.71,328.07,0.2704,50.1,21.9,35.7,1649,25.7,5.3,5.9,13.7,1213.1,29.2,4.2,173.3,9.0,100.0,7,43,3,night,southeast,False,False,0.44000000000000017,0.23000000000000043,0.0,-414.0,0.005099999999999993
D080,14,4,0.58,0.19,0.1,0.19,0.1,1,2.13,11.98,285.98,0.2767,48.6,20.7,32.8,1476,23.7,5.5,6.3,12.3,1033.7,22.8,3.8,172.3,8.8,100.0,6,43,3,night,southeast,False,False,0.45999999999999996,-0.6199999999999992,0.19999999999999973,-243.0,-0.01429999999999998
D080,15,4,0.29,0.2,0.1,0.29,0.0,1,1.66,11.68,275.86,0.2698,33.0,15.6,33.3,1955,44.0,6.4,6.4,16.2,1022.5,23.5,4.7,204.5,10.4,100.0,5,43,3,night,southeast,False,False,-0.7900000000000003,0.5099999999999998,1.4000000000000004,507.0,0.011799999999999977
D080,16,4,1.0,0.44,0.33,0.33,0.11,2,3.1,11.65,242.85,0.2692,37.7,16.6,36.8,1073,29.0,3.0,6.9,8.9,902.1,19.6,3.3,150.4,7.2,100.0,6,43,3,night,southeast,False,False,0.6800000000000002,0.39000000000000057,0.09999999999999964,-161.0,0.009199999999999986
D080,17,4,0.46,0.46,0.0,0.0,0.0,0,1.37,10.12,51.17,0.2339,22.8,10.5,40.5,878,21.0,2.0,5.1,7.3,218.8,4.2,2.1,109.4,6.0,100.0,2,43,3,night,southeast,False,False,-1.02,-1.5900000000000016,-2.1,-771.0,-0.03649999999999998
D080,18,5,0.51,0.0,0.51,0.25,0.25,2,2.04,12.44,112.82,0.2874,45.1,21.1,26.3,1028,13.3,6.0,7.0,8.5,392.6,9.5,3.2,130.9,8.0,100.0,3,43,3,night,southeast,False,False,-0.08999999999999986,0.4599999999999991,-0.5999999999999996,-448.0,0.010699999999999987
D080,19,5,2.55,0.0,0.0,0.0,0.0,0,2.55,10.11,18.32,0.2337,12.7,4.5,26.3,882,28.0,3.0,6.8,7.3,78.4,2.5,2.5,78.4,5.0,100.0,1,43,3,night,southeast,False,False,0.8899999999999999,-1.5700000000000003,-2.2,-1073.0,-0.03609999999999999
D080,20,5,0.76,0.76,0.25,1.02,0.0,0,4.32,12.98,118.09,0.2999,45.4,21.2,34.8,1840,55.3,5.7,6.4,15.2,393.7,10.0,3.3,131.2,7.7,100.0,3,43,3,night,southeast,False,False,1.2200000000000002,1.33,0.0,767.0,0.030700000000000005
D080,21,5,0.94,0.54,0.4,0.13,0.13,2,3.77,11.69,200.42,0.27,32.6,15.4,35.7,1145,25.3,3.3,5.8,9.5,742.3,17.4,2.9,123.7,6.8,100.0,6,43,3,night,southeast,False,False,2.4,1.5700000000000003,0.7999999999999998,267.0,0.03610000000000002
D080,22,5,0.66,0.79,0.66,0.4,0.26,3,3.82,11.56,202.66,0.2671,38.1,18.1,42.0,1316,29.2,3.4,5.6,10.9,758.6,18.0,3.6,151.7,9.0,100.0,5,43,3,night,southeast,False,False,1.7799999999999998,-0.879999999999999,0.3999999999999999,288.0,-0.020299999999999985
D081,1,1,0.51,0.51,0.1,0.1,0.0,2,2.35,12.39,279.46,0.2861,35.1,13.3,34.3,852,13.6,4.0,7.0,7.1,976.7,19.2,3.8,195.3,7.8,41.0,5,21,0,rotating,midwest,False,True,,,,,
D081,2,1,0.18,0.79,0.18,0.35,0.18,4,2.38,12.07,316.47,0.2787,35.1,12.4,33.8,1108,17.6,5.2,6.0,9.3,1135.5,20.5,4.1,227.1,9.8,42.9,5,21,0,rotating,midwest,False,True,,,,,
D081,3,1,0.62,0.0,0.26,0.26,0.09,1,1.68,10.87,284.85,0.2512,26.7,10.7,33.0,760,15.6,2.6,5.6,6.4,1134.1,20.9,4.2,226.8,8.0,22.5,5,21,0,rotating,midwest,False,True,,,,,
D081,4,1,0.31,0.31,0.2,0.31,0.0,2,1.74,10.11,228.57,0.2335,15.8,4.9,35.6,585,4.8,2.8,5.6,4.9,978.7,16.3,3.3,195.7,7.2,50.0,5,21,0,rotating,midwest,False,True,,,,,
D081,5,2,0.37,0.28,0.0,0.19,0.09,0,1.77,11.0,272.88,0.254,28.8,10.0,35.6,860,10.5,3.8,6.3,7.2,1074.2,17.4,4.3,268.5,9.2,73.0,4,21,0,rotating,midwest,False,True,-0.5800000000000001,-1.3900000000000006,0.5,8.0,-0.03210000000000002
D081,6,2,0.37,0.12,0.12,0.24,0.12,3,1.58,10.78,408.64,0.249,23.7,8.2,35.9,818,9.6,3.0,5.6,6.9,1641.4,26.4,5.3,328.3,11.0,41.8,5,21,0,rotating,midwest,False,True,-0.7999999999999998,-1.290000000000001,1.2000000000000002,-290.0,-0.029700000000000004
D081,7,2,0.45,0.15,0.08,0.38,0.0,4,1.51,11.07,338.76,0.2558,27.1,10.0,30.8,601,4.3,3.2,5.7,5.1,1324.4,22.5,3.8,220.7,7.8,61.7,6,21,0,rotating,midwest,False,True,-0.16999999999999993,0.20000000000000107,-0.40000000000000036,-159.0,0.0046000000000000485
D081,8,2,0.26,0.17,0.09,0.34,0.09,0,1.28,10.85,292.75,0.2507,23.4,8.4,43.0,623,6.0,3.4,6.2,5.2,1167.5,19.8,4.0,233.5,8.4,14.3,5,21,0,rotating,midwest,False,True,-0.45999999999999996,0.7400000000000002,0.7000000000000002,38.0,0.017199999999999965
D081,9,2,0.47,0.54,0.27,0.34,0.13,6,2.89,9.72,334.03,0.2244,20.6,6.7,28.0,729,10.7,3.8,6.9,6.1,1488.3,23.1,3.8,248.1,7.8,21.3,6,21,0,rotating,midwest,False,True,1.12,-1.2799999999999994,-0.5,-131.0,-0.029600000000000015
D081,10,3,0.65,0.29,0.0,0.51,0.0,2,2.1,10.0,319.17,0.2309,29.7,10.7,41.3,1544,28.0,5.2,6.2,12.8,1382.3,22.7,4.5,276.5,10.6,45.3,5,21,0,rotating,midwest,False,True,0.52,-0.7799999999999994,-0.7999999999999998,726.0,-0.018100000000000005
D081,11,3,0.33,0.13,0.07,0.07,0.13,4,1.57,9.86,347.45,0.2278,25.5,9.9,39.0,709,7.3,3.0,5.5,6.0,1525.2,26.6,4.4,254.2,9.2,50.9,6,21,0,rotating,midwest,False,True,0.06000000000000005,-1.2100000000000009,0.6000000000000005,108.0,-0.028000000000000025
D081,12,3,0.36,0.27,0.27,0.09,0.09,1,1.98,9.57,246.15,0.2212,20.6,8.5,34.6,938,17.2,3.6,6.0,7.8,1113.0,18.7,3.7,222.6,8.6,0.0,5,21,0,rotating,midwest,False,True,0.7,-1.2799999999999994,-0.2999999999999998,315.0,-0.02949999999999997
D081,13,3,0.19,0.28,0.19,0.09,0.28,3,2.07,10.04,246.57,0.2318,26.9,10.0,35.6,547,9.2,1.8,5.3,4.6,1063.6,18.6,3.7,212.7,7.6,31.6,5,21,0,rotating,midwest,False,True,-0.8200000000000003,0.3199999999999985,-0.09999999999999964,-182.0,0.007400000000000018
D081,14,4,0.32,0.49,0.05,0.27,0.16,5,1.89,9.32,398.87,0.2153,26.5,11.0,39.3,1238,27.3,3.8,5.6,10.3,1852.5,32.9,5.5,308.8,10.5,46.0,6,21,0,rotating,midwest,False,True,-0.2100000000000002,-0.6799999999999997,1.0,-306.0,-0.015600000000000003
D081,15,4,0.28,0.21,0.14,0.35,0.07,3,1.81,10.02,332.36,0.2315,23.9,10.0,33.1,980,18.0,4.5,6.9,8.2,1435.7,25.8,4.3,239.3,9.0,59.3,6,21,0,rotating,midwest,False,True,0.24,0.16000000000000014,-0.10000000000000053,271.0,0.003700000000000009
D081,16,4,0.13,0.45,0.13,0.45,0.0,1,2.61,10.5,381.1,0.2425,33.1,13.5,35.8,1074,21.7,3.7,6.1,8.9,1571.8,28.1,4.0,224.5,8.3,27.6,7,21,0,rotating,midwest,False,True,0.6299999999999999,0.9299999999999997,0.2999999999999998,136.0,0.021299999999999986
D081,17,4,0.48,0.38,0.1,0.38,0.1,4,2.76,10.0,242.87,0.231,14.0,5.5,41.0,524,3.5,2.5,6.0,4.4,1051.4,17.0,4.3,262.8,8.8,62.9,4,21,0,rotating,midwest,False,True,0.69,-0.03999999999999915,0.5999999999999996,-23.0,-0.0007999999999999952
D081,18,5,0.46,0.73,0.13,0.33,0.0,4,2.39,10.04,349.53,0.2318,22.3,8.4,39.2,1086,21.2,3.6,6.2,9.0,1507.7,24.2,4.8,301.5,10.0,44.0,5,21,0,rotating,midwest,False,True,0.5000000000000002,0.7199999999999989,-0.7000000000000002,-152.0,0.016500000000000015
D081,19,5,0.64,0.06,0.0,0.38,0.06,6,2.18,10.07,362.67,0.2326,30.6,11.8,37.2,1133,20.3,3.3,6.1,9.4,1559.4,25.9,4.3,259.9,9.2,40.0,6,21,0,rotating,midwest,False,True,0.3700000000000001,0.05000000000000071,0.0,153.0,0.0010999999999999899
D081,20,5,0.36,0.3,0.18,0.24,0.12,1,1.96,10.02,389.49,0.2316,31.7,12.6,37.7,931,15.0,4.3,6.4,7.8,1681.9,28.8,4.8,280.3,10.5,30.2,6,21,0,rotating,midwest,False,True,-0.6499999999999999,-0.4800000000000004,0.7999999999999998,-143.0,-0.010899999999999993
D081,21,5,0.27,0.07,0.27,0.13,0.0,3,1.59,8.44,293.86,0.195,19.3,6.1,49.5,549,7.3,2.8,6.2,4.6,1507.1,21.9,3.7,251.2,6.3,63.2,6,21,0,rotating,midwest,False,True,-1.1699999999999997,-1.5600000000000005,-0.5999999999999996,25.0,-0.036000000000000004
D081,22,5,0.28,0.21,0.0,0.35,0.21,1,1.62,9.56,314.04,0.2208,13.6,5.8,35.3,684,8.0,5.0,6.6,5.7,1422.4,25.2,5.0,284.5,9.4,0.0,5,21,0,rotating,midwest,False,True,-0.77,-0.47999999999999865,0.20000000000000018,-402.0,-0.01100000000000001
D081,23,6,0.57,0.57,0.0,0.0,0.29,3,2.0,9.79,158.1,0.2261,30.3,12.3,30.0,792,13.0,2.0,5.3,6.6,699.2,12.1,3.0,174.8,7.8,38.7,4,21,0,rotating,midwest,False,True,-0.18000000000000016,-0.28000000000000114,-1.2999999999999998,-341.0,-0.006500000000000006
D081,24,6,0.32,0.43,0.0,0.43,0.11,6,2.48,9.94,213.31,0.2297,27.1,11.0,25.5,795,12.8,3.6,6.5,6.6,928.6,16.0,3.2,185.7,7.2,47.2,5,21,0,rotating,midwest,False,True,0.52,-0.08000000000000007,-1.5999999999999996,-136.0,-0.0019000000000000128
D081,25,6,0.41,0.1,0.0,0.1,0.0,0,1.32,9.56,216.75,0.2209,20.8,8.0,31.7,824,14.0,3.6,6.8,6.9,981.2,17.6,3.5,196.2,7.2,33.3,5,21,0,rotating,midwest,False,True,-0.27,1.120000000000001,-0.20000000000000018,275.0,0.025900000000000006
D081,26,6,0.58,0.22,0.15,0.29,0.0,3,1.89,10.23,324.46,0.2363,20.0,8.3,30.3,945,22.3,3.7,6.6,7.8,1373.0,24.4,4.1,228.8,8.8,90.6,6,21,0,rotating,midwest,False,True,0.2699999999999998,0.6699999999999999,-0.9000000000000004,261.0,0.015500000000000014
D082,1,1,3.08,2.93,2.77,2.31,0.62,9,12.01,19.88,298.13,0.4592,65.3,17.1,33.8,2298,39.0,4.5,5.7,19.0,649.2,16.1,4.0,162.3,10.8,0.0,4,43,2,rotating,northeast,True,True,,,,,
D082,2,1,2.21,2.21,3.32,1.38,1.38,6,11.61,22.64,189.26,0.523,118.1,24.9,42.4,2710,62.0,5.3,5.6,22.3,361.9,9.5,3.2,120.6,9.0,100.0,3,43,2,rotating,northeast,True,True,,,,,
D082,3,1,3.66,2.9,4.12,2.29,1.22,9,14.94,19.35,293.32,0.4471,38.7,11.9,36.4,2340,66.4,3.6,6.3,19.3,656.1,17.3,3.5,131.2,9.0,73.3,5,43,2,rotating,northeast,True,True,,,,,
D082,4,1,2.56,3.76,2.22,2.22,0.17,8,11.28,19.83,267.87,0.458,56.1,17.3,28.6,2630,52.4,4.8,6.0,21.6,584.9,16.4,3.3,117.0,8.4,54.8,5,43,2,rotating,northeast,True,True,,,,,
D082,5,1,3.8,4.0,2.2,2.4,1.0,3,14.02,19.7,227.21,0.455,39.5,13.1,33.8,2472,57.0,7.0,6.8,20.4,499.4,14.3,3.6,124.8,8.8,68.6,4,43,2,rotating,northeast,True,True,2.01,-0.17999999999999972,-0.3999999999999999,174.0,-0.0041999999999999815
D082,6,2,3.25,2.3,1.76,2.03,0.68,6,10.42,20.73,353.71,0.4788,47.2,15.0,31.7,2768,50.0,5.7,6.1,22.8,738.7,20.7,3.4,123.1,9.5,40.4,6,43,2,rotating,northeast,True,True,-1.1899999999999995,-1.9100000000000001,0.19999999999999973,58.0,-0.04420000000000002
D082,7,2,2.27,2.68,3.34,2.27,0.67,6,12.71,20.22,349.13,0.467,43.7,13.1,35.2,1991,52.3,3.3,5.8,16.4,747.6,18.9,3.2,124.6,7.5,71.1,6,43,2,rotating,northeast,True,True,-2.2299999999999986,0.8699999999999974,-0.2999999999999998,-349.0,0.01990000000000003
D082,8,2,3.04,3.04,1.88,2.89,0.87,8,12.3,21.98,350.96,0.5077,52.7,16.8,34.5,2085,55.3,3.8,5.7,17.2,691.3,20.6,3.4,115.2,7.8,29.8,6,43,2,rotating,northeast,True,True,1.0200000000000014,2.150000000000002,0.10000000000000009,-545.0,0.04970000000000002
D082,9,3,3.32,2.53,2.06,1.58,0.16,4,10.76,14.75,215.22,0.3407,57.8,19.5,36.0,2533,66.5,5.0,5.9,20.9,631.7,16.3,4.1,157.9,10.2,100.0,4,43,2,rotating,northeast,True,True,-3.26,-4.949999999999999,0.49999999999999956,61.0,-0.11430000000000001
D082,10,3,2.44,2.12,1.8,2.33,0.95,8,10.17,17.94,391.06,0.4144,41.8,14.3,39.3,2377,58.7,5.2,6.4,19.6,943.6,24.7,4.1,157.3,9.0,51.9,6,43,2,rotating,northeast,True,True,-0.25,-2.789999999999999,0.6999999999999997,-391.0,-0.06440000000000001
D082,11,3,2.59,3.37,1.04,2.33,0.26,1,10.62,23.06,205.54,0.5326,108.3,30.9,31.5,2009,36.5,3.0,5.9,16.6,385.9,10.6,2.6,96.5,7.8,19.4,4,43,2,rotating,northeast,True,True,-2.0900000000000016,2.84,-0.6000000000000001,18.0,0.06559999999999994
D082,12,3,2.99,2.52,2.2,1.57,1.26,8,11.0,18.48,271.56,0.4269,61.8,19.9,39.6,2037,43.3,2.8,5.5,16.8,636.1,16.5,2.8,106.0,7.2,16.3,6,43,2,rotating,northeast,True,True,-1.3000000000000007,-3.5,-0.6000000000000001,-48.0,-0.08080000000000004
D082,13,3,3.87,2.51,1.94,2.62,0.68,11,12.07,17.72,359.34,0.4092,48.0,15.4,39.4,2019,59.0,5.7,6.5,16.7,878.1,21.9,3.7,146.4,9.5,31.6,6,43,2,rotating,northeast,True,True,1.3100000000000005,2.969999999999999,-0.39999999999999947,-514.0,0.0685
D082,14,4,3.41,2.59,2.18,2.73,0.82,9,12.97,20.44,345.92,0.4722,69.2,22.5,32.8,2728,63.2,7.4,6.9,22.4,732.6,20.7,4.1,146.5,9.4,34.0,5,43,2,rotating,northeast,True,True,2.8000000000000007,2.5,0.0,351.0,0.05780000000000002
D082,15,4,2.58,1.55,1.55,2.58,1.03,4,9.96,14.69,197.62,0.3394,52.6,16.6,41.5,1716,30.5,4.8,6.9,14.2,582.2,13.0,3.3,145.5,7.2,75.9,4,43,2,rotating,northeast,True,True,-0.6599999999999984,-8.37,0.6999999999999997,-293.0,-0.19319999999999998
D082,16,4,2.67,3.08,1.23,2.05,0.41,3,9.65,21.44,241.33,0.4953,91.5,26.8,42.9,2054,34.8,5.8,6.0,16.9,487.2,12.7,2.5,97.4,7.0,100.0,5,43,2,rotating,northeast,True,True,-1.3499999999999996,2.960000000000001,-0.2999999999999998,17.0,0.06840000000000002
D082,17,4,3.4,2.22,1.33,2.22,1.03,5,11.38,19.67,307.53,0.4544,66.8,21.3,29.9,2402,43.2,4.6,5.5,19.8,676.8,19.4,3.9,135.4,10.0,62.0,5,43,2,rotating,northeast,True,True,-0.6899999999999995,1.9500000000000028,0.19999999999999973,383.0,0.04520000000000002
D082,18,5,3.97,3.14,1.88,2.51,1.05,10,13.38,19.6,216.56,0.4527,59.6,20.1,36.7,1968,50.4,3.0,5.8,16.2,478.4,13.2,2.6,95.7,7.6,36.8,5,43,2,rotating,northeast,True,True,0.41000000000000014,-0.8399999999999999,-1.4999999999999996,-760.0,-0.019500000000000017
D082,19,5,3.55,2.66,1.77,3.1,0.44,1,12.85,19.64,102.36,0.4537,65.7,21.1,20.0,1628,33.0,4.0,6.3,13.4,225.6,5.9,3.0,112.8,6.5,100.0,2,43,2,rotating,northeast,True,True,2.889999999999999,4.950000000000001,-0.2999999999999998,-88.0,0.11430000000000001
D082,20,5,3.7,3.45,1.79,3.45,0.89,14,13.8,19.21,347.29,0.4436,56.9,19.8,33.9,1834,34.0,4.1,6.1,15.1,782.8,22.5,3.2,111.8,7.6,0.0,7,43,2,rotating,northeast,True,True,4.15,-2.2300000000000004,0.7000000000000002,-220.0,-0.051700000000000024
D082,21,5,2.19,3.45,2.51,2.19,0.31,5,11.6,18.88,139.2,0.4362,65.7,19.0,33.3,1642,40.0,4.0,5.8,13.6,319.1,8.9,3.0,106.4,8.0,33.3,3,43,2,rotating,northeast,True,True,0.21999999999999886,-0.7900000000000027,-0.8999999999999999,-760.0,-0.01820000000000005
D082,22,5,3.62,1.67,2.78,3.34,1.67,5,13.64,20.15,167.2,0.4655,55.3,21.9,24.4,3010,62.0,5.8,6.0,24.7,359.2,12.6,3.2,89.8,8.2,100.0,4,43,2,rotating,northeast,True,True,0.2599999999999998,0.5499999999999972,0.6000000000000001,1042.0,0.012800000000000034
D082,23,6,2.22,4.12,1.9,1.9,0.79,4,12.52,20.8,303.07,0.4804,68.2,22.6,37.2,2828,65.3,5.0,6.6,23.2,630.9,19.7,3.3,105.2,8.3,58.0,6,43,2,rotating,northeast,True,True,-0.33000000000000007,1.1600000000000001,0.2999999999999998,1200.0,0.0267
D082,24,6,4.55,4.37,3.5,2.8,0.7,11,16.26,20.65,272.74,0.477,58.4,20.1,39.4,2486,50.5,5.2,6.1,20.5,571.8,16.9,4.2,142.9,9.5,26.3,4,43,2,rotating,northeast,True,True,2.460000000000001,1.4399999999999977,1.0,652.0,0.033399999999999985
D082,25,6,4.01,2.0,1.23,2.47,0.77,5,10.95,18.68,279.93,0.4316,65.5,21.8,36.7,2686,72.3,5.7,6.2,22.1,648.6,19.9,3.3,108.1,8.8,56.6,6,43,2,rotating,northeast,True,True,-0.6500000000000004,-0.1999999999999993,0.2999999999999998,1044.0,-0.004599999999999993
D082,26,6,3.35,4.7,1.68,4.7,1.01,9,17.11,20.13,138.62,0.465,52.8,17.8,38.4,2623,44.0,4.0,6.3,21.5,298.1,9.3,3.1,99.4,8.3,68.0,3,43,2,rotating,northeast,True,True,3.469999999999999,-0.019999999999999574,-0.10000000000000009,-387.0,-0.0005000000000000004
D083,1,1,2.14,0.0,1.28,1.71,2.14,2,8.98,19.37,104.62,0.4475,99.1,27.4,24.5,1717,44.0,4.0,5.7,14.2,233.8,6.0,3.0,116.9,7.5,0.0,2,31,1,rotating,northeast,False,True,,,,,
D083,2,1,1.79,1.24,1.51,1.79,0.27,8,8.93,21.41,359.99,0.4946,119.8,34.2,33.8,2321,47.3,4.5,5.8,19.1,727.9,20.2,3.4,121.3,9.0,9.3,6,31,1,rotating,northeast,False,True,,,,,
D083,3,1,1.21,1.56,1.38,0.69,0.69,6,7.1,19.7,262.88,0.455,103.2,29.8,39.9,3106,67.0,6.8,6.3,25.5,577.7,16.3,4.1,144.4,10.5,45.2,4,31,1,rotating,northeast,False,True,,,,,
D083,4,1,2.15,1.89,1.64,0.63,0.63,9,9.72,23.01,421.02,0.5315,151.0,36.2,34.4,1818,36.3,3.7,5.9,15.0,792.2,18.5,3.1,132.0,7.8,53.2,6,31,1,rotating,northeast,False,True,,,,,
D083,5,2,2.63,1.1,1.1,2.41,0.66,5,11.17,22.93,241.83,0.5298,143.8,38.0,38.1,1887,46.0,4.2,5.8,15.5,456.5,12.5,2.5,91.3,6.8,55.9,5,31,1,rotating,northeast,False,True,2.1899999999999995,3.5599999999999987,-0.5,170.0,0.08230000000000004
D083,6,2,1.74,1.54,1.16,2.12,0.58,7,9.27,23.42,280.18,0.5411,134.5,35.4,35.9,1895,46.4,4.2,6.4,15.6,517.8,13.3,2.7,103.6,7.4,83.8,5,31,1,rotating,northeast,False,True,0.33999999999999986,2.0100000000000016,-0.6999999999999997,-426.0,0.04650000000000004
D083,7,2,1.51,0.93,1.39,1.74,0.58,4,8.92,18.75,373.92,0.4331,78.7,23.8,39.7,1965,49.3,4.0,5.9,16.2,863.4,22.6,3.8,143.9,9.2,40.0,6,31,1,rotating,northeast,False,True,1.8200000000000003,-0.9499999999999993,-0.2999999999999998,-1141.0,-0.02190000000000003
D083,8,2,2.5,1.67,1.39,0.83,0.56,4,10.83,22.0,182.95,0.5082,127.3,34.3,39.1,1792,23.3,3.7,5.5,14.8,360.0,9.2,3.1,120.0,8.0,75.0,3,31,1,rotating,northeast,False,True,1.1099999999999994,-1.0100000000000016,0.0,-26.0,-0.023299999999999987
D083,9,3,0.79,0.79,1.05,2.1,0.26,3,8.41,23.41,205.68,0.5408,177.3,43.1,27.4,1969,44.5,6.0,6.6,16.2,380.3,10.8,2.7,95.1,6.8,66.7,4,31,1,rotating,northeast,False,True,-2.76,0.4800000000000004,0.20000000000000018,82.0,0.010999999999999899
D083,10,3,2.07,2.07,1.03,1.03,0.0,2,8.78,18.49,82.72,0.4271,51.0,21.8,38.3,2275,45.0,5.0,5.7,18.7,193.7,6.7,3.4,96.8,8.0,100.0,2,31,1,rotating,northeast,False,True,-0.4900000000000002,-4.930000000000003,0.6999999999999997,380.0,-0.11400000000000005
D083,11,3,1.96,2.54,1.17,1.57,1.17,7,11.94,21.84,257.77,0.5044,138.3,38.9,30.7,2198,44.8,4.2,5.8,18.1,511.0,14.6,2.9,102.2,7.8,17.9,5,31,1,rotating,northeast,False,True,3.0199999999999996,3.09,-0.8999999999999999,233.0,0.07129999999999997
D083,12,3,2.42,0.93,1.49,2.42,0.93,7,10.98,17.59,218.34,0.4062,83.7,27.5,32.4,2109,50.4,4.4,6.5,17.4,537.5,13.6,2.7,107.5,7.2,44.4,5,31,1,rotating,northeast,False,True,0.15000000000000036,-4.41,-0.3999999999999999,317.0,-0.10199999999999998
D083,13,3,1.91,1.09,1.5,2.45,0.95,7,11.45,16.54,280.46,0.3821,87.0,26.4,33.0,1478,30.5,3.8,5.9,12.2,733.9,15.4,3.8,183.5,9.0,66.7,4,31,1,rotating,northeast,False,True,3.039999999999999,-6.870000000000001,1.0999999999999996,-491.0,-0.15869999999999995
D083,14,4,1.17,1.47,0.88,2.06,0.88,4,9.4,21.67,170.48,0.5007,121.4,41.2,38.5,3054,59.3,9.3,7.6,25.1,340.5,10.8,3.6,113.5,9.0,63.0,3,31,1,rotating,northeast,False,True,0.620000000000001,3.1800000000000033,0.20000000000000018,779.0,0.07360000000000005
D083,15,4,2.34,2.77,0.73,1.75,0.73,8,11.83,23.21,367.22,0.5362,152.8,42.2,42.1,1953,42.3,3.5,5.5,16.1,684.8,18.5,3.1,114.1,8.2,81.6,6,31,1,rotating,northeast,False,True,-0.10999999999999943,1.370000000000001,0.20000000000000018,-245.0,0.03180000000000005
D083,16,4,2.44,1.76,1.76,1.62,0.81,8,12.04,17.5,298.75,0.4043,85.3,30.3,31.5,2027,43.7,4.3,5.6,16.7,738.9,20.6,3.4,123.2,8.8,30.2,6,31,1,rotating,northeast,False,True,1.0599999999999987,-0.08999999999999986,0.6999999999999997,-82.0,-0.0019000000000000128
D083,17,4,2.18,1.36,1.09,0.55,0.27,2,8.72,20.51,173.85,0.4738,98.6,33.3,33.3,1927,47.0,3.5,6.0,15.9,366.9,10.6,2.7,91.7,7.5,100.0,4,31,1,rotating,northeast,False,True,-2.7299999999999986,3.9700000000000024,-1.0999999999999996,449.0,0.0917
D083,18,5,1.37,1.0,0.87,1.75,1.0,6,10.97,15.41,285.61,0.3561,88.7,26.0,33.8,2244,48.8,3.6,5.7,18.5,802.1,19.0,3.8,160.4,8.8,31.8,5,31,1,rotating,northeast,False,True,1.5700000000000003,-6.260000000000002,0.19999999999999973,-810.0,-0.1446
D083,19,5,2.07,1.38,1.55,1.38,0.69,10,10.35,18.73,250.68,0.4326,104.9,32.4,37.1,2411,52.0,6.5,6.3,19.9,579.5,14.3,3.6,144.9,9.2,45.9,4,31,1,rotating,northeast,False,True,-1.4800000000000004,-4.48,0.5,458.0,-0.10360000000000003
D083,20,5,2.22,1.56,2.0,2.22,0.89,1,12.01,26.52,275.4,0.6127,188.2,47.4,36.9,2601,57.2,3.6,5.8,21.4,449.5,13.4,2.7,89.9,7.2,69.4,5,31,1,rotating,northeast,False,True,-0.02999999999999936,9.02,-0.6999999999999997,574.0,0.20840000000000003
D083,21,5,2.02,1.29,1.47,2.21,0.92,4,11.58,23.0,289.12,0.5313,169.8,41.7,34.5,1766,36.8,5.2,6.6,14.6,544.2,13.3,2.7,108.8,8.0,12.5,5,31,1,rotating,northeast,False,True,2.8599999999999994,2.4899999999999984,0.0,-161.0,0.057499999999999996
D083,22,5,2.98,1.33,1.82,2.32,0.33,7,12.76,20.31,283.16,0.4691,125.9,36.4,39.5,1689,35.2,4.6,5.8,13.9,603.6,17.0,3.4,120.7,7.6,78.9,5,31,1,rotating,northeast,False,True,1.7899999999999991,4.899999999999999,-0.3999999999999999,-555.0,0.11299999999999999
D083,23,6,1.98,2.33,1.51,1.98,0.93,11,12.47,21.57,427.6,0.4982,152.0,45.0,37.5,2266,54.9,5.0,6.2,18.7,858.3,23.1,3.3,122.6,7.9,43.6,7,31,1,rotating,northeast,False,True,2.120000000000001,2.84,-0.30000000000000027,-145.0,0.06559999999999999
D083,24,6,2.25,1.5,1.12,3.37,0.37,4,12.18,21.87,269.69,0.5052,112.7,35.7,30.5,2065,59.0,4.2,6.2,17.0,533.8,15.4,3.9,133.4,8.2,30.3,4,31,1,rotating,northeast,False,True,0.16999999999999993,-4.649999999999999,1.1999999999999997,-536.0,-0.10750000000000004
D083,25,6,1.25,0.9,1.61,2.69,0.18,4,11.28,21.26,274.22,0.4912,144.8,41.0,33.1,2094,57.6,3.6,5.9,17.2,558.3,14.9,3.0,111.7,8.2,14.6,5,31,1,rotating,northeast,False,True,-0.3000000000000007,-1.7399999999999984,0.2999999999999998,328.0,-0.04009999999999997
D083,26,6,1.76,1.9,1.49,2.71,1.08,6,12.88,18.36,312.8,0.424,122.9,37.8,38.9,2657,58.0,3.6,5.3,21.8,737.7,18.6,3.7,147.5,9.0,44.4,5,31,1,rotating,northeast,False,True,0.120000000000001,-1.9499999999999993,0.30000000000000027,968.0,-0.04510000000000003
D084,1,1,1.39,1.74,0.0,0.7,0.7,1,5.57,20.34,135.09,0.4699,104.4,33.9,41.3,1002,12.7,4.0,6.4,8.3,287.5,8.0,2.7,95.8,6.3,0.0,3,24,8,rotating,southeast,False,True,,,,,
D084,2,1,0.89,1.34,0.15,0.89,0.3,2,4.91,15.4,238.81,0.3556,47.3,16.1,44.6,1143,17.5,3.5,5.8,9.5,671.5,14.9,3.7,167.9,8.8,68.6,4,24,8,rotating,southeast,False,True,,,,,
D084,3,1,1.73,0.87,0.35,0.69,0.0,2,5.55,16.23,216.1,0.3748,61.7,21.2,32.5,1494,13.5,4.5,5.7,12.4,576.5,14.1,3.5,144.1,8.8,25.7,4,24,8,rotating,southeast,False,True,,,,,
D084,4,1,1.43,1.07,0.6,0.36,0.24,4,5.71,16.03,311.2,0.3704,56.4,20.1,27.5,1160,18.8,5.0,6.4,9.6,840.2,20.3,4.1,168.0,8.2,80.5,5,24,8,rotating,southeast,False,True,,,,,
D084,5,2,1.03,1.03,0.88,1.18,0.15,2,5.73,16.9,265.63,0.3904,76.1,24.7,30.2,1400,25.6,4.0,5.5,11.6,680.4,15.8,3.2,136.1,8.4,61.9,5,24,8,rotating,southeast,False,True,0.16000000000000014,-3.4400000000000013,0.5,398.0,-0.07949999999999996
D084,6,2,0.7,1.05,1.05,0.0,0.35,1,4.21,14.34,94.41,0.3313,43.1,14.0,34.5,1732,28.0,5.0,5.9,14.3,285.0,7.6,3.8,142.5,8.0,100.0,2,24,8,rotating,southeast,False,True,-0.7000000000000002,-1.0600000000000005,0.09999999999999964,589.0,-0.024300000000000044
D084,7,2,1.2,1.73,0.27,1.07,0.4,4,6.14,17.15,296.93,0.3961,69.2,23.2,31.1,1216,18.4,5.2,6.5,10.1,749.7,18.2,3.6,149.9,8.0,35.0,5,24,8,rotating,southeast,False,True,0.5899999999999999,0.9199999999999982,0.10000000000000009,-278.0,0.021299999999999986
D084,8,2,0.94,1.29,0.35,1.05,0.47,5,5.04,16.74,329.98,0.3868,67.7,22.2,30.4,1284,22.7,4.2,6.1,10.6,853.2,19.9,3.3,142.2,8.2,38.8,6,24,8,rotating,southeast,False,True,-0.6699999999999999,0.7099999999999973,-0.7999999999999998,124.0,0.01639999999999997
D084,9,2,1.46,0.91,0.64,0.37,0.27,7,5.02,16.22,410.05,0.3746,74.3,25.4,38.6,1372,30.3,5.1,6.2,11.4,1094.7,26.4,3.8,156.4,9.0,68.3,7,24,8,rotating,southeast,False,True,-0.7100000000000009,-0.6799999999999997,0.5999999999999996,-28.0,-0.015800000000000036
D084,10,3,2.1,1.31,0.53,0.53,0.26,1,6.31,14.32,125.78,0.3307,44.6,18.8,33.7,1450,34.0,6.3,6.4,12.0,380.3,9.7,3.2,126.8,7.7,21.7,3,24,8,rotating,southeast,False,True,2.0999999999999996,-0.019999999999999574,-0.5999999999999996,-282.0,-0.0005999999999999894
D084,11,3,1.7,0.46,0.15,0.93,0.15,2,4.32,16.72,250.29,0.3862,74.2,26.4,40.3,1477,28.8,3.2,5.9,12.3,648.1,16.5,3.3,129.6,8.2,14.6,5,24,8,rotating,southeast,False,True,-1.8199999999999994,-0.4299999999999997,-0.30000000000000027,261.0,-0.00990000000000002
D084,12,3,0.99,0.42,0.56,0.85,0.14,2,4.23,14.31,234.4,0.3306,64.8,22.6,36.1,1480,36.0,3.3,5.7,12.3,709.1,17.7,2.9,118.2,7.0,76.2,6,24,8,rotating,southeast,False,True,-0.8099999999999996,-2.429999999999998,-0.3999999999999999,196.0,-0.05619999999999997
D084,13,3,0.63,1.1,0.47,0.78,0.16,0,4.87,16.09,236.84,0.3718,74.2,25.3,39.3,1174,14.4,3.0,5.7,9.7,637.1,14.9,3.0,127.4,6.4,18.8,5,24,8,rotating,southeast,False,True,-0.14999999999999947,-0.129999999999999,-0.7999999999999998,-198.0,-0.002799999999999969
D084,14,4,0.63,0.5,0.88,0.88,0.25,6,4.65,15.49,284.57,0.3579,82.4,28.7,37.0,1341,24.3,4.0,5.8,11.1,795.1,18.1,3.0,132.5,7.7,52.2,6,24,8,rotating,southeast,False,True,-1.6599999999999993,1.17,-0.20000000000000018,-109.0,0.027200000000000002
D084,15,4,0.74,0.74,0.55,0.55,0.0,2,4.23,15.6,195.82,0.3604,104.3,32.4,34.5,975,15.5,4.0,6.2,8.1,543.3,11.9,3.0,135.8,6.5,80.8,4,24,8,rotating,southeast,False,True,-0.08999999999999986,-1.1199999999999992,-0.2999999999999998,-502.0,-0.02579999999999999
D084,16,4,0.74,0.74,0.74,2.22,0.0,1,4.81,15.54,97.04,0.359,48.0,18.5,41.1,1588,36.0,4.5,6.2,13.1,270.3,6.7,3.4,135.2,8.5,0.0,2,24,8,rotating,southeast,False,True,0.5799999999999992,1.2299999999999986,0.5,108.0,0.02839999999999998
D084,17,4,1.83,0.98,0.7,0.14,0.14,4,5.34,14.2,233.29,0.3281,58.9,22.2,33.3,1749,30.5,4.0,6.0,14.4,711.1,17.1,4.3,177.8,9.8,25.6,4,24,8,rotating,southeast,False,True,0.46999999999999975,-1.8900000000000006,1.2999999999999998,575.0,-0.04370000000000002
D084,18,5,0.94,0.4,1.34,0.67,0.0,0,4.69,15.22,262.18,0.3515,65.1,23.1,34.1,1670,20.5,4.2,5.8,13.8,745.8,16.8,4.2,186.4,10.0,22.5,4,24,8,rotating,southeast,False,True,0.040000000000000036,-0.2699999999999996,1.2000000000000002,329.0,-0.006400000000000017
D084,19,5,1.04,1.88,0.63,0.63,0.0,3,5.42,14.29,158.3,0.33,46.0,18.4,38.1,1458,23.3,6.0,6.8,12.2,479.7,11.7,3.9,159.9,9.7,82.8,3,24,8,rotating,southeast,False,True,1.1899999999999995,-1.3100000000000005,0.8999999999999999,483.0,-0.030399999999999983
D084,20,5,1.29,1.55,0.39,0.52,0.64,7,6.31,15.92,285.61,0.3678,71.6,27.0,37.0,1842,37.5,4.2,5.3,15.3,776.5,19.7,4.9,194.1,10.8,72.1,4,24,8,rotating,southeast,False,True,1.5,0.3800000000000008,1.5000000000000004,254.0,0.00880000000000003
D084,21,5,1.27,1.13,0.28,1.13,0.42,6,5.78,14.56,238.72,0.3363,84.9,28.6,29.4,1046,21.2,4.6,6.8,8.7,709.8,14.6,2.9,142.0,6.4,53.1,5,24,8,rotating,southeast,False,True,0.4400000000000004,0.3600000000000012,-1.4,-703.0,0.008199999999999985
D084,22,5,1.44,1.68,0.84,1.08,0.24,5,6.61,16.41,315.62,0.3791,63.9,24.3,43.3,1636,34.8,5.8,6.5,13.6,832.6,21.7,4.3,166.5,9.6,75.0,5,24,8,rotating,southeast,False,True,1.92,1.1899999999999995,0.09999999999999964,-34.0,0.027600000000000013
D084,23,6,1.62,1.62,0.27,0.27,0.54,1,6.75,17.6,150.61,0.4065,84.7,30.3,28.6,1040,22.5,2.2,5.8,8.6,370.5,9.7,2.4,92.6,5.8,52.2,4,24,8,rotating,southeast,False,True,1.33,3.3100000000000023,-1.5,-418.0,0.07649999999999996
D084,24,6,1.0,1.72,0.29,0.43,0.29,3,4.45,17.31,278.49,0.3998,75.2,26.5,31.5,1516,33.2,4.4,5.9,12.5,696.6,17.7,3.5,139.3,8.6,67.4,5,24,8,rotating,southeast,False,True,-1.8599999999999994,1.3899999999999988,-1.4000000000000004,-326.0,0.03199999999999997
D084,25,6,1.27,1.17,0.21,0.64,0.42,8,5.19,15.12,329.61,0.3492,58.5,21.1,30.7,1658,35.3,5.5,6.1,13.8,943.8,21.7,3.6,157.3,9.0,70.4,6,24,8,rotating,southeast,False,True,-0.5899999999999999,0.5599999999999987,0.7000000000000002,612.0,0.012900000000000023
D084,26,6,0.67,0.67,1.0,1.17,0.0,2,5.68,15.69,216.91,0.3625,77.5,23.9,34.3,1377,25.3,7.3,7.0,11.5,598.3,12.1,4.0,199.4,9.7,0.0,3,24,8,rotating,southeast,False,True,-0.9300000000000006,-0.7200000000000006,-0.2999999999999998,-259.0,-0.016600000000000004
D085,1,1,1.58,1.26,1.37,1.68,0.32,7,8.84,21.39,469.35,0.4941,111.0,29.3,37.8,1479,26.0,3.3,5.7,12.2,949.9,22.3,3.7,158.3,7.8,100.0,6,27,2,night,southeast,False,False,,,,,
D085,2,1,1.85,1.09,1.59,1.51,0.25,14,8.64,17.64,485.59,0.4075,82.5,24.7,37.2,1717,35.7,5.7,6.6,14.2,1191.5,27.2,4.5,198.6,9.2,100.0,6,27,2,night,southeast,False,False,,,,,
D085,3,1,3.11,0.91,1.81,1.29,0.26,2,9.58,18.8,335.48,0.4344,115.2,31.7,35.2,1588,34.5,4.0,5.5,13.2,772.3,17.2,4.3,193.1,9.5,100.0,4,27,2,night,southeast,False,False,,,,,
D085,4,1,3.04,1.4,1.64,1.87,0.23,7,10.04,14.85,146.82,0.343,77.7,22.1,30.0,553,6.0,2.0,4.8,4.6,428.1,9.3,2.3,107.0,5.5,100.0,4,27,2,night,southeast,False,False,,,,,
D085,5,2,2.21,1.06,1.94,1.59,0.62,14,9.72,19.28,504.25,0.4454,87.0,26.6,34.5,1551,33.7,4.4,5.5,12.9,1132.1,28.5,4.1,161.7,9.6,100.0,7,27,2,night,southeast,False,False,0.8800000000000008,-2.1099999999999994,0.39999999999999947,72.0,-0.048699999999999966
D085,6,2,1.85,1.11,1.85,1.67,0.93,4,9.99,16.7,208.55,0.3858,83.5,22.2,36.6,961,7.3,4.0,5.8,8.0,540.5,11.3,3.8,180.2,9.0,100.0,3,27,2,night,southeast,False,False,1.3499999999999996,-0.9400000000000013,-0.7000000000000002,-756.0,-0.021699999999999997
D085,7,2,1.84,1.84,1.84,2.3,1.07,7,12.1,20.57,310.21,0.4751,132.3,32.0,40.6,2014,31.5,4.8,5.5,16.6,653.0,15.9,4.0,163.2,9.8,100.0,4,27,2,night,southeast,False,False,2.5199999999999996,1.7699999999999996,-0.2999999999999998,426.0,0.040700000000000014
D085,8,2,2.63,1.05,2.11,1.71,0.26,8,10.0,20.59,361.42,0.4756,122.8,30.1,33.1,1138,25.4,3.4,5.6,9.4,759.9,18.5,2.6,108.6,6.4,100.0,7,27,2,night,southeast,False,False,-0.03999999999999915,5.74,0.30000000000000027,585.0,0.1326
D085,9,2,1.92,1.28,2.44,2.05,0.51,11,11.68,19.16,344.86,0.4425,105.1,31.1,24.7,1180,22.0,4.2,6.8,9.8,779.3,19.7,3.3,129.9,7.8,100.0,6,27,2,night,southeast,False,False,1.959999999999999,-0.120000000000001,-0.7999999999999998,-371.0,-0.0029000000000000137
D085,10,3,1.49,1.12,1.37,2.23,0.0,6,8.56,16.74,311.69,0.3868,92.1,26.7,45.0,1591,26.8,4.4,5.8,13.2,805.8,18.7,3.7,161.2,9.6,100.0,5,27,2,night,southeast,False,False,-1.4299999999999997,0.03999999999999915,-0.09999999999999964,630.0,0.0010000000000000009
D085,11,3,2.45,1.7,1.6,1.32,0.38,14,10.94,17.74,434.33,0.4097,142.2,36.7,37.4,1305,36.7,4.2,6.6,10.8,1060.0,21.8,3.6,176.7,9.0,100.0,6,27,2,night,southeast,False,False,-1.1600000000000001,-2.830000000000002,-0.3999999999999999,-709.0,-0.06540000000000001
D085,12,3,1.2,0.8,2.01,1.4,1.2,8,10.63,16.73,192.63,0.3865,66.1,22.3,39.6,1328,20.0,2.5,4.9,11.0,498.4,13.1,3.3,124.6,7.5,100.0,4,27,2,night,southeast,False,False,0.6300000000000008,-3.8599999999999994,0.6999999999999997,190.0,-0.08910000000000001
D085,13,3,2.13,1.67,1.67,2.28,0.61,2,12.33,17.25,261.91,0.3985,81.3,25.9,29.2,1272,22.7,5.7,6.8,10.6,657.2,15.1,5.0,219.1,10.0,100.0,3,27,2,night,southeast,False,False,0.6500000000000004,-1.9100000000000001,1.7000000000000002,92.0,-0.043999999999999984
D085,14,4,3.07,1.31,1.97,2.3,0.11,4,11.61,19.29,407.05,0.4457,111.8,34.1,34.5,1658,30.7,4.8,6.2,13.7,913.3,22.8,3.8,152.2,9.5,100.0,6,27,2,night,southeast,False,False,3.049999999999999,2.5500000000000007,0.09999999999999964,67.0,0.05890000000000001
D085,15,4,1.69,0.84,1.86,2.2,0.68,2,10.64,17.38,237.68,0.4014,108.3,31.1,33.9,1189,21.5,4.2,6.2,9.9,592.1,13.6,3.4,148.0,8.8,100.0,4,27,2,night,southeast,False,False,-0.29999999999999893,-0.35999999999999943,-0.20000000000000018,-116.0,-0.00830000000000003
D085,16,4,2.35,2.03,2.24,2.88,0.75,11,13.23,14.54,314.92,0.336,55.0,16.7,38.0,771,7.2,3.2,5.8,6.4,937.3,18.8,3.8,187.5,7.8,100.0,5,27,2,night,southeast,False,False,2.5999999999999996,-2.1900000000000013,0.5,-557.0,-0.05049999999999999
D085,17,4,1.92,1.2,0.72,1.32,0.96,10,9.97,18.93,363.87,0.4372,114.2,37.9,40.6,1565,35.3,3.7,6.3,12.9,832.3,21.8,3.6,138.7,7.7,100.0,6,27,2,night,southeast,False,False,-2.3599999999999994,1.6799999999999997,-1.4,293.0,0.03869999999999996
D085,18,5,3.53,1.59,1.85,2.47,0.88,15,13.6,20.3,531.09,0.4689,142.5,37.3,25.6,1743,33.1,4.9,5.7,14.5,1132.7,25.3,3.6,161.8,9.0,100.0,7,27,2,night,southeast,False,False,1.9900000000000002,1.0100000000000016,-0.19999999999999973,85.0,0.0232
D085,19,5,3.58,1.7,2.78,1.52,0.63,19,13.97,16.78,432.87,0.3877,100.3,27.8,35.7,962,12.3,2.9,5.7,8.0,1116.5,22.7,3.2,159.5,7.4,100.0,7,27,2,night,southeast,False,False,3.33,-0.5999999999999979,-0.19999999999999973,-227.0,-0.01369999999999999
D085,20,5,3.09,1.31,2.02,2.62,0.48,10,12.6,16.34,317.53,0.3775,96.0,29.2,37.9,1330,25.7,4.0,5.9,11.0,841.1,19.4,3.2,140.2,8.0,100.0,6,27,2,night,southeast,False,False,-0.6300000000000008,1.8000000000000007,-0.5999999999999996,559.0,0.04149999999999998
D085,21,5,3.26,0.88,1.32,2.11,0.44,13,11.0,16.94,444.58,0.3913,83.0,27.9,38.4,1941,39.7,4.8,5.8,16.1,1136.2,27.9,4.6,189.4,10.7,100.0,6,27,2,night,southeast,False,False,1.0299999999999994,-1.9899999999999984,0.9999999999999996,376.0,-0.045899999999999996
D085,22,5,2.74,1.42,2.63,2.63,0.55,16,13.58,18.23,384.59,0.4211,103.6,29.5,36.7,1879,31.7,5.0,6.1,15.5,913.4,22.4,3.7,152.2,9.7,100.0,6,27,2,night,southeast,False,False,-0.019999999999999574,-2.0700000000000003,0.10000000000000009,136.0,-0.04780000000000001
D085,23,6,2.37,1.71,1.85,1.85,0.79,9,10.94,17.72,310.51,0.4093,130.7,35.3,34.9,1816,44.8,3.6,5.9,15.0,758.7,16.4,3.3,151.7,7.8,100.0,5,27,2,night,southeast,False,False,-3.030000000000001,0.9399999999999977,0.09999999999999964,854.0,0.021600000000000008
D085,24,6,2.6,1.82,2.6,2.21,1.3,9,14.81,19.38,344.56,0.4477,147.8,37.3,40.6,1533,25.0,7.5,6.6,12.8,769.7,15.8,4.0,192.4,10.2,100.0,4,27,2,night,southeast,False,False,2.210000000000001,3.039999999999999,0.7999999999999998,203.0,0.07019999999999998
D085,25,6,2.26,1.05,1.66,2.56,0.3,14,11.14,21.37,327.93,0.4936,134.9,36.3,37.9,2342,40.7,7.0,6.0,19.3,664.4,16.6,5.5,221.5,11.0,100.0,3,27,2,night,southeast,False,False,0.14000000000000057,4.43,0.9000000000000004,401.0,0.1023
D085,26,6,3.12,1.9,0.81,2.17,0.81,10,12.35,15.2,258.81,0.3512,84.0,26.6,32.8,1303,21.2,4.2,6.1,10.8,736.9,15.6,3.1,147.4,8.0,100.0,5,27,2,night,southeast,False,False,-1.2300000000000004,-3.030000000000001,-0.6000000000000001,-576.0,-0.06989999999999996
D086,1,1,1.05,0.65,0.13,0.65,0.26,1,3.79,17.55,310.19,0.4055,68.2,23.7,30.6,2287,50.8,5.4,6.1,18.8,765.0,20.2,4.0,153.0,8.8,0.0,5,36,1,day,northeast,True,True,,,,,
D086,2,1,1.52,0.38,0.38,1.14,0.38,1,4.17,14.13,86.09,0.3265,44.0,12.7,31.3,2265,52.0,4.5,5.5,18.7,263.7,6.8,3.4,131.8,9.0,0.0,2,36,1,day,northeast,True,True,,,,,
D086,3,1,1.36,1.02,0.57,0.45,0.23,2,4.3,19.22,391.98,0.4441,80.8,26.4,38.1,1979,34.0,5.3,6.8,16.3,882.7,24.6,3.5,126.1,9.3,0.0,7,36,1,day,northeast,True,True,,,,,
D086,4,1,1.12,0.92,0.51,0.2,0.41,4,4.19,16.55,373.9,0.3823,82.0,26.5,35.7,2439,53.0,5.5,6.4,20.1,978.1,24.8,4.1,163.0,8.8,0.0,6,36,1,day,northeast,True,True,,,,,
D086,5,2,0.68,0.46,0.23,1.14,0.23,1,3.87,18.66,189.24,0.4311,68.7,24.2,27.1,2509,71.3,7.7,7.6,20.6,439.0,12.1,4.0,146.3,10.0,0.0,3,36,1,day,northeast,True,True,0.08000000000000007,1.1099999999999994,0.0,222.0,0.025599999999999956
D086,6,2,1.82,0.75,0.43,0.97,0.11,6,5.26,18.18,391.36,0.4199,70.1,23.9,32.6,2417,37.7,4.4,5.9,19.9,932.1,24.9,3.6,133.2,8.9,0.0,7,36,1,day,northeast,True,True,1.0899999999999999,4.049999999999999,0.20000000000000018,152.0,0.09339999999999998
D086,7,2,1.5,1.0,0.83,0.67,0.17,3,4.99,18.55,257.4,0.4285,77.7,26.5,33.5,2225,54.3,5.7,6.5,18.3,600.7,17.2,2.9,100.1,7.7,0.0,6,36,1,day,northeast,True,True,0.6900000000000004,-0.6699999999999982,-0.6000000000000001,246.0,-0.015600000000000003
D086,8,2,1.99,0.77,0.77,1.07,0.0,8,5.83,20.88,314.44,0.4823,94.7,31.6,36.9,3066,68.0,4.8,5.4,25.2,652.0,19.7,3.9,130.4,9.6,0.0,5,36,1,day,northeast,True,True,1.6399999999999997,4.329999999999998,-0.19999999999999973,627.0,0.10000000000000003
D086,9,3,1.77,0.8,0.8,0.8,0.32,3,5.78,19.42,279.46,0.4485,100.3,35.4,32.1,2778,61.0,4.7,6.1,22.8,623.1,18.9,3.1,103.8,8.3,0.0,6,36,1,day,northeast,True,True,1.9100000000000001,0.7600000000000016,-0.8999999999999999,269.0,0.017400000000000027
D086,10,3,1.81,1.32,1.15,1.15,0.0,2,6.26,16.85,236.24,0.3893,61.0,23.0,37.3,2168,59.2,4.8,5.9,17.8,606.8,16.8,3.4,121.4,7.8,0.0,5,36,1,day,northeast,True,True,1.0,-1.3299999999999983,-0.20000000000000018,-249.0,-0.030600000000000016
D086,11,3,1.91,1.21,0.52,0.35,0.35,1,5.03,15.33,204.11,0.3541,60.1,23.8,40.9,2924,55.5,5.8,6.0,24.1,576.5,15.1,3.8,144.1,10.0,0.0,4,36,1,day,northeast,True,True,0.040000000000000036,-3.2200000000000006,0.8999999999999999,699.0,-0.07439999999999997
D086,12,3,1.02,0.58,0.29,0.87,0.15,4,4.22,15.41,244.65,0.3559,69.8,25.4,38.6,1981,39.0,3.2,5.7,16.3,687.5,18.0,3.0,114.6,7.2,0.0,6,36,1,day,northeast,True,True,-1.6100000000000003,-5.469999999999999,-0.8999999999999999,-1085.0,-0.1264
D086,13,3,0.5,0.74,0.25,0.74,0.5,0,3.23,18.22,169.65,0.4209,70.8,28.7,27.6,2636,70.0,5.2,6.1,21.7,403.1,12.5,3.1,100.8,8.8,0.0,4,36,1,day,northeast,True,True,-2.5500000000000003,-1.2000000000000028,0.0,-142.0,-0.027600000000000013
D086,14,4,1.28,0.73,0.18,1.64,0.18,0,4.55,15.67,198.66,0.3619,62.4,23.8,34.3,2612,49.5,4.5,6.1,21.5,548.9,13.9,3.5,137.2,9.5,0.0,4,36,1,day,northeast,True,True,-1.71,-1.1800000000000015,0.10000000000000009,444.0,-0.02739999999999998
D086,15,4,0.22,0.86,0.43,0.43,0.43,0,3.01,15.47,166.02,0.3574,70.5,22.8,36.0,1676,37.3,4.3,6.2,13.8,464.5,9.9,3.3,154.8,7.3,0.0,3,36,1,day,northeast,True,True,-2.0200000000000005,0.14000000000000057,-0.5,-1248.0,0.0032999999999999696
D086,16,4,0.5,1.12,0.37,0.99,0.37,7,5.58,17.54,326.82,0.4052,74.6,28.2,30.3,3206,87.3,7.0,6.6,26.4,806.6,22.7,3.8,134.4,9.8,0.0,6,36,1,day,northeast,True,True,1.3600000000000003,2.129999999999999,0.7999999999999998,1225.0,0.04930000000000001
D086,17,4,1.28,0.51,0.51,0.77,0.51,1,4.88,18.08,162.55,0.4177,86.9,35.6,38.0,3552,82.7,7.3,6.3,29.2,389.2,12.2,4.1,129.7,10.3,0.0,3,36,1,day,northeast,True,True,1.65,-0.14000000000000057,0.9999999999999996,916.0,-0.0031999999999999806
D086,18,5,0.79,0.79,0.26,1.05,0.26,2,4.21,17.51,153.68,0.4044,99.7,32.2,45.1,2306,51.3,6.3,6.8,19.0,380.0,10.1,3.4,126.7,9.7,0.0,3,36,1,day,northeast,True,True,-0.33999999999999986,1.8400000000000016,-0.10000000000000009,-306.0,0.04249999999999998
D086,19,5,0.93,0.93,0.31,0.93,0.15,1,4.8,18.78,280.39,0.4338,97.0,36.5,32.7,2796,58.4,5.2,5.9,23.0,646.4,19.1,3.8,129.3,9.6,0.0,5,36,1,day,northeast,True,True,1.79,3.3100000000000005,0.5,1120.0,0.07640000000000002
D086,20,5,1.33,0.38,0.76,0.95,0.57,3,6.08,19.39,235.9,0.4479,100.2,35.0,34.2,2005,39.3,3.5,5.9,16.5,526.7,15.2,2.5,87.8,7.2,0.0,6,36,1,day,northeast,True,True,0.5,1.8500000000000014,-1.2999999999999998,-1201.0,0.042700000000000016
D086,21,5,1.95,0.9,0.15,0.9,0.0,3,5.1,15.19,234.07,0.3509,63.9,23.9,37.1,1930,42.8,4.2,5.5,16.0,667.1,17.5,3.5,133.4,9.0,0.0,5,36,1,day,northeast,True,True,0.21999999999999975,-2.889999999999999,-0.5999999999999996,-1622.0,-0.06680000000000003
D086,22,5,0.53,0.7,0.18,0.53,0.18,7,2.99,14.54,191.18,0.3359,52.1,21.3,41.9,1530,22.4,3.2,5.9,12.6,569.1,14.5,2.9,113.8,7.0,0.0,5,36,1,day,northeast,True,True,-1.2199999999999998,-2.9700000000000024,-0.5,-776.0,-0.0685
D086,23,6,0.85,0.66,0.57,1.23,0.66,4,4.92,13.34,325.64,0.3082,52.4,20.5,37.7,1957,55.2,5.2,6.2,16.2,1056.7,23.2,4.6,211.3,9.4,0.0,5,36,1,day,northeast,True,True,0.1200000000000001,-5.440000000000001,0.7999999999999998,-839.0,-0.12560000000000004
D086,24,6,0.61,1.62,1.01,0.0,0.0,1,4.24,16.59,189.81,0.3833,93.9,29.6,41.4,2197,42.8,4.6,6.3,18.1,495.2,13.6,2.7,99.0,7.6,0.0,5,36,1,day,northeast,True,True,-1.8399999999999999,-2.8000000000000007,0.20000000000000018,192.0,-0.06460000000000005
D086,25,6,0.79,1.27,0.64,0.79,0.16,6,5.41,16.78,243.87,0.3877,54.1,24.5,32.2,2077,46.3,4.0,6.1,17.1,629.0,20.1,3.3,104.8,8.2,0.0,6,36,1,day,northeast,True,True,0.3100000000000005,1.5900000000000016,-0.20000000000000018,147.0,0.0368
D086,26,6,0.9,0.72,0.18,1.08,0.0,2,3.96,20.21,259.16,0.4668,127.7,40.2,34.9,2278,44.0,5.8,6.4,18.8,555.2,15.9,3.2,111.0,8.6,0.0,5,36,1,day,northeast,True,True,0.9699999999999998,5.670000000000002,0.30000000000000027,748.0,0.13090000000000002
D087,1,1,1.3,0.84,1.11,0.56,0.28,2,5.2,15.06,375.05,0.348,68.4,18.3,33.6,1156,18.4,5.6,7.1,9.6,1077.8,19.3,3.9,215.6,9.2,73.9,5,45,2,rotating,midwest,False,False,,,,,
D087,2,1,1.69,1.29,0.47,0.75,0.34,5,5.89,13.87,472.95,0.3204,34.2,8.7,39.1,1185,14.7,4.5,6.3,9.8,1476.3,24.3,4.0,246.0,9.0,29.6,6,45,2,rotating,midwest,False,False,,,,,
D087,3,1,1.57,0.84,0.95,0.56,0.17,10,5.77,13.54,558.58,0.3127,34.5,10.8,35.9,812,18.0,4.3,6.2,6.8,1786.2,32.5,4.6,255.2,9.0,33.3,7,45,2,rotating,midwest,False,False,,,,,
D087,4,1,1.33,1.16,0.62,0.62,0.18,6,5.6,14.11,366.94,0.3261,37.2,10.9,36.2,854,17.2,3.4,6.6,7.1,1125.4,19.6,3.9,225.1,9.2,26.1,5,45,2,rotating,midwest,False,False,,,,,
D087,5,2,1.24,0.62,0.62,1.24,0.31,6,5.66,13.19,296.03,0.3047,54.6,16.6,36.1,600,9.0,3.5,6.7,5.0,971.6,16.8,2.8,161.9,6.7,35.0,6,45,2,rotating,midwest,False,False,0.45999999999999996,-1.870000000000001,-1.1,-556.0,-0.04329999999999995
D087,6,2,1.22,0.99,0.64,0.93,0.23,5,5.02,13.76,545.04,0.3179,42.4,11.5,29.1,944,18.3,3.8,6.3,7.9,1714.6,28.0,4.7,285.8,8.8,37.7,6,45,2,rotating,midwest,False,False,-0.8700000000000001,-0.10999999999999943,0.7000000000000002,-241.0,-0.0025000000000000022
D087,7,2,1.38,1.32,0.86,1.21,0.35,17,6.74,14.16,568.31,0.3272,52.3,14.5,36.7,841,18.9,3.3,6.3,7.0,1737.0,29.5,4.2,248.1,9.1,39.1,7,45,2,rotating,midwest,False,False,0.9700000000000006,0.620000000000001,-0.39999999999999947,29.0,0.014500000000000013
D087,8,2,1.4,0.88,0.51,0.88,0.07,8,5.07,13.57,426.7,0.3135,48.4,14.7,34.9,832,14.9,4.0,6.7,6.9,1361.3,25.8,3.7,194.5,8.7,60.7,7,45,2,rotating,midwest,False,False,-0.5299999999999994,-0.5399999999999991,-0.19999999999999973,-22.0,-0.0126
D087,9,3,1.87,1.45,0.21,1.04,0.21,1,6.03,12.48,138.67,0.2882,29.4,9.6,44.1,522,4.0,4.0,7.2,4.4,481.1,8.1,4.1,240.6,7.5,40.0,2,45,2,rotating,midwest,False,False,0.3700000000000001,-0.7099999999999991,1.2999999999999998,-78.0,-0.016500000000000015
D087,10,3,0.89,1.18,0.59,0.69,0.2,4,5.12,12.15,285.15,0.2807,49.1,15.2,31.9,898,12.0,5.0,6.6,7.5,1015.8,17.2,3.4,203.2,7.8,53.8,5,45,2,rotating,midwest,False,False,0.10000000000000053,-1.6099999999999994,-1.3000000000000003,-46.0,-0.03720000000000001
D087,11,3,2.17,0.63,0.63,1.26,0.27,5,5.87,11.84,302.7,0.2734,39.1,13.3,28.9,1063,15.6,5.0,6.6,8.8,1107.0,19.5,3.9,221.4,8.8,38.6,5,45,2,rotating,midwest,False,False,-0.8700000000000001,-2.3200000000000003,-0.30000000000000027,222.0,-0.053800000000000014
D087,12,3,1.75,0.78,0.49,0.58,0.68,5,6.12,13.9,330.42,0.3211,55.8,17.5,35.3,1129,14.0,5.4,6.6,9.4,1029.0,19.8,4.0,205.8,9.4,68.1,5,45,2,rotating,midwest,False,False,1.0499999999999998,0.33000000000000007,0.2999999999999998,297.0,0.007599999999999996
D087,13,3,1.87,0.99,1.1,0.66,0.22,7,6.37,11.78,247.91,0.2722,56.1,19.2,29.8,798,5.5,3.8,6.1,6.7,910.7,16.6,4.2,227.7,9.0,41.7,4,45,2,rotating,midwest,False,False,0.33999999999999986,-0.7000000000000011,0.10000000000000053,276.0,-0.016000000000000014
D087,14,4,1.32,1.48,0.62,0.7,0.31,5,5.29,12.37,367.52,0.2858,42.6,13.4,41.4,916,14.7,3.0,6.1,7.6,1286.1,21.7,3.6,214.4,7.8,59.6,6,45,2,rotating,midwest,False,False,0.16999999999999993,0.21999999999999886,0.20000000000000018,18.0,0.005099999999999993
D087,15,4,1.32,0.88,0.99,0.77,0.44,3,5.7,12.93,272.37,0.2987,41.0,13.9,36.1,800,14.0,3.0,5.8,6.6,912.0,17.1,3.4,182.4,7.0,74.3,5,45,2,rotating,midwest,False,False,-0.16999999999999993,1.0899999999999999,-0.5,-263.0,0.025300000000000045
D087,16,4,1.34,0.76,1.09,0.92,0.0,7,5.2,12.36,340.31,0.2855,40.3,13.7,41.6,1015,9.6,3.8,5.8,8.5,1191.8,21.2,4.2,238.4,9.4,44.7,5,45,2,rotating,midwest,False,False,-0.9199999999999999,-1.540000000000001,0.20000000000000018,-114.0,-0.03560000000000002
D087,17,4,1.15,0.91,0.67,0.61,0.42,6,5.39,11.64,443.91,0.2689,34.2,10.8,43.7,819,11.0,3.8,6.0,6.8,1650.7,27.7,4.6,275.1,9.3,26.8,6,45,2,rotating,midwest,False,False,-0.9800000000000004,-0.1399999999999988,0.39999999999999947,21.0,-0.003300000000000025
D087,18,4,1.25,0.71,1.25,0.53,0.18,4,4.81,10.82,140.26,0.25,48.6,15.7,30.0,828,7.0,4.0,6.8,6.9,561.0,8.6,4.3,280.5,8.5,0.0,2,45,2,rotating,midwest,False,False,-0.4800000000000004,-1.549999999999999,0.6999999999999997,-88.0,-0.0358
D087,19,5,1.22,1.0,0.79,0.57,0.14,7,5.16,11.91,383.83,0.2752,33.1,10.9,37.5,896,9.7,2.3,5.6,7.4,1394.9,23.6,3.9,232.5,7.8,34.0,6,45,2,rotating,midwest,False,False,-0.54,-1.0199999999999996,0.5,96.0,-0.02350000000000002
D087,20,5,1.74,0.52,1.05,1.39,0.0,5,6.45,13.44,178.05,0.3104,50.4,17.3,32.5,1183,15.5,4.2,6.5,9.8,573.6,11.1,2.8,143.4,6.8,48.1,4,45,2,rotating,midwest,False,False,1.25,1.08,-1.4000000000000004,168.0,0.024900000000000033
D087,21,5,1.63,1.12,0.71,0.2,0.51,7,5.0,12.77,288.82,0.295,46.8,16.0,33.3,1063,14.5,4.8,6.4,8.9,979.1,18.0,4.5,244.8,9.8,69.2,4,45,2,rotating,midwest,False,False,-0.3899999999999997,1.129999999999999,-0.09999999999999964,244.0,0.026100000000000012
D087,22,5,2.03,0.76,0.76,0.64,0.25,7,6.48,13.12,238.58,0.3032,41.0,13.3,35.9,576,10.0,4.3,7.2,4.9,786.9,14.0,4.7,262.3,10.0,66.7,3,45,2,rotating,midwest,False,False,1.6700000000000008,2.299999999999999,0.40000000000000036,-252.0,0.053200000000000025
D087,23,6,1.0,0.54,0.85,0.31,0.54,4,4.47,11.44,342.76,0.2643,41.5,13.9,29.9,949,28.0,4.6,6.9,7.9,1297.0,22.0,4.4,259.4,8.6,72.1,5,45,2,rotating,midwest,False,False,-0.6900000000000004,-0.47000000000000064,0.5000000000000004,53.0,-0.01090000000000002
D087,24,6,1.37,1.16,0.94,1.08,0.36,8,6.22,12.39,395.63,0.2862,43.5,13.6,31.0,994,13.6,3.8,6.4,8.3,1382.6,23.0,4.6,276.5,10.4,59.6,5,45,2,rotating,midwest,False,False,-0.23000000000000043,-1.049999999999999,1.7999999999999998,-189.0,-0.0242
D087,25,6,1.23,1.43,0.82,0.82,0.31,5,6.64,12.51,282.72,0.2889,67.9,15.6,38.0,1441,25.5,6.2,6.7,12.0,978.5,15.9,4.0,244.6,9.2,54.1,4,45,2,rotating,midwest,False,False,1.6399999999999997,-0.2599999999999998,-0.5,378.0,-0.006099999999999994
D087,26,6,1.54,1.0,0.8,0.47,0.33,7,5.75,11.91,411.13,0.275,44.6,13.8,34.3,704,12.9,3.9,6.8,5.9,1494.8,24.8,3.5,213.5,8.0,46.4,7,45,2,rotating,midwest,False,False,-0.7300000000000004,-1.209999999999999,-1.2000000000000002,128.0,-0.028200000000000003
D088,1,1,0.0,1.06,0.35,0.0,0.0,0,2.47,14.76,96.81,0.341,43.3,20.6,35.9,2504,61.3,3.7,5.6,20.6,283.9,8.5,2.8,94.6,8.3,0.0,3,39,1,day,northeast,False,False,,,,,
D088,2,1,0.0,0.22,0.0,0.44,0.65,1,2.4,15.41,163.22,0.3561,53.5,24.6,40.1,2443,64.8,5.4,6.4,20.1,458.4,14.2,2.8,91.7,8.0,0.0,5,39,1,day,northeast,False,False,,,,,
D088,3,1,0.44,0.67,0.33,0.22,0.0,4,2.66,13.84,288.29,0.3197,41.7,19.4,34.3,2519,63.7,5.3,6.2,20.7,901.8,24.5,4.1,150.3,9.3,0.0,6,39,1,day,northeast,False,False,,,,,
D088,4,1,0.53,0.53,0.13,0.4,0.26,1,2.52,14.3,249.57,0.3304,43.6,19.3,37.6,2394,48.8,5.0,5.9,19.7,755.4,20.1,4.0,151.1,10.0,0.0,5,39,1,day,northeast,False,False,,,,,
D088,5,2,0.43,0.28,0.43,0.28,0.14,6,2.7,15.33,249.04,0.3542,48.9,22.6,35.1,2658,71.2,4.8,5.9,21.9,703.1,21.1,4.2,140.6,10.2,0.0,5,39,1,day,northeast,False,False,0.22999999999999998,0.5700000000000003,1.4000000000000004,154.0,0.01319999999999999
D088,6,2,0.67,0.19,0.19,0.67,0.19,0,2.68,12.23,294.73,0.2825,41.7,18.3,31.3,2520,50.7,6.2,6.3,20.8,1043.3,25.1,4.2,173.9,10.0,0.0,6,39,1,day,northeast,False,False,0.28000000000000025,-3.1799999999999997,1.4000000000000004,77.0,-0.07360000000000005
D088,7,2,1.25,0.0,0.18,0.18,0.0,1,2.85,14.17,183.48,0.3273,43.4,19.5,33.3,1766,40.4,5.0,6.6,14.6,560.6,15.0,3.0,112.1,8.0,0.0,5,39,1,day,northeast,False,False,0.18999999999999995,0.33000000000000007,-1.0999999999999996,-753.0,0.007599999999999996
D088,8,2,0.69,0.34,0.46,0.46,0.0,1,2.86,13.9,280.69,0.321,45.9,20.2,34.5,2501,57.4,5.1,6.3,20.6,874.4,23.0,3.3,124.9,9.1,0.0,7,39,1,day,northeast,False,False,0.33999999999999986,-0.40000000000000036,-0.7000000000000002,107.0,-0.00940000000000002
D088,9,3,0.52,0.52,0.17,0.35,0.17,0,2.76,11.43,153.04,0.2641,29.7,13.9,39.2,1354,30.5,4.0,6.2,11.1,579.4,12.9,3.2,144.9,7.0,0.0,4,39,1,day,northeast,False,False,0.05999999999999961,-3.9000000000000004,-1.0,-1304.0,-0.09010000000000001
D088,10,3,0.72,0.18,0.0,0.18,0.0,1,1.45,14.06,179.56,0.3248,45.0,22.1,31.7,2557,58.3,4.0,6.2,21.0,552.8,17.6,2.9,92.1,8.2,0.0,6,39,1,day,northeast,False,False,-1.2300000000000002,1.83,-1.3000000000000003,37.0,0.042300000000000004
D088,11,3,0.57,0.45,0.23,0.45,0.0,6,2.83,13.57,276.95,0.3136,48.8,23.2,36.1,2188,40.6,4.3,5.7,18.0,883.2,24.4,3.5,126.2,8.7,0.0,7,39,1,day,northeast,False,False,-0.020000000000000018,-0.5999999999999996,0.5,422.0,-0.01369999999999999
D088,12,3,0.22,0.22,0.0,0.22,0.0,1,2.63,12.46,131.16,0.2879,29.5,15.3,34.2,1352,21.5,2.8,6.5,11.2,455.6,12.9,3.2,113.9,7.2,0.0,4,39,1,day,northeast,False,False,-0.22999999999999998,-1.4399999999999995,-0.09999999999999964,-1149.0,-0.03310000000000002
D088,13,3,0.47,0.16,0.0,0.93,0.0,2,2.17,13.89,206.61,0.3208,55.9,26.7,38.1,2447,44.3,6.3,6.4,20.1,644.1,18.1,3.0,107.3,8.8,0.0,6,39,1,day,northeast,False,False,-0.5899999999999999,2.460000000000001,-0.20000000000000018,1093.0,0.05669999999999997
D088,14,4,1.4,0.4,0.4,0.4,0.2,2,3.41,14.26,164.22,0.3293,56.8,26.7,30.5,2114,46.4,3.6,5.6,17.4,498.7,14.6,2.9,99.7,7.6,0.0,5,39,1,day,northeast,False,False,1.9600000000000002,0.1999999999999993,0.0,-443.0,0.004500000000000004
D088,15,4,0.35,0.35,0.35,0.0,0.0,1,1.73,14.96,99.72,0.3455,51.2,27.4,32.6,2477,78.0,3.3,5.5,20.4,288.6,9.6,3.2,96.2,7.7,0.0,3,39,1,day,northeast,False,False,-1.1,1.3900000000000006,-0.2999999999999998,289.0,0.031899999999999984
D088,16,4,0.64,0.39,0.13,0.0,0.13,1,2.31,11.78,212.03,0.2722,41.0,18.4,36.9,1696,39.0,4.2,5.9,14.0,778.9,18.2,3.0,129.8,6.8,0.0,6,39,1,day,northeast,False,False,-0.31999999999999984,-0.6800000000000015,-0.20000000000000018,344.0,-0.015699999999999992
D088,17,4,0.35,0.0,0.0,0.52,0.0,2,1.39,12.74,169.37,0.2944,46.1,22.8,37.5,2141,59.6,5.6,6.3,17.7,575.4,17.4,3.5,115.1,9.8,0.0,5,39,1,day,northeast,False,False,-0.78,-1.1500000000000004,0.5,-306.0,-0.02639999999999998
D088,18,5,0.24,0.0,0.0,0.0,0.0,0,1.68,14.45,139.48,0.3338,47.5,24.6,39.7,2413,51.6,3.8,6.3,19.8,417.8,13.2,2.6,83.6,7.2,0.0,5,39,1,day,northeast,False,False,-1.7300000000000002,0.1899999999999995,-0.2999999999999998,299.0,0.004500000000000004
D088,19,5,0.41,0.14,0.14,0.55,0.0,3,2.2,14.01,235.71,0.3237,51.0,24.1,36.0,2518,63.3,5.3,6.4,20.7,728.1,20.4,3.4,121.3,9.0,0.0,6,39,1,day,northeast,False,False,0.4700000000000002,-0.9500000000000011,0.19999999999999973,41.0,-0.021799999999999986
D088,20,5,0.85,0.68,0.0,0.34,0.0,1,2.39,12.39,167.78,0.2863,36.3,17.0,36.4,1998,50.0,3.8,5.8,16.5,586.0,14.2,3.5,146.5,9.0,0.0,4,39,1,day,northeast,False,False,0.08000000000000007,0.6100000000000012,0.5,302.0,0.014100000000000001
D088,21,5,0.95,0.48,0.48,0.72,0.0,3,2.86,13.27,128.51,0.3065,41.8,19.7,34.5,3193,75.3,5.7,5.7,26.2,419.2,11.9,4.0,139.7,10.0,0.0,3,39,1,day,northeast,False,False,1.47,0.5299999999999994,0.5,1052.0,0.0121
D088,22,5,0.73,0.0,0.73,0.0,0.0,0,2.56,13.68,172.72,0.3159,50.5,23.8,33.3,2220,46.8,2.8,5.9,18.3,546.7,15.1,3.0,109.3,8.8,0.0,5,39,1,day,northeast,False,False,0.8800000000000001,-0.7699999999999996,0.3999999999999999,-193.0,-0.01789999999999997
D088,23,6,0.16,0.0,0.31,0.16,0.0,0,1.26,12.4,182.44,0.2864,50.0,23.2,34.2,2848,67.0,4.8,5.9,23.5,637.1,17.3,4.3,159.3,9.2,0.0,4,39,1,day,northeast,False,False,-0.9400000000000002,-1.6099999999999994,0.8999999999999999,330.0,-0.0373
D088,24,6,0.37,0.0,0.12,0.0,0.25,1,1.47,11.87,223.47,0.2742,32.6,16.5,31.7,2118,49.7,3.8,6.0,17.4,815.0,21.8,3.6,135.8,8.0,0.0,6,39,1,day,northeast,False,False,-0.9200000000000002,-0.5200000000000014,0.10000000000000009,120.0,-0.0121
D088,25,6,0.67,0.5,0.17,0.5,0.0,1,2.52,12.68,174.61,0.2929,43.9,20.7,30.4,1825,50.4,3.8,5.8,15.0,596.1,15.4,3.1,119.2,7.2,0.0,5,39,1,day,northeast,False,False,-0.33999999999999986,-0.5899999999999999,-0.8999999999999999,-1368.0,-0.013600000000000001
D088,26,6,1.26,0.54,0.18,0.72,0.0,3,3.06,13.37,171.84,0.3089,50.9,22.8,29.7,1872,37.6,5.4,6.8,15.4,556.3,14.1,2.8,111.3,7.6,0.0,5,39,1,day,northeast,False,False,0.5,-0.3100000000000005,-0.20000000000000018,-348.0,-0.007000000000000006
D089,1,1,0.11,0.33,0.22,0.33,0.11,2,1.56,12.85,266.85,0.2967,37.4,16.3,32.7,2280,66.8,6.6,6.2,18.8,899.3,21.3,4.3,179.9,8.8,0.0,5,43,6,day,northeast,False,True,,,,,
D089,2,1,0.0,0.0,0.0,0.51,0.0,0,1.02,13.5,122.27,0.3118,31.0,14.8,33.7,1988,40.7,6.3,7.0,16.4,392.1,11.0,3.7,130.7,8.7,0.0,3,43,6,day,northeast,False,True,,,,,
D089,3,1,0.19,0.38,0.0,0.0,0.19,0,1.72,15.94,193.14,0.3683,49.0,22.7,30.7,2543,72.0,6.8,6.2,21.0,524.4,16.3,4.1,131.1,10.0,0.0,4,43,6,day,northeast,False,True,,,,,
D089,4,1,0.47,0.47,0.16,0.31,0.0,0,2.18,14.57,216.22,0.3365,43.6,18.7,31.3,3003,76.8,6.4,6.8,24.7,642.5,17.8,3.6,128.5,9.4,0.0,5,43,6,day,northeast,False,True,,,,,
D089,5,2,0.61,0.31,0.15,0.31,0.0,1,2.45,13.76,207.35,0.3178,44.4,19.9,32.7,1938,51.2,6.6,7.0,16.0,652.5,16.8,3.4,130.5,9.6,0.0,5,43,6,day,northeast,False,True,0.8900000000000001,0.9100000000000001,-0.8999999999999999,-342.0,0.021100000000000008
D089,6,2,0.8,0.0,0.0,0.4,0.0,0,1.2,13.8,79.76,0.3188,46.8,20.4,39.8,1869,54.0,4.0,5.8,15.4,250.2,7.6,2.5,83.4,7.3,0.0,3,43,6,day,northeast,False,True,0.17999999999999994,0.3000000000000007,-1.2000000000000002,-119.0,0.006999999999999951
D089,7,2,0.41,0.0,0.41,0.2,0.0,0,1.64,14.04,158.33,0.3244,48.8,23.0,31.6,2613,64.0,5.2,6.0,21.5,488.1,14.1,3.5,122.0,9.8,0.0,4,43,6,day,northeast,False,True,-0.08000000000000007,-1.9000000000000004,-0.5999999999999996,70.0,-0.043899999999999995
D089,8,2,0.22,0.55,0.11,0.22,0.11,2,1.78,14.11,293.76,0.3259,42.3,18.7,44.9,2716,65.7,4.7,5.6,22.3,901.4,24.1,4.0,150.2,10.3,0.0,6,43,6,day,northeast,False,True,-0.40000000000000013,-0.46000000000000085,0.3999999999999999,-287.0,-0.010599999999999998
D089,9,2,0.3,0.0,0.15,0.0,0.15,2,1.66,13.89,213.07,0.3209,45.9,20.9,30.7,1732,35.3,4.5,6.2,14.3,664.0,17.6,2.9,110.7,7.2,0.0,6,43,6,day,northeast,False,True,-0.7900000000000003,0.13000000000000078,-0.5,-206.0,0.0030999999999999917
D089,10,3,0.61,0.46,0.3,0.46,0.0,2,2.43,11.71,178.03,0.2705,42.0,18.7,41.3,2429,66.5,6.2,6.1,20.0,658.2,16.4,4.1,164.6,9.8,0.0,4,43,6,day,northeast,False,True,1.2300000000000002,-2.09,1.5999999999999996,560.0,-0.048299999999999954
D089,11,3,0.36,0.18,0.18,0.89,0.18,0,2.31,14.43,187.34,0.3333,52.2,25.3,36.3,2255,51.7,3.7,5.7,18.6,562.1,17.3,2.9,93.7,7.3,0.0,6,43,6,day,northeast,False,True,0.6700000000000002,0.39000000000000057,-0.6000000000000001,-358.0,0.008899999999999963
D089,12,3,0.2,0.39,0.0,0.59,0.0,1,1.77,13.04,153.43,0.3011,43.0,20.4,40.2,1914,28.5,3.0,5.4,15.8,509.5,13.4,3.3,127.4,8.8,0.0,4,43,6,day,northeast,False,True,-0.010000000000000009,-1.0700000000000003,-0.7000000000000002,-802.0,-0.024800000000000044
D089,13,3,0.51,0.26,0.51,0.51,0.0,0,2.57,14.29,128.57,0.3302,66.5,29.8,37.3,2312,65.0,6.0,6.5,19.0,389.4,10.7,2.7,97.4,7.8,0.0,4,43,6,day,northeast,False,True,0.9099999999999999,0.3999999999999986,-0.19999999999999973,580.0,0.009299999999999975
D089,14,4,0.24,0.48,0.12,0.24,0.0,0,1.55,11.68,225.73,0.2698,37.8,18.6,33.3,2438,58.8,5.6,6.3,20.1,836.8,21.0,4.2,167.4,9.4,0.0,5,43,6,day,northeast,False,True,-0.8800000000000001,-0.030000000000001137,0.10000000000000053,9.0,-0.0007000000000000339
D089,15,4,1.09,0.82,0.0,0.27,0.0,1,2.74,13.38,112.94,0.3092,53.5,23.9,42.2,1990,58.5,4.5,6.6,16.4,365.3,10.1,2.5,91.3,6.5,0.0,4,43,6,day,northeast,False,True,0.43000000000000016,-1.049999999999999,-0.3999999999999999,-265.0,-0.02410000000000001
D089,16,4,0.18,0.18,0.0,0.71,0.0,3,1.95,13.94,181.84,0.322,51.3,23.2,47.8,2009,37.2,5.6,6.6,16.6,564.8,15.7,3.1,113.0,8.2,0.0,5,43,6,day,northeast,False,True,0.17999999999999994,0.9000000000000004,-0.19999999999999973,95.0,0.02090000000000003
D089,17,4,0.42,0.0,0.14,0.42,0.14,0,2.51,13.27,219.89,0.3065,49.1,22.6,39.2,2368,57.3,6.3,7.1,19.5,717.4,18.8,3.1,119.6,8.5,0.0,6,43,6,day,northeast,False,True,-0.06000000000000005,-1.0199999999999996,0.3999999999999999,56.0,-0.0237
D089,18,5,0.43,0.43,0.0,0.58,0.14,1,2.75,14.32,228.67,0.3309,61.0,28.0,33.7,2214,52.0,5.2,6.0,18.3,691.1,19.4,3.2,115.2,8.3,0.0,6,43,6,day,northeast,False,True,1.2,2.6400000000000006,-1.0,-224.0,0.06110000000000004
D089,19,5,0.38,0.0,0.76,0.19,0.19,2,2.1,15.64,189.21,0.3613,77.7,35.5,30.2,1797,38.3,5.0,6.1,14.8,523.7,15.9,2.6,87.3,6.5,0.0,6,43,6,day,northeast,False,True,-0.6400000000000001,2.26,0.10000000000000009,-193.0,0.052100000000000035
D089,20,5,0.24,0.24,0.0,0.24,0.0,1,1.91,14.04,135.76,0.3242,66.8,30.5,38.2,2036,35.2,4.2,6.0,16.8,418.7,11.9,2.4,83.7,6.8,0.0,5,43,6,day,northeast,False,True,-0.040000000000000036,0.09999999999999964,-0.7000000000000002,27.0,0.0021999999999999797
D089,21,5,1.66,0.42,0.42,0.83,0.42,2,4.15,11.78,65.58,0.2722,22.9,13.9,21.2,1296,30.0,3.3,7.1,10.7,240.9,7.2,2.4,80.3,6.7,0.0,3,43,6,day,northeast,False,True,1.6400000000000006,-1.4900000000000002,-0.7000000000000002,-1072.0,-0.0343
D089,22,5,0.31,0.0,0.0,0.15,0.15,1,2.0,14.54,217.97,0.336,50.8,26.9,34.3,2839,73.3,4.8,6.3,23.3,648.8,21.5,3.6,108.1,8.7,0.0,6,43,6,day,northeast,False,True,-0.75,0.21999999999999886,0.3999999999999999,625.0,0.005099999999999993
D089,23,6,0.17,0.17,0.17,0.0,0.17,0,2.04,12.22,165.77,0.2823,54.7,27.7,29.3,2637,58.0,4.8,5.4,21.7,587.3,15.9,4.0,146.8,10.0,0.0,4,43,6,day,northeast,False,True,-0.06000000000000005,-3.42,1.4,840.0,-0.07900000000000001
D089,24,6,0.33,0.22,0.22,0.0,0.0,3,1.54,11.94,250.27,0.2759,33.4,17.3,35.6,2002,45.7,4.4,6.1,16.5,907.2,24.4,3.5,129.6,8.1,0.0,7,43,6,day,northeast,False,True,-0.3699999999999999,-2.0999999999999996,1.1,-34.0,-0.04830000000000001
D089,25,6,0.45,0.45,0.15,0.15,0.0,4,2.12,15.42,235.3,0.3563,67.2,30.5,36.3,3256,72.7,7.0,6.3,26.7,660.4,21.0,3.5,110.1,9.2,0.0,6,43,6,day,northeast,False,True,-2.0300000000000002,3.6400000000000006,1.1,1960.0,0.08410000000000001
D089,26,6,0.2,0.2,0.0,0.79,0.0,2,2.17,11.12,130.28,0.2568,35.5,18.4,42.4,1527,32.0,3.0,5.8,12.6,507.4,13.0,2.6,101.5,6.6,0.0,5,43,6,day,northeast,False,True,0.16999999999999993,-3.42,-1.0,-1312.0,-0.07920000000000005
D090,1,1,2.09,0.0,0.52,1.83,0.26,2,6.0,17.65,156.18,0.4077,77.9,25.8,46.9,1876,32.0,6.3,6.4,15.5,383.1,10.4,3.5,127.7,8.7,0.0,3,33,3,day,southeast,False,False,,,,,
D090,2,1,1.36,1.63,0.27,1.09,0.0,4,5.44,16.3,277.11,0.3766,56.5,19.6,35.1,1811,30.0,5.8,6.4,15.0,735.9,17.8,4.4,184.0,10.5,0.0,4,33,3,day,southeast,False,False,,,,,
D090,3,1,2.3,0.74,0.66,0.82,0.33,7,5.93,18.33,514.32,0.4233,83.0,25.7,32.0,2086,44.0,5.6,6.2,17.2,1215.0,29.3,4.2,173.6,10.1,0.0,7,33,3,day,southeast,False,False,,,,,
D090,4,1,1.82,1.06,1.36,0.61,0.15,3,7.27,15.88,242.3,0.3668,65.6,21.6,43.7,1210,28.4,3.0,5.8,10.0,660.6,14.5,2.9,132.1,7.2,0.0,5,33,3,day,southeast,False,False,,,,,
D090,5,2,1.91,2.07,1.11,0.48,0.32,6,6.2,17.23,250.33,0.398,56.3,19.8,40.6,1879,36.0,4.8,5.5,15.5,629.0,15.9,4.0,157.3,10.2,0.0,4,33,3,day,southeast,False,False,0.20000000000000018,-0.41999999999999815,0.5,3.0,-0.009699999999999986
D090,6,2,1.34,0.96,1.34,0.77,0.19,8,6.34,16.24,390.57,0.3752,62.0,20.3,36.9,1266,28.3,4.8,6.0,10.5,1041.0,23.3,3.9,173.5,9.5,0.0,6,33,3,day,southeast,False,False,0.8999999999999995,-0.060000000000002274,-0.5000000000000004,-545.0,-0.0014000000000000123
D090,7,2,1.8,1.32,0.84,0.72,0.48,6,6.11,15.36,296.07,0.3549,57.0,18.5,35.5,1174,19.2,3.2,6.2,9.7,834.2,18.2,3.6,166.8,8.4,0.0,5,33,3,day,southeast,False,False,0.1800000000000006,-2.969999999999999,-0.6000000000000001,-912.0,-0.06840000000000002
D090,8,2,1.41,0.7,0.7,0.85,0.42,7,5.5,18.99,311.32,0.4387,101.7,32.0,36.8,1502,33.0,4.5,5.9,12.4,709.7,18.3,3.0,118.3,8.7,0.0,6,33,3,day,southeast,False,False,-1.7699999999999996,3.1099999999999977,0.10000000000000009,292.0,0.07189999999999996
D090,9,2,1.18,0.74,0.44,0.74,0.15,2,4.12,17.24,270.59,0.3983,100.6,32.7,34.0,1380,24.7,3.7,6.2,11.4,679.4,16.4,2.7,113.2,7.5,0.0,6,33,3,day,southeast,False,False,-2.08,0.00999999999999801,-1.2999999999999998,-499.0,0.00029999999999996696
D090,10,3,1.29,0.74,1.29,0.55,0.74,4,6.09,16.04,200.79,0.3705,79.8,26.7,40.2,1616,20.0,4.3,5.9,13.4,541.9,12.4,4.1,180.6,9.3,0.0,3,33,3,day,southeast,False,False,-0.25,-0.1999999999999993,0.19999999999999973,350.0,-0.004699999999999982
D090,11,3,1.18,1.03,0.88,1.77,0.29,2,7.37,15.49,242.62,0.3578,80.2,27.1,48.5,1069,22.8,4.4,6.5,8.9,678.0,15.2,3.0,135.6,7.8,0.0,5,33,3,day,southeast,False,False,1.2599999999999998,0.13000000000000078,-0.6000000000000001,-105.0,0.0029000000000000137
D090,12,3,1.64,1.13,0.72,1.13,0.2,8,5.74,15.65,352.97,0.3615,67.0,22.8,35.6,1421,26.7,5.2,6.5,11.8,976.4,22.8,3.8,162.7,9.0,0.0,6,33,3,day,southeast,False,False,0.2400000000000002,-3.339999999999998,0.7999999999999998,-81.0,-0.07719999999999999
D090,13,3,1.14,0.83,0.93,0.93,0.0,5,5.08,16.0,356.73,0.3696,75.5,27.0,36.7,1270,17.0,3.5,6.0,10.6,965.3,24.1,4.0,160.9,8.2,0.0,6,33,3,day,southeast,False,False,0.96,-1.2399999999999984,1.2999999999999998,-110.0,-0.028700000000000003
D090,14,4,0.84,0.28,0.7,0.28,0.28,3,4.07,14.07,231.35,0.3251,58.9,24.0,34.4,1331,29.0,4.2,6.4,11.0,711.7,17.8,3.0,118.6,7.3,0.0,6,33,3,day,southeast,False,False,-2.0199999999999996,-1.9699999999999989,-1.0999999999999996,-285.0,-0.045399999999999996
D090,15,4,1.02,0.85,1.02,0.34,0.34,2,5.58,15.32,209.12,0.3538,71.1,25.7,33.8,1907,42.5,5.2,6.3,15.8,591.1,14.8,3.7,147.8,9.0,0.0,4,33,3,day,southeast,False,False,-1.79,-0.16999999999999993,0.7000000000000002,838.0,-0.0040000000000000036
D090,16,4,1.41,1.32,0.94,0.75,0.19,7,5.56,13.18,322.94,0.3043,43.8,17.5,33.9,1060,19.4,2.4,5.4,8.8,1061.1,23.6,3.4,151.6,7.3,0.0,7,33,3,day,southeast,False,False,-0.1800000000000006,-2.4700000000000006,-0.3999999999999999,-361.0,-0.05719999999999997
D090,17,4,1.31,0.75,0.93,0.37,0.19,1,5.41,15.79,195.56,0.3648,70.7,25.7,36.7,1213,19.0,3.8,5.4,10.1,536.1,13.7,3.4,134.0,8.2,0.0,4,33,3,day,southeast,False,False,0.33000000000000007,-0.21000000000000085,-0.6000000000000001,-57.0,-0.004799999999999971
D090,18,5,2.39,1.09,0.76,0.54,0.22,3,6.96,15.65,332.25,0.3615,63.5,23.5,33.5,1679,22.7,4.3,5.8,13.9,919.0,22.5,3.7,153.2,9.3,0.0,6,33,3,day,southeast,False,False,2.8899999999999997,1.58,0.7000000000000002,348.0,0.03639999999999999
D090,19,5,1.5,0.63,0.63,0.75,0.38,7,5.26,17.41,320.88,0.4021,88.7,29.9,35.2,1925,35.0,5.7,6.6,15.9,798.1,19.6,3.3,133.0,8.2,0.0,6,33,3,day,southeast,False,False,-0.3200000000000003,2.09,-0.40000000000000036,18.0,0.04830000000000001
D090,20,5,1.17,0.47,0.7,0.35,0.35,6,4.55,14.53,287.8,0.3356,65.3,22.1,37.8,1148,21.7,3.8,6.6,9.5,857.5,21.0,3.5,142.9,7.8,0.0,6,33,3,day,southeast,False,False,-1.0099999999999998,1.3499999999999996,0.10000000000000009,88.0,0.031299999999999994
D090,21,5,2.51,1.26,0.72,0.63,0.45,8,7.27,15.38,395.73,0.3553,57.6,22.0,39.1,1503,36.0,4.5,5.9,12.5,1113.7,27.5,4.6,185.6,9.8,0.0,6,33,3,day,southeast,False,False,1.8599999999999994,-0.40999999999999837,1.1999999999999997,290.0,-0.009500000000000008
D090,22,5,1.15,1.01,1.29,0.86,0.58,2,6.47,14.71,236.22,0.3399,66.9,24.4,35.0,1466,26.8,4.4,5.9,12.1,695.0,16.9,3.4,139.0,8.6,0.0,5,33,3,day,southeast,False,False,-0.4900000000000002,-0.9399999999999995,-0.30000000000000027,-213.0,-0.021600000000000008
D090,23,6,1.41,1.06,0.88,0.35,0.18,3,5.13,14.22,185.72,0.3284,48.0,18.8,37.3,1332,19.6,4.6,6.8,11.0,565.5,13.9,2.8,113.1,7.4,0.0,5,33,3,day,southeast,False,False,-0.1299999999999999,-3.1899999999999995,-0.5,-593.0,-0.07369999999999999
D090,24,6,1.15,0.92,0.92,0.69,0.12,4,4.96,12.96,259.41,0.2994,56.8,20.0,30.1,1574,25.2,4.0,6.0,13.0,866.3,20.1,4.0,173.3,8.0,0.0,5,33,3,day,southeast,False,False,0.41000000000000014,-1.5699999999999985,0.5,426.0,-0.03620000000000001
D090,25,6,1.14,1.71,1.9,0.57,0.76,2,7.02,15.52,189.03,0.3586,68.2,24.1,41.5,1331,30.5,5.5,6.8,11.0,527.1,13.3,3.3,131.8,8.5,0.0,4,33,3,day,southeast,False,False,-0.25,0.1399999999999988,-1.2999999999999998,-172.0,0.0032999999999999696
D090,26,6,1.81,1.41,0.0,1.0,0.6,4,6.83,15.71,180.57,0.3629,83.9,31.3,37.6,1527,37.5,4.0,5.7,12.6,497.6,12.8,3.2,124.4,7.5,0.0,4,33,3,day,southeast,False,False,0.3600000000000003,1.0,-0.19999999999999973,61.0,0.02300000000000002
D091,1,1,4.03,3.74,3.74,5.18,0.58,6,18.15,18.81,150.84,0.4345,61.0,18.5,36.0,2215,47.0,7.5,6.0,18.3,347.2,9.1,4.6,173.6,10.5,52.4,2,34,0,rotating,southeast,False,False,,,,,
D091,2,1,4.33,3.46,2.77,1.9,0.87,19,14.27,17.31,462.21,0.3999,51.4,13.8,37.4,1700,31.0,3.7,5.3,14.1,1155.9,24.6,4.1,192.6,9.7,81.0,6,34,0,rotating,southeast,False,False,,,,,
D091,3,1,4.54,2.43,3.73,2.43,1.13,10,15.07,18.82,268.21,0.4346,38.2,10.5,35.7,1375,32.5,4.5,6.5,11.4,617.1,15.3,3.8,154.3,9.0,55.6,4,34,0,rotating,southeast,False,False,,,,,
D091,4,1,3.32,2.16,1.49,2.66,0.33,5,10.95,19.15,266.55,0.4424,61.5,17.5,37.8,1724,21.5,5.8,6.7,14.3,602.5,14.9,3.7,150.6,9.0,16.7,4,34,0,rotating,southeast,False,False,,,,,
D091,5,1,3.13,4.69,2.09,4.0,0.7,9,15.82,19.72,262.07,0.4555,76.8,19.9,35.4,2006,41.0,4.8,6.0,16.5,575.4,12.5,3.1,143.8,9.0,75.0,4,34,0,rotating,southeast,False,False,-2.3299999999999983,0.9100000000000001,-1.4999999999999996,-209.0,0.02100000000000002
D091,6,2,4.53,1.51,1.89,1.51,0.76,3,10.58,19.04,116.4,0.4397,56.8,15.7,27.5,856,5.0,5.5,7.5,7.2,264.7,5.8,2.9,132.3,7.5,100.0,2,34,0,rotating,southeast,False,False,-3.6899999999999995,1.7300000000000004,-1.1999999999999997,-844.0,0.0398
D091,7,2,3.76,4.25,3.6,2.29,1.31,10,15.87,20.55,290.16,0.4747,74.2,21.7,35.0,1694,27.2,5.2,6.4,14.0,611.3,15.9,3.2,122.3,8.2,43.9,5,34,0,rotating,southeast,False,False,0.7999999999999989,1.7300000000000004,-0.5999999999999996,319.0,0.040100000000000025
D091,8,2,4.29,3.53,3.15,1.91,0.19,19,14.11,17.55,425.29,0.4054,39.7,11.8,37.1,1419,20.0,5.2,5.7,11.8,1049.2,25.0,4.2,174.9,9.5,52.6,6,34,0,rotating,southeast,False,False,3.16,-1.5999999999999979,0.5,-305.0,-0.03700000000000003
D091,9,2,3.87,3.98,2.93,1.89,0.94,9,14.56,18.99,418.87,0.4387,61.6,17.1,37.3,1409,28.0,5.6,6.2,11.7,954.9,21.3,3.0,136.4,7.7,50.0,7,34,0,rotating,southeast,False,False,-1.2599999999999998,-0.7300000000000004,-0.10000000000000009,-597.0,-0.016800000000000037
D091,10,3,5.04,3.0,1.73,2.68,1.58,12,14.98,17.53,256.83,0.4049,56.2,18.5,36.1,1661,25.0,4.5,5.7,13.7,634.3,15.3,3.8,158.6,8.5,17.6,4,34,0,rotating,southeast,False,False,4.4,-1.509999999999998,0.8999999999999999,805.0,-0.0348
D091,11,3,4.29,2.81,2.48,1.16,0.66,5,12.22,18.07,252.76,0.4173,60.3,18.6,36.5,1458,26.5,4.0,6.0,12.1,605.7,14.3,3.6,151.4,8.2,21.2,4,34,0,rotating,southeast,False,False,-3.6499999999999986,-2.4800000000000004,0.3999999999999999,-236.0,-0.05740000000000001
D091,12,3,2.97,4.75,2.23,2.97,0.89,11,14.11,18.1,281.36,0.418,50.5,16.7,39.2,2022,42.5,5.0,6.2,16.7,673.1,16.7,4.2,168.3,10.8,48.8,4,34,0,rotating,southeast,False,False,0.0,0.5500000000000007,0.0,603.0,0.0126
D091,13,3,4.57,2.49,2.22,2.91,0.69,8,13.99,17.14,285.93,0.396,57.4,18.2,38.1,1253,15.5,6.2,6.9,10.4,722.0,16.7,4.2,180.5,8.8,100.0,4,34,0,rotating,southeast,False,False,-0.5700000000000003,-1.8499999999999979,1.2000000000000002,-156.0,-0.04269999999999996
D091,14,4,2.99,4.11,1.99,2.62,1.0,11,12.96,17.65,327.03,0.4076,51.9,17.6,40.0,2056,27.2,6.6,6.7,17.0,802.3,20.2,4.0,160.5,10.4,21.2,5,34,0,rotating,southeast,False,False,-2.0199999999999996,0.11999999999999744,0.20000000000000018,395.0,0.0027000000000000357
D091,15,4,4.6,2.4,2.6,2.6,0.8,6,14.61,16.12,186.0,0.3723,41.5,12.3,28.4,983,26.0,2.8,5.4,8.1,499.6,9.9,2.5,124.9,6.5,0.0,4,34,0,rotating,southeast,False,False,2.389999999999999,-1.9499999999999993,-1.1,-475.0,-0.044999999999999984
D091,16,4,2.98,5.64,4.23,2.82,0.16,16,16.6,17.34,255.69,0.4005,57.9,17.3,28.4,1890,40.0,5.7,6.0,15.7,638.5,13.8,4.6,212.8,9.7,37.9,3,34,0,rotating,southeast,False,False,2.490000000000002,-0.7600000000000016,0.39999999999999947,-132.0,-0.01749999999999996
D091,17,4,3.96,3.29,2.42,2.03,0.68,14,13.15,18.35,438.41,0.4239,51.2,16.1,30.6,1678,33.4,2.9,5.5,13.9,1034.3,24.8,3.5,147.8,9.3,36.9,7,34,0,rotating,southeast,False,False,-0.8399999999999999,1.2100000000000009,-0.7000000000000002,425.0,0.02789999999999998
D091,18,5,2.91,2.65,6.09,3.44,0.53,8,16.95,16.47,143.66,0.3805,63.1,15.8,38.6,1034,15.3,2.3,5.5,8.5,377.6,7.5,2.5,125.9,6.3,68.4,3,34,0,rotating,southeast,False,False,3.9899999999999984,-1.1799999999999997,-1.5,-1022.0,-0.027100000000000013
D091,19,5,2.5,4.61,2.37,3.03,0.92,12,14.75,17.34,304.11,0.4005,52.6,15.9,39.4,1333,22.3,4.2,6.0,11.0,759.3,16.6,2.8,126.5,6.5,66.7,6,34,0,rotating,southeast,False,False,0.14000000000000057,1.2199999999999989,0.2999999999999998,350.0,0.028200000000000003
D091,20,5,3.38,3.82,2.62,2.73,0.65,16,14.5,18.55,393.07,0.4286,65.1,20.5,39.8,1771,31.3,5.7,6.4,14.7,917.2,22.8,3.8,152.9,9.3,33.9,6,34,0,rotating,southeast,False,False,-2.1000000000000014,1.2100000000000009,-0.7999999999999998,-119.0,0.02809999999999996
D091,21,5,4.9,3.27,2.66,3.68,0.61,10,15.94,17.67,199.77,0.4082,50.4,15.5,27.2,1154,12.0,3.0,6.1,9.6,489.4,11.5,2.9,122.4,7.5,100.0,4,34,0,rotating,southeast,False,False,2.789999999999999,-0.6799999999999997,-0.6000000000000001,-524.0,-0.015699999999999992
D091,22,5,4.07,4.8,3.34,2.09,0.83,15,16.47,17.93,397.27,0.4142,47.1,15.4,24.3,1686,37.6,4.4,6.4,14.0,959.1,23.4,4.7,191.8,10.2,82.4,5,34,0,rotating,southeast,False,False,-0.4800000000000004,1.4600000000000009,2.2,652.0,0.03370000000000001
D091,23,6,3.9,3.7,1.56,3.7,0.39,6,14.42,19.48,230.93,0.45,69.1,21.1,37.0,1778,40.0,7.2,7.5,14.6,513.2,12.7,3.2,128.3,7.2,37.9,4,34,0,rotating,southeast,False,False,-0.33000000000000007,2.1400000000000006,0.40000000000000036,445.0,0.04949999999999999
D091,24,6,3.38,3.24,5.35,2.82,0.56,18,15.77,16.46,270.09,0.3802,47.2,15.1,34.2,1164,20.8,4.0,6.4,9.6,710.4,17.1,3.4,142.1,7.4,64.9,5,34,0,rotating,southeast,False,False,1.2699999999999996,-2.09,-0.3999999999999999,-607.0,-0.0484
D091,25,6,4.35,3.39,3.39,2.66,0.97,5,14.76,13.91,132.83,0.3213,48.7,14.3,48.1,696,5.3,2.7,5.5,5.8,413.4,7.8,2.6,137.8,5.7,0.0,3,34,0,rotating,southeast,False,False,-1.1799999999999997,-3.7600000000000016,-0.2999999999999998,-458.0,-0.08690000000000003
D091,26,6,4.06,3.14,3.5,2.4,1.48,13,15.68,17.42,436.24,0.4023,45.1,13.3,31.1,1072,17.1,4.3,5.8,8.9,1084.3,24.2,3.5,154.9,7.4,25.0,7,34,0,rotating,southeast,False,False,-0.7899999999999991,-0.509999999999998,-1.2000000000000002,-614.0,-0.011900000000000022
D092,1,1,3.14,3.14,2.36,2.65,1.08,10,13.75,17.34,407.9,0.4005,44.1,10.3,33.0,771,14.0,3.4,6.4,6.4,1018.5,17.4,3.5,203.7,8.2,100.0,5,44,6,night,midwest,False,False,,,,,
D092,2,1,4.37,3.98,3.52,2.09,0.65,23,15.51,16.99,602.22,0.3925,34.2,8.4,33.3,981,18.0,4.1,6.6,8.2,1534.5,28.4,4.1,219.2,8.7,100.0,7,44,6,night,midwest,False,False,,,,,
D092,3,1,3.76,2.91,2.44,2.91,1.22,17,14.28,15.99,393.14,0.3695,20.4,4.9,33.7,667,6.4,2.6,6.2,5.6,1064.1,19.2,3.8,212.8,7.4,100.0,5,44,6,night,midwest,False,False,,,,,
D092,4,1,4.49,3.9,2.63,2.71,0.85,14,15.43,16.0,435.83,0.3696,33.9,8.6,31.6,1312,31.2,3.2,5.5,10.8,1179.3,20.4,4.1,235.9,9.0,100.0,5,44,6,night,midwest,False,False,,,,,
D092,5,1,3.6,3.49,2.32,2.44,1.39,11,14.06,13.7,272.33,0.3164,40.8,10.8,30.0,746,12.5,4.2,6.6,6.2,860.8,13.9,3.5,215.2,8.2,100.0,4,44,6,night,midwest,False,False,0.3100000000000005,-3.6400000000000006,0.0,-25.0,-0.08410000000000001
D092,6,2,3.64,3.54,2.46,1.71,0.86,12,12.86,16.44,354.45,0.3797,35.9,8.6,31.3,777,12.0,4.0,6.5,6.5,933.4,15.4,3.8,233.4,8.0,100.0,4,44,6,night,midwest,False,False,-2.6500000000000004,-0.5499999999999972,-0.2999999999999998,-204.0,-0.012800000000000034
D092,7,2,3.79,5.17,2.41,2.07,0.34,4,17.24,16.11,107.95,0.3721,29.6,7.1,37.5,451,12.0,3.0,6.2,3.8,290.1,4.7,2.3,145.0,5.5,100.0,2,44,6,night,midwest,False,False,2.959999999999999,0.11999999999999922,-1.5,-216.0,0.002599999999999991
D092,8,2,3.96,3.84,2.33,2.56,0.47,11,14.43,17.47,346.78,0.4035,38.7,9.3,38.1,788,8.8,3.8,6.9,6.6,859.5,15.1,3.0,171.9,7.2,100.0,5,44,6,night,midwest,False,False,-1.0,1.4699999999999989,-1.0999999999999996,-524.0,0.03390000000000004
D092,9,2,3.94,3.45,3.57,2.34,1.11,8,15.27,17.4,326.5,0.402,45.5,10.2,38.8,900,18.5,2.0,5.8,7.5,812.1,13.5,3.4,203.0,8.0,100.0,4,44,6,night,midwest,False,False,1.209999999999999,3.6999999999999993,-0.10000000000000009,154.0,0.08560000000000001
D092,10,3,4.26,3.13,2.17,3.21,1.39,15,14.76,15.13,402.45,0.3495,31.3,9.0,40.6,931,8.0,3.6,5.5,7.8,1151.4,21.3,4.3,230.3,9.2,100.0,5,44,6,night,midwest,False,False,1.9000000000000004,-1.3100000000000005,0.5,154.0,-0.030200000000000005
D092,11,3,5.58,2.27,3.14,2.53,0.44,19,15.07,15.45,409.66,0.3569,34.5,10.3,36.8,1285,31.2,4.4,6.5,10.6,1147.8,22.3,4.5,229.6,9.2,100.0,5,44,6,night,midwest,False,False,-2.169999999999998,-0.6600000000000001,2.2,834.0,-0.015199999999999991
D092,12,3,4.27,3.0,3.46,1.5,1.04,16,13.49,15.76,315.73,0.3641,46.2,11.5,31.5,818,20.7,2.7,5.4,6.9,867.2,14.2,4.7,289.1,10.0,100.0,3,44,6,night,midwest,False,False,-0.9399999999999995,-1.709999999999999,1.7000000000000002,30.0,-0.039400000000000046
D092,13,3,4.7,3.41,2.67,1.94,0.83,16,14.38,14.62,366.5,0.3378,29.8,8.4,31.3,710,17.6,3.2,7.1,5.9,1085.1,19.1,3.8,217.0,8.0,100.0,5,44,6,night,midwest,False,False,-0.8899999999999988,-2.7799999999999994,0.3999999999999999,-190.0,-0.06420000000000003
D092,14,4,3.49,3.83,2.79,3.14,0.7,5,15.1,16.34,324.95,0.3775,52.9,14.3,30.0,1091,12.5,3.5,6.1,9.1,860.8,16.0,4.0,215.2,8.8,100.0,4,44,6,night,midwest,False,False,0.33999999999999986,1.209999999999999,-0.2999999999999998,160.0,0.028000000000000025
D092,15,4,2.25,4.0,2.5,2.5,0.75,8,13.51,14.45,133.45,0.3338,48.8,11.8,34.5,1498,39.0,4.0,5.3,12.4,399.8,7.4,3.7,199.9,8.5,100.0,2,44,6,night,midwest,False,False,-1.5600000000000005,-1.0,-0.7999999999999998,213.0,-0.02310000000000001
D092,16,4,3.81,3.62,2.96,2.1,0.67,14,13.73,15.28,370.18,0.353,42.3,11.1,40.0,796,15.7,2.0,5.4,6.6,1048.7,18.0,3.0,174.8,7.3,100.0,6,44,6,night,midwest,False,False,0.2400000000000002,-0.4800000000000004,-1.7000000000000002,-22.0,-0.011099999999999999
D092,17,4,4.39,3.33,2.13,1.6,0.8,11,13.05,15.15,262.88,0.35,32.7,8.3,30.4,476,6.8,1.8,6.1,4.0,751.0,12.1,2.4,150.2,5.4,100.0,5,44,6,night,midwest,False,False,-1.33,0.5300000000000011,-1.4,-234.0,0.012199999999999989
D092,18,5,4.1,3.47,2.13,2.68,0.71,17,14.44,15.06,440.68,0.3478,29.3,7.0,40.2,880,17.0,4.2,6.7,7.3,1266.9,19.8,5.0,316.7,10.5,100.0,4,44,6,night,midwest,False,False,-0.6600000000000001,-1.2799999999999994,1.0,-211.0,-0.029700000000000004
D092,19,5,3.29,3.65,2.67,2.32,0.62,17,13.89,13.66,354.38,0.3155,35.1,9.2,29.2,727,7.5,3.8,6.1,6.1,1123.1,18.0,4.5,280.8,9.0,100.0,4,44,6,night,midwest,False,False,0.3800000000000008,-0.7899999999999991,0.7999999999999998,-771.0,-0.018299999999999983
D092,20,5,3.57,3.3,3.71,2.75,0.34,26,14.57,14.37,483.04,0.3319,36.1,9.7,39.9,840,14.0,3.8,6.2,7.0,1455.5,24.5,4.1,242.6,8.7,100.0,6,44,6,night,midwest,False,False,0.8399999999999999,-0.9100000000000001,1.0999999999999996,44.0,-0.021100000000000008
D092,21,5,3.86,3.46,2.75,2.6,0.71,21,14.01,14.89,437.08,0.3439,36.8,10.5,35.4,955,14.3,3.4,6.3,7.9,1270.9,22.8,3.3,181.6,7.7,100.0,7,44,6,night,midwest,False,False,0.9599999999999991,-0.2599999999999998,0.8999999999999999,479.0,-0.006099999999999994
D092,22,5,2.75,2.36,3.67,1.97,0.79,13,12.85,15.85,279.16,0.366,40.5,10.4,30.6,863,7.3,2.7,5.7,7.2,762.7,12.9,4.3,254.2,10.3,100.0,3,44,6,night,midwest,False,False,-1.5899999999999999,0.7899999999999991,-0.7000000000000002,-17.0,0.018199999999999994
D092,23,6,3.94,4.39,3.22,2.95,0.54,16,15.85,15.8,407.62,0.365,44.6,12.6,35.8,814,12.0,4.0,5.9,6.8,1116.8,21.1,4.2,223.4,9.0,100.0,5,44,6,night,midwest,False,False,1.959999999999999,2.1400000000000006,-0.2999999999999998,87.0,0.04949999999999999
D092,24,6,4.49,4.12,2.85,2.25,0.97,30,15.42,14.33,441.95,0.3309,34.3,10.2,42.0,1390,20.7,3.3,5.7,11.5,1335.5,25.2,4.2,222.6,9.5,100.0,6,44,6,night,midwest,False,False,0.8499999999999996,-0.03999999999999915,0.10000000000000053,550.0,-0.0009999999999999454
D092,25,6,3.69,3.54,3.84,2.51,0.74,3,15.36,13.51,211.39,0.3122,29.4,7.9,36.4,483,11.3,2.7,5.7,4.0,677.1,10.8,3.6,225.7,8.0,100.0,3,44,6,night,midwest,False,False,1.3499999999999996,-1.3800000000000008,0.30000000000000027,-472.0,-0.031700000000000006
D092,26,6,4.07,4.07,3.2,3.97,1.07,10,17.24,14.36,342.34,0.3316,35.2,9.9,30.5,1115,22.0,3.5,5.7,9.3,1032.3,18.5,4.6,258.1,10.0,100.0,4,44,6,night,midwest,False,False,4.389999999999999,-1.4900000000000002,0.2999999999999998,252.0,-0.034399999999999986
D093,1,1,0.57,0.0,0.19,0.19,0.0,0,2.46,12.85,157.08,0.2968,26.6,12.9,37.1,958,23.0,4.2,6.7,8.0,529.2,13.7,3.4,132.3,7.8,58.1,4,39,2,rotating,southeast,False,True,,,,,
D093,2,1,0.48,0.36,0.0,0.12,0.12,1,1.79,10.64,206.38,0.2458,33.3,13.2,36.0,1323,16.0,4.2,6.3,11.0,839.7,17.0,4.3,209.9,9.2,16.2,4,39,2,rotating,southeast,False,True,,,,,
D093,3,1,0.67,0.22,0.11,0.33,0.0,2,2.0,13.9,289.3,0.321,59.8,20.6,33.7,2206,45.2,5.8,6.0,18.2,901.2,20.2,4.0,180.2,10.4,63.5,5,39,2,rotating,southeast,False,True,,,,,
D093,4,1,0.46,0.28,0.09,0.65,0.0,0,2.23,13.69,340.89,0.3162,45.8,18.2,36.9,1484,26.3,4.4,6.1,12.3,1078.0,25.5,3.6,154.0,8.7,55.7,7,39,2,rotating,southeast,False,True,,,,,
D093,5,2,0.79,0.45,0.11,0.45,0.11,2,2.58,12.88,264.8,0.2975,30.9,11.6,29.3,1379,36.7,3.7,5.6,11.4,890.1,21.2,3.5,148.4,7.7,76.1,6,39,2,rotating,southeast,False,True,0.1200000000000001,0.030000000000001137,0.10000000000000009,421.0,0.0006999999999999784
D093,6,2,0.59,0.59,0.3,0.0,0.0,2,2.67,15.61,121.6,0.3605,71.8,28.0,29.9,1625,29.3,6.3,6.9,13.4,337.3,9.3,3.1,112.4,8.0,70.8,3,39,2,rotating,southeast,False,True,0.8799999999999999,4.969999999999999,-1.1999999999999997,302.0,0.1147
D093,7,2,0.66,0.26,0.26,0.53,0.0,3,2.5,13.13,230.82,0.3033,47.9,19.2,37.5,1298,20.3,3.7,5.9,10.7,760.9,17.1,2.8,126.8,7.0,54.8,6,39,2,rotating,southeast,False,True,0.5,-0.7699999999999996,-1.2000000000000002,-908.0,-0.017699999999999994
D093,8,2,0.2,0.81,0.2,0.41,0.2,2,2.85,13.71,155.46,0.3167,40.8,18.3,36.5,2180,34.0,5.7,6.0,18.0,490.9,12.7,4.2,163.6,10.3,71.0,3,39,2,rotating,southeast,False,True,0.6200000000000001,0.02000000000000135,0.6000000000000001,696.0,0.0005000000000000004
D093,9,3,0.69,0.0,0.14,0.0,0.0,1,1.8,12.32,205.54,0.2845,42.5,18.1,36.4,1827,37.0,3.8,5.7,15.1,722.4,16.1,4.0,180.6,9.2,62.2,4,39,2,rotating,southeast,False,True,-0.78,-0.5600000000000005,0.5,448.0,-0.013000000000000012
D093,10,3,0.46,0.37,0.18,0.46,0.0,5,1.83,11.44,289.49,0.2642,44.9,19.7,30.5,1305,28.0,2.9,5.6,10.8,1095.7,24.8,3.5,156.5,8.6,56.7,7,39,2,rotating,southeast,False,True,-0.8399999999999999,-4.17,0.3999999999999999,-320.0,-0.0963
D093,11,3,0.65,0.32,0.11,0.32,0.32,3,2.05,11.54,246.73,0.2666,42.6,17.5,30.5,1082,17.6,4.4,5.9,9.0,925.5,18.9,3.8,185.1,8.6,41.9,5,39,2,rotating,southeast,False,True,-0.4500000000000002,-1.5900000000000016,1.0,-216.0,-0.03670000000000001
D093,12,3,0.31,0.21,0.0,0.52,0.21,1,1.98,11.28,249.73,0.2607,27.6,13.0,38.3,1434,25.3,3.2,5.2,11.9,958.1,21.2,3.5,159.7,7.7,0.0,6,39,2,rotating,southeast,False,True,-0.8700000000000001,-2.4300000000000015,-0.7000000000000002,-746.0,-0.055999999999999994
D093,13,3,0.32,0.32,0.0,0.11,0.0,2,1.91,11.9,259.6,0.2749,49.2,23.0,37.1,1609,34.3,3.9,5.9,13.3,944.3,22.2,3.2,134.9,8.6,80.0,7,39,2,rotating,southeast,False,True,0.10999999999999988,-0.41999999999999993,-0.7999999999999998,-218.0,-0.009599999999999997
D093,14,4,0.43,0.11,0.21,0.75,0.0,3,2.24,12.64,274.36,0.2921,47.9,21.2,33.7,1530,23.7,3.7,5.7,12.7,939.3,21.9,3.7,156.5,8.8,32.1,6,39,2,rotating,southeast,False,True,0.41000000000000014,1.200000000000001,0.20000000000000018,225.0,0.027900000000000036
D093,15,4,0.58,0.39,0.19,0.19,0.1,2,2.72,12.0,285.29,0.2771,45.3,20.2,42.7,1693,26.7,5.5,6.0,14.0,1029.4,23.1,3.8,171.6,9.5,21.1,6,39,2,rotating,southeast,False,True,0.6700000000000004,0.46000000000000085,0.0,611.0,0.01050000000000001
D093,16,4,0.72,0.27,0.27,0.27,0.0,5,2.5,10.58,273.39,0.2444,23.4,10.8,33.5,1367,21.0,4.3,5.7,11.3,1118.5,24.6,4.1,186.4,9.3,55.4,6,39,2,rotating,southeast,False,True,0.52,-0.6999999999999993,0.5999999999999996,-67.0,-0.01629999999999998
D093,17,4,0.34,0.34,0.0,0.0,0.0,1,3.04,11.61,79.44,0.2682,19.1,10.6,40.0,1152,23.0,4.0,6.9,9.5,296.2,8.0,4.0,148.1,7.5,60.0,2,39,2,rotating,southeast,False,True,1.1300000000000001,-0.2900000000000009,0.7999999999999998,-457.0,-0.006699999999999984
D093,18,5,0.32,0.11,0.0,0.22,0.22,1,1.4,12.18,261.75,0.2814,55.4,21.0,33.5,1459,23.6,6.2,6.7,12.1,930.0,18.7,3.7,186.0,9.4,0.0,5,39,2,rotating,southeast,False,True,-0.8400000000000003,-0.46000000000000085,0.0,-71.0,-0.010700000000000043
D093,19,5,0.57,0.0,0.38,0.19,0.0,1,1.89,13.31,162.83,0.3075,51.0,20.9,33.7,1522,25.3,6.0,6.3,12.7,529.6,12.0,4.0,176.5,9.0,37.0,3,39,2,rotating,southeast,False,True,-0.8300000000000003,1.3100000000000005,0.20000000000000018,-171.0,0.030399999999999983
D093,20,5,0.34,0.0,0.34,0.34,0.0,1,1.69,10.88,148.88,0.2514,32.9,13.9,29.1,1111,19.0,4.8,6.5,9.2,592.3,14.4,3.6,148.1,8.5,47.1,4,39,2,rotating,southeast,False,True,-0.81,0.3000000000000007,-0.49999999999999956,-256.0,0.007000000000000006
D093,21,5,0.53,0.21,0.32,0.53,0.21,3,2.84,11.26,247.22,0.2602,29.7,12.0,36.3,1571,33.2,3.2,5.6,13.0,950.1,19.8,4.0,190.0,9.6,79.2,5,39,2,rotating,southeast,False,True,-0.20000000000000018,-0.34999999999999964,0.0,419.0,-0.008000000000000007
D093,22,5,0.76,0.1,0.29,0.67,0.0,2,2.39,10.13,245.21,0.234,35.7,16.0,34.3,1213,20.8,5.2,6.2,10.1,1047.7,21.1,4.2,209.5,8.6,81.4,5,39,2,rotating,southeast,False,True,0.9900000000000002,-2.049999999999999,0.5,-246.0,-0.04739999999999997
D093,23,6,0.23,0.34,0.46,0.34,0.0,3,1.95,11.87,238.62,0.2742,30.0,13.3,24.3,1232,24.8,3.4,6.1,10.2,870.1,19.3,3.9,174.0,8.2,53.7,5,39,2,rotating,southeast,False,True,0.06000000000000005,-1.4400000000000013,-0.10000000000000009,-290.0,-0.033299999999999996
D093,24,6,0.27,0.14,0.14,0.0,0.0,1,1.35,11.59,197.74,0.2677,37.8,14.4,34.1,1126,25.0,3.7,6.5,9.3,738.7,16.0,2.7,123.1,6.5,48.7,6,39,2,rotating,southeast,False,True,-0.33999999999999986,0.7099999999999991,-0.8999999999999999,15.0,0.01629999999999998
D093,25,6,0.85,0.14,0.14,0.14,0.14,2,2.82,11.94,195.31,0.2757,41.3,18.1,41.8,948,12.0,3.0,6.1,7.9,708.4,15.5,3.1,141.7,7.2,19.4,5,39,2,rotating,southeast,False,True,-0.020000000000000018,0.6799999999999997,-0.8999999999999999,-623.0,0.015500000000000014
D093,26,6,0.24,0.36,0.24,0.61,0.12,2,2.31,10.01,190.3,0.2313,22.1,11.7,36.3,1090,21.5,4.2,6.0,9.1,822.8,19.2,4.8,205.7,9.2,0.0,4,39,2,rotating,southeast,False,True,-0.08000000000000007,-0.120000000000001,0.5999999999999996,-123.0,-0.002700000000000008
D094,1,1,0.61,0.46,0.31,0.31,0.15,1,3.36,12.11,182.93,0.2797,42.8,15.1,34.1,897,17.5,3.5,6.1,7.5,654.1,11.7,2.9,163.5,8.0,43.8,4,29,0,rotating,midwest,False,True,,,,,
D094,2,1,0.53,0.53,0.0,0.64,0.21,3,2.44,11.2,243.68,0.2587,28.8,10.0,30.4,918,17.0,3.8,6.2,7.6,942.0,15.6,3.9,235.5,9.2,100.0,4,29,0,rotating,midwest,False,True,,,,,
D094,3,1,0.17,0.34,0.51,0.34,0.0,2,2.19,10.41,142.55,0.2405,20.8,7.0,40.8,350,3.5,2.2,6.1,2.9,592.8,9.2,2.3,148.2,5.8,56.5,4,29,0,rotating,midwest,False,True,,,,,
D094,4,1,0.45,0.23,0.3,0.23,0.15,1,1.97,12.09,368.65,0.2792,35.8,12.6,35.0,945,19.3,3.3,5.7,7.9,1320.4,23.5,3.9,220.1,9.2,61.8,6,29,0,rotating,midwest,False,True,,,,,
D094,5,2,0.57,0.21,0.07,0.07,0.14,2,1.92,11.25,365.26,0.26,23.6,9.3,31.7,1057,19.7,3.8,5.9,8.8,1405.1,26.1,4.3,234.2,9.3,28.6,6,29,0,rotating,midwest,False,True,-1.44,-0.8599999999999994,1.4,160.0,-0.019699999999999995
D094,6,2,0.85,0.32,0.0,0.42,0.0,2,1.91,11.48,250.33,0.2652,33.2,11.7,42.9,943,10.8,2.8,5.7,7.8,944.0,16.7,3.3,188.8,7.8,71.8,5,29,0,rotating,midwest,False,True,-0.53,0.28000000000000114,-0.6000000000000001,25.0,0.006500000000000006
D094,7,2,0.26,0.26,0.26,0.6,0.26,2,2.65,11.09,299.12,0.2561,22.1,7.5,34.0,588,7.2,3.4,5.7,5.0,1167.9,18.5,3.7,233.6,8.8,68.2,5,29,0,rotating,midwest,False,True,0.45999999999999996,0.6799999999999997,1.4000000000000004,238.0,0.015600000000000003
D094,8,2,0.4,0.3,0.1,0.2,0.1,1,1.82,9.92,226.45,0.2292,21.6,7.9,31.0,793,10.5,3.8,6.1,6.6,988.0,17.6,4.4,247.0,9.2,54.1,4,29,0,rotating,midwest,False,True,-0.1499999999999999,-2.17,0.5000000000000004,-152.0,-0.05000000000000002
D094,9,2,0.13,0.13,0.13,0.39,0.13,3,1.71,10.5,184.82,0.2425,24.0,8.5,40.5,768,15.5,2.5,5.7,6.4,762.3,13.6,3.4,190.6,7.8,41.9,4,29,0,rotating,midwest,False,True,-0.20999999999999996,-0.75,-0.8999999999999999,-289.0,-0.017500000000000016
D094,10,3,0.3,0.15,0.15,0.3,0.3,1,1.78,10.54,164.5,0.2436,39.9,16.0,27.1,846,26.0,3.2,5.8,7.1,675.4,12.1,3.0,168.8,7.5,23.3,4,29,0,rotating,midwest,False,True,-0.1299999999999999,-0.9400000000000013,-0.2999999999999998,-97.0,-0.02159999999999998
D094,11,3,0.26,0.2,0.07,0.33,0.2,2,1.69,9.94,353.2,0.2296,20.3,8.1,35.9,991,17.6,4.2,6.9,8.3,1538.0,25.4,5.1,307.6,11.0,40.0,5,29,0,rotating,midwest,False,True,-0.96,-1.1500000000000004,1.3999999999999995,403.0,-0.026499999999999996
D094,12,3,0.38,0.13,0.51,0.0,0.25,0,1.78,10.05,182.84,0.2323,34.4,11.8,23.6,425,8.0,2.2,5.6,3.6,787.2,12.8,2.6,157.4,5.6,78.6,5,29,0,rotating,midwest,False,True,-0.040000000000000036,0.13000000000000078,-1.8000000000000003,-368.0,0.0031000000000000194
D094,13,3,0.17,0.17,0.17,0.17,0.0,2,1.52,9.57,262.69,0.2212,24.9,10.2,37.9,976,18.0,3.4,5.9,8.1,1187.8,20.9,4.2,237.6,8.6,14.0,5,29,0,rotating,midwest,False,True,-0.18999999999999995,-0.9299999999999997,0.8000000000000003,208.0,-0.021299999999999986
D094,14,4,0.23,0.18,0.06,0.41,0.06,2,1.7,9.73,384.22,0.2248,32.0,12.1,36.5,802,9.4,2.7,5.7,6.7,1709.4,27.2,3.9,244.2,8.3,50.0,7,29,0,rotating,midwest,False,True,-0.08000000000000007,-0.8099999999999987,0.8999999999999999,-44.0,-0.01880000000000001
D094,15,4,0.65,0.26,0.0,0.46,0.2,3,2.67,9.85,349.97,0.2276,24.8,9.2,32.5,992,16.8,3.2,5.8,8.3,1537.4,23.5,4.7,307.5,10.6,35.8,5,29,0,rotating,midwest,False,True,0.98,-0.08999999999999986,-0.39999999999999947,1.0,-0.0020000000000000018
D094,16,4,0.57,0.24,0.08,0.49,0.0,1,1.63,9.66,274.1,0.2231,31.1,11.2,38.2,882,14.7,2.7,6.4,7.3,1228.6,19.7,3.3,204.8,7.2,44.2,6,29,0,rotating,midwest,False,True,-0.15000000000000013,-0.39000000000000057,0.6999999999999997,457.0,-0.009200000000000014
D094,17,4,0.29,0.19,0.19,0.1,0.0,5,2.0,9.32,226.22,0.2152,16.9,7.2,36.6,849,8.0,3.5,6.3,7.1,1051.1,17.7,4.4,262.8,9.8,30.8,4,29,0,rotating,midwest,False,True,0.48,-0.25,0.20000000000000018,-127.0,-0.006000000000000005
D094,18,5,0.23,0.23,0.23,0.35,0.12,4,2.1,10.02,198.38,0.2316,18.8,8.2,37.9,961,15.0,2.5,5.9,8.0,856.7,15.7,3.9,214.2,7.8,83.9,4,29,0,rotating,midwest,False,True,0.40000000000000013,0.28999999999999915,0.0,159.0,0.0068000000000000005
D094,19,5,0.45,0.27,0.36,0.54,0.27,1,2.43,10.07,258.88,0.2326,32.0,13.3,42.7,1170,17.6,4.8,6.3,9.7,1112.8,19.6,3.9,222.6,9.4,0.0,5,29,0,rotating,midwest,False,True,-0.23999999999999977,0.22000000000000064,-0.8000000000000003,178.0,0.0050000000000000044
D094,20,5,0.3,0.22,0.0,0.0,0.15,1,1.27,9.76,301.96,0.2256,32.8,13.1,30.3,989,10.0,4.3,6.7,8.2,1338.7,24.2,4.0,223.1,9.2,63.6,6,29,0,rotating,midwest,False,True,-0.3599999999999999,0.09999999999999964,0.7000000000000002,107.0,0.0025000000000000022
D094,21,5,0.39,0.19,0.19,0.49,0.0,6,1.85,9.93,236.11,0.2294,36.6,14.1,37.4,824,9.6,3.8,6.9,6.9,1029.2,16.8,3.4,205.8,8.2,80.5,5,29,0,rotating,midwest,False,True,-0.1499999999999999,0.6099999999999994,-1.0000000000000004,-25.0,0.01419999999999999
D094,22,5,0.34,0.2,0.2,0.15,0.2,5,1.82,9.09,427.28,0.2101,17.7,6.9,32.9,891,12.0,4.8,6.4,7.4,2034.1,32.7,5.4,339.0,11.2,52.2,6,29,0,rotating,midwest,False,True,-0.28,-0.9299999999999997,1.5000000000000004,-70.0,-0.02149999999999999
D094,23,6,0.75,0.38,0.25,0.13,0.25,3,2.75,9.5,175.44,0.2195,22.7,8.5,37.3,625,7.5,1.8,5.6,5.2,799.4,12.5,3.1,199.8,6.5,61.5,4,29,0,rotating,midwest,False,True,0.31999999999999984,-0.5700000000000003,-0.7999999999999998,-545.0,-0.0131
D094,24,6,0.64,0.64,0.0,0.21,0.0,2,2.14,11.39,123.12,0.263,35.6,15.3,32.4,1304,19.3,6.0,6.7,10.8,468.1,9.9,3.3,156.0,8.0,66.7,3,29,0,rotating,midwest,False,True,0.8700000000000001,1.6300000000000008,-0.7000000000000002,315.0,0.03740000000000002
D094,25,6,0.57,0.23,0.23,0.11,0.34,0,2.26,9.95,203.07,0.2299,30.6,12.9,36.6,1124,17.2,3.6,6.6,9.3,883.4,15.7,3.1,176.7,7.6,0.0,5,29,0,rotating,midwest,False,True,0.4099999999999997,0.019999999999999574,-0.2999999999999998,300.0,0.0005000000000000004
D094,26,6,0.48,0.4,0.32,0.16,0.08,2,2.61,10.48,305.64,0.2421,39.4,15.7,32.1,961,23.0,4.5,6.2,8.0,1262.5,23.8,4.0,210.4,9.0,51.9,6,29,0,rotating,midwest,False,True,0.7899999999999998,1.3900000000000006,-1.4000000000000004,70.0,0.032
D095,1,1,2.12,0.46,1.02,0.55,0.18,4,6.28,13.13,328.55,0.3032,39.5,12.1,45.7,758,19.6,2.8,6.3,6.3,1083.6,18.5,3.7,216.7,7.0,0.0,5,51,1,day,midwest,False,False,,,,,
D095,2,1,1.96,1.02,0.47,0.94,0.31,8,6.05,13.48,396.35,0.3114,46.8,12.7,38.1,736,10.7,2.8,5.9,6.1,1272.8,21.4,3.6,212.1,8.0,0.0,6,51,1,day,midwest,False,False,,,,,
D095,3,1,2.15,0.83,1.16,0.99,0.33,10,6.86,13.69,382.7,0.3163,35.6,10.6,31.4,662,10.3,3.0,6.1,5.5,1209.8,21.3,3.6,201.6,7.7,0.0,6,51,1,day,midwest,False,False,,,,,
D095,4,1,1.86,1.02,0.84,0.93,0.19,5,5.85,12.88,320.54,0.2976,50.5,14.2,34.0,748,6.0,3.8,6.1,6.3,1077.2,18.3,4.6,269.3,9.0,0.0,4,51,1,day,midwest,False,False,,,,,
D095,5,1,1.66,0.44,0.44,1.66,0.44,4,5.99,14.56,303.19,0.3363,67.5,19.8,32.5,1118,23.5,4.8,6.5,9.3,901.6,16.1,4.0,225.4,10.2,0.0,4,51,1,day,midwest,False,False,-0.29000000000000004,1.4299999999999997,0.2999999999999998,360.0,0.03309999999999996
D095,6,2,0.83,1.03,0.41,0.93,0.21,4,4.44,12.79,285.98,0.2955,36.2,9.9,37.0,681,13.0,2.8,5.8,5.7,967.7,15.3,3.8,241.9,8.2,0.0,4,51,1,day,midwest,False,False,-1.6099999999999994,-0.6900000000000013,0.19999999999999973,-55.0,-0.015900000000000025
D095,7,2,1.08,0.81,1.08,1.08,0.41,4,5.4,15.79,270.04,0.3648,68.5,19.3,25.5,1439,27.5,2.5,6.0,11.9,740.3,13.7,3.4,185.1,8.5,0.0,4,51,1,day,midwest,False,False,-1.46,2.0999999999999996,-0.20000000000000018,777.0,0.04849999999999999
D095,8,2,1.34,0.9,0.9,0.0,0.45,0,5.82,15.46,79.76,0.3572,69.5,19.6,37.9,1492,26.0,6.0,7.2,12.4,223.3,4.0,4.0,223.3,9.0,0.0,1,51,1,day,midwest,False,False,-0.02999999999999936,2.58,-0.5999999999999996,744.0,0.05960000000000004
D095,9,2,1.78,0.81,0.73,0.81,0.24,6,5.75,12.89,367.91,0.2978,39.1,11.5,32.3,724,20.4,2.8,6.1,6.0,1235.6,20.6,4.1,247.1,8.4,0.0,5,51,1,day,midwest,False,False,-0.2400000000000002,-1.67,0.09999999999999964,-394.0,-0.03849999999999998
D095,10,3,1.57,0.66,0.99,1.4,0.33,4,6.27,12.4,347.08,0.2864,43.2,14.5,31.7,1087,24.4,4.4,6.7,9.0,1211.8,22.1,4.4,242.4,8.8,0.0,5,51,1,day,midwest,False,False,1.8299999999999992,-0.3899999999999988,0.6000000000000005,406.0,-0.009099999999999997
D095,11,3,1.44,1.34,1.34,0.72,0.31,8,6.78,14.55,327.07,0.3362,74.9,20.4,26.9,964,14.0,3.8,5.4,8.0,972.8,16.3,4.1,243.2,9.8,0.0,4,51,1,day,midwest,False,False,1.38,-1.2399999999999984,0.6999999999999997,-475.0,-0.028600000000000014
D095,12,3,1.62,1.14,1.14,0.81,0.41,17,7.05,13.23,376.97,0.3056,54.1,17.9,29.5,1027,12.4,4.4,6.4,8.5,1233.4,22.6,4.5,246.7,10.2,0.0,5,51,1,day,midwest,False,False,1.2299999999999995,-2.2300000000000004,0.5,-465.0,-0.051600000000000035
D095,13,3,1.98,1.27,1.42,0.99,0.28,5,7.08,12.12,197.85,0.2801,54.1,17.5,36.9,922,20.0,5.7,7.0,7.7,706.4,11.8,3.9,235.5,8.0,0.0,3,51,1,day,midwest,False,False,1.33,-0.7700000000000014,-0.19999999999999973,198.0,-0.017699999999999994
D095,14,4,1.33,1.01,1.26,0.51,0.19,7,6.01,12.5,456.66,0.2888,44.8,13.4,31.9,899,21.0,3.5,6.2,7.5,1581.4,25.6,4.3,263.6,9.2,0.0,6,51,1,day,midwest,False,False,-0.2599999999999998,0.09999999999999964,-0.10000000000000053,-188.0,0.0024000000000000132
D095,15,4,1.4,1.18,0.81,0.66,0.29,10,5.59,12.62,396.4,0.2914,54.0,17.4,36.2,757,11.0,3.7,5.6,6.3,1360.2,23.2,3.9,226.7,8.7,0.0,6,51,1,day,midwest,False,False,-1.1900000000000004,-1.9300000000000015,-0.19999999999999973,-207.0,-0.044800000000000006
D095,16,4,1.0,0.58,0.83,0.83,0.33,3,5.07,12.82,356.41,0.2961,46.1,15.6,28.5,822,11.0,2.8,6.1,6.8,1203.7,22.6,3.8,200.6,7.8,0.0,6,51,1,day,midwest,False,False,-1.9799999999999995,-0.41000000000000014,-0.7000000000000002,-205.0,-0.009500000000000008
D095,17,4,1.07,0.77,0.61,0.84,0.31,3,4.6,13.13,395.38,0.3033,51.1,16.3,27.3,952,13.1,3.7,6.2,7.9,1303.8,22.9,3.3,186.3,7.4,0.0,7,51,1,day,midwest,False,False,-2.4800000000000004,1.0100000000000016,-0.6000000000000001,30.0,0.0232
D095,18,5,1.59,1.59,0.8,1.59,0.1,5,7.96,11.58,268.88,0.2674,41.9,14.2,36.5,706,11.2,3.2,6.5,5.9,1005.6,17.2,3.4,201.1,7.6,0.0,5,51,1,day,midwest,False,False,1.9500000000000002,-0.9199999999999999,-0.8999999999999999,-193.0,-0.021399999999999975
D095,19,5,1.44,0.85,0.68,0.85,0.34,8,5.61,13.24,359.76,0.3058,57.6,17.9,39.9,1089,20.0,2.8,5.3,9.1,1176.6,22.2,3.7,196.1,9.0,0.0,6,51,1,day,midwest,False,False,0.020000000000000462,0.620000000000001,-0.19999999999999973,332.0,0.014400000000000024
D095,20,5,1.26,1.39,0.86,0.46,0.26,8,5.68,13.16,460.34,0.3041,49.0,14.6,43.9,811,15.2,3.6,5.7,6.8,1513.8,24.8,5.0,302.8,9.8,0.0,5,51,1,day,midwest,False,False,0.6099999999999994,0.33999999999999986,1.2000000000000002,-11.0,0.008000000000000007
D095,21,5,1.31,0.55,0.83,0.48,0.9,12,5.79,10.36,347.29,0.2394,32.7,10.7,33.6,982,12.0,6.2,7.4,8.2,1450.8,22.0,5.5,362.7,10.8,0.0,4,51,1,day,midwest,False,False,1.1900000000000004,-2.7700000000000014,2.2,30.0,-0.06390000000000001
D095,22,5,1.54,0.73,0.73,0.73,0.09,10,5.54,12.8,325.83,0.2957,47.0,13.6,31.4,692,8.0,3.8,5.3,5.8,1102.0,18.0,4.5,275.5,10.5,0.0,4,51,1,day,midwest,False,False,-2.42,1.2200000000000006,1.1,-14.0,0.028299999999999992
D095,23,6,1.09,0.92,1.09,0.92,0.42,5,5.79,12.39,341.12,0.2863,54.2,15.5,39.8,741,11.0,4.8,6.2,6.2,1191.4,18.4,4.6,297.9,9.8,0.0,4,51,1,day,midwest,False,False,0.17999999999999972,-0.8499999999999996,0.8999999999999995,-348.0,-0.019500000000000017
D095,24,6,1.73,0.71,1.02,0.71,0.24,5,5.26,12.76,375.28,0.2948,55.2,15.4,38.1,644,10.0,3.3,6.5,5.4,1273.0,21.6,3.6,212.2,7.0,0.0,6,51,1,day,midwest,False,False,-0.41999999999999993,-0.40000000000000036,-1.4,-167.0,-0.009299999999999975
D095,25,6,1.41,0.66,1.03,0.56,0.09,5,4.78,13.41,330.63,0.3098,58.3,19.0,30.3,481,4.0,3.7,6.8,4.1,1067.4,19.9,3.3,177.9,7.2,0.0,6,51,1,day,midwest,False,False,-1.0099999999999998,3.0500000000000007,-2.2,-501.0,0.07040000000000002
D095,26,6,1.93,0.59,0.74,1.34,0.15,4,5.5,12.55,194.94,0.29,79.7,22.3,22.1,565,2.5,2.8,5.9,4.8,672.3,11.4,2.9,168.1,7.5,0.0,4,51,1,day,midwest,False,False,-0.040000000000000036,-0.25,-1.6,-127.0,-0.005700000000000038
D096,1,1,1.02,0.64,0.38,0.77,0.13,0,4.09,17.22,311.53,0.3978,78.1,22.7,31.2,1557,31.3,6.3,6.8,12.9,783.2,18.4,3.1,130.5,7.5,13.3,6,51,1,rotating,southeast,False,True,,,,,
D096,2,1,0.52,1.18,0.65,1.05,0.13,4,4.84,17.8,314.37,0.4111,71.7,24.4,37.8,1605,31.7,4.8,6.4,13.2,764.7,20.2,3.4,127.4,7.7,50.0,6,51,1,rotating,southeast,False,True,,,,,
D096,3,1,0.83,0.55,0.14,0.28,0.83,2,4.42,16.55,276.83,0.3822,67.9,21.7,37.6,816,16.4,2.8,6.4,6.8,724.3,17.5,3.5,144.9,8.2,61.0,5,51,1,rotating,southeast,False,True,,,,,
D096,4,1,0.81,0.81,0.81,1.08,0.27,2,4.57,17.82,153.04,0.4117,80.1,28.1,37.3,1716,26.7,6.7,7.4,14.2,371.7,9.8,3.3,123.9,8.0,50.0,3,51,1,rotating,southeast,False,True,,,,,
D096,5,1,1.27,0.63,0.25,0.89,0.25,4,5.08,14.18,258.03,0.3276,38.0,13.3,28.6,1096,23.0,3.5,5.9,9.1,787.7,17.8,4.4,196.9,9.2,21.6,4,51,1,rotating,southeast,False,True,0.9900000000000002,-3.039999999999999,1.3000000000000003,-461.0,-0.07019999999999998
D096,6,2,1.46,1.08,0.08,0.77,0.15,3,5.77,16.58,497.62,0.3831,77.4,22.7,32.3,1576,28.9,5.1,6.1,13.1,1299.0,28.8,4.1,185.6,9.7,45.6,7,51,1,rotating,southeast,False,True,0.9299999999999997,-1.2200000000000024,0.6999999999999997,-29.0,-0.028000000000000025
D096,7,2,1.41,0.79,1.1,1.1,0.31,3,5.5,18.29,268.95,0.4224,84.0,26.2,44.8,1390,28.8,3.2,5.9,11.5,636.7,15.1,3.0,127.3,7.6,68.4,5,51,1,rotating,southeast,False,True,1.08,1.7399999999999984,-0.5,574.0,0.040200000000000014
D096,8,2,1.48,1.11,0.56,1.11,0.19,4,6.3,16.52,205.75,0.3815,61.7,20.3,37.6,1702,22.0,6.0,6.0,14.1,539.3,12.5,4.2,179.8,9.7,31.0,3,51,1,rotating,southeast,False,True,1.7299999999999995,-1.3000000000000007,0.9000000000000004,-14.0,-0.030200000000000005
D096,9,2,0.83,1.16,0.67,0.67,0.17,3,5.16,16.43,228.18,0.3795,56.8,20.0,29.7,1180,18.0,4.2,6.5,9.8,601.2,14.6,3.7,150.3,7.8,51.6,4,51,1,rotating,southeast,False,True,0.08000000000000007,2.25,-0.7000000000000002,84.0,0.0519
D096,10,3,1.3,0.87,0.65,0.65,0.33,3,4.88,13.68,291.36,0.3161,62.6,23.7,33.5,1550,43.0,3.8,6.1,12.8,921.8,21.1,3.5,153.6,8.0,45.8,6,51,1,rotating,southeast,False,True,-0.8899999999999997,-2.8999999999999986,-0.5999999999999996,-26.0,-0.067
D096,11,3,1.33,1.46,0.13,1.06,0.66,5,5.97,13.92,242.13,0.3215,43.3,15.4,25.0,1044,15.5,3.5,6.2,8.7,753.2,16.2,4.0,188.3,8.8,51.4,4,51,1,rotating,southeast,False,True,0.46999999999999975,-4.369999999999999,1.0,-346.0,-0.10089999999999999
D096,12,3,0.61,0.61,0.3,0.51,0.1,5,2.93,14.35,327.84,0.3314,84.2,26.0,31.1,1544,18.8,5.0,5.2,12.8,989.2,22.3,4.5,197.8,10.2,41.2,5,51,1,rotating,southeast,False,True,-3.3699999999999997,-2.17,0.2999999999999998,-158.0,-0.05010000000000003
D096,13,3,0.71,0.48,0.48,0.6,0.36,6,4.29,11.93,231.25,0.2756,50.0,20.8,36.1,1186,21.6,4.4,6.5,9.8,839.2,19.3,3.9,167.8,7.6,76.3,5,51,1,rotating,southeast,False,True,-0.8700000000000001,-4.5,0.19999999999999973,6.0,-0.10389999999999999
D096,14,4,1.76,1.76,0.83,0.65,0.46,6,7.48,15.18,379.65,0.3507,82.2,28.0,38.0,1625,25.1,4.4,6.3,13.5,1082.6,25.2,3.6,154.7,9.0,50.8,7,51,1,rotating,southeast,False,True,2.6000000000000005,1.5,0.10000000000000009,75.0,0.03460000000000002
D096,15,4,0.95,1.11,0.64,1.11,0.16,5,4.93,15.1,219.2,0.3488,55.6,18.2,41.2,1271,27.3,4.3,5.5,10.6,628.5,12.9,4.3,209.5,10.0,40.0,3,51,1,rotating,southeast,False,True,-1.04,1.1799999999999997,0.2999999999999998,227.0,0.02729999999999999
D096,16,4,1.16,0.97,0.58,0.97,0.19,10,5.43,15.65,372.97,0.3616,76.3,25.0,36.3,1726,21.0,4.5,5.9,14.3,1031.4,22.5,3.8,171.9,9.2,0.0,6,51,1,rotating,southeast,False,True,2.4999999999999996,1.3000000000000007,-0.7000000000000002,182.0,0.030200000000000005
D096,17,4,0.43,1.51,0.22,0.22,0.22,4,5.62,14.52,155.09,0.3353,86.3,23.5,42.2,940,13.5,3.5,6.6,7.8,462.5,10.4,2.6,115.6,6.5,0.0,4,51,1,rotating,southeast,False,True,1.33,2.59,-1.2999999999999998,-246.0,0.059699999999999975
D096,18,5,1.01,0.84,0.5,0.67,0.34,5,4.53,14.44,198.91,0.3335,51.1,19.6,34.6,943,14.0,2.6,5.8,7.8,596.4,14.0,2.8,119.3,6.6,60.6,5,51,1,rotating,southeast,False,True,-2.95,-0.7400000000000002,-0.8000000000000003,-682.0,-0.017199999999999993
D096,19,5,1.4,0.78,0.55,0.62,0.23,4,5.07,15.36,454.79,0.3549,79.0,26.6,30.1,1712,27.1,6.0,6.3,14.2,1281.5,29.4,4.2,183.1,10.3,45.8,7,51,1,rotating,southeast,False,True,0.14000000000000057,0.2599999999999998,-0.09999999999999964,441.0,0.006099999999999994
D096,20,5,1.15,0.66,0.82,1.81,0.16,3,6.26,16.51,231.44,0.3814,76.7,25.6,39.1,1176,30.0,2.8,5.5,9.7,606.8,14.0,3.5,151.7,7.2,100.0,4,51,1,rotating,southeast,False,True,0.8300000000000001,0.8600000000000012,-0.2999999999999998,-550.0,0.01980000000000004
D096,21,5,1.35,0.62,0.52,1.04,0.1,4,4.79,14.73,326.87,0.3403,62.0,21.4,33.3,1435,27.0,3.3,5.9,11.9,960.4,22.3,3.7,160.1,9.0,68.5,6,51,1,rotating,southeast,False,True,-0.8300000000000001,0.21000000000000085,1.1,495.0,0.0050000000000000044
D096,22,5,1.62,0.81,0.69,0.58,0.23,7,5.32,14.68,293.3,0.3392,65.8,21.8,26.4,1442,28.4,3.0,5.6,12.0,864.7,19.2,3.8,172.9,8.2,31.7,5,51,1,rotating,southeast,False,True,0.79,0.2400000000000002,1.0,499.0,0.005699999999999983
D096,23,6,1.44,1.22,0.55,0.66,0.66,5,5.85,14.19,296.79,0.3278,75.9,22.1,26.6,1406,22.4,5.4,6.1,11.7,905.3,20.2,4.0,181.1,9.8,22.4,5,51,1,rotating,southeast,False,True,0.7799999999999994,-1.17,-0.20000000000000018,-306.0,-0.027100000000000013
D096,24,6,1.57,2.01,0.67,1.01,0.22,7,7.05,16.1,332.62,0.372,76.9,26.9,35.9,1246,18.3,3.6,5.9,10.3,894.1,21.1,3.0,127.7,7.1,58.0,7,51,1,rotating,southeast,False,True,0.79,-0.41000000000000014,-0.5,70.0,-0.00940000000000002
D096,25,6,1.24,1.24,0.56,0.79,0.23,2,5.3,16.28,333.59,0.376,87.2,27.8,36.1,1454,30.7,3.5,6.1,12.0,887.1,19.2,3.2,147.8,7.5,0.0,6,51,1,rotating,southeast,False,True,0.5099999999999998,1.5500000000000007,-0.5,19.0,0.03570000000000001
D096,26,6,1.16,1.33,0.25,0.91,0.25,3,4.98,13.52,376.16,0.3123,47.5,17.5,35.6,1309,20.7,3.7,5.7,10.9,1204.6,25.6,4.3,200.8,8.8,49.1,6,51,1,rotating,southeast,False,True,-0.33999999999999986,-1.1600000000000001,0.5,-133.0,-0.02689999999999998
D097,1,1,0.25,0.0,0.51,0.51,0.0,0,1.78,15.2,138.02,0.3511,51.4,23.8,33.3,2110,60.7,5.3,6.4,17.4,393.1,11.5,3.8,131.0,7.7,30.4,3,40,1,rotating,northeast,False,True,,,,,
D097,2,1,0.14,0.27,0.27,0.27,0.14,1,1.51,12.9,217.46,0.2979,42.1,19.6,33.1,2159,44.0,5.2,6.4,17.8,730.0,19.8,3.3,121.7,7.5,60.0,6,40,1,rotating,northeast,False,True,,,,,
D097,3,1,0.15,0.3,0.45,0.61,0.3,4,3.33,15.17,231.28,0.3503,66.1,26.5,33.8,2273,53.7,6.2,6.2,18.7,660.2,18.6,3.1,110.0,7.5,33.3,6,40,1,rotating,northeast,False,True,,,,,
D097,4,1,0.12,0.36,0.0,0.36,0.12,3,1.58,13.74,261.28,0.3173,50.6,21.9,36.1,2036,46.7,3.5,5.5,16.8,823.4,20.9,3.5,137.2,8.5,52.9,6,40,1,rotating,northeast,False,True,,,,,
D097,5,2,0.6,0.6,0.0,0.6,0.8,1,3.59,14.75,170.87,0.3408,35.0,16.9,27.4,2234,49.5,2.5,5.4,18.4,501.4,15.8,4.0,125.4,8.8,14.3,4,40,1,rotating,northeast,False,True,1.8099999999999998,-0.4499999999999993,0.20000000000000018,124.0,-0.010300000000000031
D097,6,2,0.11,0.57,0.11,0.34,0.34,0,1.7,14.01,286.32,0.3236,43.4,18.7,39.3,1940,46.6,4.7,5.8,16.0,884.9,25.1,3.6,126.4,7.9,49.1,7,40,1,rotating,northeast,False,True,0.18999999999999995,1.1099999999999994,0.30000000000000027,-219.0,0.0257
D097,7,2,0.25,0.25,0.13,0.75,0.13,2,2.63,14.5,267.34,0.335,51.3,22.9,26.0,2058,48.9,6.0,6.7,16.9,798.1,21.8,3.1,114.0,8.3,44.8,7,40,1,rotating,northeast,False,True,-0.7000000000000002,-0.6699999999999999,0.0,-215.0,-0.01529999999999998
D097,8,2,0.85,0.24,0.12,0.36,0.36,3,2.92,14.17,269.14,0.3273,36.3,16.1,32.6,2143,54.9,4.7,5.7,17.6,822.4,22.4,3.2,117.5,7.7,33.3,7,40,1,rotating,northeast,False,True,1.3399999999999999,0.4299999999999997,-0.2999999999999998,107.0,0.009999999999999953
D097,9,3,0.47,0.24,0.0,0.71,0.24,1,2.59,13.02,127.81,0.3007,43.0,22.3,33.9,2164,53.5,4.0,6.5,17.8,425.0,12.9,3.2,106.2,7.2,79.3,4,40,1,rotating,northeast,False,True,-1.0,-1.7300000000000004,-0.7999999999999998,-70.0,-0.04009999999999997
D097,10,3,0.53,0.67,0.13,0.53,0.27,2,3.06,13.85,240.45,0.32,58.9,27.6,37.1,2639,59.3,5.2,6.2,21.7,751.5,21.5,3.6,125.2,9.0,51.9,6,40,1,rotating,northeast,False,True,1.36,-0.16000000000000014,0.0,699.0,-0.003599999999999992
D097,11,3,1.0,0.5,0.0,1.16,0.33,2,5.16,11.52,159.94,0.2662,31.5,18.2,30.8,1901,36.8,4.4,6.9,15.7,600.9,18.3,3.7,120.2,7.4,43.2,5,40,1,rotating,northeast,False,True,2.5300000000000002,-2.9800000000000004,0.6000000000000001,-157.0,-0.06880000000000003
D098,1,1,2.01,1.61,2.01,1.21,1.21,2,10.05,16.33,93.88,0.3773,52.7,17.4,35.6,1795,34.0,2.5,5.6,14.8,248.8,5.8,2.9,124.4,6.5,46.2,2,60,1,rotating,northeast,False,True,,,,,
D098,2,1,2.28,0.98,0.98,1.74,0.22,13,8.57,22.11,470.96,0.5108,128.6,34.9,44.7,2002,53.0,4.7,6.3,16.6,922.1,23.8,4.0,153.7,9.5,87.7,6,60,1,rotating,northeast,False,True,,,,,
D098,3,1,1.59,1.32,1.06,1.19,0.53,4,7.81,21.93,382.49,0.5066,117.0,32.2,41.7,2040,55.7,4.7,6.0,16.8,755.0,19.6,3.3,125.8,8.7,21.2,6,60,1,rotating,northeast,False,True,,,,,
D098,4,1,1.68,1.31,0.75,1.68,0.37,4,8.58,20.28,251.17,0.4685,90.2,27.4,32.8,2130,42.0,5.0,6.4,17.6,536.1,14.8,3.7,134.0,8.8,68.6,4,60,1,rotating,northeast,False,True,,,,,
D098,5,2,2.02,1.66,0.95,2.14,0.48,6,9.99,21.8,423.58,0.5037,114.6,33.3,28.4,2676,53.3,4.5,5.8,22.0,841.0,23.4,3.9,140.2,8.8,45.3,6,60,1,rotating,northeast,False,True,-0.0600000000000005,5.470000000000002,1.0,881.0,0.1264
D098,6,2,0.66,1.1,1.1,1.54,0.66,5,7.72,21.1,220.84,0.4874,134.0,40.4,33.6,3146,82.7,7.7,6.3,25.9,453.1,12.4,4.1,151.0,10.0,100.0,3,60,1,rotating,northeast,False,True,-0.8500000000000005,-1.009999999999998,0.09999999999999964,1144.0,-0.023400000000000032
D098,7,2,1.57,1.45,1.45,0.96,0.36,7,9.52,21.48,411.85,0.4963,125.5,38.2,35.0,2156,47.0,3.7,6.0,17.8,829.9,23.5,3.9,138.3,9.3,46.4,6,60,1,rotating,northeast,False,True,1.71,-0.4499999999999993,0.6000000000000001,116.0,-0.010300000000000031
D098,8,2,2.2,1.32,0.44,1.1,1.54,3,8.16,23.95,250.96,0.5533,111.0,33.6,33.6,1895,40.8,4.4,5.6,15.6,453.6,15.0,3.0,90.7,7.0,57.1,5,60,1,rotating,northeast,False,True,-0.41999999999999993,3.669999999999998,-0.7000000000000002,-235.0,0.08479999999999999
D098,9,2,1.65,1.32,1.16,2.48,0.66,8,10.07,20.89,292.4,0.4825,119.0,36.5,43.0,2428,41.0,2.5,5.9,19.9,606.0,16.4,4.1,151.5,8.5,50.0,4,60,1,rotating,northeast,False,True,0.08000000000000007,-0.9100000000000001,0.19999999999999973,-248.0,-0.021200000000000052
D098,10,3,1.67,1.86,2.04,1.86,0.56,8,12.07,19.58,243.54,0.4523,113.5,37.6,39.4,2487,59.5,4.2,5.8,20.5,538.4,15.7,3.9,134.6,10.5,0.0,4,60,1,rotating,northeast,False,True,4.3500000000000005,-1.5200000000000031,-0.19999999999999973,-659.0,-0.03510000000000002
D098,11,3,2.18,2.59,1.36,1.36,0.41,6,11.56,17.25,292.84,0.3984,118.2,31.7,39.2,2017,33.3,3.0,5.2,16.6,735.0,18.0,3.0,122.5,7.7,56.5,6,60,1,rotating,northeast,False,True,2.040000000000001,-4.23,-0.8999999999999999,-139.0,-0.09790000000000004
D098,12,3,2.53,0.72,1.81,4.34,1.08,3,11.56,17.45,111.55,0.4031,115.6,42.2,38.5,2248,61.0,4.5,6.2,18.5,276.7,7.4,3.7,138.4,9.0,0.0,2,60,1,rotating,northeast,False,True,3.4000000000000004,-6.5,0.7000000000000002,353.0,-0.1502
D098,13,3,1.52,0.87,2.17,1.73,1.08,6,11.04,20.45,218.18,0.4725,105.8,34.4,42.3,1945,36.5,3.0,5.2,16.0,461.8,12.8,3.2,115.4,7.5,20.0,4,60,1,rotating,northeast,False,True,0.9699999999999989,-0.4400000000000013,-0.8999999999999995,-483.0,-0.010000000000000009
D098,14,4,2.87,1.35,1.01,2.2,0.85,7,11.33,22.54,307.92,0.5206,136.9,42.1,39.4,1873,46.3,4.2,6.2,15.5,591.5,17.8,3.0,98.6,7.2,32.6,6,60,1,rotating,northeast,False,True,-0.7400000000000002,2.960000000000001,-0.8999999999999999,-614.0,0.06829999999999997
D098,15,4,1.86,1.49,3.36,3.36,1.12,6,14.55,19.42,120.26,0.4486,134.0,35.0,40.0,1376,39.0,4.0,5.6,11.4,268.1,5.7,2.8,134.0,8.0,0.0,2,60,1,rotating,northeast,False,True,2.99,2.1700000000000017,-0.20000000000000018,-641.0,0.05020000000000002
D098,16,4,1.18,1.92,1.33,1.77,0.15,4,8.85,19.49,305.34,0.4501,107.2,32.9,34.8,1741,39.3,3.7,6.4,14.3,678.3,18.8,3.1,113.0,8.0,100.0,6,60,1,rotating,northeast,False,True,-2.710000000000001,2.039999999999999,-0.6000000000000001,-507.0,0.046999999999999986
D098,17,4,2.26,2.01,1.0,2.01,0.5,3,12.79,16.38,150.89,0.3785,98.5,28.0,39.1,1692,38.0,2.3,4.7,14.0,398.7,9.9,3.3,132.9,7.7,78.3,3,60,1,rotating,northeast,False,True,1.75,-4.07,0.09999999999999964,-253.0,-0.09399999999999997
D098,18,5,2.36,1.68,1.18,2.52,0.67,9,11.11,18.51,254.08,0.4276,80.7,28.0,29.9,1428,26.4,4.8,6.8,11.8,594.2,17.3,3.5,118.8,8.0,15.0,5,60,1,rotating,northeast,False,True,-0.22000000000000064,-4.029999999999998,0.5,-445.0,-0.09299999999999997
D098,19,5,1.51,2.08,1.7,2.65,0.38,7,10.97,23.98,292.72,0.5539,134.7,42.0,41.3,3204,72.4,5.4,6.1,26.3,528.5,16.5,3.3,105.7,9.4,0.0,5,60,1,rotating,northeast,False,True,-3.58,4.559999999999999,0.5,1828.0,0.10529999999999995
D098,20,5,2.95,2.3,1.97,2.08,0.66,17,14.75,19.36,409.17,0.4472,115.7,36.5,38.5,2114,41.7,5.9,6.1,17.4,915.0,23.7,3.4,130.7,8.0,41.1,7,60,1,rotating,northeast,False,True,5.9,-0.129999999999999,0.2999999999999998,373.0,-0.0029000000000000137
D098,21,5,3.8,1.48,2.11,1.69,0.42,7,14.79,23.21,253.73,0.5362,128.1,38.8,35.4,2576,60.0,3.8,5.8,21.2,473.2,14.2,3.6,118.3,9.5,60.5,4,60,1,rotating,northeast,False,True,2.0,6.830000000000002,0.30000000000000027,884.0,0.1577
D098,22,5,2.12,1.97,2.58,1.82,0.3,5,12.57,21.7,330.84,0.5012,138.0,40.4,45.1,2505,69.0,5.8,6.1,20.7,660.1,17.5,4.4,165.0,10.2,100.0,4,60,1,rotating,northeast,False,True,1.4600000000000009,3.1899999999999977,0.9000000000000004,1077.0,0.0736
D098,23,6,2.27,1.79,1.62,1.46,1.14,9,11.69,21.21,301.8,0.49,161.9,43.8,32.5,2182,62.8,4.0,5.6,18.0,615.9,15.6,3.1,123.2,8.4,69.0,5,60,1,rotating,northeast,False,True,0.7199999999999989,-2.7699999999999996,-0.19999999999999973,-1022.0,-0.06389999999999996
D098,24,6,2.19,2.19,1.72,3.6,0.78,10,14.07,19.15,283.0,0.4425,89.2,28.2,33.6,1593,27.0,3.5,6.0,13.1,639.6,16.9,4.2,159.9,8.8,62.9,4,60,1,rotating,northeast,False,True,-0.6799999999999997,-0.21000000000000085,0.8000000000000003,-521.0,-0.004699999999999982
D098,25,6,1.46,1.17,0.88,2.63,0.59,2,9.36,15.9,125.53,0.3672,56.8,20.7,41.9,3323,50.0,4.0,6.0,27.4,341.8,8.8,4.4,170.9,11.0,54.5,2,60,1,rotating,northeast,False,True,-5.43,-7.3100000000000005,0.8000000000000003,747.0,-0.16899999999999998
D098,26,6,2.81,1.41,1.76,1.23,0.53,8,10.01,18.95,249.16,0.4377,91.4,29.3,37.4,2241,55.0,4.2,6.3,18.4,569.2,14.5,3.6,142.3,8.2,45.5,4,60,1,rotating,northeast,False,True,-2.5600000000000005,-2.75,-0.8000000000000003,-264.0,-0.0635
D099,1,1,1.68,0.51,0.44,1.09,0.22,5,5.03,13.97,442.25,0.3226,57.4,15.3,38.7,772,10.9,3.9,6.7,6.4,1370.7,21.8,3.1,195.8,7.3,0.0,7,34,0,day,midwest,True,True,,,,,
D099,2,1,1.35,0.39,0.39,0.77,0.1,10,4.64,13.58,324.51,0.3137,49.8,13.2,27.4,1010,20.4,3.0,6.0,8.4,1034.4,16.6,3.3,206.9,6.8,0.0,5,34,0,day,midwest,True,True,,,,,
D099,3,1,0.52,0.96,0.87,0.52,0.26,1,3.74,13.07,347.01,0.302,36.0,11.0,27.5,805,18.0,4.4,6.0,6.7,1149.0,19.8,4.0,229.8,8.6,0.0,5,34,0,day,midwest,True,True,,,,,
D099,4,1,1.28,0.77,0.77,0.77,0.38,5,4.98,13.85,250.47,0.32,45.0,12.9,31.1,656,15.0,2.8,6.0,5.5,782.8,15.2,3.8,195.7,7.2,0.0,4,34,0,day,midwest,True,True,,,,,
D099,5,2,0.7,0.93,0.75,1.16,0.17,7,4.93,13.96,555.53,0.3225,50.0,13.4,33.5,875,9.1,3.4,6.1,7.3,1722.4,31.1,4.4,246.1,9.3,0.0,7,34,0,day,midwest,True,True,-0.10000000000000053,-0.009999999999999787,1.3000000000000003,103.0,-9.999999999998899e-05
D099,6,2,1.95,0.39,0.49,0.59,0.39,6,4.98,15.28,361.42,0.3529,68.7,18.4,41.1,845,8.8,4.4,6.3,7.1,1024.1,17.8,3.6,204.8,8.4,0.0,5,34,0,day,midwest,True,True,0.34000000000000075,1.6999999999999993,0.30000000000000027,-165.0,0.03920000000000001
D099,7,2,1.61,0.71,0.27,0.89,0.36,1,4.82,12.84,332.52,0.2967,34.8,9.9,30.2,633,5.0,2.8,6.2,5.3,1120.7,17.1,4.3,280.2,9.8,0.0,4,34,0,day,midwest,True,True,1.08,-0.23000000000000043,0.2999999999999998,-172.0,-0.005299999999999971
D099,8,2,0.95,0.64,0.69,0.79,0.26,9,4.5,12.25,534.33,0.2829,38.7,11.2,31.4,835,13.0,2.8,5.8,7.0,1888.6,29.9,5.0,314.8,9.2,0.0,6,34,0,day,midwest,True,True,-0.4800000000000004,-1.5999999999999996,1.2000000000000002,179.0,-0.03710000000000002
D099,9,2,1.01,0.71,0.51,1.01,0.4,5,4.45,14.33,327.6,0.331,50.4,14.4,38.6,955,16.4,4.0,6.3,8.0,989.7,16.9,3.4,197.9,8.4,0.0,5,34,0,day,midwest,True,True,-0.47999999999999954,0.3699999999999992,-1.0000000000000004,80.0,0.008500000000000008
D099,10,3,1.4,0.52,0.66,0.81,0.52,7,4.64,12.5,392.56,0.2888,38.5,13.5,35.5,1161,18.8,4.6,6.1,9.7,1359.1,25.5,5.1,271.8,11.2,0.0,5,34,0,day,midwest,True,True,-0.34000000000000075,-2.7799999999999994,1.4999999999999996,316.0,-0.06409999999999999
D099,11,3,1.58,0.95,0.74,0.74,0.21,8,5.57,12.6,276.88,0.2911,40.6,12.7,35.9,1092,17.0,3.8,6.3,9.1,951.1,15.8,3.9,237.8,9.2,0.0,4,34,0,day,midwest,True,True,0.75,-0.2400000000000002,-0.3999999999999999,459.0,-0.005599999999999994
D099,12,3,1.72,0.86,0.31,0.94,0.23,7,5.15,11.82,350.22,0.2731,32.7,11.4,37.5,557,2.3,3.3,6.3,4.7,1282.4,22.5,3.8,213.7,8.3,0.0,6,34,0,day,midwest,True,True,0.6500000000000004,-0.4299999999999997,-1.2000000000000002,-278.0,-0.009799999999999975
D099,13,3,0.83,0.66,0.33,1.16,0.0,4,4.81,12.02,167.22,0.2776,45.6,14.8,24.6,660,6.7,4.7,6.3,5.6,602.4,11.5,3.8,200.8,9.0,0.0,3,34,0,day,midwest,True,True,0.35999999999999943,-2.3100000000000005,0.3999999999999999,-295.0,-0.0534
D099,14,4,1.29,1.02,0.41,1.22,0.54,4,5.29,13.1,446.57,0.3027,59.2,18.3,34.9,809,20.0,2.8,5.3,6.8,1475.3,25.3,4.2,245.9,10.0,0.0,6,34,0,day,midwest,True,True,0.6500000000000004,0.5999999999999996,-0.8999999999999995,-352.0,0.013900000000000023
D099,15,4,1.33,0.78,0.67,0.78,0.22,8,5.05,12.21,508.2,0.282,49.5,15.9,38.8,1065,18.6,4.1,6.4,8.9,1802.0,31.7,4.5,257.4,10.3,0.0,7,34,0,day,midwest,True,True,-0.5200000000000005,-0.3899999999999988,0.6000000000000001,-27.0,-0.009100000000000052
D099,16,4,1.32,1.48,0.33,0.33,0.33,5,4.94,12.06,169.3,0.2786,51.3,15.2,32.8,591,6.7,2.0,5.2,5.0,607.6,9.3,3.1,202.5,7.7,0.0,3,34,0,day,midwest,True,True,-0.20999999999999996,0.2400000000000002,-0.6999999999999997,34.0,0.005500000000000005
D099,17,4,0.88,1.06,0.44,0.44,0.44,1,4.32,11.18,293.3,0.2583,39.3,11.4,33.6,923,12.8,3.6,6.0,7.7,1135.4,18.7,3.7,227.1,8.0,0.0,5,34,0,day,midwest,True,True,-0.4899999999999993,-0.8399999999999999,-0.09999999999999964,263.0,-0.01930000000000004
D099,18,5,1.21,1.08,0.87,0.67,0.2,6,5.38,13.24,454.45,0.3058,60.7,19.2,35.2,1271,18.3,3.3,5.7,10.6,1486.0,26.4,4.4,247.7,9.3,0.0,6,34,0,day,midwest,True,True,0.08999999999999986,0.14000000000000057,0.20000000000000018,462.0,0.0030999999999999917
D099,19,5,0.95,1.03,0.32,1.35,0.4,14,5.31,11.85,345.21,0.2737,37.4,11.8,35.8,931,18.7,4.0,6.0,7.7,1261.2,22.2,3.7,210.2,8.2,0.0,6,34,0,day,midwest,True,True,0.2599999999999998,-0.3600000000000012,-0.7999999999999998,-134.0,-0.008299999999999974
D099,20,5,0.8,1.06,0.27,0.8,0.09,4,4.25,12.9,336.73,0.2981,56.6,19.0,40.9,1017,18.3,3.7,5.9,8.4,1129.6,20.5,3.4,188.3,8.2,0.0,6,34,0,day,midwest,True,True,-0.6900000000000004,0.8399999999999999,0.2999999999999998,426.0,0.019499999999999962
D099,21,5,1.33,0.8,0.44,0.8,0.09,6,4.25,12.43,324.23,0.2871,54.2,15.9,36.0,841,14.8,2.6,5.6,7.0,1129.2,18.1,3.6,225.8,8.6,0.0,5,34,0,day,midwest,True,True,-0.07000000000000028,1.25,-0.10000000000000009,-82.0,0.028800000000000048
D099,22,5,1.03,0.67,0.44,0.81,0.22,3,4.8,11.74,366.94,0.2712,40.3,11.8,31.5,691,5.2,3.8,5.8,5.8,1352.9,22.7,4.5,270.6,9.4,0.0,5,34,0,day,midwest,True,True,-0.5800000000000001,-1.5,0.09999999999999964,-580.0,-0.03460000000000002
D099,23,6,2.1,0.34,0.34,0.5,0.5,7,4.95,12.21,336.27,0.2821,42.2,14.6,33.3,803,13.7,4.2,7.1,6.7,1192.2,21.0,3.5,198.7,7.7,0.0,6,34,0,day,midwest,True,True,-0.35999999999999943,0.3600000000000012,-0.20000000000000018,-128.0,0.008400000000000019
D099,24,6,1.49,0.25,0.0,1.24,0.74,2,4.46,13.51,125.9,0.3122,38.2,13.8,39.7,826,17.3,3.3,6.4,6.9,403.3,8.2,2.7,134.4,6.3,0.0,3,34,0,day,midwest,True,True,0.20999999999999996,0.6099999999999994,-0.6999999999999997,-191.0,0.014100000000000001
D099,25,6,0.98,0.75,0.83,0.53,0.75,4,4.44,11.31,347.45,0.2612,33.1,10.9,31.9,706,10.5,4.2,6.8,5.9,1330.2,21.7,5.4,332.6,9.8,0.0,4,34,0,day,midwest,True,True,0.1900000000000004,-1.1199999999999992,1.8000000000000003,-135.0,-0.025900000000000034
D099,26,6,1.29,0.65,0.65,1.04,0.32,9,5.44,11.13,397.11,0.2571,35.5,11.0,37.7,520,3.0,3.0,5.9,4.4,1544.6,22.9,3.8,257.4,8.2,0.0,6,34,0,day,midwest,True,True,0.6400000000000006,-0.6099999999999994,-0.7000000000000002,-171.0,-0.014100000000000001
D100,1,1,0.1,0.2,0.3,0.1,0.2,1,1.6,11.38,262.99,0.2629,25.0,9.0,33.3,756,12.5,2.8,5.6,6.3,1000.4,17.3,4.3,250.1,8.2,24.2,4,53,1,rotating,midwest,True,True,,,,,
D100,2,1,0.53,0.23,0.0,0.38,0.08,1,1.82,11.04,336.59,0.255,24.5,8.4,32.8,668,10.6,3.4,6.6,5.6,1319.8,22.9,3.3,188.5,7.3,90.2,7,53,1,rotating,midwest,True,True,,,,,
D100,3,1,0.37,0.22,0.15,0.15,0.22,3,1.93,11.18,348.42,0.2582,30.0,10.2,32.2,1621,35.6,3.2,5.2,13.4,1349.3,22.9,4.6,269.9,9.8,0.0,5,53,1,rotating,midwest,True,True,,,,,
D100,4,1,0.29,0.19,0.29,0.29,0.1,2,1.82,11.71,281.82,0.2704,18.7,6.3,40.9,620,8.4,2.6,5.4,5.2,1042.1,18.3,3.7,208.4,8.4,73.8,5,53,1,rotating,midwest,True,True,,,,,
D100,5,2,0.33,0.16,0.25,0.08,0.08,0,1.24,10.79,302.31,0.2492,22.0,7.1,29.7,1113,19.2,3.2,5.9,9.2,1213.0,20.9,4.2,242.6,9.4,83.0,5,53,1,rotating,midwest,True,True,-0.3600000000000001,-0.5900000000000016,-0.09999999999999964,357.0,-0.013700000000000018
D100,6,2,0.26,0.52,0.09,0.52,0.09,1,2.18,11.0,292.15,0.2542,20.1,7.2,36.8,1133,13.6,3.8,6.1,9.4,1149.3,19.4,3.9,229.9,8.4,19.0,5,53,1,rotating,midwest,True,True,0.3600000000000001,-0.03999999999999915,0.6000000000000001,465.0,-0.0008000000000000229
D100,7,2,0.24,0.36,0.12,0.36,0.12,1,1.94,11.03,209.61,0.2548,37.0,12.5,29.8,836,12.0,4.7,6.1,7.0,822.7,13.5,4.5,274.2,8.7,57.7,3,53,1,rotating,midwest,True,True,0.010000000000000009,-0.15000000000000036,-0.09999999999999964,-785.0,-0.0033999999999999586
D100,8,2,0.86,0.29,0.14,0.29,0.07,4,2.08,11.03,355.62,0.2547,32.1,11.4,29.8,1038,15.2,6.2,6.5,8.7,1396.3,24.3,4.9,279.3,9.6,20.8,5,53,1,rotating,midwest,True,True,0.26,-0.6800000000000015,1.2000000000000002,418.0,-0.015699999999999992
D100,9,2,0.38,0.38,0.1,0.29,0.19,3,1.9,11.44,277.48,0.2643,35.2,12.5,34.5,896,8.4,2.0,5.6,7.5,1050.0,17.8,3.6,210.0,8.0,60.0,5,53,1,rotating,midwest,True,True,0.6599999999999999,0.6500000000000004,-0.6000000000000001,-217.0,0.015099999999999975
D100,10,3,0.08,0.46,0.23,0.61,0.08,2,2.07,10.02,301.87,0.2314,32.8,14.0,27.3,1033,12.0,5.6,6.4,8.6,1304.8,23.6,4.7,261.0,10.8,61.1,5,53,1,rotating,midwest,True,True,-0.11000000000000032,-0.9800000000000004,0.8000000000000003,-100.0,-0.022799999999999987
D100,11,3,0.51,0.31,0.1,0.41,0.1,0,1.74,9.74,219.24,0.2249,16.8,6.2,28.1,557,5.2,3.2,6.7,4.7,974.7,15.2,3.0,194.9,7.0,48.6,5,53,1,rotating,midwest,True,True,-0.19999999999999996,-1.2899999999999991,-1.5,-279.0,-0.029900000000000038
D100,12,3,0.08,0.17,0.25,0.42,0.08,2,1.53,10.15,276.74,0.2345,27.2,10.3,29.8,684,6.8,2.8,5.4,5.7,1180.3,18.9,3.8,236.1,7.6,34.2,5,53,1,rotating,midwest,True,True,-0.55,-0.879999999999999,-1.1000000000000005,-354.0,-0.020199999999999996
D100,13,3,0.53,0.47,0.18,0.47,0.12,3,2.74,9.27,366.62,0.214,20.7,7.8,42.5,1061,10.4,6.4,7.5,8.8,1713.0,29.1,5.8,342.6,11.0,18.2,5,53,1,rotating,midwest,True,True,0.8400000000000003,-2.17,2.1999999999999997,165.0,-0.050299999999999984
D100,14,4,0.68,0.0,0.1,0.19,0.1,3,1.55,9.91,236.43,0.229,28.9,11.5,36.1,812,14.8,2.6,6.1,6.8,1032.4,17.6,3.5,206.5,7.8,38.5,5,53,1,rotating,midwest,True,True,-0.5199999999999998,-0.10999999999999943,-1.2000000000000002,-221.0,-0.0023999999999999855
D100,15,4,0.38,0.08,0.15,0.31,0.15,3,1.46,10.11,304.57,0.2335,31.4,10.8,33.3,1012,12.0,3.8,6.1,8.4,1304.5,20.7,4.1,260.9,9.0,42.2,5,53,1,rotating,midwest,True,True,-0.28,0.3699999999999992,1.0999999999999996,455.0,0.008600000000000024
D100,16,4,0.84,0.17,0.17,0.25,0.08,3,2.11,9.88,270.62,0.2282,21.8,8.4,31.8,733,18.7,3.8,7.0,6.1,1185.8,19.2,3.2,197.6,7.0,76.2,6,53,1,rotating,midwest,True,True,0.5799999999999998,-0.2699999999999996,-0.5999999999999996,49.0,-0.0063
D100,17,4,0.24,0.24,0.16,0.4,0.0,2,1.46,9.43,269.46,0.2179,16.6,7.0,36.8,898,16.5,4.0,6.4,7.5,1236.9,21.0,5.3,309.2,8.8,48.6,4,53,1,rotating,midwest,True,True,-1.2800000000000002,0.16000000000000014,-0.5,-163.0,0.0039000000000000146
D100,18,4,0.61,0.0,0.24,0.37,0.12,0,1.96,9.68,182.91,0.2235,24.7,10.1,38.4,1038,17.0,4.2,6.6,8.6,818.2,13.8,3.4,204.6,8.8,54.3,4,53,1,rotating,midwest,True,True,0.4099999999999999,-0.23000000000000043,-0.10000000000000009,226.0,-0.005500000000000005
D100,19,5,0.49,0.12,0.06,0.19,0.12,3,1.42,9.07,339.55,0.2096,35.9,16.2,33.7,1166,22.0,3.9,5.9,9.7,1620.0,28.5,4.1,231.4,8.6,38.3,7,53,1,rotating,midwest,True,True,-0.040000000000000036,-1.0399999999999991,0.0,154.0,-0.023900000000000005
D100,20,5,0.17,0.17,0.09,0.09,0.09,1,1.2,10.28,277.82,0.2375,27.0,10.6,36.7,874,17.7,2.5,6.2,7.3,1169.9,19.7,3.3,195.0,8.0,85.4,6,53,1,rotating,midwest,True,True,-0.9099999999999999,0.3999999999999986,0.09999999999999964,141.0,0.009300000000000003
D100,21,5,0.42,0.25,0.17,0.5,0.08,1,2.34,9.72,269.3,0.2246,26.4,10.6,35.0,1077,16.5,5.8,6.5,8.9,1199.0,20.2,5.0,299.8,10.5,50.0,4,53,1,rotating,midwest,True,True,0.8799999999999999,0.2900000000000009,-0.2999999999999998,179.0,0.006699999999999984
D100,22,5,0.43,0.21,0.21,0.21,0.32,2,1.7,10.06,218.64,0.2324,29.7,10.9,40.2,872,15.0,3.5,6.3,7.3,940.6,15.5,3.9,235.2,8.5,64.7,4,53,1,rotating,midwest,True,True,-0.26,0.3800000000000008,0.5,-166.0,0.008899999999999991
D100,23,6,0.21,0.14,0.42,0.21,0.07,1,1.4,10.32,339.57,0.2385,31.8,12.2,36.7,1154,23.3,3.5,5.9,9.6,1424.0,24.0,4.0,237.3,9.3,46.4,6,53,1,rotating,midwest,True,True,-0.020000000000000018,1.25,-0.09999999999999964,-12.0,0.02889999999999998
D100,24,6,0.33,0.13,0.0,0.26,0.0,1,1.5,10.56,374.2,0.2438,32.0,12.7,31.1,946,14.3,4.0,6.3,7.9,1534.6,27.6,3.9,219.2,8.6,30.0,7,53,1,rotating,midwest,True,True,0.30000000000000004,0.28000000000000114,0.6000000000000001,72.0,0.0063
D100,25,6,0.51,0.51,0.34,0.0,0.17,2,2.23,10.79,145.53,0.2492,34.1,14.0,36.5,982,14.0,3.3,6.1,8.2,584.1,11.1,3.7,194.7,7.3,50.0,3,53,1,rotating,midwest,True,True,-0.10999999999999988,1.0699999999999985,-1.2999999999999998,-95.0,0.02460000000000001
D100,26,6,0.7,0.12,0.12,0.12,0.12,0,1.52,10.19,200.85,0.2354,25.4,8.4,44.6,825,13.0,2.8,5.8,6.9,853.1,14.2,3.5,213.3,7.5,20.0,4,53,1,rotating,midwest,True,True,-0.17999999999999994,0.129999999999999,-0.3999999999999999,-47.0,0.0030000000000000027
D101,1,1,0.51,0.17,0.17,0.0,0.0,2,1.54,13.5,182.72,0.3119,44.5,19.6,35.3,2290,57.7,4.2,5.7,18.8,585.8,16.7,2.8,97.6,7.0,0.0,6,61,6,day,northeast,False,False,,,,,
D101,2,1,0.57,0.72,0.43,0.14,0.0,2,2.86,13.33,215.08,0.3079,41.7,18.6,38.3,2389,63.0,3.5,5.7,19.7,698.6,17.4,2.9,116.4,7.8,0.0,6,61,6,day,northeast,False,False,,,,,
D101,3,1,0.4,0.4,0.4,0.2,0.2,2,2.21,16.75,193.05,0.387,62.8,27.4,31.3,2535,69.6,5.0,5.8,20.9,498.8,15.2,3.0,99.8,8.8,0.0,5,61,6,day,northeast,False,False,,,,,
D101,4,1,0.31,0.31,0.0,0.0,0.0,0,1.24,12.14,180.9,0.2805,31.6,15.7,34.7,2086,46.3,3.8,6.0,17.2,644.8,19.9,3.3,107.5,7.2,0.0,6,61,6,day,northeast,False,False,,,,,
D101,5,2,0.19,0.38,0.38,0.19,0.0,0,1.9,16.07,195.73,0.3713,55.1,22.2,35.0,2259,58.4,3.4,5.9,18.6,527.1,14.2,2.8,105.4,7.6,0.0,5,61,6,day,northeast,False,False,0.3599999999999999,2.5700000000000003,0.0,-31.0,0.05940000000000001
D101,6,2,0.5,0.17,0.33,0.33,0.17,2,1.82,13.31,185.45,0.3075,52.4,22.8,35.5,1676,38.7,3.8,6.5,13.8,603.1,15.9,2.6,100.5,7.2,0.0,6,61,6,day,northeast,False,False,-1.0399999999999998,-0.019999999999999574,-0.2999999999999998,-713.0,-0.00040000000000001146
D101,7,2,0.64,0.42,0.21,0.0,0.21,0,2.12,14.38,156.78,0.3321,46.4,19.1,36.4,2344,56.5,4.5,5.8,19.3,472.1,13.2,3.3,118.0,7.2,0.0,4,61,6,day,northeast,False,False,-0.08999999999999986,-2.369999999999999,0.2999999999999998,-191.0,-0.054900000000000004
D101,8,2,0.36,0.49,0.12,0.49,0.0,2,1.82,15.13,287.48,0.3494,46.5,21.0,33.0,2300,49.7,4.5,6.0,19.0,822.7,23.7,4.0,137.1,9.5,0.0,6,61,6,day,northeast,False,False,0.5800000000000001,2.99,0.7000000000000002,214.0,0.06889999999999996
D101,9,2,0.72,0.29,0.14,0.14,0.0,1,1.87,13.49,217.0,0.3116,54.7,22.3,37.5,2314,53.7,3.3,6.1,19.1,696.3,18.7,3.1,116.0,7.8,0.0,6,61,6,day,northeast,False,False,-0.029999999999999805,-2.58,0.30000000000000027,55.0,-0.05970000000000003
D101,10,3,0.48,0.24,0.0,0.96,0.0,2,2.15,12.84,124.14,0.2966,53.3,27.5,36.6,3177,65.3,5.7,6.3,26.1,418.5,11.8,3.9,139.5,11.3,0.0,3,61,6,day,northeast,False,False,0.32999999999999985,-0.47000000000000064,1.2999999999999998,1501.0,-0.01090000000000002
D101,11,3,0.24,0.36,0.24,0.36,0.0,0,2.02,11.76,228.18,0.2716,40.3,19.6,33.7,2448,61.6,5.6,6.4,20.2,840.1,22.0,4.4,168.0,10.2,0.0,5,61,6,day,northeast,False,False,-0.10000000000000009,-2.620000000000001,1.1000000000000005,104.0,-0.0605
D101,12,3,0.54,0.27,0.54,0.0,0.0,0,2.43,15.26,130.35,0.3524,55.0,26.7,33.9,3826,67.3,6.3,5.9,31.4,369.9,11.4,3.8,123.3,10.3,0.0,3,61,6,day,northeast,False,False,0.6100000000000001,0.129999999999999,-0.20000000000000018,1526.0,0.0030000000000000027
D101,13,3,0.34,0.34,0.0,0.17,0.0,3,1.53,13.82,188.1,0.3191,54.6,26.5,33.8,2112,59.6,4.6,6.2,17.4,589.4,16.5,3.3,117.9,8.2,0.0,5,61,6,day,northeast,False,False,-0.3400000000000001,0.33000000000000007,0.19999999999999973,-202.0,0.007500000000000007
D101,14,4,0.62,0.75,0.12,0.0,0.0,0,1.86,13.26,246.43,0.3063,43.5,22.2,35.0,3188,69.7,7.2,6.2,26.3,804.6,23.8,4.0,134.1,10.3,0.0,6,61,6,day,northeast,False,False,-0.2899999999999998,0.41999999999999993,0.10000000000000009,11.0,0.009700000000000042
D101,15,4,0.0,0.45,0.0,0.0,0.0,0,0.45,11.93,61.38,0.2756,41.4,18.7,48.3,1913,46.7,4.3,7.4,15.7,222.7,6.9,2.3,74.2,6.3,0.0,3,61,6,day,northeast,False,False,-1.57,0.16999999999999993,-2.1000000000000005,-535.0,0.0040000000000000036
D101,16,4,0.19,0.38,0.0,0.19,0.0,1,1.33,12.6,153.48,0.2911,38.8,20.0,31.7,2648,71.5,4.5,6.1,21.8,527.3,14.6,3.7,131.8,8.5,0.0,4,61,6,day,northeast,False,False,-1.1,-2.66,-0.09999999999999964,-1178.0,-0.061299999999999966
D101,17,4,0.18,0.37,0.0,0.37,0.18,0,1.83,12.7,160.18,0.2935,43.3,20.5,35.7,2307,51.0,5.0,7.0,19.0,545.8,13.7,3.4,136.5,8.0,0.0,4,61,6,day,northeast,False,False,0.30000000000000004,-1.120000000000001,0.10000000000000009,195.0,-0.02560000000000001
D101,18,5,0.4,0.2,0.0,0.2,0.0,0,2.22,12.56,143.54,0.2902,45.0,21.2,35.0,1720,48.8,2.6,5.6,14.2,494.7,14.0,2.8,98.9,7.6,0.0,5,61,6,day,northeast,False,False,0.3600000000000001,-0.6999999999999993,-1.2000000000000002,-1468.0,-0.016100000000000003
D101,19,5,0.23,0.23,0.23,0.23,0.23,0,1.59,12.77,129.87,0.2951,33.5,18.6,32.3,2153,54.4,4.0,6.0,17.7,440.1,13.0,2.6,88.0,7.2,0.0,5,61,6,day,northeast,False,False,1.1400000000000001,0.8399999999999999,0.30000000000000027,240.0,0.019499999999999962
D101,20,5,0.86,0.43,0.43,0.14,0.29,4,2.86,11.96,193.16,0.2763,38.4,21.3,32.1,2989,66.8,5.8,6.1,24.6,699.1,20.2,4.0,139.8,9.0,0.0,5,61,6,day,northeast,False,False,1.5299999999999998,-0.6399999999999988,0.2999999999999998,341.0,-0.014800000000000035
D101,21,5,0.63,0.21,0.21,0.21,0.0,1,1.89,12.17,134.1,0.2811,38.3,18.6,33.3,1906,44.0,4.8,6.2,15.7,477.1,12.7,3.2,119.3,7.5,0.0,4,61,6,day,northeast,False,False,0.05999999999999983,-0.5299999999999994,-0.19999999999999973,-401.0,-0.012399999999999967
D101,22,5,0.37,0.61,0.25,0.25,0.25,1,2.33,11.43,214.97,0.2641,32.6,15.7,43.6,2352,51.6,5.8,6.3,19.4,813.9,20.4,4.1,162.8,9.4,0.0,5,61,6,day,northeast,False,False,0.10999999999999988,-1.1300000000000008,1.2999999999999998,632.0,-0.026100000000000012
D101,23,6,0.12,0.49,0.25,0.25,0.25,2,2.47,12.49,233.1,0.2884,46.5,22.3,29.0,2509,64.0,5.3,6.3,20.6,808.2,21.9,3.6,134.7,8.3,0.0,6,61,6,day,northeast,False,False,0.8800000000000001,-0.27999999999999936,1.0,356.0,-0.006699999999999984
D101,24,6,1.0,0.84,0.17,0.5,0.0,1,2.84,14.06,194.11,0.3247,49.5,23.4,33.3,1985,42.3,4.0,5.9,16.3,597.8,16.5,2.8,99.6,7.3,0.0,6,61,6,day,northeast,False,False,-0.020000000000000018,2.0999999999999996,-1.2000000000000002,-1004.0,0.0484
D101,25,6,0.0,0.17,0.0,0.17,0.34,1,1.37,13.97,188.98,0.3227,63.9,26.9,30.1,2004,43.2,3.6,5.9,16.5,585.6,14.4,2.9,117.1,7.6,0.0,5,61,6,day,northeast,False,False,-0.5199999999999998,1.8000000000000007,-0.30000000000000027,98.0,0.04159999999999997
D101,26,6,0.42,0.0,0.0,0.64,0.0,2,1.7,14.16,154.12,0.327,52.3,25.2,33.6,1978,55.2,3.8,6.4,16.3,471.3,14.0,2.8,94.3,7.2,0.0,5,61,6,day,northeast,False,False,-0.6300000000000001,2.7300000000000004,-1.2999999999999998,-374.0,0.06290000000000001
D102,1,1,0.5,0.33,0.0,0.0,0.0,4,1.84,14.53,200.55,0.3357,49.0,22.3,37.2,3266,81.2,6.8,6.1,26.9,597.4,18.3,3.7,119.5,9.8,61.2,5,31,1,rotating,northeast,False,True,,,,,
D102,2,1,0.0,0.63,0.42,0.0,0.21,0,1.67,13.5,149.41,0.3119,68.0,23.5,33.7,2345,52.7,4.3,5.5,19.4,479.1,11.5,3.8,159.7,9.7,65.5,3,31,1,rotating,northeast,False,True,,,,,
D102,3,1,0.19,0.58,0.0,0.39,0.39,2,3.11,15.74,186.95,0.3635,41.2,19.6,25.4,2076,48.0,4.6,5.9,17.1,514.3,16.1,3.2,102.9,7.8,48.7,5,31,1,rotating,northeast,False,True,,,,,
D102,4,1,0.54,0.81,0.0,0.54,0.27,3,3.53,14.56,124.0,0.3363,55.0,23.2,35.1,2502,69.3,4.7,6.3,20.6,368.7,9.5,3.2,122.9,8.7,42.3,3,31,1,rotating,northeast,False,True,,,,,
D102,5,2,0.68,0.27,0.14,0.54,0.14,1,2.44,15.94,272.12,0.3683,47.5,23.2,33.5,2818,72.3,5.7,6.3,23.2,738.9,24.1,3.4,105.6,9.6,43.3,7,31,1,rotating,northeast,False,True,0.5999999999999999,1.4100000000000001,-0.30000000000000027,-448.0,0.03260000000000002
D102,6,2,0.58,0.19,0.19,0.39,0.0,4,3.47,14.15,169.37,0.3268,48.7,21.8,31.6,1949,35.5,4.5,5.8,16.1,518.3,13.7,3.4,129.6,9.2,0.0,4,31,1,rotating,northeast,False,True,1.8000000000000003,0.6500000000000004,-0.3999999999999999,-396.0,0.014899999999999969
D102,7,2,0.48,0.72,0.0,0.48,0.24,3,2.88,16.03,154.38,0.3704,68.5,29.0,41.1,2898,53.0,6.2,6.6,23.9,416.8,12.3,3.1,104.2,8.5,29.4,4,31,1,rotating,northeast,False,True,-0.22999999999999998,0.2900000000000009,-0.10000000000000009,822.0,0.006900000000000017
D102,8,2,0.67,1.08,0.4,0.67,0.13,2,4.32,14.07,240.96,0.325,52.5,22.1,33.2,2208,45.7,4.7,6.1,18.2,741.3,20.7,3.5,123.6,8.5,15.7,6,31,1,rotating,northeast,False,True,0.7900000000000005,-0.4900000000000002,0.2999999999999998,-294.0,-0.011299999999999977
D102,9,3,0.0,0.0,0.0,0.25,0.0,2,2.53,12.54,114.62,0.2897,24.7,13.1,31.2,1821,39.3,3.7,5.7,15.0,395.6,11.0,3.7,131.9,9.0,37.0,3,31,1,rotating,northeast,False,True,0.08999999999999986,-3.4000000000000004,0.30000000000000027,-997.0,-0.0786
D103,1,1,1.38,0.46,0.23,0.69,0.23,2,4.38,17.21,172.4,0.3976,49.7,19.8,39.5,2243,51.0,5.8,6.7,18.4,433.6,13.3,3.3,108.4,7.2,51.7,4,21,2,rotating,northeast,False,True,,,,,
D103,2,1,1.53,0.85,0.85,0.0,0.51,2,5.78,18.94,257.4,0.4375,74.1,26.0,38.7,2380,56.8,5.6,6.5,19.6,588.4,16.3,3.3,117.7,7.8,35.9,5,21,2,rotating,northeast,False,True,,,,,
D103,3,1,1.18,0.52,0.79,1.18,0.13,3,4.59,19.26,339.55,0.4449,83.0,27.5,32.6,1869,41.1,3.9,5.8,15.4,763.2,20.7,3.0,109.0,7.7,38.9,7,21,2,rotating,northeast,False,True,,,,,
D103,4,1,1.59,0.96,0.32,0.32,0.32,3,4.78,20.85,151.12,0.4816,94.2,32.4,34.5,1964,37.0,2.8,5.4,16.1,313.8,9.5,2.4,78.4,6.5,23.1,4,21,2,rotating,northeast,False,True,,,,,
D103,5,2,1.61,1.61,0.7,1.2,0.4,8,6.42,16.94,390.04,0.3914,60.8,20.6,31.9,2062,47.1,5.3,6.4,17.0,996.5,24.9,3.6,142.4,7.7,53.7,7,21,2,rotating,northeast,False,True,2.04,-0.2699999999999996,0.30000000000000027,-181.0,-0.006199999999999983
D103,6,2,2.49,0.96,0.0,0.38,0.19,4,7.08,17.11,206.49,0.3953,62.3,21.5,32.5,1810,51.0,5.0,6.6,14.9,522.3,14.5,3.6,130.6,8.5,52.9,4,21,2,rotating,northeast,False,True,1.2999999999999998,-1.8300000000000018,0.30000000000000027,-570.0,-0.042200000000000015
D103,7,2,1.93,0.89,0.44,1.04,0.44,6,5.19,18.47,287.96,0.4267,66.9,24.7,37.6,2826,57.6,5.6,6.3,23.2,674.8,19.2,3.8,135.0,9.4,23.4,5,21,2,rotating,northeast,False,True,0.6000000000000005,-0.7900000000000027,0.7999999999999998,957.0,-0.018199999999999994
D103,8,2,0.57,0.28,0.57,1.41,0.99,3,5.8,18.28,298.61,0.4222,82.2,30.2,30.6,2456,70.4,6.4,6.4,20.2,707.3,20.4,4.1,141.5,9.6,60.4,5,21,2,rotating,northeast,False,True,1.0199999999999996,-2.5700000000000003,1.6999999999999997,492.0,-0.05939999999999995
D103,9,2,2.38,0.86,0.0,0.65,0.0,1,5.62,18.71,199.91,0.4322,85.0,28.5,35.2,2029,54.0,3.5,5.6,16.7,462.5,12.1,3.0,115.6,7.5,70.0,4,21,2,rotating,northeast,False,True,-0.7999999999999998,1.7699999999999996,-0.6000000000000001,-33.0,0.04079999999999995
D103,10,3,1.74,1.31,0.65,0.87,0.22,3,6.11,16.74,177.34,0.3867,82.3,28.7,32.0,1651,33.5,4.5,6.7,13.6,458.6,11.1,2.8,114.6,6.5,61.5,4,21,2,rotating,northeast,False,True,-0.9699999999999998,-0.370000000000001,-0.8000000000000003,-159.0,-0.008599999999999997
D103,11,3,1.36,1.55,0.19,0.78,0.78,2,5.43,16.77,199.65,0.3874,75.6,27.8,29.0,2382,45.0,4.8,6.0,19.7,515.4,13.6,3.4,128.8,8.5,26.5,4,21,2,rotating,northeast,False,True,0.23999999999999932,-1.6999999999999993,-0.3999999999999999,-444.0,-0.0393
D103,12,3,1.91,1.64,0.55,0.27,0.55,1,6.0,17.37,147.19,0.4012,127.1,36.6,44.6,2802,62.0,4.3,5.7,23.1,366.9,9.4,3.1,122.3,8.0,0.0,3,21,2,rotating,northeast,False,True,0.20000000000000018,-0.9100000000000001,-0.9999999999999996,346.0,-0.02100000000000002
D103,13,3,0.86,0.71,0.57,0.29,0.86,3,4.57,16.69,270.06,0.3856,89.5,28.3,34.2,2084,40.4,4.2,5.6,17.2,700.4,15.4,3.1,140.1,7.8,38.5,5,21,2,rotating,northeast,False,True,-1.0499999999999998,-2.0199999999999996,0.10000000000000009,55.0,-0.046599999999999975
D103,14,4,1.03,1.23,0.41,0.62,0.41,0,5.96,14.94,168.01,0.3451,58.9,22.1,30.4,1638,30.5,2.8,5.6,13.5,486.9,12.2,3.1,121.7,7.2,82.8,4,21,2,rotating,northeast,False,True,-0.15000000000000036,-1.799999999999999,0.30000000000000027,-13.0,-0.04159999999999997
D103,15,4,1.33,0.38,0.57,0.19,0.57,1,3.61,17.97,218.71,0.4152,97.7,31.0,39.5,2199,45.0,5.8,6.3,18.1,526.8,12.5,3.1,131.7,8.5,55.9,4,21,2,rotating,northeast,False,True,-1.8199999999999998,1.1999999999999993,-0.2999999999999998,-183.0,0.02779999999999999
D103,16,4,1.29,1.42,1.68,0.64,0.39,5,6.32,17.43,312.24,0.4025,89.3,30.4,35.0,2341,53.3,4.7,6.2,19.3,775.7,21.6,3.6,129.3,8.8,52.8,6,21,2,rotating,northeast,False,True,0.3200000000000003,0.05999999999999872,0.5,-461.0,0.0013000000000000234
D103,17,4,1.01,1.35,0.34,0.67,0.5,2,5.04,15.48,212.64,0.3576,53.8,21.3,38.9,2629,70.0,7.8,6.4,21.7,594.7,16.2,4.0,148.7,9.2,37.8,4,21,2,rotating,northeast,False,True,0.46999999999999975,-1.2100000000000009,0.8999999999999999,545.0,-0.028000000000000025
D103,18,5,1.22,0.61,0.37,0.61,0.73,5,5.0,15.07,285.68,0.3482,54.0,20.8,35.7,2489,46.4,5.8,6.4,20.5,820.5,19.9,4.0,164.1,10.2,9.8,5,21,2,rotating,northeast,False,True,-0.96,0.13000000000000078,0.8999999999999999,851.0,0.0030999999999999917
D103,19,5,1.69,0.65,0.26,0.65,0.39,2,5.08,15.06,267.34,0.3479,65.5,27.7,36.0,2982,54.0,5.8,6.4,24.5,768.4,20.8,4.2,153.7,10.0,38.0,5,21,2,rotating,northeast,False,True,1.4700000000000002,-2.9099999999999984,1.1,783.0,-0.06730000000000003
D103,20,5,1.06,1.06,0.15,0.45,0.15,3,4.55,16.37,249.39,0.378,70.5,27.1,36.0,1990,38.3,5.3,6.5,16.4,659.7,17.9,3.0,109.9,7.8,76.6,6,21,2,rotating,northeast,False,True,-1.7700000000000005,-1.0599999999999987,-0.6000000000000001,-351.0,-0.024500000000000022
D103,21,5,0.71,0.86,0.29,0.86,0.29,4,4.56,16.15,261.58,0.3731,80.8,27.1,35.8,2345,41.6,5.2,5.9,19.3,701.1,18.1,3.6,140.2,8.6,62.8,5,21,2,rotating,northeast,False,True,-0.4800000000000004,0.6699999999999982,-0.3999999999999999,-284.0,0.015500000000000014
D103,22,5,0.64,0.43,0.21,1.07,0.0,3,3.64,17.06,184.06,0.3941,96.8,34.2,29.8,2041,41.5,4.8,6.5,16.9,467.0,11.8,3.0,116.8,8.0,53.1,4,21,2,rotating,northeast,False,True,-1.3599999999999999,1.9899999999999984,-1.0,-448.0,0.045899999999999996
D103,23,6,1.31,1.02,0.29,1.17,0.73,5,5.84,15.84,250.64,0.3659,65.8,27.1,39.2,2469,72.0,5.3,6.2,20.3,685.0,19.3,3.2,114.2,8.5,68.6,6,21,2,rotating,northeast,False,True,0.7599999999999998,0.7799999999999994,-1.0,-513.0,0.018000000000000016
D103,24,6,0.7,2.55,0.7,0.93,0.7,0,5.8,17.04,169.55,0.3936,66.9,26.8,38.8,2027,53.5,4.2,6.4,16.7,430.8,12.2,3.1,107.7,8.5,100.0,4,21,2,rotating,northeast,False,True,1.25,0.6699999999999982,0.10000000000000009,37.0,0.015600000000000003
D103,25,6,0.71,0.89,0.18,0.89,0.18,1,4.63,16.83,218.23,0.3887,71.2,29.8,38.5,2149,46.7,4.0,6.4,17.7,561.4,17.3,2.9,93.6,7.8,40.4,6,21,2,rotating,northeast,False,True,0.07000000000000028,0.6799999999999997,-0.7000000000000002,-196.0,0.015600000000000003
D103,26,6,1.16,0.73,0.87,0.29,0.0,4,6.1,16.44,261.4,0.3797,73.7,26.0,30.8,1897,32.0,4.8,6.2,15.7,688.5,16.6,4.2,172.1,10.0,30.0,4,21,2,rotating,northeast,False,True,2.4599999999999995,-0.6199999999999974,1.2000000000000002,-144.0,-0.014400000000000024
D104,1,1,1.26,0.84,0.56,0.56,0.14,2,4.21,16.61,273.53,0.3838,75.6,22.0,33.3,1462,24.0,5.0,6.4,12.2,712.7,15.1,3.8,178.2,9.8,0.0,4,36,3,day,southeast,True,False,,,,,
D104,2,1,1.51,0.6,0.7,0.6,0.3,5,4.62,16.35,376.32,0.3778,58.9,18.6,31.4,1219,18.0,4.5,6.1,10.1,996.2,21.6,3.6,166.0,8.3,0.0,6,36,3,day,southeast,True,False,,,,,
D104,3,1,1.85,1.09,0.76,1.31,0.11,6,6.32,15.61,330.75,0.3606,79.0,25.8,39.4,1138,17.7,4.5,6.7,9.5,917.2,19.8,3.3,152.9,8.0,0.0,6,36,3,day,southeast,True,False,,,,,
D104,4,1,1.17,0.17,1.67,0.17,0.17,5,5.52,17.7,244.49,0.4088,90.3,26.8,34.6,1170,16.5,3.0,5.8,9.7,598.1,13.3,3.3,149.5,8.2,0.0,4,36,3,day,southeast,True,False,,,,,
D104,5,2,1.72,0.66,0.79,0.79,0.53,4,5.69,14.71,256.8,0.3399,49.3,18.5,30.8,1204,22.0,4.4,7.0,10.0,755.6,17.7,3.5,151.1,7.4,0.0,5,36,3,day,southeast,True,False,1.4800000000000004,-1.8999999999999986,-0.2999999999999998,-258.0,-0.043899999999999995
D104,6,2,1.75,0.58,1.75,0.58,0.0,2,5.85,18.22,143.94,0.421,70.3,23.8,32.5,1342,24.0,4.0,6.0,11.1,341.9,8.8,2.9,114.0,7.3,0.0,3,36,3,day,southeast,True,False,1.2299999999999995,1.8699999999999974,-0.7000000000000002,123.0,0.04319999999999996
D104,7,2,1.82,0.3,1.37,0.3,0.15,3,4.4,15.65,238.35,0.3616,48.6,14.6,34.7,1530,16.5,4.5,6.2,12.7,659.1,14.6,3.6,164.8,8.8,0.0,4,36,3,day,southeast,True,False,-1.92,0.040000000000000924,0.30000000000000027,392.0,0.0010000000000000009
D104,8,2,2.2,1.28,0.37,1.28,0.37,1,6.04,18.46,232.94,0.4265,109.4,30.7,34.3,2134,41.0,8.0,7.2,17.6,546.2,12.5,3.1,136.6,8.8,0.0,4,36,3,day,southeast,True,False,0.5200000000000005,0.7600000000000016,-0.19999999999999973,964.0,0.017699999999999994
D104,9,2,1.26,0.76,0.5,1.77,0.25,1,5.55,16.74,153.25,0.3866,47.2,19.5,35.8,2274,40.0,4.7,5.4,18.8,396.4,11.4,3.8,132.1,9.0,0.0,3,36,3,day,southeast,True,False,-0.14000000000000057,2.0299999999999976,0.2999999999999998,1070.0,0.04670000000000002
D104,10,3,1.45,1.03,0.62,1.65,0.41,0,5.58,14.04,156.99,0.3242,49.9,17.7,37.0,885,20.5,2.8,5.9,7.4,484.2,12.3,3.1,121.0,7.0,0.0,4,36,3,day,southeast,True,False,-0.2699999999999996,-4.18,0.20000000000000018,-457.0,-0.0968
D104,11,3,2.49,1.09,0.94,0.47,0.16,5,5.77,13.73,203.46,0.3172,73.6,26.5,33.7,1034,11.5,4.2,6.1,8.6,641.5,14.7,3.7,160.4,7.8,0.0,4,36,3,day,southeast,True,False,1.3699999999999992,-1.92,0.10000000000000009,-496.0,-0.044399999999999995
D104,12,3,1.13,1.38,0.63,0.5,0.5,4,5.51,15.84,292.42,0.3659,69.1,25.0,36.6,1640,38.0,4.8,6.5,13.6,799.1,19.6,3.3,133.2,8.2,0.0,6,36,3,day,southeast,True,False,-0.5300000000000002,-2.620000000000001,0.19999999999999973,-494.0,-0.06059999999999999
D104,13,3,2.26,0.6,1.2,0.45,0.75,3,5.87,15.62,239.64,0.3608,91.3,29.9,36.6,1854,23.0,5.8,6.2,15.4,664.2,15.7,3.9,166.1,9.8,0.0,4,36,3,day,southeast,True,False,0.3200000000000003,-1.1199999999999992,0.10000000000000009,-420.0,-0.02579999999999999
D104,14,4,1.7,0.76,1.04,1.13,0.76,7,7.18,12.44,304.25,0.2875,48.2,19.6,38.9,1227,19.7,4.0,6.2,10.2,1058.4,24.6,4.1,176.4,8.5,0.0,6,36,3,day,southeast,True,False,1.5999999999999996,-1.5999999999999996,0.9999999999999996,342.0,-0.03670000000000001
D104,15,4,1.08,1.24,1.55,1.08,0.15,3,5.42,19.72,293.99,0.4555,129.8,37.4,37.4,1261,21.7,5.0,7.2,10.4,645.5,15.8,2.6,107.6,6.5,0.0,6,36,3,day,southeast,True,False,-0.34999999999999964,5.989999999999998,-1.1,227.0,0.13830000000000003
D104,16,4,1.49,0.33,0.99,0.33,0.17,2,4.96,15.3,213.65,0.3534,71.6,24.7,42.7,1269,22.0,3.0,5.6,10.5,604.5,13.4,3.3,151.1,8.0,0.0,4,36,3,day,southeast,True,False,-0.5499999999999998,-0.5399999999999991,0.0,-371.0,-0.012500000000000011
D104,17,4,1.34,0.76,0.96,0.57,0.0,2,5.54,16.53,199.77,0.3817,87.3,30.0,40.4,2038,50.0,7.3,6.7,16.9,523.3,12.5,4.2,174.4,10.7,0.0,3,36,3,day,southeast,True,False,-0.33000000000000007,0.9100000000000019,0.30000000000000027,184.0,0.020899999999999974
D104,18,5,0.94,1.41,1.1,1.26,0.31,6,6.76,14.84,218.16,0.3429,46.6,19.3,40.0,1450,27.2,4.0,6.4,12.0,636.2,16.3,3.3,127.2,7.6,0.0,5,36,3,day,southeast,True,False,-0.41999999999999993,2.4000000000000004,-0.7999999999999998,223.0,0.055400000000000005
D104,19,5,1.55,0.58,0.97,0.49,0.19,7,5.44,13.87,329.73,0.3203,49.6,20.2,32.9,1553,28.7,4.3,6.1,12.9,1029.4,24.4,4.1,171.6,9.3,0.0,6,36,3,day,southeast,True,False,0.020000000000000462,-5.85,1.4999999999999996,292.0,-0.13520000000000004
D104,20,5,1.19,0.6,1.79,0.75,0.3,4,4.77,14.82,229.57,0.3424,70.4,26.9,39.5,2231,58.5,6.0,5.9,18.5,670.4,16.0,4.0,167.6,10.8,0.0,4,36,3,day,southeast,True,False,-0.1900000000000004,-0.4800000000000004,0.7000000000000002,962.0,-0.01100000000000001
D104,21,5,1.44,0.72,0.6,1.08,0.0,2,4.93,13.41,257.8,0.3098,41.0,15.3,40.0,1069,10.7,2.8,6.1,8.9,832.1,18.8,3.1,138.7,7.2,0.0,6,36,3,day,southeast,True,False,-0.6100000000000003,-3.120000000000001,-1.1,-969.0,-0.07189999999999996
D104,22,5,2.12,0.33,1.14,0.33,0.33,6,5.87,15.27,216.17,0.3528,52.0,19.6,30.2,1521,36.7,4.3,5.8,12.6,612.8,14.7,4.9,204.3,10.7,0.0,3,36,3,day,southeast,True,False,-0.8899999999999997,0.4299999999999997,1.6000000000000005,71.0,0.00990000000000002
D104,23,6,1.73,1.15,0.0,1.34,0.19,4,6.14,13.06,157.22,0.3016,36.2,14.2,29.4,996,19.3,3.3,6.0,8.3,521.2,11.1,3.7,173.7,6.7,0.0,3,36,3,day,southeast,True,False,0.6999999999999993,-0.8099999999999987,-0.39999999999999947,-557.0,-0.018699999999999994
D104,24,6,2.3,1.48,0.66,0.33,0.82,4,6.73,15.58,219.33,0.3599,59.9,23.0,35.7,1348,24.4,4.4,6.2,11.2,609.5,15.3,3.1,121.9,7.8,0.0,5,36,3,day,southeast,True,False,1.9600000000000009,0.7599999999999998,-0.8999999999999999,-883.0,0.017500000000000016
D104,25,6,1.22,1.0,0.56,0.67,0.45,3,4.34,15.57,322.91,0.3596,79.3,25.3,30.1,1577,36.4,5.6,6.3,13.0,898.1,19.0,3.8,179.6,9.6,0.0,5,36,3,day,southeast,True,False,-0.5899999999999999,2.16,0.6999999999999997,508.0,0.049799999999999955
D104,26,6,1.53,0.71,0.24,0.82,0.59,3,4.71,14.42,282.97,0.3331,60.3,24.4,39.0,1860,36.3,4.7,5.9,15.4,849.4,21.9,3.7,141.6,9.5,0.0,6,36,3,day,southeast,True,False,-1.1600000000000001,-0.8499999999999996,-1.2000000000000002,339.0,-0.019699999999999995
D105,1,1,0.92,1.02,0.92,0.46,0.18,6,5.45,12.59,314.9,0.2908,52.3,16.5,34.9,1070,22.0,6.0,7.3,8.9,1083.0,18.2,4.6,270.8,10.0,0.0,4,39,1,day,midwest,False,True,,,,,
D105,2,1,1.42,1.12,0.41,0.59,0.18,10,5.02,13.86,542.04,0.3203,46.8,13.3,34.8,672,9.4,2.6,5.7,5.7,1692.4,28.6,4.1,241.8,9.1,0.0,7,39,1,day,midwest,False,True,,,,,
D105,3,1,1.06,0.9,0.16,0.57,0.24,4,4.73,13.27,375.63,0.3066,56.8,16.7,36.6,1096,15.6,4.6,6.4,9.1,1225.1,21.7,4.3,245.0,9.8,0.0,5,39,1,day,midwest,False,True,,,,,
D105,4,1,1.4,1.5,0.7,0.4,0.2,3,6.09,14.37,332.32,0.332,43.1,11.1,27.1,1115,22.0,5.3,6.6,9.3,1000.9,17.3,5.8,333.6,12.0,0.0,3,39,1,day,midwest,False,True,,,,,
D105,5,2,1.63,0.96,0.74,0.96,0.37,5,6.28,12.96,405.08,0.2994,47.9,13.8,34.0,1050,19.7,4.5,6.7,8.7,1353.2,23.2,3.9,225.5,8.3,0.0,6,39,1,day,midwest,False,True,0.8300000000000001,0.370000000000001,-0.6999999999999997,-20.0,0.008599999999999997
D105,6,2,1.03,0.47,0.28,1.12,0.47,9,4.87,14.81,365.14,0.3421,66.2,17.8,35.2,1329,26.0,5.0,6.0,11.1,1067.5,18.2,4.6,266.9,11.2,0.0,4,39,1,day,midwest,False,True,-0.14999999999999947,0.9500000000000011,0.5,657.0,0.02180000000000004
D105,7,2,1.26,1.14,0.42,0.66,0.06,4,4.68,14.02,540.22,0.3239,38.8,11.6,24.5,964,13.0,4.7,6.8,8.0,1668.1,29.9,5.0,278.0,10.2,0.0,6,39,1,day,midwest,False,True,-0.05000000000000071,0.75,0.7000000000000002,-132.0,0.017300000000000038
D105,8,2,1.32,0.7,0.39,0.62,0.23,3,4.57,13.72,409.66,0.317,44.4,13.6,36.9,702,6.7,3.0,6.5,5.8,1292.3,23.7,4.0,215.4,7.5,0.0,6,39,1,day,midwest,False,True,-1.5199999999999996,-0.6499999999999986,-1.7999999999999998,-413.0,-0.015000000000000013
D105,9,3,1.37,0.99,0.93,0.81,0.25,8,5.72,13.17,489.67,0.3042,44.2,13.4,31.7,929,12.3,2.7,5.4,7.7,1609.7,27.1,3.9,230.0,8.3,0.0,7,39,1,day,midwest,False,True,-0.5600000000000005,0.20999999999999908,0.0,-121.0,0.0048000000000000265
D105,10,3,1.85,0.79,0.4,0.92,0.13,5,6.34,13.36,233.54,0.3086,74.6,21.6,37.8,1013,21.5,4.0,6.6,8.4,756.8,12.4,3.1,189.2,8.2,0.0,4,39,1,day,midwest,False,True,1.4699999999999998,-1.450000000000001,-1.4999999999999996,-316.0,-0.03350000000000003
D105,11,3,1.31,0.91,0.4,0.63,0.34,9,5.69,11.75,477.22,0.2715,38.0,11.7,32.4,914,15.3,3.5,5.7,7.6,1757.9,28.1,4.7,293.0,10.0,0.0,6,39,1,day,midwest,False,True,1.0100000000000007,-2.2699999999999996,-0.2999999999999998,-50.0,-0.0524
D105,12,3,1.85,0.35,0.23,0.58,0.23,2,4.86,12.48,249.04,0.2883,48.3,15.5,37.8,671,10.5,4.2,6.1,5.7,863.9,15.1,3.8,216.0,8.5,0.0,4,39,1,day,midwest,False,True,0.29000000000000004,-1.2400000000000002,-0.20000000000000018,-31.0,-0.028700000000000003
D105,13,3,1.0,1.79,0.6,1.0,0.2,2,6.38,8.72,101.04,0.2014,49.2,18.8,27.9,730,8.0,2.5,5.4,6.1,501.8,7.8,3.9,250.9,9.0,0.0,2,39,1,day,midwest,False,True,0.6600000000000001,-4.449999999999999,0.0,-199.0,-0.10280000000000003
D105,14,4,1.23,1.06,0.49,1.14,0.25,11,5.72,12.2,345.0,0.2819,40.3,13.2,45.7,551,3.6,1.8,5.3,4.6,1223.8,21.0,4.2,244.8,8.2,0.0,5,39,1,day,midwest,False,True,-0.6200000000000001,-1.1600000000000001,1.1,-462.0,-0.0267
D105,15,4,1.29,0.92,0.74,0.83,0.09,6,5.63,13.31,333.33,0.3076,45.8,13.8,41.3,840,8.5,3.5,6.0,7.0,1083.8,18.3,4.6,271.0,8.8,0.0,4,39,1,day,midwest,False,True,-0.0600000000000005,1.5600000000000005,-0.10000000000000053,-74.0,0.036099999999999965
D105,16,4,0.17,0.0,0.33,1.33,0.66,1,3.15,13.25,184.8,0.3062,60.1,18.1,35.7,876,21.3,3.7,6.2,7.3,603.6,10.0,3.3,201.2,8.0,0.0,3,39,1,day,midwest,False,True,-1.7100000000000004,0.7699999999999996,-0.5,205.0,0.017900000000000027
D105,17,4,1.39,1.09,0.79,0.79,0.1,6,5.34,12.52,292.28,0.2892,32.8,11.3,42.6,881,15.0,2.8,5.3,7.4,1010.5,19.6,4.9,252.6,9.0,0.0,4,39,1,day,midwest,False,True,-1.04,3.799999999999999,1.0000000000000004,151.0,0.08780000000000002
D105,18,5,1.34,1.09,0.25,1.42,0.42,7,5.85,12.59,347.98,0.2908,48.8,15.9,39.8,928,13.2,3.0,6.3,7.7,1196.8,21.4,4.3,239.4,8.6,0.0,5,39,1,day,midwest,False,True,0.1299999999999999,0.39000000000000057,0.09999999999999964,377.0,0.008900000000000019
D105,19,5,0.66,1.07,0.74,0.9,0.25,7,5.0,12.93,364.54,0.2988,50.7,16.6,37.6,932,16.7,3.2,5.5,7.8,1220.1,22.4,3.7,203.4,8.0,0.0,6,39,1,day,midwest,False,True,-0.6299999999999999,-0.3800000000000008,-0.8999999999999995,92.0,-0.008799999999999975
D105,20,5,1.08,0.68,0.54,0.54,0.41,2,4.26,11.78,402.1,0.2721,35.1,11.6,42.2,786,8.7,5.2,7.0,6.6,1478.0,24.2,4.0,246.3,8.8,0.0,6,39,1,day,midwest,False,True,1.1099999999999999,-1.4700000000000006,0.7000000000000002,-90.0,-0.03410000000000002
D105,21,5,1.75,0.63,0.49,0.87,0.34,11,5.48,12.8,609.1,0.2956,39.0,12.9,33.0,972,15.4,3.4,6.1,8.1,2060.5,36.4,5.2,294.4,10.0,0.0,7,39,1,day,midwest,False,True,0.14000000000000057,0.28000000000000114,0.2999999999999998,91.0,0.006399999999999961
D105,22,5,1.09,0.89,0.6,0.5,0.6,4,5.76,12.72,295.54,0.2937,46.6,14.8,34.2,1548,24.5,5.8,6.2,12.8,1006.1,18.5,4.6,251.5,9.0,0.0,4,39,1,day,midwest,False,True,-0.08999999999999986,0.13000000000000078,0.2999999999999998,620.0,0.0029000000000000137
D105,23,6,1.03,0.69,0.21,0.69,0.34,4,4.62,11.58,387.87,0.2675,40.6,11.6,31.4,765,11.2,3.2,6.0,6.4,1450.1,21.3,4.3,290.0,9.6,0.0,5,39,1,day,midwest,False,True,-0.3799999999999999,-1.3499999999999996,0.5999999999999996,-167.0,-0.031299999999999994
D105,24,6,1.4,1.09,0.39,0.93,0.31,4,5.37,11.33,336.15,0.2616,30.8,11.0,27.5,638,6.4,4.2,6.5,5.3,1284.8,22.9,4.6,257.0,9.8,0.0,5,39,1,day,midwest,False,True,1.1100000000000003,-0.4499999999999993,0.5999999999999996,-148.0,-0.01050000000000001
D105,25,6,1.27,0.76,0.76,1.02,0.64,3,5.85,13.38,242.99,0.309,46.4,13.8,38.6,867,11.5,1.8,5.6,7.2,786.4,13.3,3.3,196.6,7.5,0.0,4,39,1,day,midwest,False,True,0.3699999999999992,0.5800000000000001,-1.9000000000000004,-105.0,0.013400000000000023
D105,26,6,1.07,1.54,0.27,0.6,0.33,6,5.68,11.93,412.57,0.2755,53.1,15.6,35.5,951,13.0,4.7,5.7,7.9,1497.6,24.8,4.1,249.6,8.8,0.0,6,39,1,day,midwest,False,True,-0.08000000000000007,-0.7900000000000009,-0.5,-597.0,-0.018199999999999994
D106,1,1,1.51,1.51,1.06,1.06,0.3,5,8.17,22.1,337.65,0.5106,126.0,35.5,36.6,2302,44.5,6.0,6.3,19.0,661.3,18.0,4.5,165.3,10.2,100.0,4,38,6,night,northeast,False,False,,,,,
D106,2,1,1.85,0.86,1.57,2.14,0.57,7,9.42,22.38,362.39,0.517,112.4,32.7,37.5,2088,48.7,6.2,6.7,17.2,700.9,19.7,3.3,116.8,8.8,100.0,6,38,6,night,northeast,False,False,,,,,
D106,3,1,2.3,1.45,1.81,1.81,0.36,11,9.8,23.88,455.97,0.5516,133.8,36.9,36.0,2534,63.7,7.2,7.1,20.9,826.7,22.8,3.8,137.8,8.8,100.0,6,38,6,night,northeast,False,False,,,,,
D106,4,1,2.49,1.12,1.37,1.75,0.37,7,9.6,20.34,376.9,0.4698,97.8,28.3,27.8,1735,33.7,3.7,5.8,14.3,802.2,19.7,3.3,133.7,7.5,100.0,6,38,6,night,northeast,False,False,,,,,
D106,5,2,2.55,1.28,1.42,1.42,0.99,6,10.77,22.44,365.65,0.5183,148.6,36.5,33.7,2608,62.8,8.0,7.1,21.5,705.5,17.8,3.6,141.1,9.2,100.0,5,38,6,night,northeast,False,False,2.5999999999999996,0.33999999999999986,-0.8999999999999999,306.0,0.007699999999999929
D106,6,2,1.96,1.61,2.19,1.27,0.46,10,10.26,18.44,369.42,0.426,94.4,22.5,32.6,1908,33.0,3.7,5.8,15.7,867.1,21.5,3.6,144.5,8.7,100.0,6,38,6,night,northeast,False,False,0.8399999999999999,-3.9399999999999977,0.30000000000000027,-180.0,-0.09100000000000003
D106,7,2,1.49,0.92,2.3,2.07,0.8,13,10.92,23.54,472.93,0.5438,137.3,37.7,33.9,2993,58.7,5.8,6.2,24.7,869.6,23.8,4.0,144.9,9.5,100.0,6,38,6,night,northeast,False,False,1.1199999999999992,-0.33999999999999986,0.20000000000000018,459.0,-0.007800000000000029
D106,8,2,2.83,0.71,1.65,1.18,0.24,4,10.39,19.18,187.62,0.4431,77.6,25.7,40.6,2609,71.0,6.2,6.4,21.5,423.4,12.3,3.1,105.8,8.2,100.0,4,38,6,night,northeast,False,False,0.7900000000000009,-1.1600000000000001,-0.19999999999999973,874.0,-0.0267
D106,9,3,2.19,1.35,1.01,2.87,0.67,3,9.78,24.59,337.05,0.5681,168.0,44.5,34.4,2698,54.0,5.6,6.3,22.2,593.3,16.8,3.4,118.7,8.6,100.0,5,38,6,night,northeast,False,False,-0.9900000000000002,2.1499999999999986,-0.20000000000000018,90.0,0.049800000000000066
D106,10,3,3.6,2.23,1.72,1.37,0.34,7,10.81,21.84,293.95,0.5045,118.5,37.1,34.4,1857,50.0,3.8,5.7,15.3,582.7,16.9,3.4,116.5,8.8,100.0,5,38,6,night,northeast,False,False,0.5500000000000007,3.3999999999999986,-0.20000000000000018,-51.0,0.07849999999999996
D106,11,3,2.41,1.3,1.48,1.48,0.37,4,10.02,20.78,258.65,0.48,127.7,38.0,37.2,2318,52.5,5.2,6.3,19.1,538.9,14.1,3.5,134.7,8.8,100.0,4,38,6,night,northeast,False,False,-0.9000000000000004,-2.759999999999998,-0.5,-675.0,-0.06379999999999997
D106,12,3,2.73,1.54,1.71,1.37,0.51,11,11.26,21.5,291.01,0.4966,126.4,42.2,36.9,2033,51.3,4.2,6.2,16.7,586.0,18.3,3.1,97.7,8.2,100.0,6,38,6,night,northeast,False,False,0.8699999999999992,2.3200000000000003,0.0,-576.0,0.05349999999999999
D106,13,3,1.45,1.45,1.61,2.58,0.32,2,10.66,25.39,363.13,0.5865,165.5,45.4,33.5,2472,55.2,4.6,6.0,20.4,619.2,18.0,3.6,123.8,9.6,100.0,5,38,6,night,northeast,False,False,0.8800000000000008,0.8000000000000007,0.20000000000000018,-226.0,0.018399999999999972
D106,14,4,1.69,2.12,2.75,1.48,0.42,4,12.29,20.05,218.66,0.4632,132.7,35.9,33.8,1866,47.6,4.4,6.6,15.4,472.1,14.3,2.9,94.4,7.8,100.0,5,38,6,night,northeast,False,False,1.4799999999999986,-1.7899999999999991,-0.5,9.0,-0.04129999999999995
D106,15,4,2.19,2.36,1.85,2.7,1.01,4,13.31,17.66,242.16,0.408,75.9,28.5,36.2,1593,38.8,4.2,6.2,13.2,593.5,17.4,3.5,118.7,7.4,100.0,5,38,6,night,northeast,False,False,3.290000000000001,-3.120000000000001,0.0,-725.0,-0.07200000000000001
D106,16,4,3.99,1.86,2.0,1.46,0.93,10,13.44,20.52,356.2,0.4741,121.7,37.0,39.9,2246,52.7,4.2,6.0,18.5,751.3,19.9,3.3,125.2,8.5,100.0,6,38,6,night,northeast,False,False,2.1799999999999997,-0.9800000000000004,0.19999999999999973,213.0,-0.022499999999999964
D106,17,4,3.07,0.92,1.84,1.84,0.61,5,10.44,21.12,158.84,0.4878,95.1,34.1,30.0,2176,56.0,5.3,6.5,17.9,325.6,11.2,3.7,108.5,8.0,100.0,3,38,6,night,northeast,False,False,-0.22000000000000064,-4.27,0.10000000000000009,-296.0,-0.09870000000000001
D106,18,4,2.1,1.58,1.05,0.53,1.05,4,9.99,22.13,97.25,0.5113,134.8,45.9,26.4,2570,52.0,5.5,6.2,21.2,190.2,6.1,3.0,95.1,9.0,100.0,2,38,6,night,northeast,False,False,-2.299999999999999,2.0799999999999983,0.10000000000000009,704.0,0.048099999999999976
D106,19,5,1.8,2.47,2.47,1.57,0.67,6,12.15,22.28,228.81,0.5146,136.0,41.2,32.4,2373,44.0,5.8,6.3,19.5,444.6,12.6,3.2,111.2,9.2,100.0,4,38,6,night,northeast,False,False,-1.1600000000000001,4.620000000000001,-0.2999999999999998,780.0,0.10659999999999997
D106,20,5,3.21,1.01,2.2,3.21,0.51,4,14.03,19.29,263.71,0.4456,112.9,32.9,30.8,2585,54.0,6.2,7.0,21.3,591.8,15.0,3.7,148.0,10.0,100.0,4,38,6,night,northeast,False,False,0.5899999999999999,-1.2300000000000004,0.40000000000000036,339.0,-0.028500000000000025
D106,21,5,2.31,2.65,1.82,1.32,0.5,7,11.74,21.28,297.27,0.4915,133.5,37.6,34.1,1958,49.2,3.8,5.6,16.1,604.8,15.1,3.0,121.0,8.4,100.0,5,38,6,night,northeast,False,False,1.3000000000000007,0.16000000000000014,-0.7000000000000002,-218.0,0.003699999999999981
D106,22,5,3.17,1.27,3.17,2.32,0.95,8,14.14,20.25,443.31,0.4679,113.8,35.2,37.0,2946,73.3,5.2,5.9,24.3,947.5,25.8,4.3,157.9,11.0,100.0,6,38,6,night,northeast,False,False,4.15,-1.879999999999999,1.2999999999999998,376.0,-0.043399999999999994
D106,23,6,3.59,1.67,2.63,3.11,0.72,7,13.16,16.95,163.71,0.3917,64.4,25.1,36.3,1617,41.5,3.0,5.7,13.3,418.0,11.5,2.9,104.5,7.8,100.0,4,38,6,night,northeast,False,False,1.0099999999999998,-5.330000000000002,-0.30000000000000027,-756.0,-0.12289999999999995
D106,24,6,3.72,1.79,2.68,1.79,0.6,7,13.99,16.77,260.2,0.3873,63.8,21.1,37.3,1578,32.8,2.6,5.7,13.0,671.8,15.7,3.1,134.4,7.4,100.0,5,38,6,night,northeast,False,False,-0.03999999999999915,-2.5199999999999996,-0.6000000000000001,-1007.0,-0.05830000000000002
D106,25,6,2.48,2.83,3.01,1.59,0.18,5,12.91,22.58,294.85,0.5215,139.2,42.8,34.8,1962,40.0,3.5,5.6,16.2,565.4,17.4,2.9,94.2,7.3,100.0,6,38,6,night,northeast,False,False,1.17,1.2999999999999972,-0.10000000000000009,4.0,0.02999999999999997
D106,26,6,3.36,1.68,3.84,2.88,1.68,8,17.5,22.64,218.18,0.523,147.6,41.4,34.0,2526,62.7,3.0,5.1,20.8,417.2,11.1,3.7,139.1,8.7,100.0,3,38,6,night,northeast,False,False,3.3599999999999994,2.3900000000000006,-0.5999999999999996,-420.0,0.05510000000000004
D107,1,1,0.67,0.13,0.27,0.13,0.0,1,1.46,11.03,191.52,0.2548,23.8,8.9,36.8,959,13.5,3.0,5.7,8.0,751.7,13.0,3.2,187.9,8.5,100.0,4,34,1,night,midwest,False,False,,,,,
D107,2,1,0.25,0.42,0.17,0.25,0.17,5,2.35,10.6,291.43,0.2448,22.5,8.4,22.8,806,10.0,2.6,5.6,6.7,1190.4,20.6,4.1,238.1,8.0,100.0,5,34,1,night,midwest,False,False,,,,,
D107,3,1,0.54,0.09,0.18,0.09,0.09,6,2.45,11.05,281.57,0.2552,23.1,7.8,25.8,734,9.0,3.8,5.6,6.1,1103.2,17.5,4.4,275.8,10.2,100.0,4,34,1,night,midwest,False,False,,,,,
D107,4,1,0.43,0.14,0.29,0.43,0.0,1,2.15,10.51,169.23,0.2427,29.1,8.6,39.8,597,6.0,3.8,6.9,5.0,697.3,11.7,2.9,174.3,7.8,100.0,4,34,1,night,midwest,False,False,,,,,
D107,5,2,0.41,0.62,0.21,0.27,0.21,2,2.68,11.32,381.13,0.2615,31.3,10.9,40.0,767,10.3,3.8,6.3,6.4,1457.3,25.1,4.2,242.9,8.0,100.0,6,34,1,night,midwest,False,False,1.2200000000000002,0.2900000000000009,1.0,-192.0,0.006699999999999984
D107,6,2,1.01,0.56,0.56,0.22,0.0,2,3.37,12.86,264.36,0.297,45.9,15.0,35.4,778,9.2,4.0,6.5,6.5,890.2,15.6,3.1,178.0,8.0,100.0,5,34,1,night,midwest,False,False,1.02,2.26,-0.9999999999999996,-28.0,0.052199999999999996
D107,7,2,0.77,0.21,0.28,0.42,0.0,6,2.45,11.38,376.32,0.2629,34.9,12.4,35.7,1099,15.7,2.2,5.3,9.1,1431.4,25.4,4.2,238.6,9.7,100.0,6,34,1,night,midwest,False,False,0.0,0.33000000000000007,-0.20000000000000018,365.0,0.00770000000000004
D107,8,2,0.65,0.29,0.29,0.43,0.07,4,2.94,11.67,375.88,0.2696,21.9,7.9,37.8,584,6.0,2.8,5.8,4.9,1394.0,25.0,4.2,232.3,7.3,100.0,6,34,1,night,midwest,False,False,0.79,1.1600000000000001,1.3000000000000003,-13.0,0.026900000000000007
D107,9,2,0.95,0.45,0.13,0.38,0.13,6,3.18,10.51,381.54,0.2427,27.9,10.0,35.6,870,19.7,4.0,6.4,7.3,1572.1,25.6,3.7,224.6,7.7,100.0,7,34,1,night,midwest,False,False,0.5,-0.8100000000000005,-0.5,103.0,-0.01880000000000001
D107,10,3,0.92,0.67,0.17,0.59,0.33,9,4.52,10.46,288.91,0.2416,39.4,15.1,40.5,828,6.7,2.8,6.0,6.9,1195.8,20.1,3.4,199.3,7.7,100.0,6,34,1,night,midwest,False,False,1.1499999999999995,-2.3999999999999986,0.2999999999999998,50.0,-0.05539999999999998
D107,11,3,1.57,0.52,0.0,0.0,0.0,2,2.36,11.29,99.54,0.2607,69.1,17.2,33.3,1523,35.0,0.5,4.3,12.6,381.8,7.4,3.7,190.9,9.0,100.0,2,34,1,night,midwest,False,False,-0.0900000000000003,-0.09000000000000163,-0.5,424.0,-0.0022000000000000353
D108,1,1,3.63,3.23,1.21,1.75,1.21,3,11.98,19.67,337.72,0.4544,48.7,13.5,37.3,1882,30.0,5.8,5.9,15.6,743.2,17.0,4.2,185.8,9.8,53.8,4,34,0,rotating,southeast,True,True,,,,,
D108,2,1,3.0,2.7,2.1,2.6,0.8,9,11.5,20.38,470.57,0.4707,66.6,17.1,33.2,2031,34.3,4.0,5.6,16.8,999.8,24.4,3.5,142.8,8.9,80.6,7,34,0,rotating,southeast,True,True,,,,,
D108,3,1,2.97,2.88,2.23,2.78,1.02,14,12.71,19.72,491.06,0.4555,54.8,15.6,35.2,1538,28.0,6.7,6.8,12.7,1078.1,25.3,4.2,179.7,10.0,53.3,6,34,0,rotating,southeast,True,True,,,,,
D108,4,1,2.97,2.38,1.58,1.98,0.4,13,10.3,18.84,439.39,0.4352,68.4,16.7,33.2,1621,24.0,5.3,6.3,13.5,1009.7,24.9,3.6,144.2,8.9,40.3,7,34,0,rotating,southeast,True,True,,,,,
D108,5,2,3.71,2.94,2.3,3.2,0.77,11,13.81,20.37,367.96,0.4705,63.7,16.9,40.9,1682,34.8,4.8,6.3,13.9,782.0,18.3,3.7,156.4,8.6,37.2,5,34,0,rotating,southeast,True,True,1.83,0.6999999999999993,-0.5,-200.0,0.016099999999999948
D108,6,2,3.69,2.23,2.91,2.52,0.87,17,13.09,18.96,451.58,0.438,57.9,16.3,34.1,1571,28.7,5.0,6.4,13.0,1031.1,24.0,4.0,171.8,9.8,20.3,6,34,0,rotating,southeast,True,True,1.5899999999999999,-1.4199999999999982,0.5,-460.0,-0.03270000000000001
D108,7,2,2.64,2.64,1.98,2.24,0.66,9,10.68,18.88,330.93,0.4362,61.0,16.7,40.7,1446,21.2,4.8,5.9,12.0,758.6,17.2,3.4,151.7,8.2,36.6,5,34,0,rotating,southeast,True,True,-2.030000000000001,-0.8399999999999999,-0.8000000000000003,-92.0,-0.01930000000000004
D108,8,2,2.9,3.86,2.41,2.29,0.72,10,12.92,16.21,310.07,0.3744,36.6,10.8,32.4,1823,28.8,5.2,5.5,15.1,828.2,20.0,4.0,165.6,9.4,17.0,5,34,0,rotating,southeast,True,True,2.619999999999999,-2.629999999999999,0.3999999999999999,202.0,-0.060799999999999965
D108,9,3,4.16,3.67,1.47,2.57,0.98,10,13.81,16.1,304.34,0.372,36.0,10.0,31.8,1192,22.0,5.6,6.8,9.9,818.1,16.3,3.3,163.6,8.4,21.4,5,34,0,rotating,southeast,True,True,0.0,-4.27,-0.40000000000000036,-490.0,-0.09849999999999998
D108,10,3,2.28,2.28,2.01,1.88,0.4,7,9.4,16.55,284.75,0.3822,54.2,13.6,33.3,1545,33.2,3.8,5.9,12.8,745.0,17.2,3.4,149.0,8.2,26.8,5,34,0,rotating,southeast,True,True,-3.6899999999999995,-2.41,-0.6000000000000001,-26.0,-0.055800000000000016
D108,11,3,3.32,2.34,2.09,3.32,1.72,11,13.53,17.67,331.92,0.4081,45.7,15.7,34.0,1549,30.8,5.0,5.9,12.8,813.3,20.7,4.1,162.7,8.8,72.7,5,34,0,rotating,southeast,True,True,2.8499999999999996,-1.2099999999999973,0.6999999999999997,103.0,-0.02809999999999996
D108,12,3,3.44,2.21,0.49,3.19,0.0,6,10.32,17.27,162.42,0.399,38.4,12.2,40.0,1012,19.3,3.7,6.1,8.4,407.1,9.3,3.1,135.7,7.0,76.2,3,34,0,rotating,southeast,True,True,-2.5999999999999996,1.0599999999999987,-0.8999999999999999,-811.0,0.02460000000000001
D108,13,3,4.06,2.71,2.14,3.16,0.56,11,13.08,17.52,359.11,0.4048,51.1,14.2,38.9,1778,23.5,5.5,5.3,14.8,887.1,19.5,4.9,221.8,11.0,79.5,4,34,0,rotating,southeast,True,True,-0.7300000000000004,1.4199999999999982,1.6000000000000005,586.0,0.032799999999999996
D108,14,4,3.79,3.0,2.53,1.74,1.11,6,13.11,18.44,269.69,0.4259,57.9,18.7,31.9,1581,28.8,4.8,6.9,13.1,633.3,16.3,3.3,126.7,8.6,41.9,5,34,0,rotating,southeast,True,True,3.709999999999999,1.8900000000000006,-0.10000000000000009,36.0,0.04370000000000002
D108,15,4,2.79,2.79,1.4,1.2,1.0,8,9.77,18.1,209.82,0.4182,77.5,24.8,38.8,2142,43.0,7.0,6.9,17.7,501.7,13.0,3.2,125.4,9.0,0.0,4,34,0,rotating,southeast,True,True,-3.76,0.4299999999999997,-0.8999999999999995,593.0,0.010099999999999998
D108,16,4,2.48,2.58,1.69,2.48,0.89,12,11.1,16.56,385.93,0.3825,37.3,12.2,38.9,1346,28.7,4.2,5.9,11.2,1008.9,22.8,3.8,168.2,9.5,54.4,6,34,0,rotating,southeast,True,True,0.7799999999999994,-0.7100000000000009,0.6999999999999997,334.0,-0.016500000000000015
D108,17,4,4.19,2.67,3.43,2.86,1.71,8,15.43,18.73,227.14,0.4327,38.6,13.0,29.3,1616,30.0,3.3,5.2,13.4,524.9,13.7,4.6,175.0,9.0,0.0,3,34,0,rotating,southeast,True,True,2.3499999999999996,1.2100000000000009,-0.3000000000000007,-162.0,0.02789999999999998
D108,18,5,4.15,3.69,2.54,3.46,0.92,17,15.45,16.98,340.19,0.3923,63.4,16.4,36.2,1203,18.7,4.7,6.3,10.0,867.2,19.5,3.3,144.5,7.5,24.4,6,34,0,rotating,southeast,True,True,2.34,-1.4600000000000009,0.0,-378.0,-0.03360000000000002
D108,19,5,4.1,3.99,2.66,2.88,1.11,16,15.52,16.79,349.78,0.3878,72.4,20.0,41.4,1575,28.7,4.0,6.1,13.0,902.0,19.7,3.3,150.3,7.3,86.4,6,34,0,rotating,southeast,True,True,5.75,-1.3100000000000023,0.09999999999999964,-567.0,-0.030400000000000038
D108,20,5,4.89,2.45,2.73,2.73,1.58,12,15.25,17.49,280.83,0.4041,62.7,19.0,37.6,1141,16.5,6.2,7.2,9.5,694.9,15.4,3.9,173.7,8.8,54.3,4,34,0,rotating,southeast,True,True,4.15,0.9299999999999997,0.10000000000000009,-205.0,0.021600000000000008
D108,21,5,4.46,4.16,4.46,5.2,1.93,13,21.39,13.43,208.87,0.3103,26.7,9.2,36.3,883,16.0,3.0,5.8,7.4,673.1,14.2,3.5,168.3,8.0,59.4,4,34,0,rotating,southeast,True,True,5.960000000000001,-5.300000000000001,-1.0999999999999996,-733.0,-0.12239999999999995
D108,22,5,6.33,4.13,3.58,3.03,2.06,13,19.95,17.56,294.76,0.4056,70.9,20.8,41.8,1526,20.8,4.0,6.2,12.6,726.7,16.8,3.4,145.3,8.4,0.0,5,34,0,rotating,southeast,True,True,4.5,0.5799999999999983,0.10000000000000009,323.0,0.013300000000000034
D108,23,6,6.46,4.47,3.23,4.47,0.99,7,20.86,17.74,164.98,0.4098,83.7,25.0,42.7,1416,30.0,4.3,6.5,11.8,402.6,9.0,3.0,134.2,8.3,28.0,3,34,0,rotating,southeast,True,True,5.34,0.9499999999999993,-0.2999999999999998,-159.0,0.02200000000000002
D109,1,1,1.33,0.44,0.59,1.18,0.29,4,4.71,20.04,314.16,0.4628,76.0,27.3,39.7,2460,50.7,4.2,6.1,20.2,678.8,20.4,3.4,113.1,7.3,0.0,6,28,1,day,northeast,False,False,,,,,
D109,2,1,1.67,0.97,0.42,1.25,0.28,5,5.56,17.56,291.89,0.4056,74.0,24.7,36.1,1479,36.0,4.8,6.7,12.2,719.6,18.4,3.1,119.9,7.8,0.0,6,28,1,day,northeast,False,False,,,,,
D109,3,1,1.75,0.87,1.22,1.05,0.52,6,6.63,20.06,265.47,0.4634,84.3,28.8,38.5,2172,46.5,4.2,6.1,17.9,572.9,16.8,4.2,143.2,9.8,0.0,4,28,1,day,northeast,False,False,,,,,
D109,4,1,1.96,0.81,0.98,1.14,0.49,3,6.68,17.42,246.89,0.4024,58.9,20.3,37.5,2187,47.2,6.0,6.0,18.0,613.5,15.6,3.1,122.7,8.6,0.0,5,28,1,day,northeast,False,False,,,,,
D109,5,1,1.14,1.01,0.63,1.64,0.38,8,6.2,19.0,347.1,0.4389,82.2,28.0,33.8,2677,56.0,6.3,6.4,22.0,790.8,21.8,3.6,131.8,10.2,0.0,6,28,1,day,northeast,False,False,1.4900000000000002,-1.0399999999999991,0.20000000000000018,217.0,-0.023899999999999977
D109,6,2,0.76,1.39,0.63,0.51,0.25,2,5.06,20.25,369.81,0.4678,94.0,31.0,37.7,2545,59.7,4.2,6.2,20.9,790.6,22.2,3.7,131.8,9.3,0.0,6,28,1,day,northeast,False,False,-0.5,2.6900000000000013,0.6000000000000001,1066.0,0.06219999999999998
D109,7,2,2.2,1.22,0.98,0.24,0.0,2,6.84,18.1,171.22,0.4182,84.6,27.0,42.1,2353,57.3,3.7,5.5,19.4,409.4,12.4,4.1,136.5,10.3,0.0,3,28,1,day,northeast,False,False,0.20999999999999996,-1.9599999999999973,-0.10000000000000053,181.0,-0.04519999999999996
D109,8,2,1.58,0.88,0.7,1.05,0.35,2,5.61,20.13,265.12,0.465,77.1,28.2,38.2,2404,59.3,4.2,6.1,19.8,570.2,17.5,2.9,95.0,7.5,0.0,6,28,1,day,northeast,False,False,-1.0699999999999994,2.7099999999999973,-0.20000000000000018,217.0,0.06260000000000004
D109,9,3,1.25,0.72,0.72,0.54,0.18,0,4.3,20.97,270.62,0.4844,78.0,30.2,29.6,1947,60.3,2.3,5.5,16.0,558.7,18.9,3.2,93.1,7.2,0.0,6,28,1,day,northeast,False,False,-1.9000000000000004,1.9699999999999989,-0.3999999999999999,-730.0,0.045499999999999985
D109,10,3,1.23,0.18,1.41,0.53,0.53,3,4.59,17.08,223.7,0.3946,75.0,31.2,35.9,2498,53.6,4.6,5.9,20.6,566.9,18.7,3.7,113.4,9.4,0.0,5,28,1,day,northeast,False,False,-0.46999999999999975,-3.1700000000000017,0.0,-47.0,-0.07319999999999999
D109,11,3,1.08,1.44,1.44,0.0,0.0,0,5.04,17.67,113.4,0.4082,65.2,28.8,41.1,2626,78.0,5.3,6.8,21.6,277.8,9.7,3.2,92.6,9.0,0.0,3,28,1,day,northeast,False,False,-1.7999999999999998,-0.4299999999999997,-0.8999999999999995,273.0,-0.010000000000000009
D109,12,3,2.63,0.99,0.66,0.66,0.0,4,6.59,16.99,119.22,0.3926,90.9,35.6,37.7,1587,34.0,3.0,5.9,13.0,303.7,9.6,2.4,75.9,6.8,0.0,4,28,1,day,northeast,False,False,0.9799999999999995,-3.1400000000000006,-0.5,-817.0,-0.07240000000000002
D109,13,3,1.63,1.79,1.14,0.33,0.0,2,6.85,16.76,237.58,0.3873,79.4,28.4,32.1,2429,72.5,6.2,6.8,20.0,613.5,16.0,4.0,153.4,10.0,0.0,4,28,1,day,northeast,False,False,2.55,-4.209999999999997,0.7999999999999998,482.0,-0.09710000000000002
D109,14,4,1.96,1.27,0.92,0.46,0.12,8,5.87,15.35,308.27,0.3545,78.0,27.9,31.8,2174,51.7,4.2,5.9,17.9,869.5,20.1,3.4,144.9,8.7,0.0,6,28,1,day,northeast,False,False,1.2800000000000002,-1.7299999999999986,-0.30000000000000027,-324.0,-0.040100000000000025
D109,15,4,0.34,0.51,0.86,1.2,0.51,3,5.66,12.85,173.11,0.2969,62.5,23.4,42.0,2150,44.7,6.3,6.7,17.8,583.0,14.0,4.7,194.3,10.3,0.0,3,28,1,day,northeast,False,False,0.6200000000000001,-4.820000000000002,1.5,-476.0,-0.11130000000000001
D109,16,4,1.63,1.43,0.82,1.02,0.41,5,6.53,18.09,204.69,0.418,77.2,31.8,41.5,2003,45.6,4.8,6.2,16.5,489.7,15.4,3.1,97.9,7.8,0.0,5,28,1,day,northeast,False,False,-0.05999999999999961,1.1000000000000014,0.7000000000000002,416.0,0.025399999999999978
D109,17,4,0.55,0.92,1.11,0.55,0.37,5,5.35,18.84,235.76,0.4353,83.2,29.4,34.0,2564,51.0,6.5,6.4,21.1,541.6,15.0,3.8,135.4,10.0,0.0,4,28,1,day,northeast,False,False,-1.5,2.0799999999999983,-0.20000000000000018,135.0,0.04800000000000004
D109,18,5,0.94,0.73,1.15,1.04,0.31,4,6.05,15.19,336.43,0.351,73.4,28.1,27.1,2308,56.0,3.4,5.8,19.0,958.6,25.7,3.7,136.9,8.4,0.0,7,28,1,day,northeast,False,False,0.17999999999999972,-0.16000000000000014,0.30000000000000027,134.0,-0.003500000000000003
D109,19,5,1.4,1.17,2.57,0.93,0.23,5,7.93,21.17,209.56,0.4889,111.6,39.4,36.9,1891,27.5,5.8,6.2,15.6,428.6,13.4,3.4,107.2,7.2,0.0,4,28,1,day,northeast,False,False,2.2699999999999996,8.320000000000002,-1.3000000000000003,-259.0,0.192
D109,20,5,1.35,1.35,0.81,0.81,0.27,2,5.12,14.05,120.42,0.3246,62.8,27.9,38.7,1557,32.5,3.2,5.7,12.8,371.0,10.0,2.5,92.8,7.0,0.0,4,28,1,day,northeast,False,False,-1.4100000000000001,-4.039999999999999,-0.6000000000000001,-446.0,-0.09339999999999998
D109,21,5,3.43,1.32,0.92,0.92,0.53,8,9.63,15.03,263.16,0.3471,40.9,19.5,33.8,2098,51.7,3.0,5.4,17.2,758.2,22.8,3.8,126.4,8.7,0.0,6,28,1,day,northeast,False,False,4.280000000000001,-3.8100000000000005,0.0,-466.0,-0.0882
D109,22,5,2.39,2.26,1.26,1.63,0.13,4,9.05,14.57,267.84,0.3366,51.2,20.4,28.7,1756,32.0,4.5,6.2,14.5,795.8,19.6,3.3,132.6,8.0,0.0,6,28,1,day,northeast,False,False,3.000000000000001,-0.6199999999999992,-0.40000000000000036,-552.0,-0.014399999999999968
D109,23,6,2.17,2.31,1.3,1.16,0.29,6,9.83,18.01,287.87,0.4161,74.7,29.5,38.0,2810,61.7,4.3,6.2,23.1,691.8,20.8,3.5,115.3,8.2,0.0,6,28,1,day,northeast,False,False,1.9000000000000004,-3.16,0.10000000000000009,919.0,-0.07279999999999998
D109,24,6,3.05,0.95,1.14,0.76,0.38,3,7.62,15.67,189.84,0.3619,71.9,24.1,37.2,1803,46.0,3.6,5.9,14.8,524.6,12.8,2.6,104.9,6.2,0.0,5,28,1,day,northeast,False,False,2.5,1.6199999999999992,0.10000000000000009,246.0,0.0373
D110,1,1,0.21,0.31,0.41,0.41,0.0,2,2.17,11.68,261.28,0.2699,28.9,12.1,33.3,1122,17.7,4.3,6.4,9.3,968.2,20.7,3.5,161.4,7.5,100.0,6,44,1,night,southeast,True,True,,,,,
D110,2,1,0.15,0.0,0.0,0.29,0.29,0,1.76,11.56,181.73,0.267,27.5,12.0,38.3,1756,36.8,4.4,5.9,14.5,680.7,16.8,3.4,136.1,8.2,100.0,5,44,1,night,southeast,True,True,,,,,
D110,3,1,0.34,0.34,0.11,0.22,0.11,2,2.13,11.93,246.25,0.2755,27.4,11.1,36.4,1106,18.8,3.4,5.9,9.2,893.7,19.3,3.9,178.7,8.0,100.0,5,44,1,night,southeast,True,True,,,,,
D110,4,1,0.0,0.65,0.65,0.0,0.0,1,1.46,12.64,180.11,0.292,37.1,15.2,33.1,1805,26.5,7.8,6.8,14.9,616.8,14.4,3.6,154.2,9.8,100.0,4,44,1,night,southeast,True,True,,,,,
D110,5,2,0.29,0.48,0.1,0.19,0.1,1,1.93,14.34,342.87,0.3313,63.9,25.2,32.4,1660,28.7,5.7,5.8,13.8,1034.8,24.7,4.1,172.5,10.0,100.0,6,44,1,night,southeast,True,True,-0.24,2.66,0.5999999999999996,538.0,0.06140000000000001
D110,6,2,0.87,0.25,0.12,0.25,0.12,1,1.87,12.07,223.63,0.2788,24.5,10.6,29.8,1272,16.0,5.7,6.1,10.7,802.2,17.5,5.8,267.4,11.0,100.0,3,44,1,night,southeast,True,True,0.1100000000000001,0.5099999999999998,2.4,-484.0,0.011799999999999977
D110,7,2,0.29,0.14,0.14,0.57,0.0,0,1.44,12.97,208.64,0.2995,31.2,14.3,41.5,1206,18.0,3.8,6.2,10.0,696.6,17.3,3.5,139.3,7.0,100.0,5,44,1,night,southeast,True,True,-0.69,1.040000000000001,-0.3999999999999999,100.0,0.023999999999999966
D110,8,2,0.3,0.23,0.23,0.38,0.08,3,1.74,12.25,374.38,0.2831,39.0,14.9,34.7,1155,23.4,5.3,6.4,9.6,1322.6,28.5,4.1,188.9,8.4,100.0,7,44,1,night,southeast,True,True,0.28,-0.39000000000000057,0.49999999999999956,-650.0,-0.008899999999999963
D110,9,2,0.31,0.1,0.21,0.21,0.1,1,1.33,12.5,281.52,0.2889,49.6,21.6,27.6,1967,40.7,4.0,5.1,16.2,974.6,23.8,4.0,162.4,9.7,100.0,6,44,1,night,southeast,True,True,-0.5999999999999999,-1.8399999999999999,-0.09999999999999964,307.0,-0.04239999999999999
D110,10,3,0.44,0.11,0.0,0.55,0.0,1,1.65,13.17,276.83,0.3043,52.7,22.3,31.1,1605,26.0,4.5,5.4,13.3,909.8,21.1,3.5,151.6,8.8,100.0,6,44,1,night,southeast,True,True,-0.2200000000000002,1.0999999999999996,-2.3,333.0,0.025500000000000023
D110,11,3,0.37,0.28,0.19,0.09,0.09,4,1.69,11.51,283.71,0.2659,33.9,15.3,34.8,1306,18.7,4.8,6.1,10.8,1066.9,23.5,3.9,177.8,9.2,100.0,6,44,1,night,southeast,True,True,0.25,-1.4600000000000009,0.3999999999999999,100.0,-0.03359999999999996
D110,12,3,0.7,0.18,0.26,0.44,0.09,1,1.85,10.51,276.02,0.2427,27.0,12.6,36.2,1228,15.2,3.8,5.7,10.2,1137.2,24.0,4.8,227.4,10.2,100.0,5,44,1,night,southeast,True,True,0.1100000000000001,-1.7400000000000002,0.7000000000000002,73.0,-0.04040000000000002
D110,13,3,0.12,0.12,0.12,0.62,0.0,1,1.48,12.11,226.36,0.2798,40.7,17.8,36.4,1333,19.6,4.6,5.8,11.1,809.1,18.0,3.6,161.8,8.6,100.0,5,44,1,night,southeast,True,True,0.1499999999999999,-0.39000000000000057,-0.3999999999999999,-634.0,-0.009099999999999997
D110,14,4,0.53,0.4,0.0,0.53,0.0,0,1.74,10.78,186.56,0.2491,31.8,16.8,32.9,1397,28.3,3.5,5.6,11.6,749.0,18.6,3.1,124.8,7.2,100.0,6,44,1,night,southeast,True,True,0.09000000000000008,-2.3900000000000006,-0.3999999999999999,-208.0,-0.05520000000000003
D110,15,4,0.19,0.19,0.28,0.47,0.0,6,1.78,11.5,283.76,0.2655,35.8,16.3,33.1,1060,13.3,4.3,5.9,8.9,1068.6,23.5,3.9,178.1,8.7,100.0,6,44,1,night,southeast,True,True,0.09000000000000008,-0.009999999999999787,0.0,-246.0,-0.00040000000000001146
D110,16,4,0.25,0.25,0.0,0.37,0.37,2,1.84,11.83,222.2,0.2732,35.2,17.9,41.2,1762,35.2,4.4,5.6,14.6,813.4,21.2,4.2,162.7,10.2,100.0,5,44,1,night,southeast,True,True,-0.010000000000000009,1.3200000000000003,-0.5999999999999996,534.0,0.0305
D110,17,4,0.23,0.35,0.0,0.47,0.12,1,1.75,9.75,192.86,0.2253,30.1,13.1,35.6,1051,18.0,4.4,6.3,8.7,856.0,19.2,3.8,171.2,9.4,100.0,5,44,1,night,southeast,True,True,0.27,-2.3599999999999994,0.19999999999999973,-282.0,-0.05449999999999999
D110,18,5,0.24,0.35,0.35,0.24,0.0,0,1.53,11.63,227.67,0.2685,41.9,18.6,37.3,1334,24.4,4.6,6.0,11.1,847.8,18.3,3.7,169.6,9.2,100.0,5,44,1,night,southeast,True,True,-0.20999999999999996,0.8500000000000014,0.6000000000000001,-63.0,0.01940000000000003
D110,19,5,0.66,0.87,0.44,0.0,0.22,2,2.84,12.5,132.13,0.2888,62.4,27.0,32.0,1452,22.0,4.3,5.7,12.1,457.6,10.3,3.4,152.5,9.0,100.0,3,44,1,night,southeast,True,True,1.0599999999999998,1.0,-0.5,392.0,0.023299999999999987
D110,20,5,0.0,0.59,0.0,0.59,0.0,2,2.16,11.59,136.27,0.2678,45.9,20.3,35.6,832,13.2,3.6,6.7,6.9,508.8,12.4,2.5,101.8,6.6,100.0,5,44,1,night,southeast,True,True,0.32000000000000006,-0.2400000000000002,-1.7000000000000002,-930.0,-0.005400000000000016
D110,21,5,0.31,0.1,0.31,0.41,0.1,2,1.55,11.44,256.25,0.2644,38.6,19.5,34.2,1652,27.1,3.6,5.7,13.7,969.3,24.4,3.5,138.5,8.3,100.0,7,44,1,night,southeast,True,True,-0.19999999999999996,1.6899999999999995,-0.2999999999999998,601.0,0.039100000000000024
D110,22,5,0.3,0.2,0.1,0.2,0.1,2,1.29,12.21,283.74,0.282,59.2,25.1,36.3,1848,32.7,6.0,6.6,15.3,1006.3,23.3,3.9,167.7,9.2,100.0,6,44,1,night,southeast,True,True,-0.24,0.5800000000000001,0.19999999999999973,514.0,0.013499999999999956
D110,23,6,0.48,0.24,0.24,0.12,0.0,2,1.7,11.38,217.0,0.2629,35.6,16.0,38.8,1180,23.7,3.5,5.6,9.8,825.4,18.8,3.1,137.6,7.5,100.0,6,44,1,night,southeast,True,True,-1.14,-1.1199999999999992,-0.2999999999999998,-272.0,-0.02589999999999998
D110,24,6,0.0,0.2,0.2,0.0,0.0,1,0.61,11.62,132.2,0.2684,32.2,15.6,46.2,1211,22.0,4.2,6.2,10.0,492.5,11.7,2.9,123.1,7.2,100.0,4,44,1,night,southeast,True,True,-1.5500000000000003,0.02999999999999936,0.3999999999999999,379.0,0.0006000000000000449
D110,25,6,0.29,0.14,0.58,0.14,0.0,2,2.3,12.52,200.88,0.2892,39.4,18.2,30.7,1317,38.4,2.8,5.3,10.9,694.5,16.8,3.4,138.9,7.6,100.0,5,44,1,night,southeast,True,True,0.7499999999999998,1.08,-0.10000000000000009,-335.0,0.02479999999999999
D110,26,6,0.2,0.1,0.5,0.2,0.1,1,1.5,11.56,266.44,0.267,32.9,14.2,32.7,1292,16.3,5.2,6.8,10.8,997.9,23.9,4.0,166.3,9.3,100.0,6,44,1,night,southeast,True,True,0.20999999999999996,-0.6500000000000004,0.10000000000000009,-556.0,-0.014999999999999958
D111,1,1,3.95,3.78,3.09,1.89,0.69,7,14.08,20.35,273.8,0.4701,70.7,21.1,39.6,2138,48.5,4.8,6.3,17.6,582.4,15.3,3.8,145.6,9.2,100.0,4,21,0,night,northeast,False,False,,,,,
D111,2,1,2.48,2.73,3.23,2.23,0.74,6,11.41,20.99,195.36,0.4848,62.9,18.5,41.0,1983,39.0,5.2,7.0,16.3,403.0,10.9,2.7,100.7,7.0,100.0,4,21,0,night,northeast,False,False,,,,,
D111,3,1,2.94,3.31,2.21,2.7,0.74,9,13.11,21.82,411.46,0.5041,64.8,20.7,29.8,2435,54.3,4.7,6.1,20.1,816.3,24.8,3.5,116.6,8.4,100.0,7,21,0,night,northeast,False,False,,,,,
D111,4,1,4.39,3.84,2.56,2.01,1.65,7,15.0,21.23,268.05,0.4904,67.8,19.4,39.7,2012,51.2,6.0,7.1,16.6,546.6,14.0,2.8,109.3,8.8,100.0,5,21,0,night,northeast,False,False,,,,,
D111,5,2,4.25,3.72,3.06,1.86,0.66,8,14.75,21.83,379.46,0.5043,79.1,23.5,37.1,2092,47.7,5.6,6.1,17.3,752.4,20.4,2.9,107.5,8.6,100.0,7,21,0,night,northeast,False,False,0.6699999999999999,1.4799999999999969,-0.8999999999999999,-46.0,0.03419999999999995
D111,6,2,3.87,3.59,2.21,2.67,0.28,14,12.99,22.22,556.94,0.5132,78.3,22.7,37.4,3060,79.1,5.9,6.4,25.2,1085.3,29.7,4.2,155.0,10.1,100.0,7,21,0,night,northeast,False,False,1.58,1.2300000000000004,1.5,1077.0,0.02839999999999998
D111,7,2,3.13,3.79,3.0,2.22,0.91,11,13.58,21.62,382.33,0.4993,71.3,21.6,40.6,2063,44.7,6.5,6.4,17.0,765.7,21.5,3.6,127.6,9.5,100.0,6,21,0,night,northeast,False,False,0.47000000000000064,-0.1999999999999993,0.10000000000000009,-372.0,-0.004799999999999971
D111,8,2,4.32,3.13,3.22,3.31,0.18,22,15.27,20.26,508.75,0.4679,36.1,10.4,29.6,1939,45.1,5.0,6.3,16.0,1087.3,29.0,4.1,155.3,9.0,100.0,7,21,0,night,northeast,False,False,0.2699999999999996,-0.9699999999999989,1.2999999999999998,-73.0,-0.02250000000000002
D111,9,2,4.62,3.85,3.34,2.44,0.64,12,15.8,21.44,385.61,0.4952,76.6,23.5,37.1,2457,56.3,5.6,6.1,20.2,778.7,21.9,3.1,111.2,8.6,100.0,7,21,0,night,northeast,False,False,1.0500000000000007,-0.389999999999997,0.20000000000000018,365.0,-0.009099999999999997
D111,10,3,3.99,4.46,5.39,1.41,0.94,5,17.12,18.28,180.09,0.4223,53.3,17.6,37.2,2008,54.7,5.3,7.0,16.6,426.4,10.8,3.6,142.1,9.0,100.0,3,21,0,night,northeast,False,False,4.130000000000001,-3.9399999999999977,-0.6000000000000001,-1052.0,-0.09089999999999998
D111,11,3,4.94,4.71,3.91,1.72,1.15,22,18.16,18.53,372.42,0.4281,59.5,20.1,40.4,2665,63.3,5.7,6.4,21.9,869.9,23.0,3.8,145.0,8.8,100.0,6,21,0,night,northeast,False,False,4.58,-3.09,0.19999999999999973,602.0,-0.07120000000000004
D111,12,3,5.16,5.61,4.04,4.93,1.01,24,22.43,19.17,394.83,0.4428,42.2,15.2,34.7,1940,41.7,3.7,6.0,16.0,891.7,26.2,3.7,127.4,8.7,100.0,7,21,0,night,northeast,False,False,7.16,-1.0899999999999999,-0.39999999999999947,1.0,-0.025099999999999956
D111,13,3,4.59,5.99,4.39,2.4,1.4,7,20.18,18.67,215.92,0.4313,68.0,20.6,32.8,1989,35.2,4.2,6.0,16.4,500.6,14.0,2.8,100.1,6.6,100.0,5,21,0,night,northeast,False,False,4.379999999999999,-2.7699999999999996,-0.30000000000000027,-468.0,-0.06389999999999996
D111,14,4,6.16,6.02,5.18,4.34,1.82,18,24.66,19.57,322.66,0.452,54.4,19.4,35.6,3033,70.8,6.6,6.0,25.0,713.8,22.6,4.5,142.8,10.6,100.0,5,21,0,night,northeast,False,False,7.539999999999999,1.2899999999999991,0.8999999999999999,1025.0,0.029700000000000004
D111,15,4,6.31,5.43,5.28,5.14,1.76,19,25.4,18.94,298.01,0.4375,62.7,23.0,40.4,2731,64.0,5.7,6.3,22.4,681.2,20.5,3.4,113.5,7.7,100.0,6,21,0,night,northeast,False,False,7.239999999999998,0.41000000000000014,-0.3999999999999999,66.0,0.00940000000000002
D111,16,4,8.33,6.41,5.34,3.85,0.85,9,26.06,18.11,195.77,0.4182,68.8,21.1,42.2,1851,43.0,4.5,5.8,15.2,468.1,12.1,3.0,117.0,7.2,100.0,4,21,0,night,northeast,False,False,3.629999999999999,-1.0600000000000023,-0.7000000000000002,-89.0,-0.02460000000000001
D112,1,1,0.94,0.59,0.59,1.06,0.35,5,5.17,14.08,276.65,0.3252,65.0,17.5,34.5,1256,8.7,6.0,6.5,10.4,850.6,15.0,5.0,283.5,10.3,61.3,3,49,1,rotating,midwest,False,True,,,,,
D112,2,1,1.77,0.99,0.11,0.33,0.44,8,4.75,14.71,307.88,0.3398,55.7,16.1,33.3,605,12.0,2.3,5.4,5.0,906.0,16.3,2.7,151.0,6.3,71.1,6,49,1,rotating,midwest,False,True,,,,,
D112,3,1,1.6,0.99,0.38,1.14,0.15,8,5.95,14.96,452.94,0.3457,51.5,14.6,32.6,976,16.7,4.8,6.6,8.1,1310.3,23.3,3.9,218.4,8.3,46.0,6,49,1,rotating,midwest,False,True,,,,,
D112,4,1,1.65,1.17,0.29,0.49,0.19,7,5.25,12.83,304.87,0.2964,57.0,16.8,31.9,822,14.4,5.0,6.6,6.9,1028.5,17.3,3.5,205.7,8.4,14.3,5,49,1,rotating,midwest,False,True,,,,,
D112,5,2,1.07,1.07,0.36,1.21,0.29,12,5.86,14.02,453.29,0.3238,60.8,15.5,35.8,991,7.0,3.8,6.2,8.3,1399.8,22.4,3.7,233.3,9.0,68.5,6,49,1,rotating,midwest,False,True,0.6900000000000004,-0.0600000000000005,-1.2999999999999998,-265.0,-0.0014000000000000123
D112,6,2,0.84,1.19,0.24,1.31,0.24,4,5.73,14.09,272.49,0.3255,33.3,8.6,35.8,588,8.0,3.0,6.2,4.9,837.1,13.5,3.4,209.3,7.2,100.0,4,49,1,rotating,midwest,False,True,0.9800000000000004,-0.620000000000001,0.6999999999999997,-17.0,-0.01429999999999998
D112,7,2,0.99,1.06,0.42,0.71,0.57,7,5.73,12.09,395.22,0.2794,38.5,11.5,27.6,834,12.4,3.6,6.3,7.0,1414.6,23.8,4.8,282.9,9.4,53.2,5,49,1,rotating,midwest,False,True,-0.21999999999999975,-2.870000000000001,0.8999999999999999,-142.0,-0.06630000000000003
D112,8,2,0.95,1.42,0.55,1.5,0.47,8,6.31,14.53,425.87,0.3357,56.3,16.3,36.2,1357,25.6,4.6,6.4,11.2,1268.6,22.6,4.5,253.7,9.2,54.3,5,49,1,rotating,midwest,False,True,1.0599999999999996,1.6999999999999993,1.0,535.0,0.0393
D112,9,2,1.17,0.94,0.78,0.86,0.08,8,5.32,13.74,405.27,0.3173,43.0,13.6,29.5,989,11.3,4.0,5.7,8.3,1277.2,23.4,3.9,212.9,8.5,68.6,6,49,1,rotating,midwest,False,True,-0.54,-0.27999999999999936,0.19999999999999973,-2.0,-0.00649999999999995
D112,10,3,1.27,0.72,0.81,1.09,0.45,8,5.52,12.86,328.57,0.2971,46.0,14.6,36.2,783,22.0,2.8,5.5,6.5,1105.8,20.9,4.2,221.2,8.2,24.4,5,49,1,rotating,midwest,False,True,-0.21000000000000085,-1.2300000000000004,0.8000000000000003,195.0,-0.028400000000000036
D112,11,3,0.87,0.56,0.8,0.25,0.31,5,4.27,11.73,437.81,0.2709,46.1,15.0,37.4,938,16.0,2.6,5.6,7.8,1616.4,27.0,3.9,230.9,9.0,69.8,7,49,1,rotating,midwest,False,True,-1.4600000000000009,-0.35999999999999943,-0.8999999999999999,104.0,-0.008500000000000008
D112,12,3,0.49,1.08,0.2,0.59,0.69,6,5.12,13.26,311.06,0.3064,59.0,17.4,40.9,1048,20.0,4.0,6.8,8.7,1015.3,17.7,4.4,253.8,9.2,100.0,4,49,1,rotating,midwest,False,True,-1.1899999999999995,-1.2699999999999996,-0.09999999999999964,-309.0,-0.029299999999999993
D112,13,3,1.37,0.69,1.55,0.52,0.52,3,6.18,12.68,170.59,0.293,59.8,18.4,24.6,945,21.0,6.0,7.1,7.9,582.3,9.6,4.8,291.2,11.0,100.0,2,49,1,rotating,midwest,False,True,0.8599999999999994,-1.0600000000000005,0.8999999999999999,-44.0,-0.024300000000000044
D112,14,4,1.04,1.1,0.81,0.98,0.35,11,5.48,11.58,463.55,0.2676,75.0,23.4,40.5,828,11.7,3.4,5.9,6.9,1732.4,27.8,4.0,247.5,8.7,73.8,7,49,1,rotating,midwest,False,True,-0.03999999999999915,-1.2799999999999994,-0.20000000000000018,45.0,-0.02949999999999997
D112,15,4,1.28,0.94,0.6,0.68,0.17,3,5.12,12.25,331.88,0.283,54.5,16.6,30.5,724,17.6,2.4,5.5,6.0,1172.7,18.4,3.7,234.5,8.4,78.6,5,49,1,rotating,midwest,False,True,0.8500000000000005,0.5199999999999996,-0.19999999999999973,-214.0,0.0121
D112,16,4,1.66,0.97,0.69,0.69,0.0,3,5.94,12.52,209.29,0.2891,34.3,11.4,34.8,549,9.5,2.0,6.3,4.6,723.9,12.9,3.2,181.0,6.5,61.5,4,49,1,rotating,midwest,False,True,0.8200000000000003,-0.7400000000000002,-1.2000000000000002,-499.0,-0.017299999999999982
D112,17,4,1.61,1.38,0.23,1.15,0.0,5,5.85,12.24,246.57,0.2827,37.6,11.4,34.0,1098,26.5,4.0,6.1,9.1,872.1,14.2,3.6,218.0,8.2,18.2,4,49,1,rotating,midwest,False,True,-0.33000000000000007,-0.4399999999999995,-1.1999999999999997,153.0,-0.010299999999999976
D112,18,5,1.19,1.26,0.42,1.19,0.49,9,6.95,12.52,412.1,0.2893,58.7,16.4,33.6,598,6.0,3.3,6.2,5.0,1424.6,21.6,3.6,237.4,8.2,73.5,6,49,1,rotating,midwest,False,True,1.4699999999999998,0.9399999999999995,-0.3999999999999999,-230.0,0.021699999999999997
D112,19,5,1.82,1.69,0.47,0.54,0.2,12,6.96,13.27,453.98,0.3066,61.5,19.6,36.8,1011,14.3,5.2,6.1,8.4,1480.7,26.3,4.4,246.8,9.8,55.9,6,49,1,rotating,midwest,False,True,1.8399999999999999,1.0199999999999996,0.7000000000000002,287.0,0.02360000000000001
D112,20,5,1.84,1.43,0.61,1.02,0.61,6,7.97,14.09,159.25,0.3255,44.9,16.3,27.8,928,18.0,4.3,7.5,7.7,489.3,10.5,3.5,163.1,7.7,69.6,3,49,1,rotating,midwest,False,True,2.0299999999999994,1.5700000000000003,0.2999999999999998,379.0,0.03639999999999999
D112,21,5,2.26,1.83,0.65,2.05,0.43,10,10.13,11.56,247.79,0.267,48.9,16.1,36.9,876,7.3,4.7,6.6,7.4,928.1,15.7,5.2,309.4,10.3,35.5,3,49,1,rotating,midwest,False,True,4.280000000000001,-0.6799999999999997,1.6,-222.0,-0.015699999999999992
D112,22,5,2.26,1.48,0.96,1.74,0.17,9,9.12,12.62,335.71,0.2916,45.2,13.9,39.5,697,10.0,3.7,7.1,5.8,1151.3,20.5,3.4,191.9,7.5,55.6,6,49,1,rotating,midwest,False,True,2.169999999999999,0.09999999999999964,-0.20000000000000018,99.0,0.0023000000000000242
D112,23,6,2.35,0.47,0.94,1.41,0.0,2,8.47,12.61,61.88,0.2912,39.9,12.3,31.8,484,10.0,1.5,5.1,4.0,212.5,3.5,1.7,106.2,5.0,50.0,2,49,1,rotating,midwest,False,True,1.5100000000000007,-0.6600000000000001,-2.7,-527.0,-0.01539999999999997
D113,1,1,0.23,0.12,0.35,0.35,0.12,2,1.88,14.44,284.13,0.3336,44.8,20.5,39.6,2103,57.7,5.1,6.2,17.3,851.7,24.1,3.4,121.7,7.9,100.0,7,27,3,night,northeast,True,False,,,,,
D113,2,1,0.18,0.18,0.18,0.0,0.18,0,1.26,15.62,200.58,0.3608,53.7,25.4,41.3,2217,52.0,4.8,6.4,18.3,556.0,17.2,3.4,111.2,9.0,100.0,5,27,3,night,northeast,True,False,,,,,
D113,3,1,0.41,0.0,0.14,0.41,0.27,2,1.92,14.29,240.54,0.33,48.1,20.6,33.0,2523,70.0,5.2,6.5,20.8,728.8,20.9,3.5,121.5,8.7,100.0,6,27,3,night,northeast,True,False,,,,,
D113,4,1,0.82,0.0,0.0,0.0,0.0,1,1.23,14.23,160.52,0.3286,30.4,16.2,34.8,2709,52.5,6.2,6.9,22.3,488.5,15.8,4.0,122.1,9.2,100.0,4,27,3,night,northeast,True,False,,,,,
D113,5,2,0.3,0.3,0.3,0.0,0.3,1,2.1,14.09,108.36,0.3255,33.8,16.0,40.5,2056,48.0,4.0,6.0,16.9,332.9,9.3,3.1,111.0,9.0,100.0,3,27,3,night,northeast,True,False,0.2200000000000002,-0.34999999999999964,-0.2999999999999998,-47.0,-0.008099999999999996
D113,6,2,0.47,0.0,0.0,0.0,0.47,2,1.64,14.17,139.89,0.3272,49.1,21.6,39.2,2899,64.5,6.5,6.4,23.9,427.5,11.9,3.0,106.9,9.0,100.0,4,27,3,night,northeast,True,False,0.3799999999999999,-1.4499999999999993,-0.3999999999999999,682.0,-0.03360000000000002
D113,7,2,1.14,0.0,0.57,0.57,0.28,2,3.13,13.62,110.74,0.3146,39.4,19.5,37.4,2192,36.7,6.7,6.0,18.0,352.0,10.9,3.6,117.3,9.0,100.0,3,27,3,night,northeast,True,False,1.21,-0.6699999999999999,0.10000000000000009,-331.0,-0.015400000000000025
D113,8,2,0.0,0.38,0.0,0.38,0.0,0,1.15,13.8,83.48,0.3188,43.8,20.2,37.0,2109,29.3,6.3,6.6,17.3,261.9,7.4,2.5,87.3,7.0,100.0,3,27,3,night,northeast,True,False,-0.08000000000000007,-0.4299999999999997,-1.5,-600.0,-0.009800000000000031
D113,9,3,0.45,0.23,0.0,0.11,0.0,0,1.36,13.3,271.22,0.3073,49.1,20.3,31.6,2107,37.7,4.5,6.2,17.4,882.5,20.8,3.5,147.1,8.8,100.0,6,27,3,night,northeast,True,False,-0.74,-0.7899999999999991,0.3999999999999999,51.0,-0.018199999999999994
D113,10,3,0.52,0.52,0.0,0.9,0.0,1,2.32,14.3,256.43,0.3303,45.9,22.9,34.2,2765,64.3,6.0,6.4,22.8,776.4,23.1,3.9,129.4,9.2,100.0,6,27,3,night,northeast,True,False,0.6799999999999999,0.13000000000000078,0.8999999999999999,-134.0,0.0030999999999999917
D113,11,3,0.28,0.14,0.28,0.42,0.0,0,1.67,12.07,200.62,0.2788,38.9,18.9,33.6,1802,39.2,6.0,6.8,14.9,719.7,19.2,3.8,143.9,9.2,100.0,5,27,3,night,northeast,True,False,-1.46,-1.549999999999999,0.19999999999999973,-390.0,-0.0358
D113,12,3,0.34,0.17,0.0,0.68,0.0,1,1.35,14.55,198.52,0.3361,43.1,21.6,38.7,2142,44.0,4.7,6.4,17.6,590.7,18.0,3.0,98.4,7.3,100.0,6,27,3,night,northeast,True,False,0.20000000000000018,0.75,0.5,33.0,0.017300000000000038
D113,13,3,0.76,0.15,0.0,0.31,0.0,1,1.83,11.15,168.68,0.2576,31.1,15.5,29.5,2281,43.2,3.2,5.5,18.7,654.8,16.6,3.3,131.0,8.4,100.0,5,27,3,night,northeast,True,False,0.47,-2.1500000000000004,-0.20000000000000018,174.0,-0.04970000000000002
D113,14,4,0.29,0.0,0.29,0.44,0.0,1,1.45,12.04,191.34,0.2782,31.4,16.4,33.9,1519,35.7,2.7,5.5,12.5,687.8,18.2,3.0,114.6,6.5,100.0,6,27,3,night,northeast,True,False,-0.8699999999999999,-2.2600000000000016,-0.8999999999999999,-1246.0,-0.05209999999999998
D113,15,4,0.1,0.21,0.1,0.21,0.42,2,1.67,11.76,260.71,0.2718,32.3,17.0,29.4,1908,47.4,3.7,5.7,15.7,959.3,24.8,3.5,137.0,8.1,100.0,7,27,3,night,northeast,True,False,0.0,-0.3100000000000005,-0.2999999999999998,106.0,-0.007000000000000006
D113,16,4,0.68,0.0,0.17,0.34,0.17,3,1.71,11.17,151.05,0.258,35.9,16.5,41.8,2185,51.3,4.3,5.3,18.0,585.4,13.0,4.3,195.1,9.7,100.0,3,27,3,night,northeast,True,False,0.3599999999999999,-3.380000000000001,1.2999999999999998,43.0,-0.0781
D113,17,4,0.81,0.47,0.23,0.23,0.0,2,2.21,13.73,272.42,0.3172,42.3,21.1,34.7,2467,57.7,4.2,5.8,20.3,858.9,24.5,4.1,143.2,9.3,100.0,6,27,3,night,northeast,True,False,0.3799999999999999,2.58,0.7999999999999998,186.0,0.059599999999999986
D113,18,5,0.52,0.0,0.0,0.7,0.17,0,1.74,13.45,178.38,0.3107,49.7,23.6,39.8,2542,58.5,5.0,5.7,20.9,574.2,16.0,4.0,143.6,9.2,100.0,4,27,3,night,northeast,True,False,0.29000000000000004,1.4100000000000001,1.0,1023.0,0.03249999999999997
D113,19,5,0.31,0.31,0.0,0.31,0.31,1,1.57,10.94,80.36,0.2527,42.5,22.1,42.2,1346,32.5,4.0,6.3,11.1,318.0,9.6,2.4,79.5,5.8,100.0,4,27,3,night,northeast,True,False,-0.09999999999999987,-0.8200000000000003,-1.1,-562.0,-0.019100000000000006
D113,20,5,0.57,0.1,0.19,0.1,0.1,1,2.0,12.3,297.87,0.2842,43.2,20.2,37.1,2938,58.7,6.0,6.0,24.2,1048.0,25.3,4.2,174.7,9.3,100.0,6,27,3,night,northeast,True,False,0.29000000000000004,1.1300000000000008,-0.09999999999999964,753.0,0.0262
D113,21,5,0.14,0.28,0.28,0.41,0.0,1,2.07,12.34,207.02,0.2851,45.0,21.4,35.1,2310,61.2,5.2,5.8,19.0,726.2,18.0,3.6,145.2,9.4,100.0,5,27,3,night,northeast,True,False,-0.14000000000000012,-1.3900000000000006,-0.49999999999999956,-157.0,-0.03209999999999996
D113,22,5,0.16,0.16,0.16,0.31,0.16,2,1.71,12.95,192.31,0.2992,46.6,21.2,35.3,2606,55.6,5.0,6.2,21.4,642.8,17.0,3.4,128.6,9.0,100.0,5,27,3,night,northeast,True,False,-0.030000000000000027,-0.5,-0.6000000000000001,64.0,-0.011499999999999955
D113,23,6,0.36,0.24,0.0,0.12,0.0,3,1.22,10.64,202.26,0.2458,38.1,13.4,31.9,1669,36.4,4.8,6.6,13.8,822.8,19.1,3.8,164.6,9.4,100.0,5,27,3,night,northeast,True,False,-0.3500000000000001,-0.29999999999999893,1.4,323.0,-0.0068999999999999895
D113,24,6,0.51,0.26,0.13,0.26,0.13,2,1.67,13.67,246.25,0.3158,39.4,19.8,38.8,2514,65.3,5.3,6.3,20.7,779.7,22.3,3.7,130.0,9.7,100.0,6,27,3,night,northeast,True,False,-0.33000000000000007,1.3699999999999992,-0.5,-424.0,0.03160000000000002
D113,25,6,0.0,0.0,0.79,1.58,0.0,0,3.17,13.36,38.97,0.3085,48.2,19.7,33.3,1303,41.0,2.5,7.0,10.8,126.3,3.3,1.7,63.2,5.0,100.0,2,27,3,night,northeast,True,False,1.1,1.0199999999999996,-1.9000000000000001,-1007.0,0.023399999999999976
D113,26,6,0.23,0.12,0.23,0.23,0.23,0,1.85,13.36,267.01,0.3086,49.5,22.4,37.3,2331,47.7,5.0,6.0,19.2,865.3,22.8,3.8,144.2,9.8,100.0,6,27,3,night,northeast,True,False,0.14000000000000012,0.41000000000000014,0.3999999999999999,-275.0,0.009399999999999964
D114,1,1,3.62,4.36,2.28,2.48,0.67,31,14.3,14.69,505.75,0.3395,44.8,11.3,41.5,775,12.7,4.0,5.9,6.5,1489.9,24.0,4.0,248.3,8.5,0.0,6,36,1,day,midwest,False,True,,,,,
D114,2,1,3.72,3.87,2.9,2.08,0.59,22,14.2,16.78,521.21,0.3876,42.6,10.4,36.0,1199,16.4,3.6,6.0,10.0,1344.8,23.1,4.6,269.0,10.2,0.0,5,36,1,day,midwest,False,True,,,,,
D114,3,1,2.34,4.32,1.87,3.39,0.7,10,13.55,16.17,319.77,0.3736,35.6,8.1,32.9,890,10.4,1.8,6.2,7.3,855.9,14.5,2.9,171.2,6.2,0.0,5,36,1,day,midwest,False,True,,,,,
D114,4,1,3.04,3.42,2.18,1.99,0.47,12,11.48,16.33,397.64,0.3772,40.2,10.1,38.2,1299,26.0,4.4,6.4,10.8,1054.1,18.7,3.7,210.8,8.8,0.0,5,36,1,day,midwest,False,True,,,,,
D114,5,2,2.86,3.08,2.44,2.23,1.49,11,12.52,15.18,330.63,0.3508,29.4,6.5,32.1,627,7.0,2.2,5.6,5.3,942.6,14.8,3.7,235.7,8.0,0.0,4,36,1,day,midwest,False,True,-1.7800000000000011,0.4900000000000002,-0.2999999999999998,-148.0,0.011299999999999977
D114,6,2,3.52,3.07,2.43,2.11,1.02,15,13.51,15.75,568.17,0.3639,38.0,8.9,32.3,634,14.3,4.2,7.4,5.3,1561.4,26.2,4.4,260.2,8.8,0.0,6,36,1,day,midwest,False,True,-0.6899999999999995,-1.0300000000000011,-0.1999999999999993,-565.0,-0.0237
D114,7,2,3.96,3.36,2.16,1.92,0.6,12,12.71,16.67,321.25,0.3851,31.9,8.2,38.5,543,9.0,2.8,6.1,4.6,834.1,15.0,3.8,208.5,8.5,0.0,4,36,1,day,midwest,False,True,-0.8399999999999999,0.5,0.8999999999999999,-347.0,0.01150000000000001
D114,8,2,3.23,2.72,2.33,1.55,0.52,5,11.51,16.3,291.11,0.3765,44.5,11.2,42.1,1309,32.0,3.2,5.2,10.8,773.2,14.3,3.6,193.3,8.2,0.0,4,36,1,day,midwest,False,True,0.02999999999999936,-0.029999999999997584,-0.10000000000000009,10.0,-0.0006999999999999784
D114,9,2,2.89,4.43,1.93,2.02,0.67,7,12.9,14.52,348.58,0.3355,37.8,9.4,38.6,508,4.0,3.2,6.0,4.3,1038.9,17.3,3.5,207.8,7.2,0.0,5,36,1,day,midwest,False,True,0.3800000000000008,-0.6600000000000001,-0.20000000000000018,-119.0,-0.01529999999999998
D114,10,3,4.88,3.13,1.88,2.88,1.38,10,15.25,14.98,276.76,0.346,33.7,9.4,37.7,792,19.0,2.0,6.0,6.6,799.9,14.5,3.6,200.0,7.2,0.0,4,36,1,day,midwest,False,True,1.7400000000000002,-0.7699999999999996,-0.8000000000000003,158.0,-0.017900000000000027
D114,11,3,3.67,3.67,2.32,2.12,0.77,4,12.93,16.05,192.15,0.3707,46.4,12.0,32.7,539,5.3,3.0,6.2,4.5,518.3,9.0,3.0,172.8,7.7,0.0,3,36,1,day,midwest,False,True,0.21999999999999886,-0.620000000000001,-0.7999999999999998,-4.0,-0.014400000000000024
D114,12,3,3.46,3.79,1.5,3.01,0.85,22,14.05,14.61,516.35,0.3375,40.0,10.5,36.9,754,9.4,4.0,6.7,6.3,1529.8,25.2,3.6,218.5,7.7,0.0,7,36,1,day,midwest,False,True,2.540000000000001,-1.6900000000000013,0.0,-555.0,-0.03899999999999998
D114,13,3,3.61,3.96,1.95,2.78,0.9,19,14.39,15.3,508.59,0.3535,46.5,11.5,32.7,871,10.6,2.3,5.3,7.2,1438.6,23.3,3.3,205.5,8.6,0.0,7,36,1,day,midwest,False,True,1.4900000000000002,0.7800000000000011,-0.20000000000000018,363.0,0.01799999999999996
D114,14,4,3.3,3.0,1.6,2.8,0.7,10,12.28,15.75,364.33,0.3638,39.3,9.7,37.3,532,6.0,2.0,6.0,4.5,1001.5,16.2,3.2,200.3,7.4,0.0,5,36,1,day,midwest,False,True,-2.9700000000000006,0.7699999999999996,-0.3999999999999999,-260.0,0.017800000000000038
D114,15,4,2.96,3.68,2.16,2.72,0.64,14,13.2,15.83,456.99,0.3657,46.0,11.8,34.4,1415,28.4,4.4,5.8,11.7,1249.6,22.2,4.4,249.9,10.8,0.0,5,36,1,day,midwest,False,True,0.2699999999999996,-0.22000000000000064,1.4000000000000004,876.0,-0.004999999999999949
D114,16,4,1.77,3.01,2.48,1.6,1.06,11,10.82,14.07,183.37,0.3251,58.3,15.4,33.8,952,13.0,3.5,5.4,8.0,564.0,9.3,4.6,282.0,11.0,0.0,2,36,1,day,midwest,False,True,-3.2300000000000004,-0.5399999999999991,0.9999999999999996,198.0,-0.012400000000000022
D114,17,4,3.46,4.2,1.6,2.59,1.23,14,14.19,15.74,294.5,0.3635,44.2,12.1,27.7,1036,21.0,2.5,5.4,8.6,810.2,14.6,3.7,202.5,8.8,0.0,4,36,1,day,midwest,False,True,-0.20000000000000107,0.4399999999999995,0.40000000000000036,165.0,0.010000000000000009
D114,18,5,3.13,3.01,1.63,2.13,1.25,3,12.28,14.69,270.8,0.3394,25.9,7.4,33.8,426,5.0,2.0,5.4,3.6,797.9,14.2,3.6,199.5,7.2,0.0,4,36,1,day,midwest,False,True,0.0,-1.0600000000000005,0.3999999999999999,-106.0,-0.024400000000000033
D114,19,5,2.6,3.9,1.95,3.03,0.94,18,13.08,13.31,425.5,0.3075,35.2,9.7,29.5,1139,19.7,3.5,6.2,9.4,1383.9,23.9,4.0,230.6,9.5,0.0,6,36,1,day,midwest,False,True,-0.11999999999999922,-2.5199999999999996,-0.40000000000000036,-276.0,-0.05820000000000003
D114,20,5,2.98,4.23,1.26,1.6,0.69,14,12.02,14.91,300.97,0.3445,34.8,6.8,41.8,644,10.8,2.6,6.0,5.4,873.7,13.3,2.7,174.7,6.8,0.0,5,36,1,day,midwest,False,True,1.1999999999999993,0.8399999999999999,-1.8999999999999995,-308.0,0.019399999999999973
D114,21,5,1.91,2.9,2.16,2.32,1.08,15,11.37,14.99,417.44,0.3463,48.6,12.8,35.2,1023,18.4,4.6,6.6,8.5,1205.4,19.9,4.0,241.1,8.6,0.0,5,36,1,day,midwest,False,True,-2.8200000000000003,-0.75,0.2999999999999998,-13.0,-0.017199999999999993
D114,22,5,4.05,3.34,1.48,2.44,0.45,18,12.72,13.99,503.12,0.3232,35.8,9.9,36.1,763,12.9,3.3,6.0,6.4,1556.5,26.5,3.8,222.4,8.1,0.0,7,36,1,day,midwest,False,True,0.4400000000000013,-0.6999999999999993,0.19999999999999973,337.0,-0.016199999999999992
D114,23,6,3.31,3.18,2.14,2.28,0.62,23,12.7,15.44,516.7,0.3567,34.0,8.2,38.1,792,7.2,4.8,6.3,6.6,1448.7,23.7,4.7,289.7,9.4,0.0,5,36,1,day,midwest,False,True,-0.3800000000000008,2.129999999999999,0.7000000000000002,-347.0,0.04920000000000002
D114,24,6,2.46,3.11,2.72,2.33,0.26,9,11.39,14.91,266.07,0.3444,28.9,7.4,33.8,640,8.7,2.3,5.4,5.4,772.5,12.3,4.1,257.5,9.0,0.0,3,36,1,day,midwest,False,True,-0.629999999999999,0.0,1.3999999999999995,-4.0,-9.999999999998899e-05
D114,25,6,3.4,3.23,2.1,3.06,0.79,21,13.55,14.43,587.8,0.3333,26.7,6.6,34.1,865,14.0,4.3,6.4,7.2,1763.5,29.2,4.2,251.9,9.0,0.0,7,36,1,day,midwest,False,True,2.1800000000000015,-0.5600000000000005,0.20000000000000018,-158.0,-0.013000000000000012
D114,26,6,4.0,4.45,2.93,3.2,1.07,18,16.8,14.63,380.16,0.338,37.1,9.7,27.8,949,16.7,2.8,5.9,7.9,1124.8,21.0,3.5,187.5,7.5,0.0,6,36,1,day,midwest,False,True,4.08,0.6400000000000006,-0.2999999999999998,186.0,0.014800000000000035
D115,1,1,2.85,0.41,1.9,1.36,0.27,7,8.56,21.66,368.38,0.5003,103.9,30.7,34.9,2064,43.0,4.5,6.4,17.0,736.3,19.8,3.3,122.7,7.3,88.6,6,25,0,rotating,northeast,True,False,,,,,
D115,2,1,1.38,0.96,1.65,2.34,0.96,3,9.09,26.1,437.79,0.6029,169.2,40.7,33.7,3172,68.0,6.8,6.6,26.1,726.1,19.0,3.8,145.2,10.4,44.2,5,25,0,rotating,northeast,True,False,,,,,
D115,3,1,1.3,0.87,1.95,1.73,0.65,7,9.1,26.33,280.73,0.6083,161.2,43.5,33.1,2226,48.5,4.0,5.6,18.3,461.5,14.1,3.5,115.4,9.0,27.8,4,25,0,rotating,northeast,True,False,,,,,
D115,4,1,1.61,1.9,0.88,1.61,0.44,6,8.18,18.53,293.02,0.428,78.8,22.6,36.8,2209,55.0,5.5,6.3,18.2,684.6,16.8,4.2,171.2,8.8,74.3,4,25,0,rotating,northeast,True,False,,,,,
D115,5,2,1.83,1.28,2.38,1.46,0.73,4,9.69,22.9,289.33,0.529,130.4,35.0,33.1,2272,48.0,4.2,5.6,18.7,546.9,14.0,3.5,136.7,8.2,36.4,4,25,0,rotating,northeast,True,False,1.129999999999999,1.2399999999999984,0.20000000000000018,208.0,0.02870000000000006
D115,6,2,1.72,1.29,1.29,1.72,0.72,2,8.9,25.72,414.0,0.5941,151.0,41.2,35.5,2669,70.0,5.3,5.9,22.0,696.9,20.9,3.5,116.2,8.8,69.8,6,25,0,rotating,northeast,True,False,-0.1899999999999995,-0.38000000000000256,-0.2999999999999998,-503.0,-0.00880000000000003
D115,7,2,2.07,1.04,2.42,1.96,0.23,6,10.6,19.95,400.07,0.4609,120.0,35.8,37.8,2424,50.3,5.5,6.4,20.0,868.0,22.9,3.8,144.7,9.0,38.9,6,25,0,rotating,northeast,True,False,1.5,-6.379999999999999,0.2999999999999998,198.0,-0.14739999999999998
D115,8,2,1.37,1.1,2.19,1.64,0.68,9,8.9,23.43,395.17,0.5413,151.2,41.4,29.4,2397,65.4,5.3,6.1,19.7,730.1,20.4,2.9,104.3,7.7,74.1,7,25,0,rotating,northeast,True,False,0.7200000000000006,4.899999999999999,-1.3000000000000003,188.0,0.11330000000000001
D115,9,2,2.49,1.24,1.8,1.66,0.28,3,9.53,20.59,344.24,0.4757,100.1,30.3,38.9,2216,56.8,6.0,6.4,18.3,723.7,18.9,3.8,144.7,9.4,83.0,5,25,0,rotating,northeast,True,False,-0.16000000000000014,-2.3099999999999987,0.2999999999999998,-56.0,-0.053300000000000014
D115,10,3,2.56,1.56,2.41,1.28,0.28,5,10.22,18.53,301.5,0.4281,90.1,28.8,30.1,1741,38.8,4.8,5.7,14.4,704.2,17.6,3.5,140.8,8.0,17.5,5,25,0,rotating,northeast,True,False,1.3200000000000003,-7.189999999999998,0.0,-928.0,-0.16599999999999998
D115,11,3,1.98,0.66,0.99,0.99,0.66,5,8.93,23.24,162.37,0.5368,111.9,38.1,31.0,3077,78.0,4.0,5.6,25.3,302.5,10.0,3.3,100.8,8.0,79.2,3,25,0,rotating,northeast,True,False,-1.67,3.289999999999999,-0.5,653.0,0.07590000000000008
D115,12,3,1.56,1.82,2.08,1.95,0.65,7,10.55,20.13,356.94,0.465,103.3,32.7,28.2,2178,62.7,5.3,6.6,17.9,767.6,20.4,3.4,127.9,8.5,78.4,6,25,0,rotating,northeast,True,False,1.6500000000000004,-3.3000000000000007,0.5,-219.0,-0.07629999999999998
D115,13,3,3.78,0.61,1.36,2.42,1.06,11,13.16,25.04,382.4,0.5785,189.2,47.0,33.9,2381,52.0,6.5,6.5,19.6,661.0,17.3,2.9,110.2,8.2,26.5,6,25,0,rotating,northeast,True,False,3.630000000000001,4.449999999999999,-0.8999999999999999,165.0,0.1028
D115,14,4,2.15,1.54,2.76,1.69,1.54,10,12.43,22.08,332.25,0.5101,154.5,46.0,33.8,2568,49.3,6.7,6.3,21.2,651.4,19.0,3.2,108.6,8.8,30.2,6,25,0,rotating,northeast,True,False,2.209999999999999,3.549999999999997,-0.2999999999999998,827.0,0.08200000000000002
D115,15,4,2.85,0.54,2.17,1.22,0.68,13,11.0,22.9,389.56,0.5289,143.2,41.5,31.3,2713,65.6,4.4,5.9,22.3,736.5,21.1,4.2,147.3,10.2,39.2,5,25,0,rotating,northeast,True,False,2.0700000000000003,-0.33999999999999986,0.9000000000000004,-364.0,-0.007900000000000018
D115,16,4,1.48,1.24,1.48,2.72,0.74,1,10.63,20.76,193.97,0.4797,92.4,31.0,35.4,1920,47.3,4.0,6.1,15.8,404.4,11.7,3.9,134.8,8.0,37.5,3,25,0,rotating,northeast,True,False,0.08000000000000007,0.6300000000000026,0.5,-258.0,0.01469999999999999
D115,17,4,2.52,0.54,2.7,1.44,0.18,8,9.17,19.55,251.14,0.4517,122.3,36.9,38.3,1672,49.6,5.0,6.0,13.8,556.0,14.1,2.8,111.2,7.6,47.4,5,25,0,rotating,northeast,True,False,-3.99,-5.489999999999998,-0.10000000000000009,-709.0,-0.12680000000000002
D115,18,5,2.13,1.31,0.98,1.96,0.65,4,9.65,20.28,286.49,0.4686,103.1,33.9,31.9,2257,44.8,3.6,5.8,18.6,611.4,17.0,3.4,122.3,8.6,18.6,5,25,0,rotating,northeast,True,False,-2.7799999999999994,-1.7999999999999972,0.19999999999999973,-311.0,-0.04149999999999998
D115,19,5,2.11,1.27,1.9,1.27,1.06,5,9.71,22.65,247.72,0.5232,128.3,39.3,28.2,2812,65.5,4.5,6.2,23.1,473.5,13.8,3.5,118.4,8.8,34.3,4,25,0,rotating,northeast,True,False,-1.2899999999999991,-0.25,-0.7000000000000002,99.0,-0.005700000000000038
D115,20,5,3.1,0.55,2.37,2.56,0.55,8,11.14,19.98,252.78,0.4615,115.1,33.8,37.6,2727,57.5,6.0,6.7,22.4,547.7,14.5,3.6,136.9,9.0,0.0,4,25,0,rotating,northeast,True,False,0.5099999999999998,-0.7800000000000011,-0.2999999999999998,807.0,-0.018199999999999994
D115,21,5,2.78,0.79,2.12,1.46,0.93,10,10.86,21.27,371.06,0.4913,119.0,36.2,41.3,2595,59.7,6.2,6.7,21.4,755.3,20.4,3.4,125.9,9.3,37.5,6,25,0,rotating,northeast,True,False,1.6899999999999995,1.7199999999999989,0.6000000000000001,923.0,0.039600000000000024
D115,22,5,2.02,1.64,2.65,2.91,0.88,13,14.27,21.12,386.3,0.4879,104.9,35.0,37.3,2015,49.4,4.9,6.4,16.6,791.7,23.5,3.4,113.1,8.4,40.7,7,25,0,rotating,northeast,True,False,4.619999999999999,0.8399999999999999,0.0,-242.0,0.019299999999999984
D115,23,6,2.15,1.31,2.03,1.67,0.36,9,10.99,21.2,410.05,0.4898,119.9,36.8,37.7,3019,79.7,4.5,5.9,24.9,837.2,22.7,3.8,139.5,10.2,50.8,6,25,0,rotating,northeast,True,False,1.2799999999999994,-1.4499999999999993,0.2999999999999998,207.0,-0.033399999999999985
D115,24,6,4.05,1.06,2.82,2.11,1.06,9,14.6,19.69,258.44,0.4548,129.3,37.5,38.1,1948,39.6,4.8,5.9,16.1,568.3,15.1,3.0,113.7,7.8,43.6,5,25,0,rotating,northeast,True,False,3.459999999999999,-0.28999999999999915,-0.6000000000000001,-779.0,-0.006700000000000039
D115,25,6,3.13,0.39,2.35,2.35,1.57,3,12.14,27.5,162.16,0.6352,165.3,46.9,38.9,2811,62.7,3.3,5.7,23.1,255.3,8.3,2.8,85.1,7.7,65.2,3,25,0,rotating,northeast,True,False,1.2800000000000011,6.23,-0.6000000000000001,216.0,0.14389999999999997
D115,26,6,2.11,0.74,2.63,1.9,0.63,9,11.27,19.11,419.03,0.4415,88.1,30.2,38.6,2694,62.7,6.5,6.3,22.2,949.1,26.4,4.4,158.2,10.3,30.6,6,25,0,rotating,northeast,True,False,-3.0,-2.0100000000000016,1.0000000000000004,679.0,-0.0464
D116,1,1,3.21,3.64,1.93,2.36,0.64,8,12.43,17.41,187.62,0.4021,51.2,11.5,31.4,661,14.0,2.3,5.3,5.5,466.6,7.7,2.6,155.5,6.3,26.3,3,42,3,rotating,midwest,True,True,,,,,
D116,2,1,3.27,3.06,2.02,2.5,1.04,26,12.58,15.73,522.73,0.3633,47.2,10.3,40.2,1576,29.6,3.6,6.2,13.1,1439.0,23.5,4.7,287.8,10.4,32.7,5,42,3,rotating,midwest,True,True,,,,,
D116,3,1,2.45,3.45,3.02,1.44,0.58,6,11.95,13.59,218.11,0.3139,38.4,9.4,41.4,502,6.5,1.8,5.5,4.2,694.8,11.4,2.8,173.7,6.8,51.9,4,42,3,rotating,midwest,True,True,,,,,
D116,4,1,2.84,3.79,1.8,2.46,1.52,10,13.17,14.93,363.99,0.3449,35.7,9.8,34.6,769,9.7,3.2,6.6,6.4,1055.4,19.1,3.2,175.9,7.8,66.0,6,42,3,rotating,midwest,True,True,,,,,
D116,5,1,2.67,3.87,1.2,1.74,1.34,3,11.62,17.75,307.02,0.41,49.2,12.5,31.6,792,22.8,2.0,5.6,6.6,748.8,14.4,2.9,149.8,7.2,61.1,5,42,3,rotating,midwest,True,True,-0.8100000000000005,0.33999999999999986,0.2999999999999998,131.0,0.007899999999999963
D116,6,2,3.09,2.88,1.85,3.7,0.62,7,13.58,15.73,176.55,0.3634,28.4,7.0,33.9,1043,14.7,2.3,5.1,8.6,485.9,8.6,2.9,162.0,7.0,71.4,3,42,3,rotating,midwest,True,True,1.0,0.0,-1.8000000000000003,-533.0,9.999999999998899e-05
D116,7,2,3.38,2.88,2.8,2.39,1.15,18,13.59,16.55,464.08,0.3823,45.6,10.8,33.6,1366,22.5,9.0,7.6,11.4,1214.0,19.8,4.9,303.5,10.2,48.8,4,42,3,rotating,midwest,True,True,1.6400000000000006,2.960000000000001,2.1000000000000005,864.0,0.06839999999999996
D116,8,2,3.38,3.65,2.03,1.62,0.41,9,11.76,16.02,273.87,0.3701,33.5,8.0,33.3,648,9.3,4.0,7.3,5.4,740.0,12.0,4.0,246.7,9.3,57.1,3,42,3,rotating,midwest,True,True,-1.4100000000000001,1.0899999999999999,0.7999999999999998,-121.0,0.0252
D116,9,3,3.47,2.75,1.88,1.59,0.58,6,10.86,15.68,250.17,0.3622,52.8,12.6,26.9,1031,19.3,6.0,7.1,8.6,690.7,13.1,4.4,230.2,9.3,75.0,3,42,3,rotating,midwest,True,True,-0.7599999999999998,-2.0700000000000003,1.5000000000000004,239.0,-0.047799999999999954
D116,10,3,3.0,2.85,2.64,3.07,1.0,15,13.63,14.05,455.02,0.3246,35.1,9.2,31.9,731,12.3,2.9,5.9,6.1,1401.6,22.1,3.2,200.2,7.7,44.4,7,42,3,rotating,midwest,True,True,0.05000000000000071,-1.6799999999999997,0.30000000000000027,-312.0,-0.0388
D116,11,3,3.71,3.54,2.85,3.02,1.56,19,15.55,16.24,434.21,0.3751,51.6,13.3,39.3,1092,16.7,4.0,6.6,9.1,1157.5,20.3,3.4,192.9,8.5,66.7,6,42,3,rotating,midwest,True,True,1.9600000000000009,-0.3100000000000023,-1.5000000000000004,-274.0,-0.007199999999999984
D116,12,3,4.69,3.35,2.9,3.35,0.97,12,16.08,15.39,477.52,0.3554,36.7,9.6,32.9,799,7.7,4.0,6.8,6.7,1343.5,23.2,3.3,191.9,8.1,63.2,7,42,3,rotating,midwest,True,True,4.3199999999999985,-0.629999999999999,-0.7000000000000002,151.0,-0.01469999999999999
D116,13,3,4.06,3.31,3.42,3.31,0.85,13,16.02,16.66,360.45,0.3849,41.7,10.8,34.3,919,16.4,3.6,6.8,7.6,936.5,16.8,3.4,187.3,7.6,42.1,5,42,3,rotating,midwest,True,True,5.16,0.9800000000000004,-1.0000000000000004,-112.0,0.022699999999999998
D116,14,4,4.97,3.93,2.48,3.59,1.38,29,17.8,15.06,504.27,0.3479,36.2,9.2,31.1,882,22.3,3.3,6.8,7.3,1449.3,23.2,3.9,241.6,8.3,66.0,6,42,3,rotating,midwest,True,True,4.17,1.0099999999999998,0.6999999999999997,151.0,0.023299999999999987
D116,15,4,6.18,5.6,3.96,3.96,1.26,29,22.4,15.3,365.86,0.3533,44.2,10.8,35.3,698,11.6,3.2,6.2,5.8,1035.5,16.4,3.3,207.1,6.8,44.1,5,42,3,rotating,midwest,True,True,6.849999999999998,-0.9399999999999977,-0.10000000000000009,-394.0,-0.021799999999999986
D116,16,4,5.17,6.23,3.41,3.41,2.12,21,21.87,14.35,281.96,0.3316,28.5,7.8,34.6,663,5.5,3.0,5.6,5.6,850.4,14.1,3.5,212.6,8.5,14.7,4,42,3,rotating,midwest,True,True,5.790000000000003,-1.040000000000001,0.20000000000000018,-136.0,-0.023799999999999988
D117,1,1,1.11,1.01,0.55,0.74,0.28,2,5.53,15.44,386.9,0.3567,71.6,20.8,33.3,1536,21.3,5.2,5.5,12.8,1084.8,24.7,4.1,180.8,10.2,0.0,6,23,2,day,southeast,False,True,,,,,
D117,2,1,1.6,1.33,0.53,1.46,0.4,4,6.78,16.83,292.47,0.3888,53.6,19.9,32.5,1565,39.3,4.3,6.0,12.9,752.2,20.2,3.4,125.4,7.7,0.0,6,23,2,day,southeast,False,True,,,,,
D117,3,1,1.25,1.13,0.63,0.75,0.25,5,5.39,13.78,253.75,0.3182,57.7,20.8,33.8,1757,26.5,6.2,6.8,14.6,797.4,18.1,4.5,199.4,10.2,0.0,4,23,2,day,southeast,False,True,,,,,
D117,4,1,0.78,1.29,0.78,1.03,0.0,3,5.95,19.01,169.69,0.439,87.7,27.4,33.3,1715,39.0,3.0,5.1,14.2,386.5,10.0,2.5,96.6,7.5,0.0,4,23,2,day,southeast,False,True,,,,,
D117,5,2,1.22,0.79,0.29,0.86,0.36,4,5.07,14.85,480.06,0.3431,51.4,17.0,35.8,1325,19.7,6.5,6.9,11.0,1399.1,28.6,4.8,233.2,9.5,0.0,6,23,2,day,southeast,False,True,-0.45999999999999996,-0.5899999999999999,0.7000000000000002,-211.0,-0.013600000000000001
D117,6,2,0.8,0.6,0.6,1.01,0.0,1,3.82,15.54,178.47,0.3589,34.3,13.5,34.5,1138,28.0,4.0,6.2,9.4,497.3,12.9,3.2,124.3,7.5,0.0,4,23,2,day,southeast,False,True,-2.9600000000000004,-1.2899999999999991,-0.19999999999999973,-427.0,-0.029899999999999982
D117,7,2,1.52,0.61,0.3,0.76,0.3,4,4.4,19.62,298.5,0.4533,108.0,33.7,33.1,1755,31.6,5.2,6.0,14.5,658.5,17.2,3.4,131.7,8.6,0.0,5,23,2,day,southeast,False,True,-0.9899999999999993,5.840000000000002,-1.1,-2.0,0.1351
D117,8,2,1.07,1.07,0.75,0.75,0.21,4,5.37,15.32,329.45,0.3539,69.4,19.8,39.0,1495,27.7,4.0,6.0,12.4,930.9,21.6,3.6,155.1,9.3,0.0,6,23,2,day,southeast,False,True,-0.5800000000000001,-3.6900000000000013,1.1,-220.0,-0.08510000000000001
D117,9,3,1.03,1.03,0.86,0.52,0.34,4,5.5,13.29,178.59,0.3071,35.3,15.8,38.1,2276,46.0,7.0,6.7,18.8,581.6,14.9,5.0,193.9,10.0,0.0,3,23,2,day,southeast,False,True,0.4299999999999997,-1.5600000000000005,0.20000000000000018,951.0,-0.03600000000000003
D117,10,3,0.96,0.83,0.14,1.38,0.14,5,5.09,13.98,234.74,0.323,56.5,18.6,35.4,1458,23.0,3.5,5.6,12.1,726.8,17.6,4.4,181.7,9.0,0.0,4,23,2,day,southeast,False,True,1.27,-1.5599999999999987,1.2000000000000002,320.0,-0.03589999999999999
D117,11,3,1.65,0.93,0.52,1.13,0.0,6,5.78,15.58,348.76,0.3598,58.6,21.6,32.7,1676,35.7,5.5,6.0,13.9,969.2,23.9,4.0,161.5,9.7,0.0,6,23,2,day,southeast,False,True,1.38,-4.040000000000001,0.6000000000000001,-79.0,-0.09349999999999997
D117,12,3,1.46,0.73,0.63,1.04,0.52,4,5.54,14.01,309.82,0.3236,50.1,17.8,29.9,1119,21.2,5.0,6.7,9.3,957.3,20.2,4.0,191.5,9.2,0.0,5,23,2,day,southeast,False,True,0.16999999999999993,-1.3100000000000005,0.3999999999999999,-376.0,-0.030299999999999994
D117,13,3,1.29,1.18,0.24,1.41,0.35,3,6.35,14.07,276.37,0.325,72.1,28.4,36.2,1854,44.0,4.2,5.9,15.3,850.3,20.2,4.0,170.1,9.2,0.0,5,23,2,day,southeast,False,True,0.8499999999999996,0.7800000000000011,-1.0,-422.0,0.017900000000000027
D117,14,4,1.0,0.43,0.57,1.0,0.14,3,4.58,14.3,230.77,0.3302,66.1,22.9,33.1,1462,32.7,3.8,6.3,12.1,698.8,15.9,2.6,116.5,7.2,0.0,6,23,2,day,southeast,False,True,-0.5099999999999998,0.3200000000000003,-1.8000000000000003,4.0,0.007199999999999984
D117,15,4,1.29,1.29,0.86,0.72,0.72,0,6.45,14.84,239.29,0.3427,61.9,20.3,35.0,2094,31.3,6.3,6.0,17.3,698.2,14.2,4.7,232.7,11.3,0.0,3,23,2,day,southeast,False,True,0.6699999999999999,-0.7400000000000002,0.7000000000000002,418.0,-0.017100000000000004
D117,16,4,0.55,1.23,0.55,0.82,0.27,2,4.91,14.19,240.45,0.3277,53.6,19.0,36.3,1391,39.5,3.8,5.9,11.5,733.7,15.8,3.9,183.4,9.0,0.0,4,23,2,day,southeast,False,True,-0.6299999999999999,0.17999999999999972,-0.10000000000000009,272.0,0.0040999999999999925
D117,17,4,0.78,0.67,0.78,0.67,0.34,6,5.15,13.85,285.77,0.3198,62.3,22.7,35.7,1550,30.0,4.8,6.1,12.8,893.5,20.0,3.3,148.9,8.5,0.0,6,23,2,day,southeast,False,True,-1.1999999999999993,-0.22000000000000064,-0.7000000000000002,-304.0,-0.005200000000000038
D117,18,5,1.04,1.16,0.52,0.78,0.0,0,5.05,16.21,289.35,0.3745,69.9,26.5,37.7,1647,26.4,3.8,5.5,13.6,772.6,20.1,4.0,154.5,9.4,0.0,5,23,2,day,southeast,False,True,0.46999999999999975,1.9100000000000001,1.4,185.0,0.044300000000000006
D117,19,5,1.3,0.86,1.01,0.72,0.43,5,6.33,14.67,235.46,0.3388,59.2,21.2,34.5,1788,25.5,6.2,6.5,14.8,694.9,15.7,3.9,173.7,9.8,0.0,4,23,2,day,southeast,False,True,-0.1200000000000001,-0.16999999999999993,-0.8000000000000003,-306.0,-0.0039000000000000146
D117,20,5,1.44,1.2,0.36,0.96,0.24,7,6.12,18.17,349.73,0.4198,97.3,33.3,39.2,1262,20.0,4.0,6.1,10.5,833.1,21.6,3.6,138.8,8.2,0.0,6,23,2,day,southeast,False,True,1.21,3.980000000000002,-0.2999999999999998,-129.0,0.09210000000000002
D117,21,5,1.9,1.52,0.0,0.63,0.38,5,6.47,17.43,317.14,0.4026,81.6,28.9,35.3,1452,25.2,4.8,6.2,12.1,787.8,20.4,4.1,157.6,9.4,0.0,5,23,2,day,southeast,False,True,1.3199999999999994,3.58,0.7999999999999998,-98.0,0.08280000000000004
D117,22,5,0.91,1.06,0.61,0.76,0.15,3,4.85,17.95,273.74,0.4146,110.0,35.6,30.6,1437,34.0,4.2,5.5,11.9,660.2,16.2,2.7,110.0,7.7,0.0,6,23,2,day,southeast,False,True,-0.20000000000000018,1.7399999999999984,-1.2999999999999998,-210.0,0.040100000000000025
D117,23,6,1.34,0.72,0.41,0.51,0.21,5,5.44,15.66,352.04,0.3617,73.4,25.8,35.5,1585,27.7,4.8,5.9,13.2,973.4,23.1,3.8,162.2,9.8,0.0,6,23,2,day,southeast,False,True,-0.8899999999999997,0.9900000000000002,-0.10000000000000009,-203.0,0.02290000000000003
D117,24,6,1.01,1.26,0.63,0.25,0.38,4,4.67,14.19,259.53,0.3279,54.3,20.8,26.7,1194,24.0,2.6,5.0,9.9,791.5,18.6,3.7,158.3,8.2,0.0,5,23,2,day,southeast,False,True,-1.4500000000000002,-3.980000000000002,0.10000000000000009,-68.0,-0.09189999999999998
D117,25,6,1.92,1.08,0.36,1.56,0.48,2,7.57,14.15,272.07,0.3268,43.5,17.9,37.9,1302,25.6,3.4,5.5,10.8,832.6,21.2,4.2,166.5,7.2,0.0,5,23,2,day,southeast,False,True,1.1000000000000005,-3.2799999999999994,0.10000000000000053,-150.0,-0.07580000000000003
D117,26,6,1.19,0.4,0.53,0.92,0.79,8,5.14,18.18,318.6,0.42,97.8,33.0,38.1,1828,31.6,5.0,5.9,15.2,758.5,19.4,3.9,151.7,9.4,0.0,5,23,2,day,southeast,False,True,0.29000000000000004,0.23000000000000043,1.1999999999999997,391.0,0.00539999999999996
D118,1,1,1.16,0.97,0.87,0.68,0.1,7,5.22,13.2,315.18,0.3049,47.1,13.1,39.5,944,14.0,3.8,6.2,7.9,1033.7,17.9,3.6,206.7,7.8,35.9,5,57,1,rotating,midwest,False,False,,,,,
D118,2,1,0.93,1.19,1.06,0.13,0.0,5,4.5,13.4,233.89,0.3096,65.6,17.0,39.8,814,9.5,4.0,6.7,6.8,755.5,12.8,3.2,188.9,8.5,85.3,4,57,1,rotating,midwest,False,False,,,,,
D118,3,1,1.7,1.13,0.14,0.57,0.42,4,5.38,14.16,231.14,0.327,50.7,14.1,26.3,900,17.5,3.2,6.1,7.5,706.8,13.1,3.3,176.7,7.2,72.4,4,57,1,rotating,midwest,False,False,,,,,
D118,4,1,1.45,0.72,1.57,1.45,0.24,9,6.76,13.98,267.38,0.3228,63.9,18.7,28.6,1269,17.5,2.5,5.9,10.5,828.2,14.3,3.6,207.1,9.2,45.9,4,57,1,rotating,midwest,False,False,,,,,
D118,5,1,1.49,0.91,0.75,0.58,0.58,5,5.23,12.65,352.23,0.2923,32.9,10.3,25.0,710,11.6,2.8,5.8,5.9,1205.0,20.4,4.1,241.0,8.2,100.0,5,57,1,rotating,midwest,False,False,0.010000000000000675,-0.5499999999999989,0.49999999999999956,-234.0,-0.0126
D118,6,2,1.81,0.83,0.45,0.3,0.23,9,5.57,12.54,384.57,0.2896,32.1,8.8,40.0,643,8.8,4.0,6.6,5.4,1327.8,20.9,4.2,265.6,8.2,85.4,5,57,1,rotating,midwest,False,False,1.0700000000000003,-0.8600000000000012,1.0,-171.0,-0.019999999999999962
D118,7,2,1.14,1.52,0.38,0.76,0.0,1,5.69,13.44,81.91,0.3105,34.6,9.7,37.5,864,4.0,1.0,4.3,7.2,263.8,4.1,4.1,263.8,8.0,0.0,1,57,1,rotating,midwest,False,False,0.3100000000000005,-0.7200000000000006,0.7999999999999998,-36.0,-0.016500000000000015
D118,8,2,1.63,1.27,0.9,0.36,0.36,2,5.6,14.01,178.96,0.3236,48.5,13.0,40.5,736,10.0,5.5,7.9,6.2,553.1,8.7,4.3,276.6,9.5,57.9,2,57,1,rotating,midwest,False,False,-1.1600000000000001,0.02999999999999936,0.6999999999999997,-533.0,0.0008000000000000229
D118,9,2,1.51,0.71,0.55,0.95,0.24,5,5.55,12.81,373.48,0.2959,47.0,13.8,34.7,1020,18.4,5.8,7.1,8.5,1262.1,21.7,4.3,252.4,9.6,43.8,5,57,1,rotating,midwest,False,False,0.3199999999999994,0.16000000000000014,0.20000000000000018,310.0,0.003599999999999992
D118,10,3,2.08,1.47,0.86,1.1,0.24,10,7.96,12.08,228.0,0.2791,51.7,16.1,32.2,783,9.0,4.0,6.3,6.6,816.8,13.8,3.5,204.2,7.8,45.2,4,57,1,rotating,midwest,False,False,2.3899999999999997,-0.4599999999999991,-0.7000000000000002,140.0,-0.01050000000000001
D118,11,3,1.42,1.58,0.32,1.02,0.24,5,6.23,12.87,377.22,0.2973,51.8,17.5,30.6,1083,22.7,3.5,6.2,9.0,1269.0,23.5,3.9,211.5,8.7,38.5,6,57,1,rotating,midwest,False,False,0.54,-0.5700000000000003,-0.19999999999999973,219.0,-0.01319999999999999
D118,12,3,1.93,0.88,0.26,0.7,0.0,2,5.0,11.73,309.29,0.2711,40.0,14.7,33.3,856,15.1,2.3,6.1,7.1,1141.0,21.7,3.1,163.0,7.3,45.1,7,57,1,rotating,midwest,False,False,-0.5999999999999996,-2.2799999999999994,-1.1999999999999997,120.0,-0.05249999999999999
D118,13,3,1.05,1.26,0.31,0.31,0.21,5,5.03,12.54,276.65,0.2896,54.1,16.2,27.1,807,15.0,3.5,6.1,6.8,955.2,16.8,4.2,238.8,9.2,32.4,4,57,1,rotating,midwest,False,False,-0.5199999999999996,-0.27000000000000135,-0.09999999999999964,-213.0,-0.006299999999999972
D118,14,4,1.5,1.18,0.43,1.18,0.11,4,5.9,12.83,276.48,0.2964,67.2,16.6,34.4,765,10.0,2.2,5.4,6.4,932.8,16.2,3.2,186.6,7.4,16.2,5,57,1,rotating,midwest,False,False,-2.0599999999999996,0.75,-0.2999999999999998,-18.0,0.017299999999999982
D118,15,4,1.96,1.1,0.55,0.86,0.24,9,6.28,12.84,377.96,0.2967,48.4,14.7,34.6,1076,12.8,5.2,6.5,9.0,1273.9,20.8,4.2,254.8,9.6,43.8,5,57,1,rotating,midwest,False,False,0.04999999999999982,-0.02999999999999936,0.30000000000000027,-7.0,-0.0005999999999999894
D118,16,4,1.24,1.33,0.71,0.71,0.36,7,6.13,13.38,348.07,0.3091,65.5,19.5,30.0,680,7.2,3.2,5.8,5.7,1126.1,18.9,3.8,225.2,8.8,38.6,5,57,1,rotating,midwest,False,False,1.13,1.6500000000000004,0.6999999999999997,-176.0,0.03799999999999998
D118,17,4,1.86,1.03,0.75,1.12,0.37,6,6.99,13.21,327.28,0.3051,72.3,22.9,33.1,1022,19.3,2.3,5.0,8.5,1072.6,19.2,3.2,178.8,8.2,18.4,6,57,1,rotating,midwest,False,False,1.96,0.6700000000000017,-1.0,215.0,0.015499999999999958
D118,18,5,0.94,1.25,0.78,0.7,0.23,5,4.61,11.75,347.54,0.2715,38.5,11.8,27.2,1008,14.8,3.2,6.2,8.4,1280.0,20.3,4.1,256.0,8.6,20.9,5,57,1,rotating,midwest,False,False,-1.29,-1.08,0.8999999999999995,243.0,-0.024899999999999978
D118,19,5,1.67,1.05,1.25,1.15,0.42,12,7.32,12.6,278.38,0.2911,44.6,12.0,34.3,709,9.0,2.5,6.3,5.9,956.2,18.2,3.0,159.4,7.0,28.6,6,57,1,rotating,midwest,False,False,1.04,-0.2400000000000002,-1.2000000000000002,-367.0,-0.005599999999999994
D118,20,5,0.96,1.49,0.35,1.14,0.17,9,5.94,12.46,329.38,0.2877,62.0,16.5,29.4,902,8.0,4.8,6.5,7.5,1144.7,19.0,3.8,228.9,8.2,73.2,5,57,1,rotating,midwest,False,False,-0.1899999999999995,-0.9199999999999999,0.0,222.0,-0.021399999999999975
D118,21,5,1.53,1.0,0.8,0.47,0.47,4,5.85,12.77,443.43,0.2949,46.8,14.3,37.4,702,4.0,2.3,5.8,5.9,1503.5,25.4,4.2,250.6,9.3,100.0,6,57,1,rotating,midwest,False,False,-1.1400000000000006,-0.4400000000000013,1.0,-320.0,-0.010199999999999987
D118,22,5,1.8,0.86,0.78,0.78,0.24,6,5.95,11.74,346.11,0.2712,39.0,13.2,29.5,1165,22.0,5.8,6.9,9.7,1276.3,22.7,4.5,255.3,9.0,40.0,5,57,1,rotating,midwest,False,False,1.3399999999999999,-0.009999999999999787,0.40000000000000036,157.0,-0.00030000000000002247
D118,23,6,1.47,1.29,0.46,0.55,0.28,6,5.89,12.03,301.87,0.2779,38.9,12.9,33.3,562,13.1,1.4,5.1,4.7,1086.1,19.8,2.8,155.2,6.6,39.1,7,57,1,rotating,midwest,False,False,-1.4300000000000006,-0.5700000000000003,-0.20000000000000018,-147.0,-0.013200000000000045
D118,24,6,1.12,1.3,0.52,0.95,0.17,5,5.7,11.97,319.93,0.2764,50.4,14.0,30.1,626,5.7,1.8,4.9,5.2,1157.4,19.4,3.2,192.9,7.0,33.3,6,57,1,rotating,midwest,False,False,-0.2400000000000002,-0.4900000000000002,-0.5999999999999996,-276.0,-0.011300000000000032
D118,25,6,1.36,1.09,0.45,0.73,0.45,4,4.91,12.97,329.78,0.2996,53.0,16.5,36.1,920,18.5,3.2,6.2,7.7,1100.9,18.5,4.6,275.2,8.5,76.5,4,57,1,rotating,midwest,False,False,-0.9399999999999995,0.20000000000000107,0.39999999999999947,218.0,0.004699999999999982
D118,26,6,1.57,1.0,0.29,2.29,0.14,7,7.43,12.07,195.03,0.2788,28.7,8.3,33.3,931,10.7,5.7,7.3,7.8,699.5,10.2,3.4,233.2,8.3,100.0,3,57,1,rotating,midwest,False,False,1.4799999999999995,0.33000000000000007,-1.1,-234.0,0.007599999999999996
D119,1,1,0.67,0.07,0.22,0.52,0.0,2,1.86,11.86,368.72,0.274,39.6,14.9,32.4,1279,17.7,4.4,5.8,10.7,1345.6,26.7,3.8,192.2,9.4,0.0,7,47,5,day,southeast,False,False,,,,,
D119,2,1,0.0,0.13,0.13,0.13,0.0,0,1.29,12.12,217.93,0.2801,24.8,10.5,34.1,1522,28.4,5.2,6.8,12.6,778.1,18.4,3.7,155.6,8.2,0.0,5,47,5,day,southeast,False,False,,,,,
D119,3,1,0.38,0.19,0.29,0.1,0.38,3,2.02,13.46,323.56,0.3109,46.4,18.3,37.6,1803,40.0,4.5,5.5,14.9,1040.6,24.6,4.1,173.4,9.8,0.0,6,47,5,day,southeast,False,False,,,,,
D119,4,1,0.76,0.31,0.15,0.46,0.0,1,2.14,12.29,185.84,0.2839,46.4,19.6,38.7,1468,31.2,4.6,6.0,12.2,654.6,16.5,3.3,130.9,8.4,0.0,5,47,5,day,southeast,False,False,,,,,
D119,5,2,0.54,0.13,0.4,0.4,0.13,2,2.69,12.56,215.27,0.29,38.4,16.4,24.6,1659,33.5,5.5,6.7,13.7,742.2,17.3,4.3,185.5,9.0,0.0,4,47,5,day,southeast,False,False,0.8299999999999998,0.7000000000000011,0.5,380.0,0.01599999999999996
D119,6,2,0.63,0.0,0.13,0.0,0.0,3,1.51,13.52,247.96,0.3122,46.6,18.6,44.4,1621,32.4,5.8,6.0,13.5,794.1,18.4,3.7,158.8,9.2,0.0,5,47,5,day,southeast,False,False,0.21999999999999997,1.4000000000000004,0.0,99.0,0.03209999999999996
D119,7,2,0.23,0.23,0.0,0.0,0.23,0,1.14,13.15,266.69,0.3038,49.9,20.1,31.8,1623,24.0,6.0,6.7,13.5,877.9,20.6,3.4,146.3,8.0,0.0,6,47,5,day,southeast,False,False,-0.8800000000000001,-0.3100000000000005,-0.6999999999999997,-180.0,-0.007099999999999995
D119,8,2,0.18,0.18,0.0,0.18,0.0,2,1.47,11.9,149.13,0.2749,44.8,15.4,37.2,871,11.0,4.5,7.1,7.3,542.5,10.9,2.7,135.6,6.2,0.0,4,47,5,day,southeast,False,False,-0.6700000000000002,-0.3899999999999988,-0.5999999999999996,-597.0,-0.009000000000000008
D119,9,3,0.57,0.14,0.43,0.28,0.14,2,2.42,13.18,213.93,0.3044,46.2,19.3,42.0,1277,13.6,5.2,6.1,10.6,702.7,16.2,3.2,140.5,8.6,0.0,5,47,5,day,southeast,False,False,-0.27,0.6199999999999992,-1.0999999999999996,-382.0,0.014400000000000024
D119,10,3,0.44,0.0,0.15,0.15,0.44,1,1.48,9.82,153.59,0.2269,33.4,13.0,29.2,1208,19.5,4.5,6.8,10.0,676.8,14.9,3.7,169.2,8.2,0.0,4,47,5,day,southeast,False,False,-0.030000000000000027,-3.6999999999999993,0.0,-413.0,-0.08529999999999999
D119,12,3,0.67,0.22,0.67,0.45,0.22,2,3.8,12.59,129.94,0.2908,50.9,21.4,33.3,1340,26.7,5.7,6.8,11.1,446.9,9.9,3.3,149.0,8.7,0.0,3,47,5,day,southeast,False,False,2.66,-0.5600000000000005,-0.10000000000000009,-283.0,-0.013000000000000012
D119,13,3,0.62,0.39,0.23,0.39,0.23,3,3.12,11.36,336.22,0.2624,35.9,15.7,32.4,1835,37.3,4.5,6.1,15.2,1281.2,28.8,4.8,213.5,10.5,0.0,6,47,5,day,southeast,False,False,1.6500000000000001,-0.5400000000000009,2.0999999999999996,964.0,-0.012499999999999956
D119,14,4,0.75,0.89,0.15,0.45,0.0,2,3.28,11.49,177.96,0.2655,38.7,16.6,31.0,1429,23.0,5.8,6.4,11.9,670.4,14.4,3.6,167.6,8.2,0.0,4,47,5,day,southeast,False,False,0.8599999999999999,-1.6899999999999995,0.3999999999999999,152.0,-0.03889999999999999
D119,15,4,1.24,0.16,0.47,0.47,0.31,5,3.72,13.49,200.88,0.3115,55.9,24.6,37.5,1387,19.6,4.2,5.4,11.5,644.8,16.0,3.2,129.0,7.6,0.0,5,47,5,day,southeast,False,False,2.24,3.67,-0.5,179.0,0.08460000000000001
D120,1,1,0.29,0.29,0.15,0.29,0.0,0,1.46,12.07,191.29,0.2789,34.6,13.7,32.5,1053,10.0,6.2,6.9,8.8,685.8,13.6,3.4,171.5,8.8,0.0,4,40,0,day,southeast,True,True,,,,,
D120,2,1,0.21,0.41,0.0,0.0,0.0,1,1.23,13.59,153.06,0.3138,50.2,19.7,34.4,1199,25.0,4.2,6.2,9.9,487.7,10.9,2.7,121.9,7.0,0.0,4,40,0,day,southeast,True,True,,,,,
D120,3,1,0.46,0.3,0.0,0.15,0.15,1,1.83,12.32,186.9,0.2847,40.5,16.2,31.1,1954,38.8,4.4,6.1,16.1,656.6,16.9,3.4,131.3,8.2,0.0,5,40,0,day,southeast,True,True,,,,,
D120,4,1,0.77,0.1,0.0,0.19,0.0,2,1.54,12.98,311.46,0.2999,44.9,18.0,26.4,1908,36.0,5.3,5.9,15.8,1038.6,25.5,4.3,173.1,9.5,0.0,6,40,0,day,southeast,True,True,,,,,
D120,5,2,0.4,0.16,0.16,0.08,0.08,1,1.51,12.8,373.23,0.2957,40.2,15.4,36.6,1443,24.0,4.1,6.1,12.0,1262.3,28.1,4.0,180.3,8.3,0.0,7,40,0,day,southeast,True,True,0.050000000000000044,0.7300000000000004,0.6000000000000001,390.0,0.016800000000000037
D120,6,2,0.35,0.0,0.0,0.23,0.12,4,1.61,11.15,223.63,0.2577,28.5,11.6,39.7,1096,22.4,4.6,6.8,9.1,867.9,18.6,3.7,173.6,8.0,0.0,5,40,0,day,southeast,True,True,0.3800000000000001,-2.4399999999999995,1.0,-103.0,-0.05610000000000004
D120,7,2,0.2,0.3,0.1,0.2,0.1,0,1.41,12.16,278.86,0.281,27.1,10.6,30.1,1412,28.7,4.7,5.9,11.7,992.5,22.4,3.7,165.4,8.5,0.0,6,40,0,day,southeast,True,True,-0.42000000000000015,-0.16000000000000014,0.30000000000000027,-542.0,-0.003699999999999981
D120,8,2,0.68,0.27,0.27,0.41,0.0,3,2.31,13.1,223.1,0.3027,48.1,19.0,34.4,2055,36.0,5.2,5.6,17.0,737.0,16.9,4.2,184.2,10.2,0.0,4,40,0,day,southeast,True,True,0.77,0.11999999999999922,-0.09999999999999964,147.0,0.0028000000000000247
D120,9,2,0.0,0.0,0.19,0.75,0.0,1,1.12,13.28,164.06,0.3068,65.1,24.1,38.0,1083,17.5,4.5,5.9,9.0,534.7,11.7,2.9,133.7,7.5,0.0,4,40,0,day,southeast,True,True,-0.3899999999999999,0.47999999999999865,-1.1,-360.0,0.011099999999999999
D120,10,3,0.37,0.37,0.12,0.37,0.12,4,1.84,13.19,248.23,0.3047,49.5,21.5,36.7,1876,35.2,4.8,6.0,15.5,814.6,19.9,4.0,162.9,9.0,0.0,5,40,0,day,southeast,True,True,0.22999999999999998,2.039999999999999,0.2999999999999998,780.0,0.04700000000000004
D120,11,3,0.23,0.46,0.0,0.46,0.0,0,1.38,12.18,122.22,0.2814,36.1,17.3,29.0,1403,19.5,5.2,6.9,11.6,434.3,10.6,2.6,108.6,7.5,0.0,4,40,0,day,southeast,True,True,-0.030000000000000027,0.019999999999999574,-1.1,-9.0,0.00039999999999995595
D120,12,3,0.48,0.24,0.12,0.0,0.12,3,1.08,12.47,239.02,0.288,51.4,25.3,40.0,1521,37.7,3.8,5.9,12.6,829.8,21.6,3.6,138.3,8.5,0.0,6,40,0,day,southeast,True,True,-1.23,-0.629999999999999,-0.6000000000000001,-534.0,-0.014700000000000046
D120,13,3,1.04,0.35,0.23,0.46,0.12,4,2.89,11.35,226.75,0.2623,40.3,17.0,37.7,1343,23.6,6.4,7.1,11.1,864.6,18.8,3.8,172.9,9.0,0.0,5,40,0,day,southeast,True,True,1.77,-1.9299999999999997,0.8999999999999999,260.0,-0.04450000000000004
D120,14,4,0.53,0.53,0.53,0.0,0.53,1,2.13,12.46,54.12,0.2879,35.8,14.5,34.1,1297,34.0,4.5,7.2,10.7,188.0,4.0,2.0,94.0,5.5,0.0,2,40,0,day,southeast,True,True,0.2899999999999998,-0.7299999999999986,-2.0,-579.0,-0.016800000000000037
D120,15,4,0.58,0.15,0.0,0.44,0.15,2,2.04,12.22,193.51,0.2823,39.5,17.2,26.6,1471,24.5,4.0,6.4,12.2,685.5,15.2,3.8,171.4,10.0,0.0,4,40,0,day,southeast,True,True,0.6600000000000001,0.040000000000000924,1.1999999999999997,68.0,0.0009000000000000119
D120,16,4,0.42,0.14,0.14,0.0,0.14,0,1.4,10.73,176.92,0.2478,36.3,17.5,28.9,1332,30.4,3.4,5.8,11.0,714.0,18.1,3.6,142.8,8.2,0.0,5,40,0,day,southeast,True,True,0.31999999999999984,-1.7400000000000002,0.0,-189.0,-0.040199999999999986
D120,17,4,0.48,0.24,0.0,0.12,0.24,1,1.43,10.68,206.31,0.2467,37.4,18.1,31.0,1725,33.6,4.2,6.0,14.2,836.3,19.7,3.9,167.3,9.4,0.0,5,40,0,day,southeast,True,True,-1.4600000000000002,-0.6699999999999999,0.10000000000000009,382.0,-0.015599999999999975
D120,18,5,0.6,0.45,0.15,0.0,0.0,1,1.8,11.15,171.66,0.2577,33.4,14.2,31.7,1091,18.0,2.5,5.4,9.1,666.2,14.2,3.6,166.5,8.2,0.0,4,40,0,day,southeast,True,True,-0.32999999999999985,-1.3100000000000005,1.6,-206.0,-0.030200000000000005
D120,19,5,0.43,0.0,0.22,0.65,0.0,4,1.73,11.42,122.08,0.2638,26.9,11.5,40.6,2251,38.7,5.7,6.2,18.6,462.8,11.7,3.9,154.3,9.0,0.0,3,40,0,day,southeast,True,True,-0.31000000000000005,-0.8000000000000007,0.10000000000000009,780.0,-0.018500000000000016
D120,20,5,0.29,0.1,0.0,0.19,0.1,1,1.55,10.09,240.79,0.2331,35.9,17.1,34.3,1136,16.0,5.3,6.4,9.5,1033.1,23.0,3.3,147.6,7.4,0.0,7,40,0,day,southeast,True,True,0.15000000000000013,-0.6400000000000006,-0.30000000000000027,-196.0,-0.01469999999999999
D120,21,5,0.96,0.12,0.0,0.0,0.0,2,1.43,13.1,253.52,0.3027,47.3,22.0,33.7,1588,31.1,4.4,6.2,13.1,837.6,23.1,3.3,119.7,7.6,0.0,7,40,0,day,southeast,True,True,0.0,2.42,-0.6000000000000001,-137.0,0.05600000000000002
D120,22,5,0.2,0.29,0.0,0.49,0.0,1,1.37,11.12,262.3,0.257,29.4,11.9,36.8,1532,20.0,5.8,6.6,12.7,1020.8,21.7,4.3,204.2,10.4,0.0,5,40,0,day,southeast,True,True,-0.42999999999999994,-0.030000000000001137,0.6999999999999997,441.0,-0.0006999999999999784
D120,23,6,0.0,0.0,0.0,0.0,0.0,0,0.2,12.2,141.79,0.2818,54.0,22.9,35.0,1220,14.5,2.8,5.2,10.2,503.1,10.9,2.7,125.8,7.2,0.0,4,40,0,day,southeast,True,True,-1.53,0.7799999999999994,-1.1999999999999997,-1031.0,0.018000000000000016
D120,24,6,0.61,0.3,0.08,0.15,0.08,4,1.83,10.51,319.15,0.2427,32.2,14.2,35.0,1192,23.4,4.9,6.2,9.9,1314.9,28.0,4.0,187.8,8.9,0.0,7,40,0,day,southeast,True,True,0.28,0.41999999999999993,0.7000000000000002,56.0,0.009599999999999997
D120,25,6,0.77,0.33,0.33,0.22,0.0,3,2.52,11.76,247.61,0.2716,50.6,20.9,39.2,1985,30.0,6.2,5.6,16.5,911.6,20.9,4.2,182.3,10.0,0.0,5,40,0,day,southeast,True,True,1.09,-1.3399999999999999,0.9000000000000004,397.0,-0.031100000000000017
D120,26,6,0.52,0.26,0.26,0.13,0.26,2,1.69,11.53,204.97,0.2664,45.9,20.5,30.0,1538,19.6,5.4,6.3,12.7,769.5,16.7,3.3,153.9,8.0,0.0,5,40,0,day,southeast,True,True,0.31999999999999984,0.41000000000000014,-1.0,6.0,0.00940000000000002
D121,1,1,0.78,0.49,0.29,0.0,0.0,4,2.43,13.78,328.02,0.3183,41.2,17.3,31.6,1629,34.6,6.1,6.8,13.5,1030.5,24.9,3.6,147.2,8.6,0.0,7,47,1,day,southeast,False,False,,,,,
D121,2,1,0.94,0.54,0.27,0.4,0.0,2,2.82,12.41,213.12,0.2866,31.6,13.3,31.7,1192,18.4,4.0,6.2,9.9,743.5,16.8,3.4,148.7,8.2,0.0,5,47,1,day,southeast,False,False,,,,,
D121,3,1,0.41,0.21,0.21,0.41,0.0,1,2.27,10.48,117.3,0.2421,46.8,19.3,33.3,2797,50.0,8.5,6.6,23.1,484.5,11.1,5.6,242.2,11.5,0.0,2,47,1,day,southeast,False,False,,,,,
D121,4,1,1.21,0.19,0.09,0.37,0.09,5,2.8,11.33,279.97,0.2616,23.0,10.3,34.5,1191,27.3,5.2,6.7,9.9,1070.1,23.9,4.0,178.4,8.8,1.9,6,47,1,day,southeast,False,False,,,,,
D121,5,2,0.66,0.44,0.0,0.0,0.22,2,1.98,11.62,121.81,0.2684,29.1,10.7,41.5,1342,31.3,4.0,6.8,11.1,453.9,8.8,2.9,151.3,7.7,0.0,3,47,1,day,southeast,False,False,-0.4500000000000002,-2.16,-0.7000000000000002,-287.0,-0.0499
D121,6,2,0.56,0.28,0.28,0.28,0.56,1,2.51,12.63,209.49,0.2919,41.8,16.1,34.8,1799,25.5,5.5,6.2,14.9,717.8,16.9,4.2,179.4,10.5,0.0,4,47,1,day,southeast,False,False,-0.31000000000000005,0.22000000000000064,0.8000000000000003,607.0,0.005299999999999971
D121,7,2,0.21,0.32,0.0,0.53,0.11,0,1.38,13.75,299.14,0.3176,50.6,20.2,39.3,1308,31.3,4.7,5.6,10.9,941.8,21.5,3.6,157.0,9.2,0.0,6,47,1,day,southeast,False,False,-0.8900000000000001,3.2699999999999996,-1.9999999999999996,-1489.0,0.07549999999999998
D121,8,2,0.26,0.0,0.26,0.52,0.26,3,2.46,14.11,251.81,0.3259,50.7,20.6,34.5,1566,29.2,4.6,5.4,13.0,772.6,18.5,3.7,154.5,9.2,0.0,5,47,1,day,southeast,False,False,-0.33999999999999986,2.7799999999999994,-0.2999999999999998,375.0,0.06430000000000002
D121,9,2,0.0,0.47,0.16,0.32,0.0,2,1.74,13.23,193.32,0.3056,38.9,16.3,29.3,1567,32.0,3.8,5.7,13.0,632.7,16.7,3.3,126.5,8.4,0.0,5,47,1,day,southeast,False,False,-0.24,1.6100000000000012,0.3999999999999999,225.0,0.037199999999999955
D121,10,3,0.6,0.79,0.0,0.3,0.0,1,2.58,11.19,260.41,0.2584,29.7,13.0,33.3,1149,21.3,4.7,6.6,9.5,1007.7,20.5,3.4,168.0,7.3,0.0,6,47,1,day,southeast,False,False,0.07000000000000028,-1.4400000000000013,-0.8000000000000003,-650.0,-0.033499999999999974
D121,11,3,1.2,0.0,0.6,0.6,0.0,2,3.0,10.54,121.64,0.2434,35.8,16.7,50.7,936,17.3,3.7,6.6,7.8,499.8,11.5,3.8,166.6,7.3,0.0,3,47,1,day,southeast,False,False,1.62,-3.210000000000001,0.19999999999999973,-372.0,-0.07419999999999999
D121,12,3,0.59,0.2,0.2,0.39,0.2,1,2.56,11.87,278.54,0.2742,48.0,20.0,31.5,1213,18.7,4.7,6.5,10.1,1015.7,22.4,3.7,169.3,8.7,0.0,6,47,1,day,southeast,False,False,0.10000000000000009,-2.24,0.0,-353.0,-0.051700000000000024
D121,13,3,0.64,0.54,0.21,0.21,0.11,1,2.57,11.89,256.27,0.2747,43.3,19.3,36.8,1617,22.8,4.4,5.9,13.4,932.9,20.7,4.1,186.6,9.6,0.0,5,47,1,day,southeast,False,False,0.8299999999999998,-1.3399999999999999,0.7999999999999998,50.0,-0.030899999999999983
D121,14,4,0.42,0.42,0.42,0.63,0.0,1,2.3,11.23,124.25,0.2594,34.9,17.5,30.4,1493,34.5,5.0,6.5,12.4,479.0,12.5,3.1,119.8,7.8,0.0,4,47,1,day,southeast,False,False,-0.28000000000000025,0.040000000000000924,-0.2999999999999998,344.0,0.0010000000000000009
D121,15,4,0.89,0.59,0.49,0.59,0.3,3,4.33,11.32,265.97,0.2616,33.6,13.7,29.7,1348,16.8,6.0,5.6,11.2,1016.7,21.0,4.2,203.3,9.4,0.0,5,47,1,day,southeast,False,False,1.33,0.7800000000000011,0.40000000000000036,412.0,0.018199999999999994
D121,16,4,1.28,0.0,0.0,0.0,0.0,1,1.93,12.06,43.38,0.2786,48.1,19.8,29.2,2032,30.0,7.0,5.6,16.9,155.7,3.6,3.6,155.7,10.0,0.0,1,47,1,day,southeast,False,False,-0.6300000000000001,0.19000000000000128,-0.10000000000000009,819.0,0.004400000000000015
D122,1,1,1.87,1.25,0.93,1.56,0.1,8,8.2,19.64,436.98,0.4537,94.0,27.6,34.3,2451,56.6,4.7,6.0,20.2,963.1,24.9,3.6,137.6,8.3,39.7,7,41,2,rotating,northeast,False,True,,,,,
D122,2,1,1.26,0.76,0.76,1.52,0.25,3,8.09,25.56,233.54,0.5903,149.8,41.6,31.6,2744,59.5,5.5,5.9,22.5,395.6,12.4,3.1,98.9,9.0,19.4,4,41,2,rotating,northeast,False,True,,,,,
D122,3,1,2.93,0.88,0.59,0.73,0.73,5,8.22,21.02,330.93,0.4856,89.6,28.4,39.5,2354,68.0,4.8,5.8,19.4,681.5,19.0,3.8,136.3,8.4,11.9,5,41,2,rotating,northeast,False,True,,,,,
D122,4,1,1.71,0.53,1.71,1.05,0.53,6,8.57,24.15,423.31,0.5578,138.5,39.3,36.5,2078,52.7,4.5,5.7,17.1,758.9,21.8,3.6,126.5,8.5,51.0,6,41,2,rotating,northeast,False,True,,,,,
D122,5,2,1.32,0.19,0.57,1.13,0.19,4,6.8,25.64,313.4,0.5923,146.4,40.2,34.1,2845,67.6,7.6,7.0,23.4,529.1,16.3,3.3,105.8,8.6,14.0,5,41,2,rotating,northeast,False,True,-1.3999999999999995,6.0,-0.30000000000000027,394.0,0.13860000000000006
D122,6,2,2.05,2.21,1.74,1.9,0.47,10,11.53,22.21,324.81,0.513,107.3,33.7,34.9,2703,56.4,3.6,6.1,22.2,633.2,18.5,3.7,126.6,8.8,47.7,5,41,2,rotating,northeast,False,True,3.4399999999999995,-3.349999999999998,0.6000000000000001,-41.0,-0.07730000000000004
D122,7,2,0.93,1.12,1.3,1.3,0.56,4,8.18,20.97,260.59,0.4845,130.7,37.2,32.0,2540,48.0,4.8,6.2,20.9,537.9,13.9,3.5,134.5,8.2,27.3,4,41,2,rotating,northeast,False,True,-0.040000000000000924,-0.05000000000000071,-0.2999999999999998,186.0,-0.0010999999999999899
D122,8,2,1.13,1.89,0.75,2.45,0.57,9,10.0,22.97,281.29,0.5305,113.2,33.8,38.1,2032,50.0,4.4,5.7,16.7,530.2,15.8,3.2,106.0,7.4,86.5,5,41,2,rotating,northeast,False,True,1.4299999999999997,-1.1799999999999997,-0.3999999999999999,-46.0,-0.02729999999999999
D122,9,2,1.15,0.16,1.15,1.32,0.33,4,6.76,22.41,314.18,0.5178,116.2,35.0,26.8,1977,44.0,3.5,6.0,16.3,606.8,17.0,2.8,101.1,8.0,37.5,6,41,2,rotating,northeast,False,True,-0.040000000000000036,-3.2300000000000004,-0.5,-868.0,-0.07450000000000001
D122,10,3,0.99,2.22,0.99,1.24,1.48,4,8.4,16.34,152.78,0.3775,96.1,34.1,35.8,1354,30.5,4.5,6.7,11.2,404.7,11.5,2.9,101.2,6.5,38.5,4,41,2,rotating,northeast,False,True,-3.129999999999999,-5.870000000000001,-0.8000000000000003,-1349.0,-0.1355
D122,11,3,1.9,0.86,0.34,1.72,0.17,3,7.75,18.63,249.71,0.4302,108.3,32.3,39.4,1882,38.4,5.4,6.3,15.5,580.4,16.6,3.3,116.1,9.2,78.3,5,41,2,rotating,northeast,False,True,-0.4299999999999997,-2.34,-0.20000000000000018,-658.0,-0.05429999999999996
D122,12,3,1.54,1.42,1.18,2.01,0.71,8,9.48,19.35,377.41,0.447,112.6,35.3,32.4,3314,67.2,7.6,6.1,27.3,844.3,21.7,4.3,168.9,11.2,80.4,5,41,2,rotating,northeast,False,True,-0.5199999999999996,-3.6199999999999974,1.0999999999999996,1282.0,-0.08349999999999996
D122,13,3,0.99,0.82,1.32,2.14,0.66,7,8.25,21.47,300.65,0.496,107.3,35.3,39.1,2334,53.3,4.2,6.0,19.2,606.2,17.9,3.0,101.0,8.5,23.5,6,41,2,rotating,northeast,False,True,1.4900000000000002,-0.9400000000000013,0.20000000000000018,357.0,-0.02180000000000004
D122,14,4,1.17,1.75,1.02,2.19,0.58,6,9.05,21.95,347.38,0.5071,130.8,37.4,35.6,2105,57.0,4.5,6.3,17.3,685.0,18.1,3.0,114.2,8.5,62.7,6,41,2,rotating,northeast,False,True,0.6500000000000004,5.609999999999999,0.10000000000000009,751.0,0.1296
D122,15,4,2.05,1.85,2.26,2.26,0.21,1,11.91,23.1,259.88,0.5336,150.1,42.2,41.0,1786,38.4,3.6,5.9,14.8,487.0,13.7,2.7,97.4,6.4,65.6,5,41,2,rotating,northeast,False,True,4.16,4.470000000000002,-0.5999999999999996,-96.0,0.10339999999999994
D122,16,4,1.96,1.18,0.39,2.55,0.39,7,9.8,20.7,244.05,0.4783,112.2,35.0,35.9,2245,56.0,5.8,6.4,18.5,510.3,14.4,3.6,127.6,8.5,76.5,4,41,2,rotating,northeast,False,True,0.3200000000000003,1.3499999999999979,-0.6999999999999997,-1069.0,0.031299999999999994
D122,17,4,2.28,1.52,0.76,2.43,1.06,11,11.71,17.46,265.33,0.4034,99.4,28.1,30.9,2610,61.5,6.0,6.7,21.5,657.7,17.9,4.5,164.4,10.8,72.1,4,41,2,rotating,northeast,False,True,3.460000000000001,-4.009999999999998,1.5,276.0,-0.09260000000000002
D122,18,5,2.53,2.07,0.69,2.3,1.15,3,9.67,22.01,220.95,0.5085,108.5,37.4,34.3,2134,51.2,4.0,5.9,17.6,434.5,13.8,2.8,86.9,7.8,33.3,5,41,2,rotating,northeast,False,True,0.6199999999999992,0.060000000000002274,-0.20000000000000018,29.0,0.0013999999999999568
D122,19,5,0.85,0.85,1.48,1.27,0.85,1,9.1,19.7,215.01,0.455,143.4,42.1,31.4,1747,37.0,3.0,6.3,14.4,472.6,13.5,2.3,78.8,6.3,39.5,6,41,2,rotating,northeast,False,True,-2.8100000000000005,-3.400000000000002,-0.40000000000000036,-39.0,-0.07859999999999995
D122,20,5,2.3,1.54,2.3,2.3,0.58,5,11.52,20.84,250.7,0.4813,130.5,37.0,31.3,2533,53.5,4.2,5.9,20.9,520.9,13.3,3.3,130.2,9.0,22.2,4,41,2,rotating,northeast,False,True,1.7199999999999989,0.14000000000000057,-0.30000000000000027,288.0,0.0030000000000000027
D122,21,5,2.04,1.49,1.49,1.36,0.68,7,9.92,18.17,308.85,0.4197,89.3,30.4,34.1,2034,42.3,5.0,6.4,16.8,735.8,19.7,3.3,122.6,8.5,54.9,6,41,2,rotating,northeast,False,True,-1.790000000000001,0.7100000000000009,-1.2000000000000002,-576.0,0.016300000000000037
D122,22,5,1.21,2.01,2.82,4.43,2.01,3,14.1,25.63,147.03,0.5922,193.8,53.3,29.9,2504,55.3,5.0,6.3,20.6,248.3,7.7,2.6,82.8,8.0,0.0,3,41,2,rotating,northeast,False,True,4.43,3.6199999999999974,-0.19999999999999973,370.0,0.0837
D122,23,6,4.48,1.34,1.34,3.14,1.34,4,14.79,20.22,104.23,0.4672,102.1,30.9,34.1,1356,47.0,3.0,6.9,11.2,223.1,5.7,2.8,111.5,7.5,100.0,2,41,2,rotating,northeast,False,True,5.6899999999999995,0.5199999999999996,0.5,-391.0,0.012199999999999989
D122,24,6,1.78,2.54,2.29,1.02,0.76,3,10.93,20.86,189.49,0.4818,101.8,36.0,32.7,2302,51.0,5.0,6.2,18.9,393.3,12.5,3.1,98.3,7.8,41.9,4,41,2,rotating,northeast,False,True,-0.5899999999999999,0.019999999999999574,-0.19999999999999973,-231.0,0.0005000000000000004
D122,25,6,2.94,1.1,1.47,2.39,0.0,5,12.33,19.73,247.68,0.4557,105.5,33.3,27.6,2219,68.5,4.0,5.8,18.2,543.5,14.7,3.7,135.9,9.0,52.8,4,41,2,rotating,northeast,False,True,2.41,1.5599999999999987,0.40000000000000036,185.0,0.035999999999999976
D122,26,6,4.93,1.48,0.66,2.63,0.82,4,14.95,21.62,303.97,0.4995,129.4,36.8,29.6,2250,47.6,4.0,6.0,18.6,608.6,16.3,3.3,121.7,8.0,30.0,5,41,2,rotating,northeast,False,True,0.8499999999999996,-4.009999999999998,0.6999999999999997,-254.0,-0.09269999999999995
D123,1,1,0.71,0.94,0.71,0.71,0.35,2,4.35,17.15,336.64,0.3961,72.5,23.4,34.8,1497,26.8,5.6,6.5,12.5,849.8,19.7,3.9,170.0,9.6,0.0,5,51,1,day,southeast,True,True,,,,,
D123,2,1,1.25,1.13,0.25,0.88,0.13,4,5.14,16.93,311.8,0.3911,83.6,26.4,32.3,1544,20.4,5.2,6.1,12.8,797.2,19.4,3.9,159.4,9.2,0.0,5,51,1,day,southeast,True,True,,,,,
D123,3,1,0.0,0.76,0.0,1.51,0.0,1,3.02,13.47,41.16,0.3111,37.8,14.5,35.3,544,4.0,2.0,6.2,4.5,132.3,2.9,2.9,132.3,6.0,0.0,1,51,1,day,southeast,True,True,,,,,
D123,4,1,0.68,1.09,0.27,0.14,0.95,4,3.54,16.55,280.76,0.3822,66.9,20.4,30.5,1021,14.4,3.6,6.5,8.5,734.6,16.0,3.2,146.9,7.8,0.0,5,51,1,day,southeast,True,True,,,,,
D123,5,2,0.61,0.61,0.2,1.21,0.61,2,4.25,16.28,185.82,0.3761,70.7,22.7,36.7,1947,34.0,4.0,5.4,16.1,494.0,13.0,4.3,164.7,10.0,0.0,3,51,1,day,southeast,True,True,-0.09999999999999964,-0.8699999999999974,0.3999999999999999,450.0,-0.020000000000000018
D123,6,2,1.15,0.38,0.89,0.89,0.13,3,4.33,16.17,293.02,0.3735,50.3,18.3,42.8,1515,25.2,3.4,5.8,12.5,784.5,19.7,3.9,156.9,9.4,0.0,5,51,1,day,southeast,True,True,-0.8099999999999996,-0.759999999999998,0.0,-29.0,-0.017600000000000005
D123,7,2,0.85,0.36,0.85,1.09,0.61,4,4.86,15.36,291.91,0.3547,54.3,16.7,35.9,1040,16.3,3.0,5.7,8.7,822.9,16.9,2.8,137.1,7.3,0.0,6,51,1,day,southeast,True,True,1.8400000000000003,1.8899999999999988,-0.10000000000000009,496.0,0.04360000000000003
D123,8,2,1.79,1.31,0.16,0.98,0.16,5,5.06,18.11,256.34,0.4182,68.4,23.0,37.1,1528,39.6,4.8,6.7,12.6,612.9,15.5,3.1,122.6,7.4,0.0,5,51,1,day,southeast,True,True,1.5199999999999996,1.5599999999999987,-0.10000000000000009,507.0,0.03600000000000003
D123,9,2,1.45,0.85,0.68,1.03,0.77,5,5.55,14.82,400.53,0.3423,46.8,15.9,36.2,794,10.3,3.3,6.2,6.6,1170.2,25.3,3.6,167.2,7.4,0.0,7,51,1,day,southeast,True,True,1.2999999999999998,-1.4600000000000009,-0.6999999999999997,-1153.0,-0.0338
D123,10,3,0.96,0.88,0.35,0.79,0.09,6,4.11,14.75,389.21,0.3407,59.0,22.0,31.8,1448,25.3,5.2,6.1,12.1,1142.4,26.8,4.5,190.4,9.2,0.0,6,51,1,day,southeast,True,True,-0.21999999999999975,-1.4200000000000017,0.6000000000000001,-67.0,-0.032799999999999996
D123,11,3,1.04,1.04,0.58,1.04,0.46,3,5.66,14.31,286.26,0.3305,63.6,22.0,33.6,1410,22.0,3.2,5.4,11.7,866.0,19.2,3.8,173.2,8.4,0.0,5,51,1,day,southeast,True,True,0.7999999999999998,-1.049999999999999,1.0,370.0,-0.0242
D123,12,3,1.31,0.98,0.87,1.2,0.44,3,6.0,13.97,295.7,0.3227,62.7,22.8,39.0,1151,21.7,3.8,6.0,9.6,916.4,20.0,3.3,152.7,8.3,0.0,6,51,1,day,southeast,True,True,0.9400000000000004,-4.139999999999999,0.19999999999999973,-377.0,-0.09550000000000003
D123,13,3,1.44,0.96,0.0,0.96,0.48,1,6.72,15.81,76.07,0.3652,98.3,28.7,31.8,1575,19.0,2.5,4.9,13.0,208.3,4.5,2.3,104.2,7.0,0.0,2,51,1,day,southeast,True,True,1.17,0.9900000000000002,-1.3000000000000003,781.0,0.02290000000000003
D123,14,4,2.03,1.16,0.87,0.87,0.87,3,7.82,17.62,140.59,0.407,106.0,31.7,30.1,1253,26.0,5.3,7.6,10.4,345.4,7.6,2.5,115.1,6.7,0.0,3,51,1,day,southeast,True,True,3.71,2.870000000000001,-2.0,-195.0,0.06629999999999997
D123,15,4,2.02,1.19,0.71,0.95,0.12,7,8.07,15.83,308.11,0.3657,68.4,24.0,31.4,1498,18.8,6.8,6.7,12.4,842.5,19.5,3.9,168.5,8.8,0.0,5,51,1,day,southeast,True,True,2.41,1.5199999999999996,0.10000000000000009,88.0,0.03520000000000001
D123,16,4,1.63,1.09,0.87,0.76,0.98,8,7.08,14.46,306.56,0.334,50.7,18.8,43.2,1458,28.0,4.0,5.9,12.1,917.8,22.4,3.7,153.0,9.5,0.0,6,51,1,day,southeast,True,True,1.08,0.4900000000000002,0.40000000000000036,307.0,0.011300000000000032
D123,17,4,3.1,1.03,1.03,0.83,0.52,4,8.88,14.67,328.34,0.339,55.5,21.2,35.6,1425,25.7,4.5,6.1,11.8,968.7,23.1,3.8,161.5,9.8,0.0,6,51,1,day,southeast,True,True,2.160000000000001,-1.1400000000000006,1.5,-150.0,-0.0262
D124,1,1,5.67,2.83,2.3,2.66,0.89,13,15.41,19.65,256.23,0.4539,39.7,10.5,35.0,954,12.0,3.3,6.0,8.0,564.5,12.2,4.1,188.2,8.3,0.0,3,27,4,day,southeast,False,False,,,,,
D124,2,1,2.87,3.97,3.01,2.05,0.41,10,13.14,19.5,329.01,0.4504,47.6,13.0,33.9,1271,21.0,2.5,5.6,10.5,730.5,17.0,2.8,121.7,7.0,0.0,6,27,4,day,southeast,False,False,,,,,
D124,3,1,3.6,2.7,3.72,2.93,1.24,14,15.31,17.98,368.84,0.4153,35.9,10.1,33.9,899,9.2,3.0,5.6,7.5,888.1,18.8,3.8,177.6,7.8,0.0,5,27,4,day,southeast,False,False,,,,,
D124,4,1,4.08,2.63,4.74,2.37,0.79,18,16.2,17.29,303.21,0.3993,42.3,10.6,31.5,962,16.8,3.4,5.8,8.0,759.3,16.3,3.3,151.9,7.4,0.0,5,27,4,day,southeast,False,False,,,,,
D124,5,1,4.6,3.17,2.86,1.53,1.12,13,14.21,17.38,392.77,0.4014,48.1,12.6,31.9,1053,21.7,3.8,6.4,8.7,978.4,19.3,3.2,163.1,6.8,0.0,6,27,4,day,southeast,False,False,-1.1999999999999993,-2.2699999999999996,-0.8999999999999995,99.0,-0.05250000000000005
D124,6,2,4.02,3.78,3.54,2.56,0.73,12,15.37,20.1,380.76,0.4644,52.4,14.8,33.8,1222,26.7,4.2,6.3,10.1,819.9,20.1,3.3,136.6,8.0,0.0,6,27,4,day,southeast,False,False,2.2299999999999986,0.6000000000000014,0.5,-49.0,0.013999999999999957
D124,7,2,4.19,3.23,2.51,3.23,0.72,12,15.2,18.12,349.69,0.4186,49.2,14.8,42.5,1755,24.8,3.2,5.8,14.5,835.4,19.6,3.9,167.1,9.6,0.0,5,27,4,day,southeast,False,False,-0.11000000000000121,0.14000000000000057,0.10000000000000009,856.0,0.003300000000000025
D124,8,2,2.8,3.83,1.91,3.39,0.44,12,13.84,20.51,321.62,0.4737,59.0,15.9,29.1,1804,32.0,5.5,5.8,14.9,679.0,16.5,4.1,169.8,10.5,0.0,4,27,4,day,southeast,False,False,-2.3599999999999994,3.2200000000000024,0.7999999999999998,842.0,0.07440000000000002
D124,9,2,4.56,3.28,3.98,2.34,0.94,11,16.27,17.61,347.59,0.4068,38.6,11.4,37.5,959,19.0,3.5,6.4,8.0,854.4,18.9,3.2,142.4,7.7,0.0,6,27,4,day,southeast,False,False,2.0599999999999987,0.23000000000000043,0.0,-94.0,0.005400000000000016
D124,10,3,4.96,4.29,3.88,2.81,0.67,15,18.35,18.92,326.24,0.437,70.0,20.8,35.1,1681,30.0,5.3,6.3,13.9,746.6,18.7,3.1,124.4,7.3,0.0,6,27,4,day,southeast,False,False,2.980000000000002,-1.1799999999999997,-0.19999999999999973,459.0,-0.02739999999999998
D124,11,3,4.33,2.48,2.48,3.3,1.03,6,14.44,16.55,185.26,0.3823,60.7,17.0,37.2,1256,30.0,2.5,5.6,10.4,484.6,11.4,2.8,121.2,6.5,0.0,4,27,4,day,southeast,False,False,-0.7599999999999998,-1.5700000000000003,-1.1,-499.0,-0.036300000000000054
D124,12,3,3.66,2.7,2.31,2.51,1.35,7,12.91,17.96,215.2,0.4148,60.7,19.0,35.4,1243,21.0,4.2,6.2,10.3,518.8,12.7,3.2,129.7,7.5,0.0,4,27,4,day,southeast,False,False,-0.9299999999999997,-2.5500000000000007,-0.8999999999999995,-561.0,-0.05890000000000001
D124,13,3,4.07,2.71,1.9,3.25,1.08,6,14.09,16.76,142.83,0.3871,42.6,13.4,35.9,905,10.0,3.3,6.3,7.5,369.0,8.7,2.9,123.0,6.7,0.0,3,27,4,day,southeast,False,False,-2.1799999999999997,-0.8499999999999979,-0.30000000000000027,-54.0,-0.019699999999999995
D124,14,4,3.56,3.56,2.1,2.1,0.97,6,12.78,16.66,237.81,0.3848,52.6,15.8,34.9,1079,17.2,3.6,6.1,9.0,618.0,14.4,2.9,123.6,7.2,0.0,5,27,4,day,southeast,False,False,-5.570000000000002,-2.2600000000000016,-0.20000000000000018,-602.0,-0.052200000000000024
D124,15,4,3.49,3.14,3.14,3.49,0.35,7,14.55,18.22,361.4,0.4208,51.5,15.9,28.1,1335,18.7,3.2,5.6,11.1,858.9,20.1,3.3,143.2,8.0,0.0,6,27,4,day,southeast,False,False,0.11000000000000121,1.6699999999999982,0.5,79.0,0.038500000000000034
D124,16,4,4.36,4.13,3.44,2.07,0.92,5,16.29,18.68,188.08,0.4316,78.2,21.4,34.1,1110,8.7,3.0,5.4,9.3,435.8,9.3,3.1,145.3,7.7,0.0,3,27,4,day,southeast,False,False,3.379999999999999,0.7199999999999989,-0.10000000000000009,-133.0,0.01679999999999998
D124,17,4,3.41,1.81,3.01,2.61,0.6,4,13.25,16.23,186.76,0.375,43.2,13.5,26.3,1445,27.3,5.3,6.3,11.9,498.0,10.5,3.5,166.0,7.3,0.0,3,27,4,day,southeast,False,False,-0.8399999999999999,-0.5300000000000011,0.6000000000000001,540.0,-0.0121
D124,18,5,4.69,3.12,2.34,1.17,1.17,0,13.28,20.44,120.88,0.4722,93.5,27.9,40.7,985,24.0,3.0,6.7,8.2,256.0,6.6,2.2,85.3,5.3,0.0,3,27,4,day,southeast,False,False,0.5,3.780000000000001,-0.6999999999999997,-94.0,0.08740000000000003
D124,19,5,2.56,4.43,2.8,3.26,0.23,7,13.99,18.82,186.51,0.4349,43.5,14.3,28.0,1173,23.5,2.2,5.6,9.7,428.9,11.0,2.8,107.2,6.2,0.0,4,27,4,day,southeast,False,False,-0.5600000000000005,0.6000000000000014,-0.5,-162.0,0.014100000000000001
D124,20,5,4.19,3.33,2.76,2.19,0.95,16,14.57,16.95,411.06,0.3915,56.5,15.9,30.2,1669,31.6,6.2,6.8,13.8,1049.9,22.8,4.6,210.0,9.4,0.0,5,27,4,day,southeast,False,False,-1.7199999999999989,-1.7300000000000004,1.4999999999999996,559.0,-0.04009999999999997
D124,21,5,4.64,2.75,1.72,2.06,1.03,7,13.07,14.64,196.63,0.3382,46.4,15.1,35.6,950,19.6,3.6,6.3,7.8,581.4,11.7,2.3,116.3,6.2,0.0,5,27,4,day,southeast,False,False,-0.17999999999999972,-1.5899999999999999,-1.2000000000000002,-495.0,-0.0368
D124,22,5,3.67,3.67,2.18,3.33,0.92,14,14.58,18.28,367.61,0.4222,64.1,20.9,35.2,1786,39.1,5.1,6.5,14.8,870.8,23.4,3.3,124.4,7.7,0.0,7,27,4,day,southeast,False,False,1.3000000000000007,-2.16,1.0999999999999996,801.0,-0.04999999999999999
D124,23,6,3.47,3.34,3.2,3.2,1.33,10,15.48,16.68,288.73,0.3853,43.5,11.8,31.0,1303,20.0,4.0,6.5,10.8,749.4,14.2,3.5,187.4,8.8,0.0,4,27,4,day,southeast,False,False,1.4900000000000002,-2.1400000000000006,0.7000000000000002,130.0,-0.04960000000000003
D124,24,6,5.12,3.51,2.16,2.43,0.94,13,15.37,18.38,314.88,0.4246,66.1,19.1,34.2,1792,41.2,4.4,6.2,14.8,741.5,16.4,3.3,148.3,7.6,0.0,5,27,4,day,southeast,False,False,0.7999999999999989,1.4299999999999997,-1.2999999999999998,123.0,0.03309999999999996
D124,25,6,3.9,2.89,1.7,3.73,0.17,10,13.24,18.57,252.64,0.4289,56.5,18.1,38.5,1631,33.2,3.6,6.1,13.5,589.1,14.6,2.9,117.8,7.2,0.0,5,27,4,day,southeast,False,False,0.16999999999999993,3.9299999999999997,0.6000000000000001,681.0,0.0907
D124,26,6,2.94,2.78,2.45,3.43,0.65,6,13.71,20.01,283.21,0.4623,79.0,22.7,29.8,1228,14.4,4.4,6.7,10.2,612.6,14.7,2.9,122.5,7.8,0.0,5,27,4,day,southeast,False,False,-0.8699999999999992,1.7300000000000004,-0.3999999999999999,-558.0,0.04009999999999997
D125,1,1,0.0,0.64,0.0,0.16,0.16,0,2.26,14.38,206.14,0.3323,45.7,20.6,37.5,2559,57.6,5.6,6.0,21.1,620.4,18.5,3.7,124.1,8.8,0.0,5,38,11,day,northeast,True,True,,,,,
D125,2,1,0.1,0.4,0.1,0.4,0.2,3,1.88,13.84,322.66,0.3198,43.2,19.5,36.0,2446,41.1,5.4,6.1,20.1,1008.9,27.5,3.9,144.1,8.7,0.0,7,38,11,day,northeast,True,True,,,,,
D125,3,1,0.47,0.0,0.16,0.16,0.16,2,1.74,15.93,232.5,0.3681,75.9,29.0,32.4,1926,45.0,3.8,5.6,15.9,631.7,16.4,2.7,105.3,7.7,0.0,6,38,11,day,northeast,True,True,,,,,
D125,4,1,0.33,0.33,0.33,0.33,0.33,0,1.98,14.18,99.4,0.3275,24.9,13.9,35.2,2634,48.7,4.3,6.2,21.7,303.5,10.8,3.6,101.2,8.7,0.0,3,38,11,day,northeast,True,True,,,,,
D125,5,2,0.33,0.5,0.0,0.5,0.0,2,1.5,15.7,217.93,0.3626,46.8,23.8,40.5,3242,67.2,4.4,5.7,26.7,601.0,20.4,4.1,120.2,9.8,0.0,5,38,11,day,northeast,True,True,-0.7599999999999998,1.3199999999999985,0.39999999999999947,683.0,0.030299999999999994
D125,6,2,0.23,0.45,0.45,0.45,0.0,1,2.05,18.26,185.52,0.4218,68.8,30.9,30.6,2718,67.6,4.4,6.2,22.3,439.8,15.0,3.0,88.0,7.8,0.0,5,38,11,day,northeast,True,True,0.16999999999999993,4.420000000000002,-0.8999999999999999,272.0,0.10200000000000004
D125,7,2,0.17,0.17,0.0,0.35,0.17,1,1.04,16.03,214.11,0.3703,55.2,26.0,41.5,1992,43.1,4.9,6.6,16.4,578.2,19.6,2.8,82.6,7.6,0.0,7,38,11,day,northeast,True,True,-0.7,0.10000000000000142,0.09999999999999964,66.0,0.0022000000000000353
D125,8,2,0.28,0.14,0.14,0.0,0.14,0,0.98,14.43,238.3,0.3332,53.2,20.5,43.3,2727,60.8,6.4,6.4,22.4,715.1,18.4,3.7,143.0,10.2,0.0,5,38,11,day,northeast,True,True,-1.0,0.25,0.10000000000000009,93.0,0.005699999999999983
D125,9,3,0.21,0.0,0.21,0.43,0.21,1,1.5,12.95,139.89,0.2992,47.9,21.3,42.9,2660,67.3,6.3,5.7,21.9,467.5,11.6,3.9,155.8,11.0,0.0,3,38,11,day,northeast,True,True,0.0,-2.75,-0.19999999999999973,-582.0,-0.06339999999999996
D125,10,3,0.44,0.0,0.15,0.29,0.0,2,1.18,13.4,210.46,0.3096,50.7,24.4,36.2,2330,55.7,5.2,5.8,19.2,679.9,19.5,3.2,113.3,8.8,0.0,6,38,11,day,northeast,True,True,-0.8699999999999999,-4.860000000000001,0.20000000000000018,-388.0,-0.11220000000000002
D125,11,3,0.32,0.0,0.0,0.32,0.0,0,1.11,13.83,201.69,0.3194,51.3,23.5,33.9,2398,55.7,4.3,6.0,19.7,631.4,16.7,2.8,105.2,7.5,0.0,6,38,11,day,northeast,True,True,0.07000000000000006,-2.200000000000001,0.0,406.0,-0.0509
D125,12,3,0.2,0.2,0.0,0.2,0.0,0,0.61,12.53,141.53,0.2896,27.1,15.0,29.4,2147,38.5,4.2,6.3,17.7,488.8,14.1,3.5,122.2,8.8,0.0,4,38,11,day,northeast,True,True,-0.37,-1.9000000000000004,-0.20000000000000018,-580.0,-0.04359999999999997
D125,13,3,0.48,0.16,0.48,0.32,0.0,2,2.1,12.22,175.05,0.2823,39.6,18.4,35.6,2100,60.4,5.4,6.8,17.3,620.0,15.0,3.0,124.0,7.6,0.0,5,38,11,day,northeast,True,True,0.6000000000000001,-0.7299999999999986,-0.8999999999999999,-560.0,-0.016900000000000026
D125,14,4,0.16,0.31,0.31,0.31,0.16,0,1.86,14.25,212.22,0.3293,54.7,25.2,34.1,1792,41.0,3.7,5.5,14.8,644.5,17.9,3.0,107.4,7.2,0.0,6,38,11,day,northeast,True,True,0.6800000000000002,0.8499999999999996,-0.20000000000000018,-538.0,0.019699999999999995
D125,15,4,0.41,0.1,0.31,0.21,0.0,1,1.95,12.02,270.34,0.2777,45.8,20.7,35.8,2414,51.7,5.5,5.9,19.9,973.5,24.0,4.0,162.3,9.7,0.0,6,38,11,day,northeast,True,True,0.8399999999999999,-1.8100000000000005,1.2000000000000002,16.0,-0.041700000000000015
D125,16,4,0.38,0.19,0.38,0.19,0.0,1,1.91,11.31,137.12,0.2612,32.1,14.5,31.4,2757,72.0,5.3,5.8,22.7,524.9,13.3,4.4,175.0,10.0,0.0,3,38,11,day,northeast,True,True,1.2999999999999998,-1.2199999999999989,0.9000000000000004,610.0,-0.028400000000000036
D125,17,4,0.0,0.0,0.0,0.0,0.0,0,0.9,11.72,29.96,0.2706,25.9,12.8,33.3,1428,36.0,4.0,6.1,11.8,110.7,2.7,2.7,110.7,7.0,0.0,1,38,11,day,northeast,True,True,-1.2000000000000002,-0.5,-0.2999999999999998,-672.0,-0.011699999999999988
D125,18,5,0.54,0.45,0.18,0.18,0.0,1,1.88,11.8,303.88,0.2726,39.4,18.3,27.3,2133,48.0,5.9,6.0,17.6,1114.9,28.1,4.0,159.3,9.0,0.0,7,38,11,day,northeast,True,True,0.019999999999999796,-2.4499999999999993,1.0,341.0,-0.05669999999999997
D125,19,5,0.43,0.21,0.21,0.21,0.0,2,1.82,13.94,300.51,0.3221,54.8,25.1,36.7,2389,52.9,6.1,6.5,19.7,933.1,25.6,3.7,133.3,9.0,0.0,7,38,11,day,northeast,True,True,-0.1299999999999999,1.92,-0.2999999999999998,-25.0,0.044399999999999995
D125,20,5,0.27,0.0,0.0,0.0,0.0,0,1.33,12.22,106.24,0.2824,58.3,25.6,40.2,2322,42.0,3.3,5.3,19.1,376.2,9.6,3.2,125.4,8.0,0.0,3,38,11,day,northeast,True,True,-0.5799999999999998,0.9100000000000001,-1.2000000000000002,-435.0,0.021199999999999997
D125,21,5,0.2,0.2,0.0,0.0,0.0,0,0.8,12.63,146.55,0.2918,44.3,22.7,37.1,1924,38.0,4.6,6.5,15.9,502.2,13.9,2.8,100.4,7.0,0.0,5,38,11,day,northeast,True,True,-0.09999999999999998,0.9100000000000001,0.09999999999999964,496.0,0.021199999999999997
D125,22,5,0.79,0.2,0.0,0.0,0.2,1,1.78,11.81,138.25,0.2729,40.1,16.9,26.3,2220,51.0,5.8,6.8,18.3,506.6,12.9,3.2,126.6,7.8,0.0,4,38,11,day,northeast,True,True,-0.09999999999999987,0.009999999999999787,-0.7999999999999998,87.0,0.00029999999999996696
D125,23,6,0.32,0.32,0.0,0.32,0.0,2,1.6,11.09,80.13,0.2563,54.6,29.8,30.8,1652,37.0,4.0,6.7,13.6,312.7,8.3,2.1,78.2,6.5,0.0,4,38,11,day,northeast,True,True,-0.21999999999999997,-2.8499999999999996,-1.6,-737.0,-0.06580000000000003
D125,24,6,0.32,0.32,0.32,0.48,0.16,2,2.54,11.84,172.26,0.2736,38.8,17.3,32.2,1936,44.5,5.8,6.0,16.0,629.6,14.2,3.6,157.4,8.5,0.0,4,38,11,day,northeast,True,True,1.21,-0.3800000000000008,0.3999999999999999,-386.0,-0.008799999999999975
D125,25,6,0.27,0.27,0.0,0.0,0.0,0,0.81,12.82,109.24,0.2962,57.8,27.4,35.8,2040,44.5,4.8,6.2,16.8,368.8,9.6,2.4,92.2,6.8,0.0,4,38,11,day,northeast,True,True,0.010000000000000009,0.1899999999999995,-0.3999999999999999,116.0,0.004400000000000015
D125,26,6,0.17,0.26,0.09,0.17,0.09,2,1.54,12.86,346.52,0.297,50.5,22.8,41.2,2489,54.3,5.7,6.1,20.5,1166.8,28.6,4.1,166.7,9.4,0.0,7,38,11,day,northeast,True,True,-0.24,1.049999999999999,0.8999999999999995,269.0,0.02410000000000001
D126,1,1,0.67,1.43,0.29,0.86,0.38,6,5.54,15.64,377.82,0.3612,75.4,19.7,33.3,1167,16.9,3.9,5.5,9.7,1046.0,23.8,3.4,149.4,8.4,0.0,7,47,4,day,southeast,False,True,,,,,
D126,2,1,1.22,1.83,0.2,0.61,0.41,4,5.08,17.01,193.37,0.393,58.1,20.9,37.0,1354,25.0,3.0,5.5,11.2,492.0,12.6,3.1,123.0,7.2,0.0,4,47,4,day,southeast,False,True,,,,,
D126,3,1,0.83,0.58,0.42,0.5,0.5,10,5.07,17.28,480.32,0.3991,65.0,21.5,38.8,1764,27.1,6.7,6.5,14.6,1203.4,29.4,4.2,171.9,10.0,0.0,7,47,4,day,southeast,False,True,,,,,
D126,4,1,1.5,1.5,1.25,0.75,0.25,2,7.27,17.13,157.77,0.3957,87.4,24.0,36.5,1209,24.0,3.7,5.8,10.0,398.7,8.2,2.7,132.9,7.0,0.0,3,47,4,day,southeast,False,True,,,,,
D126,5,1,1.34,1.22,0.37,0.61,0.24,9,5.48,15.0,284.62,0.3466,63.7,18.6,35.2,1500,23.6,3.4,5.9,12.4,821.2,18.2,3.6,164.2,7.8,0.0,5,47,4,day,southeast,False,True,-0.05999999999999961,-0.6400000000000006,0.20000000000000018,333.0,-0.014600000000000002
D126,6,2,1.33,1.09,0.6,0.97,0.24,4,5.44,15.11,288.89,0.349,54.1,19.0,35.7,1755,31.5,5.2,5.8,14.6,827.7,19.7,4.9,206.9,11.5,0.0,4,47,4,day,southeast,False,True,0.3600000000000003,-1.9000000000000021,1.8000000000000003,401.0,-0.04400000000000004
D126,7,2,1.09,1.36,0.41,0.95,0.14,4,5.56,18.12,308.41,0.4186,69.2,25.4,34.6,2194,36.0,4.7,6.4,18.1,736.8,20.5,3.4,122.8,8.5,0.0,6,47,4,day,southeast,False,True,0.4899999999999993,0.8399999999999999,-0.8000000000000003,430.0,0.019500000000000017
D126,8,2,0.92,0.69,0.46,0.69,0.0,3,3.67,13.5,135.94,0.3118,69.3,20.4,31.8,827,10.0,3.3,6.3,6.9,436.0,9.5,3.2,145.3,7.0,0.0,3,47,4,day,southeast,False,True,-3.5999999999999996,-3.629999999999999,0.5,-382.0,-0.08389999999999997
D126,9,3,0.83,0.59,0.36,0.59,0.12,3,4.14,15.66,305.73,0.3619,68.1,23.6,37.9,1304,26.7,3.8,6.1,10.8,844.9,20.4,3.4,140.8,8.3,0.0,6,47,4,day,southeast,False,True,-1.3400000000000007,0.6600000000000001,-0.20000000000000018,-196.0,0.01529999999999998
D126,10,3,1.65,0.69,0.55,0.55,0.28,4,5.23,14.99,251.35,0.3462,74.3,27.5,29.0,1853,35.0,3.8,5.2,15.3,726.0,17.6,4.4,181.5,9.8,0.0,4,47,4,day,southeast,False,True,-0.20999999999999996,-0.11999999999999922,-0.5,98.0,-0.002799999999999969
D126,11,3,1.05,1.36,0.73,0.84,0.21,5,5.44,15.34,338.67,0.3544,67.3,24.2,35.9,1841,40.0,8.2,7.1,15.3,955.7,22.0,4.4,191.1,10.4,0.0,5,47,4,day,southeast,False,True,-0.11999999999999922,-2.780000000000001,1.0000000000000004,-353.0,-0.06420000000000003
D126,12,3,1.37,0.82,0.27,0.96,0.14,5,4.39,14.75,248.56,0.3407,51.8,18.6,33.3,1415,29.6,4.2,6.3,11.7,729.6,16.7,3.3,145.9,7.8,0.0,5,47,4,day,southeast,False,True,0.7199999999999998,1.25,0.09999999999999964,588.0,0.02889999999999998
D126,13,3,1.47,1.79,0.16,0.33,0.16,0,4.89,13.18,186.81,0.3045,53.2,18.7,40.8,1267,27.0,3.2,6.1,10.5,613.5,14.5,3.6,153.4,7.5,0.0,4,47,4,day,southeast,False,True,0.75,-2.4800000000000004,0.20000000000000018,-37.0,-0.05740000000000001
D126,14,4,1.24,0.88,0.35,0.53,0.35,2,5.13,13.89,181.4,0.3209,46.5,17.2,42.2,1650,34.5,4.8,6.9,13.6,565.3,13.4,3.3,141.3,7.8,0.0,4,47,4,day,southeast,False,True,-0.10000000000000053,-1.0999999999999996,-1.1000000000000005,-203.0,-0.02529999999999999
D126,15,4,0.93,0.93,0.62,0.93,0.41,4,4.86,15.26,340.91,0.3525,61.9,22.3,31.5,1420,30.7,5.2,6.0,11.8,967.1,22.2,3.7,161.2,8.3,0.0,6,47,4,day,southeast,False,True,-0.5800000000000001,-0.08000000000000007,-0.7000000000000002,-421.0,-0.0019000000000000128
D126,16,4,1.51,0.86,0.43,0.43,0.43,10,4.85,14.26,305.8,0.3293,51.9,20.5,39.5,1362,18.0,5.2,6.2,11.3,928.5,22.4,3.7,154.7,8.5,0.0,6,47,4,day,southeast,False,True,0.45999999999999996,-0.4900000000000002,0.40000000000000036,-53.0,-0.011400000000000021
D126,17,4,1.19,1.48,0.59,1.48,0.59,12,7.42,15.39,239.59,0.3555,67.1,25.8,38.2,1667,32.5,4.2,6.1,13.8,674.0,17.6,4.4,168.5,10.0,0.0,4,47,4,day,southeast,False,True,2.5300000000000002,2.210000000000001,0.8000000000000003,400.0,0.05099999999999999
D126,18,5,1.18,0.88,0.39,0.79,0.2,4,5.21,14.27,335.53,0.3296,51.8,21.0,36.1,1624,35.3,6.2,6.6,13.5,1018.1,25.8,4.3,169.7,9.3,0.0,6,47,4,day,southeast,False,True,0.08000000000000007,0.379999999999999,1.0,-26.0,0.008699999999999986
D126,19,5,1.01,0.86,0.0,0.86,0.58,5,4.46,15.73,252.64,0.3633,83.8,27.4,40.6,1659,35.5,3.2,5.3,13.7,695.4,15.5,3.9,173.9,8.8,0.0,4,47,4,day,southeast,False,True,-0.40000000000000036,0.47000000000000064,0.19999999999999973,239.0,0.010800000000000032
D126,20,5,0.85,0.36,0.36,0.24,0.36,1,3.87,15.4,294.34,0.3558,64.5,23.6,29.9,1468,33.2,3.6,5.3,12.2,827.3,19.4,3.9,165.5,9.2,0.0,5,47,4,day,southeast,False,True,-0.9799999999999995,1.1400000000000006,0.19999999999999973,106.0,0.026500000000000024
D126,21,5,1.55,0.86,0.52,0.17,0.34,4,4.64,16.27,218.53,0.3757,66.3,23.1,34.3,1495,17.5,5.0,6.9,12.4,581.6,13.7,3.4,145.4,8.0,0.0,4,47,4,day,southeast,False,True,-2.7800000000000002,0.879999999999999,-1.0000000000000004,-172.0,0.020199999999999996
D126,22,5,0.83,0.69,0.55,0.96,0.0,3,5.09,13.58,228.11,0.3137,61.2,22.5,41.3,1282,20.0,5.0,6.7,10.6,727.1,18.0,3.6,145.4,7.8,0.0,5,47,4,day,southeast,False,True,-0.1200000000000001,-0.6899999999999995,-0.6999999999999997,-342.0,-0.015900000000000025
D126,23,6,1.17,0.96,0.75,0.43,0.11,4,5.44,15.8,341.88,0.3649,72.8,24.2,45.7,1554,34.4,4.2,6.2,12.8,936.9,20.6,4.1,187.4,8.8,2.3,5,47,4,day,southeast,False,True,0.9800000000000004,0.07000000000000028,0.19999999999999973,-105.0,0.0015999999999999903
D126,24,6,1.09,0.95,0.68,0.27,0.0,4,4.75,15.01,255.53,0.3468,58.3,21.3,33.6,1652,39.2,5.4,6.4,13.7,736.8,18.4,3.7,147.4,8.2,0.0,5,47,4,day,southeast,False,True,0.8799999999999999,-0.39000000000000057,-0.19999999999999973,184.0,-0.009000000000000008
D126,25,6,0.95,0.57,0.76,0.95,0.19,4,4.94,14.58,177.13,0.3368,61.1,23.0,34.0,1296,31.0,4.8,6.3,10.7,526.0,12.1,3.0,131.5,7.0,0.0,4,47,4,day,southeast,False,True,0.3000000000000007,-1.6899999999999995,-0.3999999999999999,-199.0,-0.03889999999999999
D126,26,6,1.49,1.67,0.56,0.56,0.37,3,6.5,15.9,395.31,0.3672,78.0,25.5,37.9,1670,26.7,4.7,5.5,13.8,1076.6,23.4,3.9,179.4,9.5,0.0,6,47,4,day,southeast,False,True,1.4100000000000001,2.3200000000000003,0.2999999999999998,388.0,0.05350000000000005
D127,1,1,1.46,1.59,0.8,1.46,0.4,8,7.31,13.65,237.33,0.3153,52.5,13.9,36.8,1381,31.0,3.8,6.3,11.5,752.6,14.2,3.6,188.2,8.5,76.5,4,54,1,rotating,midwest,False,True,,,,,
D127,2,1,0.51,0.81,0.2,0.41,0.1,3,3.65,14.73,335.34,0.3402,60.1,15.3,34.0,847,15.6,3.8,5.9,7.1,985.7,16.4,3.3,197.1,7.2,0.0,5,54,1,rotating,midwest,False,True,,,,,
D127,3,1,1.57,1.04,0.52,0.96,0.26,5,5.65,12.89,342.23,0.2977,38.1,10.2,39.6,498,3.6,3.2,6.9,4.2,1149.6,18.2,3.6,229.9,7.8,64.1,5,54,1,rotating,midwest,False,True,,,,,
D127,4,1,1.13,1.13,0.65,1.13,0.32,3,6.3,13.45,192.24,0.3107,35.5,11.3,29.7,732,11.3,2.0,5.0,6.1,618.8,11.1,3.7,206.3,8.0,75.0,3,54,1,rotating,midwest,False,True,,,,,
D127,5,1,0.61,1.22,0.3,1.22,0.15,0,5.02,12.96,196.63,0.2993,44.8,12.1,30.0,727,13.3,3.7,6.1,6.1,657.0,9.8,3.3,219.0,8.0,66.7,3,54,1,rotating,midwest,False,True,-2.29,-0.6899999999999995,-0.30000000000000027,-654.0,-0.016000000000000014
D127,6,2,0.75,0.87,0.62,0.75,0.75,2,4.85,13.58,252.21,0.3138,57.4,14.3,33.8,1139,16.7,3.3,6.1,9.4,803.8,13.5,4.5,267.9,8.3,64.0,3,54,1,rotating,midwest,False,True,1.1999999999999997,-1.1500000000000004,1.2000000000000002,292.0,-0.02639999999999998
D127,7,2,1.07,0.8,0.53,0.98,0.18,5,5.52,14.03,363.78,0.3241,64.6,16.2,28.7,660,10.8,1.8,6.2,5.5,1122.3,18.2,3.6,224.5,8.0,0.0,5,54,1,rotating,midwest,False,True,-0.13000000000000078,1.1399999999999988,0.0,162.0,0.02639999999999998
D127,8,2,1.11,1.03,0.79,0.63,0.32,7,5.45,12.19,356.27,0.2817,40.4,12.5,37.3,986,20.0,2.4,5.2,8.2,1264.9,22.4,4.5,253.0,8.4,21.4,5,54,1,rotating,midwest,False,True,-0.8499999999999996,-1.2599999999999998,0.7999999999999998,254.0,-0.02899999999999997
D127,9,2,1.17,0.67,0.58,0.67,0.25,10,4.83,12.7,352.14,0.2934,47.8,15.5,30.6,809,22.3,3.2,6.1,6.8,1200.0,22.0,3.7,200.0,7.8,48.9,6,54,1,rotating,midwest,False,True,-0.1899999999999995,-0.26000000000000156,0.40000000000000036,82.0,-0.005900000000000016
D127,10,3,1.43,0.84,0.67,0.84,0.59,12,6.21,13.05,359.18,0.3015,47.5,16.0,32.1,929,15.6,3.6,5.9,7.7,1191.5,21.9,4.4,238.3,8.4,83.3,5,54,1,rotating,midwest,False,True,1.3600000000000003,-0.5299999999999994,-0.09999999999999964,-210.0,-0.012300000000000033
D127,11,3,1.62,1.08,0.67,0.13,0.4,4,5.26,12.02,205.8,0.2776,44.5,15.3,40.9,794,12.7,4.0,6.6,6.6,741.4,12.9,4.3,247.1,7.7,0.0,3,54,1,rotating,midwest,False,True,-0.2599999999999998,-2.01,0.6999999999999997,134.0,-0.046499999999999986
D127,12,3,1.63,0.95,1.22,0.75,0.75,14,6.92,13.26,451.42,0.3064,44.1,13.9,30.7,1009,21.3,3.7,5.9,8.4,1473.5,25.8,4.3,245.6,9.2,61.8,6,54,1,rotating,midwest,False,True,1.4699999999999998,1.0700000000000003,-0.20000000000000018,23.0,0.0247
D127,13,3,0.87,0.67,0.27,1.2,0.4,7,4.73,13.31,461.51,0.3076,62.3,18.5,34.0,749,7.4,3.4,6.9,6.3,1500.5,25.7,3.7,214.4,7.7,87.0,7,54,1,rotating,midwest,False,True,-0.09999999999999964,0.6100000000000012,0.0,-60.0,0.01419999999999999
D127,14,4,1.3,1.3,0.4,0.6,0.2,2,5.1,12.45,287.46,0.2876,47.6,14.2,37.2,550,7.5,3.8,6.7,4.6,999.5,15.4,3.9,249.9,8.5,47.1,4,54,1,rotating,midwest,False,True,-1.1100000000000003,-0.6000000000000014,-0.5000000000000004,-379.0,-0.013899999999999968
D127,15,4,1.25,0.87,0.29,1.15,0.19,7,4.91,12.13,291.34,0.2802,60.5,20.2,43.8,853,10.4,2.8,5.4,7.1,1039.7,17.7,3.5,207.9,8.4,59.5,5,54,1,rotating,midwest,False,True,-0.34999999999999964,0.11000000000000121,-0.7999999999999998,59.0,0.002599999999999991
D127,16,4,1.22,1.22,0.56,0.65,0.47,4,5.52,13.07,322.94,0.3019,58.2,16.7,34.5,1423,24.0,5.8,6.2,11.8,1069.6,19.2,4.8,267.4,10.0,72.5,4,54,1,rotating,midwest,False,True,-1.4000000000000004,-0.1899999999999995,0.5,414.0,-0.004500000000000004
D127,17,4,1.38,0.69,0.34,1.2,0.34,2,6.02,13.75,184.59,0.3176,69.2,21.4,39.3,1109,16.0,2.7,5.2,9.2,581.3,10.6,3.5,193.8,9.0,22.2,3,54,1,rotating,midwest,False,True,1.2899999999999991,0.4399999999999995,-0.20000000000000018,360.0,0.010000000000000009
D127,18,5,0.8,1.38,0.34,0.69,0.23,2,4.82,13.47,271.17,0.3112,39.4,14.1,36.3,1044,17.5,4.2,6.4,8.7,871.3,17.5,4.4,217.8,8.5,32.4,4,54,1,rotating,midwest,False,True,-0.27999999999999936,1.0200000000000014,0.5000000000000004,494.0,0.023599999999999954
D127,19,5,1.21,0.64,0.38,0.44,0.38,5,4.51,11.59,421.16,0.2677,34.7,11.2,34.6,876,22.8,3.6,5.9,7.3,1573.3,25.9,5.2,314.7,9.6,35.4,5,54,1,rotating,midwest,False,True,-0.40000000000000036,-0.5400000000000009,1.7000000000000002,23.0,-0.012500000000000011
D127,20,5,1.45,0.87,0.69,1.16,0.29,10,5.73,11.89,474.29,0.2746,46.8,14.4,36.6,666,5.4,3.7,6.6,5.6,1726.9,29.8,4.3,246.7,8.0,60.7,7,54,1,rotating,midwest,False,True,0.21000000000000085,-1.1799999999999997,-0.5,-757.0,-0.02729999999999999
D127,21,5,0.87,1.01,0.58,0.65,0.07,5,5.5,13.18,420.65,0.3045,48.6,15.5,34.4,886,13.3,3.8,6.7,7.4,1381.4,24.4,4.1,230.2,8.3,34.0,6,54,1,rotating,midwest,False,True,-0.5199999999999996,-0.5700000000000003,0.5999999999999996,-223.0,-0.0131
D127,22,5,1.22,0.68,0.48,0.41,0.54,9,4.76,12.15,412.68,0.2807,48.3,14.4,35.1,637,9.7,3.0,5.9,5.3,1470.0,23.3,3.3,210.0,7.4,38.5,7,54,1,rotating,midwest,False,True,-0.0600000000000005,-1.3200000000000003,-1.1000000000000005,-407.0,-0.03049999999999997
D127,23,6,1.86,0.93,0.93,0.0,0.47,2,5.59,12.26,60.8,0.2833,35.3,9.2,58.3,309,0.0,3.0,8.3,2.6,214.6,4.5,2.2,107.3,5.0,100.0,2,54,1,rotating,midwest,False,True,1.08,0.6699999999999999,-3.0,-567.0,0.015600000000000003
D127,24,6,1.92,1.37,1.1,1.37,0.27,5,8.78,11.56,97.32,0.2671,48.8,13.9,30.3,637,12.0,2.5,5.7,5.3,364.3,5.3,2.7,182.2,7.0,100.0,2,54,1,rotating,midwest,False,True,3.049999999999999,-0.33000000000000007,-1.5999999999999996,-29.0,-0.007500000000000007
D127,25,6,1.38,0.76,0.31,0.46,0.15,0,4.43,12.84,193.92,0.2966,50.7,14.8,32.8,981,10.0,2.3,5.2,8.2,653.9,10.3,3.4,218.0,7.7,73.9,3,54,1,rotating,midwest,False,True,-1.0700000000000003,-0.33999999999999986,-0.6999999999999997,95.0,-0.007900000000000018
D127,26,6,1.45,1.12,0.4,0.72,0.32,5,4.98,12.63,363.27,0.2917,44.7,12.9,34.7,825,11.0,3.0,6.0,6.9,1245.3,21.5,3.6,207.6,8.7,38.5,6,54,1,rotating,midwest,False,True,0.22000000000000064,0.4800000000000004,0.30000000000000027,188.0,0.01100000000000001
D128,1,1,3.84,3.26,2.21,2.69,0.96,10,13.92,16.43,395.45,0.3795,28.4,7.6,37.7,1082,29.7,3.0,5.7,9.0,1042.0,20.8,3.5,173.7,7.5,0.0,6,43,5,day,midwest,False,False,,,,,
D128,2,1,3.32,3.06,2.64,2.3,1.02,15,13.28,16.42,445.69,0.3793,26.6,6.3,33.3,923,20.0,4.5,7.5,7.7,1175.0,19.0,4.7,293.8,10.8,0.0,4,43,5,day,midwest,False,False,,,,,
D128,3,1,3.83,4.1,3.31,2.38,1.12,21,15.21,16.28,568.79,0.376,34.1,6.6,39.7,1051,18.7,3.3,6.4,8.7,1512.6,26.2,4.4,252.1,8.5,0.0,6,43,5,day,midwest,False,False,,,,,
D128,4,1,3.2,3.2,3.07,2.95,1.23,12,14.88,17.41,327.12,0.4022,40.3,9.5,33.0,1035,20.0,3.0,5.9,8.6,813.4,13.9,3.5,203.4,8.0,0.0,4,43,5,day,midwest,False,False,,,,,
D128,5,1,4.4,2.75,3.12,2.2,1.1,7,13.93,16.99,214.04,0.3924,45.8,10.8,34.5,627,8.0,3.7,6.7,5.2,545.5,9.2,3.1,181.8,8.0,0.0,3,43,5,day,midwest,False,False,0.009999999999999787,0.5599999999999987,-0.3999999999999999,-455.0,0.012900000000000023
D128,6,2,4.06,2.8,2.99,2.32,0.58,15,13.13,17.35,415.01,0.4007,30.3,7.4,33.3,609,7.6,3.6,6.2,5.1,1035.6,18.7,3.7,207.1,8.0,0.0,5,43,5,day,midwest,False,False,-0.14999999999999858,0.9299999999999997,-1.0,-314.0,0.021399999999999975
D128,7,2,3.38,2.46,3.31,2.92,0.46,20,13.61,17.22,517.49,0.3979,42.1,9.8,37.7,925,18.3,3.3,6.0,7.7,1300.6,22.0,3.7,216.8,8.5,0.0,6,43,5,day,midwest,False,False,-1.6000000000000014,0.9399999999999977,-0.7000000000000002,-126.0,0.021899999999999975
D128,8,2,4.3,3.1,3.54,2.34,0.88,19,15.11,17.1,624.88,0.3949,41.4,9.4,41.4,958,12.3,3.3,5.7,8.0,1582.2,25.7,4.3,263.7,9.5,0.0,6,43,5,day,midwest,False,False,0.22999999999999865,-0.3099999999999987,0.7999999999999998,-77.0,-0.007300000000000029
D128,9,3,4.03,3.58,2.44,2.13,0.99,21,14.23,15.63,474.4,0.361,39.5,9.8,35.3,1035,16.8,3.0,5.9,8.6,1314.1,22.9,4.6,262.8,9.4,0.0,5,43,5,day,midwest,False,False,0.3000000000000007,-1.3599999999999977,1.4999999999999996,408.0,-0.03140000000000004
D128,10,3,4.46,2.99,3.73,2.13,0.8,22,15.57,14.56,505.38,0.3363,31.5,8.1,29.5,808,7.6,4.4,7.1,6.7,1502.9,24.4,4.9,300.6,8.6,0.0,5,43,5,day,midwest,False,False,2.4399999999999995,-2.790000000000001,1.2000000000000002,199.0,-0.06440000000000001
D128,11,3,3.84,3.33,3.33,2.49,0.42,18,14.34,15.41,342.64,0.3561,41.6,10.5,37.4,880,15.2,3.0,5.9,7.3,962.3,15.8,3.2,192.5,7.6,0.0,5,43,5,day,midwest,False,False,0.7300000000000004,-1.8099999999999987,-0.5,-45.0,-0.04179999999999995
D128,12,3,4.51,3.12,3.19,3.47,0.69,20,15.89,15.22,506.79,0.3515,40.0,10.7,40.7,928,11.7,3.0,6.0,7.7,1441.6,26.5,4.4,240.3,8.7,0.0,6,43,5,day,midwest,False,False,0.7800000000000011,-1.8800000000000008,0.10000000000000053,-30.0,-0.043399999999999994
D128,13,3,5.17,3.25,2.51,2.22,0.89,9,15.23,16.51,257.96,0.3813,52.9,15.1,30.3,844,18.5,5.2,7.5,7.1,676.5,13.3,3.3,169.1,7.5,0.0,4,43,5,day,midwest,False,False,1.0,0.8800000000000008,-1.2999999999999998,-191.0,0.020299999999999985
D128,14,4,4.08,3.49,3.04,2.38,1.11,27,15.0,14.8,460.43,0.3418,37.2,10.8,33.6,879,14.0,3.3,6.1,7.3,1347.1,24.4,3.5,192.4,7.6,0.0,7,43,5,day,midwest,False,False,-0.5700000000000003,0.2400000000000002,-1.4000000000000004,71.0,0.005500000000000005
D128,15,4,4.33,3.2,2.83,2.45,1.22,18,15.16,14.0,343.36,0.3234,37.8,9.5,36.6,1128,26.0,4.2,6.6,9.4,1061.8,17.0,3.4,212.4,8.4,0.0,5,43,5,day,midwest,False,False,0.8200000000000003,-1.4100000000000001,0.19999999999999973,248.0,-0.03270000000000001
D128,16,4,3.32,4.31,2.79,2.21,0.41,24,14.14,14.66,581.77,0.3386,25.6,6.9,37.6,956,22.3,4.0,6.4,8.0,1718.4,28.1,4.7,286.4,8.7,0.0,6,43,5,day,midwest,False,False,-1.75,-0.5600000000000005,0.2999999999999998,28.0,-0.012899999999999967
D128,17,4,5.27,3.43,3.93,2.93,0.84,17,17.14,15.59,430.86,0.3602,38.7,10.1,42.5,940,7.6,4.2,6.3,7.8,1196.2,20.6,4.1,239.2,8.6,0.0,5,43,5,day,midwest,False,False,1.9100000000000001,-0.9200000000000017,0.7999999999999998,96.0,-0.021099999999999952
D128,18,5,3.4,3.04,4.02,2.86,0.54,18,14.3,15.14,391.29,0.3498,35.9,9.5,36.6,794,10.0,3.5,5.7,6.7,1118.5,18.7,4.7,279.6,10.8,0.0,4,43,5,day,midwest,False,False,-0.6999999999999993,0.33999999999999986,1.2000000000000002,-85.0,0.008000000000000007
D128,19,5,3.52,2.95,3.4,1.59,1.02,10,13.39,14.92,303.67,0.3447,35.8,8.3,37.7,736,17.3,3.0,6.1,6.2,881.1,15.1,5.0,293.7,9.7,0.0,3,43,5,day,midwest,False,False,-1.7699999999999996,0.9199999999999999,1.6,-392.0,0.021299999999999986
D128,20,5,4.4,3.28,3.12,2.17,0.61,30,14.8,15.25,633.17,0.3523,34.9,8.4,36.2,570,7.3,3.8,6.4,4.8,1797.1,27.3,4.6,299.5,9.0,1.9,6,43,5,day,midwest,False,False,0.6600000000000001,0.5899999999999999,-0.10000000000000053,-386.0,0.01369999999999999
D128,21,5,5.25,4.29,3.34,2.98,0.48,15,17.29,14.07,272.63,0.325,29.2,7.1,40.9,656,13.3,2.3,6.7,5.5,838.8,12.6,4.2,279.6,8.7,0.0,3,43,5,day,midwest,False,False,0.14999999999999858,-1.5199999999999996,0.10000000000000053,-284.0,-0.03520000000000001
D128,22,5,4.9,4.31,2.71,2.49,0.22,18,15.5,15.7,496.0,0.3627,55.9,13.9,28.6,710,6.0,2.5,5.5,5.9,1367.6,22.9,3.8,227.9,8.5,0.0,6,43,5,day,midwest,False,False,1.1999999999999993,0.5599999999999987,-0.9000000000000004,-84.0,0.012900000000000023
D128,23,6,5.08,4.06,2.57,2.91,1.02,20,16.45,13.39,457.17,0.3094,30.6,10.0,33.5,1148,15.7,3.6,5.7,9.6,1477.5,27.6,3.9,211.1,8.3,0.0,7,43,5,day,midwest,False,False,3.0599999999999987,-1.5299999999999994,-1.1,412.0,-0.0353
D128,24,6,2.99,2.84,3.07,2.39,1.05,22,13.47,13.81,426.33,0.319,28.5,8.3,38.5,984,11.7,3.8,6.3,8.2,1336.3,23.0,3.8,222.7,9.0,0.0,6,43,5,day,midwest,False,False,-1.33,-1.4399999999999995,-0.7999999999999998,414.0,-0.033299999999999996
D128,25,6,3.41,3.15,3.59,2.89,0.87,18,14.78,14.91,393.83,0.3444,34.8,9.7,35.4,528,5.6,2.2,5.6,4.5,1143.4,20.0,4.0,228.7,7.8,0.0,5,43,5,day,midwest,False,False,-2.51,0.8399999999999999,-0.20000000000000018,-128.0,0.019399999999999973
D128,26,6,3.97,3.8,2.93,2.93,0.35,8,14.67,14.9,199.4,0.3441,38.7,11.1,32.1,1271,15.3,3.0,6.0,10.5,579.4,10.6,3.5,193.1,8.0,0.0,3,43,5,day,midwest,False,False,-0.8300000000000001,-0.7999999999999989,-0.2999999999999998,561.0,-0.018600000000000005
D129,1,1,0.39,0.13,0.13,0.26,0.13,1,1.43,14.09,250.27,0.3255,39.5,19.3,32.3,2424,49.1,4.3,5.6,20.0,768.9,22.3,3.2,109.8,8.4,0.0,7,37,0,day,northeast,False,True,,,,,
D129,2,1,0.15,0.15,0.29,0.29,0.15,2,2.32,14.26,227.12,0.3294,39.3,17.4,33.7,2050,38.3,4.3,6.1,16.9,689.4,20.0,3.3,114.9,8.0,0.0,6,37,0,day,northeast,False,True,,,,,
D129,3,1,1.33,0.19,0.38,0.38,0.19,2,3.61,15.8,191.78,0.3649,63.0,26.1,29.1,2825,68.0,5.4,6.3,23.2,525.6,16.5,3.3,105.1,9.4,0.0,5,37,0,day,northeast,False,True,,,,,
D129,4,1,1.0,0.25,0.0,0.5,0.25,1,2.75,17.52,161.68,0.4046,72.1,31.1,36.9,2666,75.5,3.5,6.0,21.9,399.6,12.9,3.2,99.9,8.5,0.0,4,37,0,day,northeast,False,True,,,,,
D129,5,2,0.64,0.21,0.11,0.32,0.21,5,2.55,15.72,341.95,0.363,44.6,20.3,38.9,2804,60.3,4.5,5.9,23.1,941.9,28.1,4.7,157.0,10.0,0.0,6,37,0,day,northeast,False,True,1.1199999999999999,1.6300000000000008,1.5,380.0,0.03749999999999998
D129,6,2,0.62,0.0,0.0,0.0,0.0,0,1.23,13.91,156.55,0.3213,42.2,19.8,32.1,2369,54.0,5.8,6.3,19.5,487.2,13.9,3.5,121.8,8.8,0.0,4,37,0,day,northeast,False,True,-1.0899999999999999,-0.34999999999999964,0.20000000000000018,319.0,-0.008100000000000052
D129,7,2,0.5,0.5,0.12,0.12,0.0,1,2.48,14.67,273.0,0.3388,44.3,18.9,38.2,2524,62.6,6.3,6.5,20.8,805.8,21.7,3.1,115.1,8.9,0.0,7,37,0,day,northeast,False,True,-1.13,-1.1300000000000008,-0.19999999999999973,-301.0,-0.026100000000000012
D129,8,2,0.24,0.0,0.0,0.0,0.0,1,2.2,14.25,134.56,0.3292,41.9,18.4,49.0,2051,48.0,5.8,7.0,16.9,408.8,10.7,2.7,102.2,6.5,0.0,4,37,0,day,northeast,False,True,-0.5499999999999998,-3.2699999999999996,-0.5,-615.0,-0.07540000000000002
D129,9,2,0.28,0.42,0.0,0.28,0.0,1,1.81,14.15,234.4,0.3268,59.9,23.9,43.1,2558,50.3,5.3,6.0,21.1,717.2,19.9,3.3,119.5,8.5,0.0,6,37,0,day,northeast,False,True,-0.7399999999999998,-1.5700000000000003,-1.4000000000000004,-246.0,-0.03620000000000001
D129,10,3,0.51,0.2,0.0,0.51,0.2,4,1.92,12.43,283.6,0.2872,42.4,19.7,38.9,2768,71.7,6.3,6.4,22.8,987.3,25.3,3.6,141.0,9.0,0.0,7,37,0,day,northeast,False,True,0.69,-1.4800000000000004,0.10000000000000009,399.0,-0.034099999999999964
D129,11,3,0.18,0.55,0.37,0.55,0.18,1,2.77,12.92,161.88,0.2985,43.1,18.9,35.4,1669,43.0,4.0,5.8,13.8,542.3,13.6,3.4,135.6,7.8,0.0,4,37,0,day,northeast,False,True,0.29000000000000004,-1.75,0.2999999999999998,-855.0,-0.0403
D129,12,3,0.2,0.0,0.2,0.39,0.0,1,1.97,12.83,150.66,0.2964,37.9,20.3,32.3,2094,56.0,4.2,6.0,17.2,508.3,14.9,3.0,101.7,6.8,0.0,5,37,0,day,northeast,False,True,-0.2300000000000002,-1.42,0.2999999999999998,43.0,-0.032799999999999996
D129,13,3,0.0,0.24,0.0,0.47,0.0,1,1.18,11.15,217.9,0.2575,30.2,14.7,37.0,2768,51.7,5.3,6.2,22.7,846.3,20.8,3.5,141.0,8.5,0.0,6,37,0,day,northeast,False,True,-0.6300000000000001,-3.0,0.20000000000000018,210.0,-0.06929999999999997
D129,14,4,0.76,0.25,0.0,0.51,0.0,0,2.03,13.8,125.69,0.3188,44.0,20.7,38.6,2530,42.0,5.3,5.8,20.9,394.3,10.7,3.6,131.4,9.0,0.0,3,37,0,day,northeast,False,True,0.10999999999999988,1.370000000000001,0.0,-238.0,0.03159999999999996
D129,15,4,0.14,0.54,0.0,0.68,0.0,1,1.9,12.98,221.34,0.2998,40.3,18.7,32.7,3093,57.7,5.2,6.0,25.4,738.2,21.3,3.6,123.0,8.3,0.0,6,37,0,day,northeast,False,True,-0.8700000000000001,0.0600000000000005,0.20000000000000018,1424.0,0.0013000000000000234
D129,16,4,0.34,0.34,0.0,0.45,0.22,1,2.57,12.03,248.42,0.2779,36.2,16.3,33.0,1712,35.1,4.6,6.3,14.1,893.8,21.9,3.1,127.7,7.7,0.0,7,37,0,day,northeast,False,True,0.5999999999999999,-0.8000000000000007,0.10000000000000009,-382.0,-0.018500000000000016
D129,17,4,0.91,0.0,0.0,0.46,0.23,2,1.83,14.53,147.12,0.3357,53.9,28.8,35.5,1886,43.2,4.6,6.0,15.5,438.3,14.6,2.9,87.7,7.4,0.0,5,37,0,day,northeast,False,True,0.6500000000000001,3.379999999999999,-0.6000000000000001,-882.0,0.07819999999999999
D129,18,5,0.81,0.68,0.0,0.14,0.0,2,2.3,12.68,216.82,0.2928,38.5,18.7,40.1,2150,39.6,7.0,6.7,17.7,740.4,20.5,4.1,148.1,10.2,0.0,5,37,0,day,northeast,False,True,0.27,-1.120000000000001,0.49999999999999956,-380.0,-0.025999999999999968
D129,19,5,0.28,0.28,0.14,0.14,0.28,2,2.55,11.42,185.96,0.2639,40.8,18.1,36.7,2022,47.6,4.4,6.3,16.6,704.7,15.9,3.2,140.9,8.2,0.0,5,37,0,day,northeast,False,True,0.6499999999999999,-1.5600000000000005,-0.3999999999999999,-1071.0,-0.03589999999999999
D129,20,5,0.27,0.81,0.14,0.14,0.14,2,2.16,14.64,249.99,0.3382,51.3,24.8,39.0,3247,69.7,5.6,5.9,26.7,739.1,22.4,3.2,105.6,8.4,0.0,7,37,0,day,northeast,False,True,-0.4099999999999997,2.610000000000001,0.10000000000000009,1535.0,0.06030000000000002
D129,21,5,0.68,0.23,0.0,0.45,0.0,0,2.25,14.67,150.4,0.339,59.0,28.2,44.1,2135,44.4,5.0,6.3,17.6,443.7,13.1,2.6,88.7,7.6,0.0,5,37,0,day,northeast,False,True,0.41999999999999993,0.14000000000000057,-0.2999999999999998,249.0,0.003300000000000025
D129,22,5,0.38,0.19,0.0,0.19,0.0,1,1.34,16.4,197.53,0.3788,73.1,33.4,35.3,2681,66.4,6.0,5.9,22.1,521.4,16.9,3.4,104.3,9.0,0.0,5,37,0,day,northeast,False,True,-0.9599999999999997,3.719999999999999,-0.6999999999999997,531.0,0.08600000000000002
D129,23,6,0.21,0.32,0.0,0.32,0.21,1,1.71,13.04,282.33,0.3012,45.0,21.9,36.2,2047,45.7,4.4,6.2,16.9,937.3,24.9,3.6,133.9,9.4,0.0,7,37,0,day,northeast,False,True,-0.8399999999999999,1.6199999999999992,0.3999999999999999,25.0,0.0373
D129,24,6,0.43,0.43,0.0,0.0,0.22,1,2.37,14.9,159.71,0.3441,54.9,28.1,33.1,2334,40.7,4.2,6.2,19.2,464.1,14.9,2.5,77.4,7.0,0.0,6,37,0,day,northeast,False,True,0.20999999999999996,0.2599999999999998,-0.7000000000000002,-913.0,0.005900000000000016
D129,25,6,0.84,0.17,0.33,0.5,0.33,0,2.17,12.67,175.05,0.2926,37.4,18.1,37.3,2415,46.8,5.8,6.3,19.9,598.2,16.7,3.3,119.6,8.8,0.0,5,37,0,day,northeast,False,True,-0.08000000000000007,-2.0,0.6999999999999997,280.0,-0.0464
D129,26,6,0.32,0.0,0.0,0.32,0.16,2,1.45,13.2,189.56,0.305,51.0,25.9,37.7,2313,54.0,3.3,5.6,19.0,621.6,18.6,3.1,103.6,8.7,0.0,6,37,0,day,northeast,False,True,0.10999999999999988,-3.1999999999999993,-0.2999999999999998,-368.0,-0.07380000000000003
D130,1,1,0.88,0.88,0.33,0.44,0.0,3,3.75,19.43,406.74,0.4489,99.4,29.9,36.8,2011,46.0,4.8,6.3,16.6,906.0,23.1,3.8,151.0,9.2,0.0,6,41,0,day,southeast,False,True,,,,,
D130,2,1,1.15,0.74,0.66,0.25,0.25,3,4.77,16.15,453.55,0.373,79.2,25.3,32.9,1767,32.7,4.0,5.2,14.7,1216.1,28.1,4.7,202.7,10.2,0.0,6,41,0,day,southeast,False,True,,,,,
D130,3,1,1.65,0.59,0.59,1.18,0.35,1,5.53,16.46,323.4,0.3803,46.1,16.7,45.2,1596,33.2,5.2,5.5,13.3,850.4,21.2,4.2,170.1,10.0,0.0,5,41,0,day,southeast,False,True,,,,,
D130,4,1,1.29,1.11,0.37,0.74,0.18,5,4.07,19.42,242.71,0.4486,81.6,27.8,36.2,1814,32.5,5.5,6.0,15.0,541.1,15.0,3.7,135.3,9.2,0.0,4,41,0,day,southeast,False,True,,,,,
D130,5,2,0.99,0.58,0.66,0.82,0.33,1,4.85,15.93,447.19,0.3679,59.2,18.8,32.3,1396,19.0,5.0,5.6,11.6,1215.6,26.4,4.4,202.6,9.8,0.0,6,41,0,day,southeast,False,True,1.0999999999999996,-3.5,0.6000000000000005,-615.0,-0.08100000000000002
D130,6,2,1.29,0.81,0.81,1.13,0.65,4,7.1,15.84,226.82,0.366,54.6,19.0,31.2,2196,33.3,6.3,5.8,18.2,619.7,14.3,4.8,206.6,10.0,0.0,3,41,0,day,southeast,False,True,2.33,-0.3099999999999987,0.09999999999999964,429.0,-0.007000000000000006
D130,7,2,1.48,0.69,0.3,0.69,0.69,10,5.64,15.51,362.37,0.3584,58.2,17.2,37.3,1153,16.3,4.0,6.5,9.6,1011.2,24.9,3.6,144.5,7.4,0.0,7,41,0,day,southeast,False,True,0.10999999999999943,-0.9500000000000011,-0.6000000000000001,-443.0,-0.02190000000000003
D130,8,2,1.61,0.85,0.66,1.04,0.28,4,5.88,15.1,367.73,0.3489,61.5,18.7,38.9,1810,38.8,5.0,6.2,15.0,1053.9,22.5,4.5,210.8,10.0,0.0,5,41,0,day,southeast,False,True,1.8099999999999996,-4.320000000000002,0.7999999999999998,-4.0,-0.09970000000000001
D130,9,2,1.4,0.35,0.58,0.82,0.47,7,5.26,14.79,292.33,0.3417,68.7,24.2,31.0,1792,26.7,3.8,6.0,14.8,855.4,19.7,3.3,142.6,8.3,0.0,6,41,0,day,southeast,False,True,0.41000000000000014,-1.1400000000000006,-1.1000000000000005,396.0,-0.0262
D130,10,3,0.7,1.06,0.53,1.06,0.53,4,4.23,14.25,186.74,0.3291,52.9,19.8,43.3,996,14.0,4.8,6.8,8.3,567.4,13.0,3.2,141.9,7.5,0.0,4,41,0,day,southeast,False,True,-2.869999999999999,-1.5899999999999999,-1.5999999999999996,-1200.0,-0.03689999999999999
D130,11,3,1.19,1.32,0.66,1.19,0.53,3,6.35,16.35,285.72,0.3777,86.7,29.8,35.3,1551,22.3,5.8,6.3,12.9,756.4,18.0,3.0,126.1,7.8,0.0,6,41,0,day,southeast,False,True,0.71,0.8400000000000016,-0.6000000000000001,398.0,0.019299999999999984
D130,12,3,1.52,1.22,0.46,0.46,0.15,5,5.79,14.41,218.41,0.3328,81.2,30.6,33.9,1171,15.0,6.8,7.2,9.8,656.2,15.3,3.8,164.0,8.5,0.0,4,41,0,day,southeast,False,True,-0.08999999999999986,-0.6899999999999995,-0.7000000000000002,-639.0,-0.016100000000000003
D130,13,3,1.12,0.99,0.87,0.74,0.37,2,5.09,14.08,261.98,0.3252,71.3,23.7,28.1,1371,25.2,5.4,6.4,11.4,805.6,18.7,3.7,161.1,8.4,0.0,5,41,0,day,southeast,False,True,-0.16999999999999993,-0.7099999999999991,0.40000000000000036,-421.0,-0.016500000000000015
D130,14,4,1.22,0.55,0.55,0.67,0.44,2,5.1,15.8,329.08,0.365,76.7,25.9,38.3,1764,34.3,4.3,5.9,14.6,901.5,21.5,3.6,150.3,8.8,0.0,6,41,0,day,southeast,False,True,0.8699999999999992,1.5500000000000007,0.3999999999999999,768.0,0.03589999999999999
D130,15,4,1.21,1.35,0.4,0.81,0.13,4,4.71,13.41,230.12,0.3098,49.2,17.8,38.9,1020,12.0,4.0,6.4,8.5,742.8,15.2,3.8,185.7,7.8,0.0,4,41,0,day,southeast,False,True,-1.6399999999999997,-2.9400000000000013,0.7999999999999998,-531.0,-0.06789999999999996
D130,16,4,1.13,0.88,0.25,0.63,0.13,4,4.5,13.8,254.82,0.3188,49.6,18.4,34.6,1340,21.2,5.8,6.8,11.1,799.4,18.7,3.7,159.9,8.4,0.0,5,41,0,day,southeast,False,True,-1.29,-0.6099999999999994,-0.09999999999999964,169.0,-0.014000000000000012
D130,17,4,1.18,1.6,0.86,0.75,0.43,6,6.2,15.73,340.01,0.3635,67.4,23.2,32.9,1317,29.3,3.5,5.3,10.9,935.5,21.5,3.6,155.9,8.2,0.0,6,41,0,day,southeast,False,True,1.1100000000000003,1.6500000000000004,-0.10000000000000009,-54.0,0.0383
D130,18,5,0.78,0.98,0.78,1.17,0.78,3,6.26,15.07,177.78,0.348,54.9,21.4,33.7,1199,19.5,3.2,5.8,10.0,510.8,13.3,3.3,127.7,8.2,0.0,4,41,0,day,southeast,False,True,1.1600000000000001,-0.7300000000000004,-0.30000000000000027,-565.0,-0.017000000000000015
D130,19,5,1.51,1.04,0.35,0.81,0.23,3,5.56,16.51,329.43,0.3814,77.5,28.1,32.8,1642,26.0,4.0,5.8,13.6,863.7,21.9,3.6,144.0,9.3,0.0,6,41,0,day,southeast,False,True,0.8499999999999996,3.1000000000000014,-0.19999999999999973,622.0,0.0716
D130,20,5,0.8,1.34,0.0,1.07,0.8,2,4.55,14.93,128.99,0.3449,56.1,21.5,31.0,1468,21.0,4.5,5.6,12.2,374.0,9.2,4.6,187.0,10.5,0.0,2,41,0,day,southeast,False,True,0.04999999999999982,1.129999999999999,0.8999999999999995,128.0,0.026100000000000012
D130,21,5,0.59,1.37,0.2,1.17,0.2,3,5.09,14.74,173.85,0.3404,48.8,19.1,39.3,1376,22.0,3.7,5.8,11.4,510.7,12.2,4.1,170.2,9.3,0.0,3,41,0,day,southeast,False,True,-1.1100000000000003,-0.9900000000000002,0.49999999999999956,59.0,-0.02310000000000001
D130,22,6,0.21,1.03,0.0,0.41,0.0,0,2.48,15.64,175.01,0.3613,73.4,24.9,34.7,1973,46.7,5.3,6.3,16.3,484.4,12.5,4.2,161.5,9.3,0.0,3,41,0,day,southeast,False,True,-3.78,0.5700000000000003,0.9000000000000004,774.0,0.013300000000000034
D130,23,6,1.68,0.34,0.84,0.34,0.0,6,4.54,14.91,204.74,0.3444,55.8,21.2,39.8,1099,22.0,4.3,7.2,9.1,594.5,15.0,2.5,99.1,6.3,0.0,6,41,0,day,southeast,False,True,-1.0199999999999996,-1.6000000000000014,-1.1,-543.0,-0.03700000000000003
D130,24,6,1.31,1.5,0.38,0.56,0.38,5,6.38,14.62,180.11,0.3378,65.1,21.7,31.8,1736,42.5,6.0,7.1,14.4,533.2,12.7,3.2,133.3,8.0,0.0,4,41,0,day,southeast,False,True,1.83,-0.3100000000000005,-1.3999999999999995,268.0,-0.007099999999999995
D130,25,6,1.68,1.16,0.26,0.52,0.26,4,5.17,14.44,257.98,0.3337,64.7,22.1,25.6,1191,22.0,4.3,5.9,9.9,773.2,17.6,2.9,128.9,7.5,0.0,6,41,0,day,southeast,False,True,0.08000000000000007,-0.3000000000000007,-1.1999999999999997,-185.0,-0.006699999999999984
D130,26,6,1.25,0.75,0.5,0.75,0.25,3,4.49,13.53,250.5,0.3125,70.1,22.6,37.4,1662,24.0,4.8,5.5,13.7,801.7,14.7,3.7,200.4,8.8,0.0,4,41,0,day,southeast,False,True,2.0100000000000002,-2.110000000000001,-0.5,-311.0,-0.04880000000000001
D131,1,1,1.89,0.91,0.72,0.33,0.33,3,5.93,12.89,456.92,0.2978,35.2,10.0,39.5,756,13.0,3.8,6.4,6.3,1534.4,26.1,4.4,255.7,9.3,0.0,6,38,1,day,midwest,True,False,,,,,
D131,2,1,2.06,1.3,0.61,0.69,0.31,7,6.18,13.23,400.3,0.3056,34.0,10.0,34.7,753,14.0,2.3,5.7,6.3,1310.0,23.3,3.9,218.3,8.2,0.0,6,38,1,day,midwest,True,False,,,,,
D131,3,1,1.18,0.96,0.44,0.44,0.3,3,4.51,13.54,422.98,0.3127,40.3,11.2,37.1,800,13.0,3.3,5.8,6.7,1352.8,22.3,3.7,225.5,8.3,0.0,6,38,1,day,midwest,True,False,,,,,
D131,4,1,1.35,0.96,0.96,1.15,0.19,3,5.57,15.28,183.64,0.353,58.6,17.8,31.4,940,8.7,3.0,5.6,7.8,520.3,10.1,3.4,173.4,8.7,0.0,3,38,1,day,midwest,True,False,,,,,
D131,5,2,1.25,0.84,1.09,0.67,0.17,11,4.94,13.99,386.23,0.3231,40.9,11.3,37.6,842,10.4,3.6,5.8,7.0,1195.4,20.7,4.1,239.1,9.6,0.0,5,38,1,day,midwest,True,False,-0.9899999999999993,1.0999999999999996,-0.3000000000000007,86.0,0.02529999999999999
D131,6,2,1.31,0.69,0.83,0.34,0.14,7,4.13,12.04,403.9,0.2782,40.7,11.2,39.2,970,19.6,4.8,6.7,8.1,1451.8,23.3,4.7,290.4,9.8,0.0,5,38,1,day,midwest,True,False,-2.05,-1.1900000000000013,0.8000000000000003,217.0,-0.02739999999999998
D131,7,2,0.96,0.54,0.72,0.78,0.06,7,3.84,13.45,518.2,0.3107,46.1,13.2,31.3,871,18.3,3.6,6.8,7.3,1667.7,28.0,4.0,238.2,8.4,0.0,7,38,1,day,midwest,True,False,-0.6699999999999999,-0.08999999999999986,0.2999999999999998,71.0,-0.0020000000000000018
D131,8,2,1.19,0.83,0.48,0.95,0.0,5,4.29,13.57,263.09,0.3135,51.9,14.8,35.2,1382,31.5,4.0,5.9,11.4,839.3,15.1,3.8,209.8,9.0,0.0,4,38,1,day,midwest,True,False,-1.2800000000000002,-1.709999999999999,0.3999999999999999,442.0,-0.03949999999999998
D131,9,2,1.35,0.74,0.49,0.86,0.12,3,5.16,14.22,267.45,0.3285,49.7,15.0,36.0,849,12.0,3.7,5.8,7.1,814.2,14.8,4.9,271.4,10.0,0.0,3,38,1,day,midwest,True,False,0.21999999999999975,0.23000000000000043,0.8000000000000007,7.0,0.005400000000000016
D131,10,3,1.61,1.13,1.13,0.4,0.08,8,5.39,12.66,363.8,0.2925,36.9,12.0,34.8,606,9.1,2.0,6.2,5.1,1243.7,22.0,3.1,177.7,6.4,0.0,7,38,1,day,midwest,True,False,1.2599999999999998,0.620000000000001,-1.6,-364.0,0.01429999999999998
D131,11,3,1.4,0.7,0.9,0.8,0.3,7,5.3,12.4,286.74,0.2865,34.5,10.3,28.6,950,12.0,4.5,6.0,7.9,1000.9,16.4,4.1,250.2,8.5,0.0,4,38,1,day,midwest,True,False,1.46,-1.049999999999999,0.09999999999999964,79.0,-0.0242
D131,12,3,2.4,0.75,0.33,1.08,0.17,7,6.38,11.99,334.1,0.277,42.8,13.0,28.7,582,3.5,4.5,6.4,4.9,1206.2,18.5,4.6,301.6,8.8,0.0,4,38,1,day,midwest,True,False,2.09,-1.58,0.7999999999999998,-800.0,-0.03649999999999998
D131,13,3,1.45,1.04,0.69,0.69,0.28,10,5.4,12.61,420.54,0.2914,43.7,13.2,37.5,897,13.7,4.2,6.7,7.5,1443.3,23.4,3.9,240.6,8.7,0.0,6,38,1,day,midwest,True,False,0.2400000000000002,-1.6100000000000012,-1.0000000000000004,48.0,-0.03710000000000002
D131,14,4,1.34,1.23,0.89,0.67,0.45,2,6.04,13.77,284.55,0.318,53.4,15.4,34.4,534,4.4,2.6,5.6,4.5,894.7,14.8,3.0,178.9,6.8,0.0,5,38,1,day,midwest,True,False,0.6500000000000004,1.1099999999999994,-0.10000000000000009,-72.0,0.025500000000000023
D131,15,4,1.3,0.6,0.5,0.8,0.7,7,5.61,12.03,277.5,0.2778,66.7,18.3,38.8,987,13.0,5.8,6.7,8.3,998.9,16.8,4.2,249.7,9.8,0.0,4,38,1,day,midwest,True,False,0.3100000000000005,-0.370000000000001,0.10000000000000053,37.0,-0.008699999999999986
D131,16,4,1.32,1.18,0.42,0.63,0.28,10,5.07,12.63,420.1,0.2918,57.6,17.0,35.8,712,10.7,3.5,6.7,6.0,1439.7,22.9,3.8,240.0,7.7,0.0,6,38,1,day,midwest,True,False,-1.3099999999999996,0.6400000000000006,-0.7999999999999998,130.0,0.01479999999999998
D131,17,4,1.45,0.48,0.96,0.72,0.72,3,5.79,13.42,257.13,0.3101,63.0,19.8,39.4,1177,23.6,3.0,6.9,9.7,829.3,15.0,3.0,165.9,7.8,0.0,5,38,1,day,midwest,True,False,0.3899999999999997,0.8100000000000005,-0.8999999999999999,280.0,0.018699999999999994
D131,18,5,1.13,0.61,0.61,1.13,0.17,11,4.25,11.43,304.41,0.2641,40.0,13.4,24.5,709,9.0,3.2,5.5,5.9,1152.7,20.9,5.2,288.2,9.2,2.7,4,38,1,day,midwest,True,False,-1.79,-2.34,2.2,175.0,-0.0539
D131,19,5,1.35,0.77,0.68,0.87,0.68,2,5.89,12.73,304.71,0.294,54.2,17.0,40.4,1015,13.5,5.8,7.0,8.5,1036.5,17.9,4.5,259.1,10.0,0.0,4,38,1,day,midwest,True,False,0.27999999999999936,0.7000000000000011,0.2999999999999998,28.0,0.016199999999999992
D131,20,5,0.83,0.97,0.28,1.25,0.28,1,4.45,13.12,217.95,0.3031,56.3,16.3,34.6,576,7.6,2.8,6.5,4.8,719.0,13.1,2.6,143.8,6.0,0.0,5,38,1,day,midwest,True,False,-0.6200000000000001,0.48999999999999844,-1.1999999999999997,-136.0,0.011299999999999977
D131,21,5,1.05,0.79,0.39,0.39,0.53,3,4.46,11.8,207.58,0.2725,36.4,12.3,31.0,553,13.0,1.8,5.9,4.6,761.8,12.7,3.2,190.5,7.2,0.0,4,38,1,day,midwest,True,False,-1.33,-1.6199999999999992,0.20000000000000018,-624.0,-0.03759999999999997
D131,22,5,1.47,0.55,0.73,0.92,0.0,0,4.77,12.13,152.85,0.2803,45.9,13.2,31.7,825,16.0,2.7,6.6,6.9,545.4,9.3,3.1,181.8,7.7,0.0,3,38,1,day,midwest,True,False,0.5199999999999996,0.7000000000000011,-2.1,116.0,0.016199999999999992
D131,23,6,1.92,1.36,0.64,0.88,0.32,8,6.41,12.28,354.1,0.2836,40.9,13.0,30.8,680,7.3,2.3,5.4,5.7,1248.5,20.7,3.5,208.1,8.0,0.0,6,38,1,day,midwest,True,False,0.5200000000000005,-0.45000000000000107,-1.0,-335.0,-0.010399999999999965
D131,24,6,1.31,0.69,1.37,1.1,0.21,9,5.29,12.73,427.79,0.294,49.5,16.9,36.0,967,18.6,3.3,5.5,8.0,1455.1,27.8,4.0,207.9,8.7,0.0,7,38,1,day,midwest,True,False,0.8399999999999999,-0.3899999999999988,1.4,391.0,-0.009099999999999997
D131,25,6,1.24,0.59,0.72,0.85,0.26,8,4.91,10.7,377.52,0.2472,36.2,13.6,31.2,488,4.3,2.5,6.0,4.1,1527.3,26.3,4.4,254.6,8.7,0.0,6,38,1,day,midwest,True,False,0.4500000000000002,-1.1000000000000014,1.2000000000000002,-65.0,-0.025300000000000017
D131,26,6,1.7,0.85,0.24,1.33,0.12,3,5.46,12.91,245.92,0.2982,55.4,17.3,40.7,837,17.5,3.2,5.9,7.0,824.7,14.3,3.6,206.2,9.0,0.0,4,38,1,day,midwest,True,False,0.6900000000000004,0.7799999999999994,0.5,12.0,0.017900000000000027
D132,1,1,1.51,0.98,0.36,0.89,0.44,7,5.95,15.22,396.12,0.3516,64.6,17.5,32.8,1061,24.0,5.6,7.1,8.8,1126.5,19.3,3.9,225.3,9.0,24.4,5,46,0,rotating,midwest,False,False,,,,,
D132,2,1,2.03,1.35,1.05,0.9,0.38,14,7.13,13.82,425.48,0.3193,37.5,9.9,39.1,879,13.3,4.5,6.7,7.3,1332.4,23.2,3.9,222.1,8.2,65.3,6,46,0,rotating,midwest,False,False,,,,,
D132,3,1,0.71,0.71,0.36,0.36,0.44,7,3.91,15.05,390.78,0.3476,58.5,15.6,31.0,1174,19.2,3.6,6.0,9.7,1124.2,19.9,4.0,224.8,9.0,62.2,5,46,0,rotating,midwest,False,False,,,,,
D132,4,1,1.65,0.9,0.97,0.6,0.67,5,6.29,14.76,455.32,0.3409,49.7,13.9,38.2,702,10.3,4.0,6.2,5.9,1335.8,23.0,3.8,222.6,8.7,67.3,6,46,0,rotating,midwest,False,False,,,,,
D132,5,2,2.08,0.6,0.6,0.8,0.13,8,5.22,12.41,428.02,0.2866,46.0,12.2,33.3,812,11.0,2.2,4.8,6.8,1493.3,23.6,3.9,248.9,8.2,79.6,6,46,0,rotating,midwest,False,False,-0.7300000000000004,-2.8100000000000005,0.0,-249.0,-0.065
D132,6,2,1.25,0.99,0.45,0.45,0.09,5,4.3,13.53,348.69,0.3125,45.7,13.5,34.7,1000,16.5,4.2,5.8,8.3,1115.7,18.6,4.6,278.9,10.5,100.0,4,46,0,rotating,midwest,False,False,-2.83,-0.2900000000000009,0.6999999999999997,121.0,-0.006799999999999973
D132,7,2,1.68,0.79,0.69,0.69,0.49,6,6.02,13.58,318.16,0.3138,49.3,13.6,33.0,681,7.5,4.2,6.4,5.7,1013.9,16.3,4.1,253.5,8.2,69.7,4,46,0,rotating,midwest,False,False,2.1099999999999994,-1.4700000000000006,0.09999999999999964,-493.0,-0.0338
D132,8,2,2.17,1.12,0.97,0.82,0.37,8,7.02,13.44,415.41,0.3104,50.0,12.9,29.6,1163,14.8,4.6,6.0,9.7,1338.2,25.0,5.0,267.6,9.6,58.3,5,46,0,rotating,midwest,False,False,0.7299999999999995,-1.3200000000000003,1.2000000000000002,461.0,-0.03049999999999997
D132,9,2,1.47,0.92,0.37,1.29,0.09,9,5.43,11.84,297.2,0.2734,42.2,11.2,37.5,810,13.2,4.4,7.9,6.8,1087.1,17.6,3.5,217.4,8.4,26.2,5,46,0,rotating,midwest,False,False,0.20999999999999996,-0.5700000000000003,-0.3999999999999999,-2.0,-0.013200000000000045
D132,10,3,1.59,1.03,0.72,0.8,0.32,7,6.28,11.33,329.13,0.2617,38.3,12.0,29.6,678,11.7,3.0,6.2,5.7,1257.6,19.8,3.3,209.6,7.2,34.9,6,46,0,rotating,midwest,False,False,1.9800000000000004,-2.1999999999999993,-1.2999999999999998,-322.0,-0.05080000000000001
D132,11,3,1.35,0.92,0.75,0.75,0.16,8,5.66,12.09,518.66,0.2794,39.2,13.0,33.3,806,10.0,4.9,6.2,6.7,1856.6,31.8,4.5,265.2,9.6,44.8,7,46,0,rotating,midwest,False,False,-0.35999999999999943,-1.4900000000000002,0.40000000000000036,125.0,-0.03440000000000004
D132,12,3,2.26,1.13,0.92,1.13,0.1,8,7.07,12.21,275.03,0.2819,58.8,16.5,31.6,629,9.2,4.0,7.2,5.2,975.5,15.7,3.1,195.1,7.2,69.4,5,46,0,rotating,midwest,False,False,0.05000000000000071,-1.2299999999999986,-1.9,-534.0,-0.028500000000000025
D132,13,3,1.53,0.46,0.92,0.76,0.31,4,5.19,13.49,204.25,0.3115,50.0,15.1,32.1,873,14.5,3.2,6.1,7.3,655.6,12.9,3.2,163.9,8.8,100.0,4,46,0,rotating,midwest,False,False,-0.23999999999999932,1.6500000000000004,-0.2999999999999998,63.0,0.03810000000000002
D132,14,4,0.94,1.18,1.18,0.71,0.24,7,5.3,12.25,240.42,0.283,38.9,13.2,43.0,654,8.5,4.0,6.7,5.5,849.7,15.3,3.8,212.4,8.0,84.4,4,46,0,rotating,midwest,False,False,-0.9800000000000004,0.9199999999999999,0.5,-24.0,0.021299999999999986
D132,15,4,2.36,0.55,0.63,0.71,0.08,10,6.28,11.75,345.78,0.2715,46.6,15.4,40.4,1111,16.7,2.7,5.7,9.2,1273.8,22.3,3.7,212.3,8.3,66.0,6,46,0,rotating,midwest,False,False,0.6200000000000001,-0.33999999999999986,-0.7999999999999998,305.0,-0.007899999999999963
D132,16,4,1.97,1.31,0.66,1.64,0.16,3,6.57,12.94,181.89,0.2989,46.0,14.9,43.3,1202,33.3,1.7,4.9,9.9,608.5,10.6,3.5,202.8,8.3,60.0,3,46,0,rotating,midwest,False,False,-0.5,0.7299999999999986,0.3999999999999999,573.0,0.017000000000000015
D132,17,4,1.17,0.94,0.47,0.94,0.0,3,4.45,12.99,127.97,0.3001,46.0,14.6,26.0,784,7.3,2.3,6.7,6.5,426.5,7.4,2.5,142.2,7.0,0.0,3,46,0,rotating,midwest,False,False,-0.7400000000000002,-0.5,-0.7000000000000002,-89.0,-0.011400000000000021
D132,18,5,0.86,1.35,1.22,0.61,0.0,5,6.12,12.52,236.36,0.2893,40.5,13.0,33.6,868,13.6,5.2,7.4,7.2,817.1,15.4,3.1,163.4,7.4,86.5,5,46,0,rotating,midwest,False,False,0.8200000000000003,0.2699999999999996,-0.6999999999999997,214.0,0.006300000000000028
D132,19,5,1.72,0.86,0.57,0.72,0.29,3,6.01,12.82,206.81,0.2962,55.7,18.6,34.5,1034,23.5,3.8,6.5,8.6,698.3,13.1,3.3,174.6,7.2,0.0,4,46,0,rotating,midwest,False,False,-0.27000000000000046,1.0700000000000003,-0.40000000000000036,-77.0,0.0247
D132,20,5,1.42,1.08,0.54,0.68,0.41,13,6.02,12.4,423.58,0.2864,48.4,15.0,35.8,1152,16.3,4.6,6.0,9.5,1478.9,24.6,3.5,211.3,8.6,76.7,7,46,0,rotating,midwest,False,False,-0.5500000000000007,-0.5399999999999991,0.0,-50.0,-0.012500000000000011
D132,21,5,1.58,0.62,0.62,0.83,0.28,10,5.09,11.21,376.37,0.2589,41.5,14.1,37.6,551,7.3,3.3,6.7,4.6,1453.7,24.3,4.1,242.3,8.3,10.0,6,46,0,rotating,midwest,False,False,0.6399999999999997,-1.7799999999999994,1.5999999999999996,-233.0,-0.04119999999999996
D132,22,5,1.27,1.57,0.61,0.97,0.3,8,6.05,13.13,500.83,0.3032,52.0,15.3,33.5,858,9.4,5.4,6.6,7.2,1651.7,27.7,4.0,236.0,9.6,13.4,7,46,0,rotating,midwest,False,False,-0.07000000000000028,0.6100000000000012,0.8999999999999999,-10.0,0.013900000000000023
D132,23,6,1.8,1.05,0.6,1.05,0.37,8,5.84,12.39,382.26,0.2862,46.6,14.6,35.0,791,13.7,3.7,6.7,6.6,1335.7,22.8,3.8,222.6,8.2,49.0,6,46,0,rotating,midwest,False,False,-0.16999999999999993,-0.4299999999999997,0.5,-243.0,-0.010000000000000009
D132,24,6,1.22,0.65,0.49,0.98,0.57,5,5.22,14.32,405.73,0.3307,68.1,21.6,33.9,774,12.7,3.7,6.3,6.4,1226.8,23.6,3.9,204.5,7.3,61.4,6,46,0,rotating,midwest,False,False,-0.7999999999999998,1.92,0.3999999999999999,-378.0,0.044300000000000006
D132,25,6,1.48,0.55,0.74,2.03,0.18,4,6.64,13.53,169.42,0.3126,66.4,19.9,44.0,1532,26.0,6.5,6.4,12.7,542.0,9.7,4.9,271.0,11.0,54.5,2,46,0,rotating,midwest,False,False,1.5499999999999998,2.3199999999999985,0.8000000000000007,981.0,0.05369999999999997
D132,26,6,1.08,0.49,0.59,0.98,0.29,7,4.72,12.49,293.42,0.2885,33.0,10.3,31.7,884,11.3,4.0,6.3,7.4,1017.2,16.8,5.6,339.1,11.7,65.7,3,46,0,rotating,midwest,False,False,-1.33,-0.6400000000000006,1.5999999999999996,26.0,-0.014700000000000046
D133,1,1,1.69,0.0,0.48,0.96,0.72,1,4.58,20.88,200.21,0.4823,73.9,29.4,34.6,2246,70.7,3.8,5.9,18.5,415.1,14.4,2.4,69.2,7.2,0.0,6,37,0,day,northeast,True,True,,,,,
D133,2,1,1.54,0.0,0.39,0.58,0.96,2,4.24,17.27,207.21,0.399,65.6,23.0,36.7,2495,44.7,5.3,6.2,20.5,519.3,13.7,4.6,173.1,9.0,0.0,3,37,0,day,northeast,True,True,,,,,
D133,3,1,0.37,0.37,0.74,0.37,0.37,1,2.97,21.68,269.69,0.5008,93.6,32.1,27.2,2226,57.2,5.2,6.5,18.3,538.5,16.7,3.3,107.7,7.6,0.0,5,37,0,day,northeast,True,True,,,,,
D133,4,1,1.35,0.39,0.39,0.19,0.39,4,3.86,19.3,230.86,0.4459,95.6,29.8,38.5,2126,46.5,4.2,5.7,17.5,517.8,13.5,3.4,129.4,8.0,0.0,4,37,0,day,northeast,True,True,,,,,
D133,5,2,1.07,0.72,0.54,0.9,0.18,2,4.84,16.32,210.49,0.3769,59.6,20.5,35.2,2242,57.5,3.0,5.2,18.5,558.4,13.9,3.5,139.6,9.8,0.0,4,37,0,day,northeast,True,True,0.2599999999999998,-4.559999999999999,1.1,-4.0,-0.1054
D133,6,2,0.65,0.52,0.52,0.92,0.13,2,3.8,17.54,309.45,0.4051,71.0,25.9,34.0,2533,49.0,4.8,6.0,20.9,763.9,21.2,3.5,127.3,9.3,0.0,6,37,0,day,northeast,True,True,-0.4400000000000004,0.2699999999999996,-1.0999999999999996,38.0,0.006099999999999994
D133,7,2,0.97,0.58,0.58,0.78,0.19,3,4.28,16.59,196.81,0.3833,66.9,27.8,41.1,2444,55.5,5.5,6.2,20.1,513.5,15.2,3.8,128.4,9.8,0.0,4,37,0,day,northeast,True,True,1.31,-5.09,0.5,218.0,-0.11750000000000005
D133,8,2,1.11,0.83,0.28,1.11,0.28,3,5.56,18.79,156.06,0.434,94.7,30.4,37.6,2594,59.3,5.0,6.1,21.3,359.6,9.3,3.1,119.9,8.3,0.0,3,37,0,day,northeast,True,True,1.6999999999999997,-0.5100000000000016,-0.2999999999999998,468.0,-0.011900000000000022
D133,9,2,1.66,0.83,0.0,1.38,0.28,0,4.42,21.02,175.7,0.4855,82.3,30.3,37.6,1993,55.5,4.5,6.2,16.4,361.9,11.7,2.9,90.5,8.0,0.0,4,37,0,day,northeast,True,True,-0.41999999999999993,4.699999999999999,-0.6000000000000001,-249.0,0.10859999999999997
D133,10,3,1.35,0.67,0.22,1.12,0.22,3,4.04,16.15,166.07,0.3731,88.4,29.5,33.0,2879,63.3,4.3,5.9,23.7,445.1,10.5,3.5,148.4,8.7,0.0,3,37,0,day,northeast,True,True,0.2400000000000002,-1.3900000000000006,0.0,346.0,-0.03200000000000003
D133,11,3,0.86,0.72,0.29,0.86,0.57,5,4.29,15.24,245.99,0.3521,54.1,20.2,29.9,1743,42.7,4.5,6.1,14.4,698.6,17.5,2.9,116.4,7.5,0.0,6,37,0,day,northeast,True,True,0.009999999999999787,-1.3499999999999996,-0.8999999999999999,-701.0,-0.03119999999999995
D133,12,3,0.9,1.29,0.39,0.77,0.26,3,4.25,16.9,303.16,0.3905,58.8,22.9,29.6,2298,53.3,5.0,7.0,18.9,776.4,21.6,3.6,129.4,8.7,0.0,6,37,0,day,northeast,True,True,-1.3099999999999996,-1.8900000000000006,0.5,-296.0,-0.04349999999999998
D133,13,3,0.9,0.75,0.0,0.45,0.3,1,4.64,17.01,262.46,0.3929,70.9,25.6,26.3,1928,48.7,4.2,5.8,15.9,668.0,17.3,2.9,111.3,8.3,0.0,6,37,0,day,northeast,True,True,0.21999999999999975,-4.009999999999998,0.0,-65.0,-0.09259999999999996
D133,14,4,1.14,0.91,1.37,1.14,0.0,3,6.6,16.69,169.42,0.3855,83.5,30.7,25.7,2197,60.0,4.2,6.1,18.1,439.5,11.8,3.0,109.9,7.0,0.0,4,37,0,day,northeast,True,True,2.5599999999999996,0.5400000000000027,-0.5,-682.0,0.012400000000000022
D133,15,4,0.59,1.76,0.39,1.17,0.2,1,4.68,14.43,170.85,0.3334,49.7,18.8,30.2,1772,35.3,4.0,5.6,14.6,512.5,11.7,3.9,170.8,8.7,0.0,3,37,0,day,northeast,True,True,0.3899999999999997,-0.8100000000000005,1.0,29.0,-0.01870000000000005
D133,16,4,0.97,0.97,0.97,0.58,0.58,4,5.6,18.01,215.38,0.4161,114.7,38.2,37.3,1916,45.0,5.0,6.7,15.8,517.6,15.1,2.5,86.3,7.0,0.0,6,37,0,day,northeast,True,True,1.3499999999999996,1.110000000000003,-1.1,-382.0,0.02560000000000001
D133,17,4,2.24,1.38,0.86,0.86,0.52,6,6.88,16.43,220.67,0.3794,93.7,31.4,36.7,2151,48.4,5.2,6.8,17.7,581.6,15.8,3.2,116.3,8.2,0.0,5,37,0,day,northeast,True,True,2.24,-0.5800000000000018,0.30000000000000027,223.0,-0.013500000000000012
D133,18,5,2.1,1.26,0.63,0.63,0.1,3,6.82,15.55,342.6,0.3593,68.4,25.7,31.7,2423,56.0,4.2,5.8,20.0,953.6,24.3,4.0,158.9,9.8,0.0,6,37,0,day,northeast,True,True,0.22000000000000064,-1.1400000000000006,1.0,226.0,-0.0262
D133,19,5,0.92,0.8,0.34,0.69,0.46,4,5.16,15.58,313.98,0.3598,70.6,24.4,35.8,2520,41.0,5.2,6.0,20.7,872.6,21.9,3.7,145.4,8.0,0.0,6,37,0,day,northeast,True,True,0.4800000000000004,1.1500000000000004,-0.19999999999999973,748.0,0.026400000000000035
D133,20,5,0.99,0.74,0.49,0.49,0.0,0,3.71,18.11,169.3,0.4183,82.3,30.4,39.2,2363,48.5,2.5,5.1,19.4,404.7,11.5,2.9,101.2,8.0,0.0,4,37,0,day,northeast,True,True,-1.8899999999999997,0.09999999999999787,0.3999999999999999,447.0,0.0021999999999999797
D133,21,5,1.34,0.89,0.89,0.45,0.0,1,4.76,17.31,268.61,0.3999,82.5,28.5,33.7,1967,32.7,3.5,6.0,16.2,671.7,17.9,3.0,112.0,8.0,0.0,6,37,0,day,northeast,True,True,-2.12,0.879999999999999,-0.20000000000000018,-184.0,0.020499999999999963
D133,22,5,0.45,1.8,0.0,0.9,0.45,1,5.4,24.98,128.23,0.5771,139.4,47.8,41.0,3160,66.7,5.0,5.8,26.0,222.2,8.3,2.8,74.1,7.3,0.0,3,37,0,day,northeast,True,True,-1.42,9.43,-1.2000000000000002,737.0,0.21779999999999994
D133,23,6,0.97,1.38,0.55,1.1,0.28,5,5.25,17.48,292.49,0.4038,76.3,28.6,36.1,2153,42.4,5.4,6.4,17.7,724.3,19.7,3.9,144.9,9.8,0.0,5,37,0,day,northeast,True,True,0.08999999999999986,1.9000000000000004,0.19999999999999973,-367.0,0.043999999999999984
D133,24,6,1.36,1.19,0.51,1.19,0.17,4,5.62,17.98,243.8,0.4154,67.5,28.0,39.4,2726,78.0,6.2,6.3,22.4,586.9,18.2,4.6,146.7,9.5,0.0,4,37,0,day,northeast,True,True,1.9100000000000001,-0.129999999999999,1.6999999999999997,363.0,-0.0029000000000000137
D133,25,6,0.7,0.82,0.59,0.35,0.23,7,3.52,14.66,288.2,0.3386,84.6,23.6,30.4,1662,34.7,5.2,6.5,13.7,851.1,20.3,3.4,141.9,8.3,0.0,6,37,0,day,northeast,True,True,-1.2399999999999998,-2.6499999999999986,0.3999999999999999,-305.0,-0.061299999999999966
D133,26,6,1.06,1.06,0.71,0.89,0.35,2,4.96,17.26,224.99,0.3988,73.7,27.6,30.4,2113,40.5,3.2,5.3,17.4,564.2,15.3,3.8,141.0,8.8,0.0,4,37,0,day,northeast,True,True,-0.4400000000000004,-7.719999999999999,1.0,-1047.0,-0.17829999999999996
D134,1,1,0.42,0.34,0.17,0.17,0.08,1,1.86,11.84,324.21,0.2735,25.8,9.7,35.7,764,12.4,4.2,6.3,6.4,1185.5,22.0,4.4,237.1,9.6,50.0,5,32,1,rotating,midwest,True,False,,,,,
D134,2,1,0.56,0.45,0.22,0.11,0.0,0,2.01,9.39,194.18,0.2168,16.5,5.7,28.4,588,9.0,2.8,5.7,4.9,895.5,14.1,3.5,223.9,8.0,46.9,4,32,1,rotating,midwest,True,False,,,,,
D134,3,1,0.39,0.29,0.39,0.19,0.1,2,2.12,11.56,276.6,0.267,22.5,8.1,34.2,1046,15.2,4.4,6.5,8.7,1036.1,17.9,3.6,207.2,8.2,78.0,5,32,1,rotating,midwest,True,False,,,,,
D134,4,1,0.21,0.31,0.41,0.21,0.1,1,1.85,10.7,239.8,0.2471,35.6,12.1,37.8,842,12.0,3.5,6.0,7.0,970.4,15.6,3.9,242.6,8.5,76.5,4,32,1,rotating,midwest,True,False,,,,,
D134,5,2,0.36,0.22,0.14,0.22,0.0,2,1.38,11.24,358.65,0.2596,41.1,15.0,35.9,901,6.0,3.3,5.8,7.5,1381.8,23.8,4.0,230.3,8.2,55.1,6,32,1,rotating,midwest,True,False,-0.4800000000000002,-0.5999999999999996,-0.40000000000000036,137.0,-0.013900000000000023
D134,6,2,0.48,0.24,1.2,0.72,0.0,1,3.35,7.28,70.22,0.1682,21.3,10.5,42.9,935,33.0,4.5,6.8,7.8,417.6,6.9,3.5,208.8,7.0,35.7,2,32,1,rotating,midwest,True,False,1.3400000000000003,-2.1100000000000003,0.0,347.0,-0.048600000000000004
D134,7,2,0.14,0.14,0.14,0.29,0.0,0,1.0,10.59,171.1,0.2447,25.7,8.4,38.9,747,8.0,3.0,5.1,6.3,699.2,12.7,4.2,233.1,9.0,77.8,3,32,1,rotating,midwest,True,False,-1.12,-0.9700000000000006,0.6000000000000001,-299.0,-0.022300000000000014
D134,8,2,0.53,0.12,0.12,0.24,0.0,1,1.53,10.92,427.51,0.2522,30.0,10.9,31.6,1028,19.0,3.8,6.0,8.6,1695.2,30.5,5.1,282.5,10.0,46.7,6,32,1,rotating,midwest,True,False,-0.32000000000000006,0.22000000000000064,1.1999999999999997,186.0,0.005099999999999993
D134,9,2,0.54,0.31,0.08,0.47,0.08,2,1.86,10.39,309.1,0.2399,23.1,8.3,33.3,945,19.7,2.8,5.9,7.9,1288.2,23.4,3.9,214.7,8.3,68.0,6,32,1,rotating,midwest,True,False,0.4800000000000002,-0.8499999999999996,-0.10000000000000009,44.0,-0.019699999999999995
D134,10,3,0.51,0.25,0.08,0.08,0.17,3,1.61,10.7,292.15,0.2472,30.0,12.2,33.9,1111,17.5,4.5,5.9,9.3,1181.6,21.3,5.3,295.4,10.8,48.8,4,32,1,rotating,midwest,True,False,-1.74,3.419999999999999,1.7999999999999998,176.0,0.07900000000000001
D134,11,3,0.3,0.18,0.24,0.36,0.12,4,1.86,8.79,338.6,0.203,16.0,6.4,34.2,586,10.3,2.0,5.8,4.9,1668.0,25.8,3.7,238.3,7.7,44.4,7,32,1,rotating,midwest,True,False,0.8600000000000001,-1.8000000000000007,-0.5,-161.0,-0.04169999999999999
D134,12,3,0.46,0.0,0.15,0.77,0.15,1,1.7,9.9,147.77,0.2287,30.2,12.8,44.3,585,2.5,2.8,6.0,4.9,646.2,11.5,2.9,161.6,6.0,100.0,4,32,1,rotating,midwest,True,False,0.16999999999999993,-1.0199999999999996,-2.1999999999999997,-443.0,-0.023499999999999993
D134,13,3,0.56,0.28,0.19,0.28,0.19,3,2.04,9.82,244.93,0.2268,32.7,12.4,31.5,886,16.8,2.6,5.2,7.4,1079.7,17.5,3.5,215.9,7.4,40.5,5,32,1,rotating,midwest,True,False,0.17999999999999994,-0.5700000000000003,-0.3999999999999999,-59.0,-0.0131
D134,14,4,0.57,0.43,0.5,0.43,0.07,2,2.65,9.85,317.3,0.2275,27.6,10.3,37.2,674,7.7,4.7,7.4,5.6,1394.8,22.4,3.7,232.5,7.7,58.7,6,32,1,rotating,midwest,True,False,1.0399999999999998,-0.8499999999999996,-1.5999999999999996,-437.0,-0.019699999999999995
D134,15,4,0.76,0.13,0.13,0.38,0.13,2,2.29,9.19,167.15,0.2123,22.8,7.4,35.3,548,3.5,2.8,6.3,4.6,787.5,13.8,3.4,196.9,6.8,25.9,4,32,1,rotating,midwest,True,False,0.42999999999999994,0.40000000000000036,-0.30000000000000027,-38.0,0.009299999999999975
D134,16,4,0.67,0.11,0.67,0.45,0.0,3,3.01,10.44,216.61,0.2412,19.7,8.4,31.4,1051,25.0,6.8,7.3,8.8,898.2,16.6,4.1,224.5,9.5,100.0,4,32,1,rotating,midwest,True,False,1.3099999999999998,0.5399999999999991,1.1999999999999997,466.0,0.012500000000000011
D134,17,4,0.8,0.22,0.29,0.29,0.0,4,1.96,10.31,327.51,0.2381,30.3,11.6,37.6,913,13.0,3.0,5.7,7.6,1375.7,24.6,4.1,229.3,9.0,55.6,6,32,1,rotating,midwest,True,False,-0.08000000000000007,0.4900000000000002,0.5999999999999996,27.0,0.011300000000000004
D134,18,4,0.38,0.67,0.1,0.48,0.19,3,2.39,10.4,251.14,0.2402,32.5,12.6,40.7,1002,12.5,4.5,5.9,8.4,1045.7,17.6,4.4,261.4,8.8,71.4,4,32,1,rotating,midwest,True,False,-0.2599999999999998,0.5500000000000007,0.7000000000000002,328.0,0.012699999999999989
D134,19,5,0.48,0.21,0.34,0.48,0.27,5,2.2,10.59,356.39,0.2447,34.3,13.1,35.2,683,9.0,2.8,6.1,5.7,1456.5,24.6,4.1,242.8,8.3,52.0,6,32,1,rotating,midwest,True,False,-0.08999999999999986,1.4000000000000004,0.6999999999999997,135.0,0.03240000000000001
D134,20,5,0.33,0.22,0.11,0.33,0.11,2,2.1,9.62,200.55,0.2221,32.8,13.1,33.0,530,3.2,2.8,5.7,4.4,902.8,15.4,3.1,180.6,7.6,65.8,5,32,1,rotating,midwest,True,False,-0.9099999999999997,-0.8200000000000003,-0.9999999999999996,-521.0,-0.019100000000000006
D134,21,5,0.61,0.15,0.23,0.31,0.08,3,2.15,10.09,303.63,0.233,26.0,9.1,37.9,1116,18.8,3.8,5.6,9.3,1303.0,22.0,4.4,260.6,9.4,57.4,5,32,1,rotating,midwest,True,False,0.18999999999999995,-0.22000000000000064,0.3000000000000007,203.0,-0.005099999999999993
D134,22,5,0.5,0.25,0.0,0.08,0.08,6,1.59,10.61,293.21,0.2452,32.4,13.3,34.6,1528,28.4,5.0,6.2,12.7,1196.0,21.7,4.3,239.2,10.0,56.0,5,32,1,rotating,midwest,True,False,-0.8,0.20999999999999908,-0.10000000000000053,526.0,0.0050000000000000044
D134,23,6,0.55,0.18,0.0,0.37,0.28,2,2.02,10.82,272.58,0.2501,38.3,15.2,29.6,775,5.7,3.0,6.0,6.5,1090.1,19.7,3.3,181.7,7.7,67.4,6,32,1,rotating,midwest,True,False,-0.18000000000000016,0.23000000000000043,-0.7999999999999998,92.0,0.005399999999999988
D134,24,6,0.53,0.11,0.11,0.21,0.0,2,1.59,10.25,223.35,0.2368,25.4,10.4,35.0,1221,25.5,4.5,6.6,10.1,943.2,17.0,4.3,235.8,9.8,61.5,4,32,1,rotating,midwest,True,False,-0.51,0.6300000000000008,1.1999999999999997,691.0,0.014700000000000019
D134,25,6,0.59,0.34,0.17,0.25,0.0,3,1.78,8.34,227.44,0.1926,20.9,9.2,44.9,936,10.0,2.8,5.1,7.8,1181.2,20.9,5.2,295.3,11.2,26.7,4,32,1,rotating,midwest,True,False,-0.3699999999999999,-1.75,0.7999999999999998,-180.0,-0.04040000000000002
D134,26,6,1.06,0.35,0.0,0.62,0.18,1,2.56,9.49,248.32,0.2193,27.5,9.7,37.5,663,9.6,2.2,5.7,5.5,1132.4,18.5,3.7,226.5,8.0,20.0,5,32,1,rotating,midwest,True,False,0.97,-1.1199999999999992,-0.5999999999999996,-865.0,-0.025900000000000006
D135,1,1,1.1,0.61,0.25,0.98,0.25,2,3.68,18.02,339.36,0.4162,82.4,25.2,37.6,2140,49.2,4.8,6.3,17.7,815.3,19.7,3.9,163.1,9.2,0.0,5,47,4,day,northeast,True,True,,,,,
D135,2,1,1.0,0.75,0.62,0.87,0.37,6,4.6,18.88,350.63,0.4361,83.5,28.2,35.9,2298,48.9,3.0,5.1,18.9,804.0,22.4,3.2,114.9,8.6,0.0,7,47,4,day,northeast,True,True,,,,,
D135,3,1,1.93,1.24,0.14,0.69,0.14,5,5.37,16.74,280.85,0.3866,67.9,20.9,34.9,1499,35.0,3.0,6.5,12.4,726.5,19.2,3.2,121.1,7.2,0.0,6,47,4,day,northeast,True,True,,,,,
D135,4,1,1.47,0.68,0.34,0.68,0.34,3,4.65,17.83,363.46,0.4118,78.3,26.2,32.1,2422,46.0,3.6,5.4,19.9,882.6,22.9,3.3,126.1,8.9,0.0,7,47,4,day,northeast,True,True,,,,,
D135,5,1,1.61,0.64,0.81,0.64,0.64,2,5.48,17.34,248.58,0.4005,67.1,22.5,35.8,2433,51.3,6.7,6.8,20.0,620.6,19.5,3.2,103.4,7.5,0.0,6,47,4,day,northeast,True,True,1.8000000000000003,-0.6799999999999997,-0.6999999999999997,293.0,-0.015699999999999992
D135,6,2,1.03,1.03,0.86,0.86,0.17,2,4.8,22.55,303.76,0.5209,107.3,35.1,39.0,2548,54.0,4.5,6.2,20.9,583.2,17.9,3.0,97.2,8.2,0.0,6,47,4,day,northeast,True,True,0.20000000000000018,3.6700000000000017,-0.20000000000000018,250.0,0.08480000000000004
D135,7,2,2.0,0.73,0.55,0.91,0.18,2,5.82,16.86,214.25,0.3895,77.6,24.5,41.7,2044,46.4,3.6,6.0,16.8,550.1,14.1,2.8,110.0,7.4,0.0,5,47,4,day,northeast,True,True,0.4500000000000002,0.120000000000001,-0.40000000000000036,545.0,0.0029000000000000137
D135,8,2,1.28,1.12,0.32,0.48,0.16,4,4.66,19.37,278.72,0.4475,78.1,27.0,38.1,2364,60.8,4.8,6.1,19.5,622.8,17.4,3.5,124.6,8.4,0.0,5,47,4,day,northeast,True,True,0.009999999999999787,1.5400000000000027,0.20000000000000018,-58.0,0.03570000000000001
D135,9,2,2.07,0.52,0.17,2.07,0.17,5,7.08,18.65,249.48,0.4307,96.7,32.1,34.2,1703,38.0,3.5,5.8,14.0,579.2,15.7,2.6,96.5,7.5,0.0,6,47,4,day,northeast,True,True,1.5999999999999996,1.3099999999999987,-0.6000000000000001,-730.0,0.030200000000000005
D135,10,3,1.43,1.43,0.8,0.96,0.48,4,5.74,17.06,247.17,0.394,71.1,27.2,32.7,2478,56.0,4.8,6.3,20.4,627.3,17.0,3.4,125.5,8.4,0.0,5,47,4,day,northeast,True,True,0.9400000000000004,-5.490000000000002,0.3999999999999999,-70.0,-0.1269
D135,11,3,1.3,0.76,0.54,0.65,0.22,4,4.76,14.38,307.09,0.3321,79.0,24.0,33.5,2405,39.7,7.2,6.6,19.8,924.6,23.7,3.9,154.1,9.7,0.0,6,47,4,day,northeast,True,True,-1.0600000000000005,-2.4799999999999986,1.1,361.0,-0.05740000000000001
D135,12,3,1.7,1.13,0.38,0.95,0.19,1,4.91,15.57,190.27,0.3596,61.6,21.6,42.9,1680,52.0,3.2,5.4,13.9,529.1,14.0,2.8,105.8,7.0,0.0,5,47,4,day,northeast,True,True,0.25,-3.8000000000000007,-0.7000000000000002,-684.0,-0.08790000000000003
D135,13,3,1.55,0.78,0.62,0.78,0.31,1,5.27,15.54,231.49,0.3589,71.9,25.2,40.7,1974,40.0,5.0,6.3,16.3,644.9,16.4,3.3,129.0,8.2,0.0,5,47,4,day,northeast,True,True,-1.8100000000000005,-3.1099999999999994,0.6999999999999997,271.0,-0.07180000000000003
D135,14,4,0.89,0.71,0.36,0.89,0.0,5,3.57,16.68,215.59,0.3853,66.1,25.1,30.9,2090,46.5,3.5,5.9,17.3,559.6,14.8,3.7,139.9,9.2,0.0,4,47,4,day,northeast,True,True,-2.1700000000000004,-0.379999999999999,0.30000000000000027,-388.0,-0.008700000000000041
D135,15,4,1.76,0.53,0.53,0.53,0.0,1,4.22,16.21,212.91,0.3745,94.3,35.9,37.3,2889,63.5,6.8,6.1,23.7,568.6,14.6,3.7,142.2,9.8,0.0,4,47,4,day,northeast,True,True,-0.54,1.83,-0.19999999999999973,484.0,0.04239999999999999
D135,16,4,0.61,1.62,1.01,1.62,0.2,2,5.68,16.84,191.85,0.389,61.2,24.3,41.9,1751,35.5,4.0,6.3,14.5,493.2,13.7,3.4,123.3,8.2,0.0,4,47,4,day,northeast,True,True,0.7699999999999996,1.2699999999999996,0.6000000000000001,71.0,0.029400000000000037
D135,17,4,0.82,0.49,0.16,0.98,0.33,5,3.6,14.32,201.96,0.3308,34.0,13.5,30.5,2096,36.5,5.8,6.1,17.3,610.6,16.0,4.0,152.6,9.0,0.0,4,47,4,day,northeast,True,True,-1.6699999999999995,-1.2199999999999989,0.7000000000000002,122.0,-0.028100000000000014
D135,18,5,1.48,0.74,0.12,0.62,0.25,2,4.69,15.24,285.35,0.3519,66.8,24.3,31.1,1771,36.3,4.7,6.7,14.6,810.8,19.3,3.2,135.1,8.0,0.0,6,47,4,day,northeast,True,True,1.1200000000000006,-1.4399999999999995,-0.5,-319.0,-0.033399999999999985
D135,19,5,1.18,0.66,1.05,0.79,0.39,3,4.86,17.09,300.83,0.3947,81.9,30.2,31.7,2536,47.6,6.8,7.2,20.9,762.1,20.6,4.1,152.4,9.4,0.0,5,47,4,day,northeast,True,True,0.6400000000000006,0.879999999999999,0.39999999999999947,-353.0,0.020199999999999996
D135,20,5,0.6,0.79,0.4,0.6,0.4,1,4.37,17.81,207.28,0.4115,75.1,29.2,34.8,2376,51.6,6.0,6.6,19.6,503.7,15.0,3.0,100.7,8.4,0.0,5,47,4,day,northeast,True,True,-1.3099999999999996,0.9699999999999989,-0.3999999999999999,625.0,0.022499999999999964
D135,21,5,0.67,0.45,1.12,0.67,0.0,4,3.82,16.71,171.63,0.386,63.5,25.6,32.5,2329,44.5,3.8,5.7,19.2,444.7,13.4,3.3,111.2,8.0,0.0,4,47,4,day,northeast,True,True,0.21999999999999975,2.3900000000000006,-0.7000000000000002,233.0,0.05520000000000003
D135,22,5,0.84,0.95,0.63,0.95,0.21,5,4.64,14.83,324.92,0.3426,45.0,17.8,34.5,1728,38.4,4.0,6.2,14.3,948.4,23.7,4.7,189.7,9.8,0.0,5,47,4,day,northeast,True,True,-0.05000000000000071,-0.41000000000000014,1.5,-43.0,-0.009299999999999975
D135,23,6,1.54,1.54,0.0,0.51,0.0,4,4.37,18.17,163.29,0.4198,73.7,28.7,44.0,1811,40.0,4.2,6.6,14.9,389.0,11.5,2.9,97.2,7.8,0.0,4,47,4,day,northeast,True,True,-0.4900000000000002,1.0800000000000018,-1.1999999999999997,-725.0,0.02510000000000001
D135,24,6,1.02,0.34,0.57,0.79,0.23,3,3.29,15.6,317.62,0.3603,62.7,22.2,37.6,2276,49.7,5.0,6.4,18.7,881.6,22.1,3.7,146.9,9.5,0.0,6,47,4,day,northeast,True,True,-1.08,-2.209999999999999,0.7000000000000002,-100.0,-0.05119999999999997
D135,25,6,0.68,1.19,0.34,0.17,0.51,2,3.57,18.63,253.2,0.4303,87.0,32.8,42.2,2957,48.0,4.6,6.0,24.3,588.4,18.2,3.6,117.7,9.2,0.0,5,47,4,day,northeast,True,True,-0.25,1.9199999999999982,0.30000000000000027,628.0,0.044300000000000006
D135,26,6,1.16,0.93,0.46,0.7,0.46,3,4.99,18.72,372.35,0.4325,95.9,33.4,29.7,2876,65.7,5.3,5.7,23.7,861.0,25.1,3.6,123.0,9.0,0.0,7,47,4,day,northeast,True,True,0.35000000000000053,3.889999999999999,-1.1,1148.0,0.08989999999999998
D136,1,1,1.93,0.83,1.1,0.28,0.0,0,5.78,21.34,179.16,0.493,85.5,28.9,34.0,1805,38.5,4.2,6.5,14.9,363.4,10.9,2.7,90.9,6.5,0.0,4,40,0,day,northeast,False,False,,,,,
D136,2,1,1.85,0.37,1.11,0.74,0.18,3,5.18,19.61,244.88,0.453,96.4,31.5,41.9,2087,54.4,6.8,6.3,17.2,540.6,15.2,3.0,108.1,8.8,0.0,5,40,0,day,northeast,False,False,,,,,
D136,3,1,0.75,1.05,0.3,1.36,0.15,4,5.27,18.28,280.41,0.4223,76.9,26.0,39.1,2288,55.2,5.4,6.0,18.9,664.0,17.1,3.4,132.8,8.4,0.0,5,40,0,day,northeast,False,False,,,,,
D136,4,1,1.7,0.77,1.54,0.31,0.62,4,6.18,21.83,326.63,0.5043,99.4,33.4,33.9,3094,71.0,5.5,6.0,25.4,647.7,20.3,3.4,108.0,9.5,0.0,6,40,0,day,northeast,False,False,,,,,
D136,5,1,1.35,0.81,0.67,0.4,0.4,7,5.8,17.95,307.48,0.4146,86.7,27.2,26.8,1836,36.8,4.2,6.5,15.1,741.7,17.5,3.5,148.3,8.6,0.0,5,40,0,day,northeast,False,False,0.019999999999999574,-3.3900000000000006,0.7999999999999998,31.0,-0.07839999999999997
D136,6,2,1.33,0.57,0.38,0.76,0.38,3,5.68,17.21,209.82,0.3975,68.7,22.3,38.3,1351,29.0,4.0,6.5,11.2,527.9,12.2,3.1,132.0,7.8,0.0,4,40,0,day,northeast,False,False,0.5,-2.3999999999999986,0.10000000000000009,-736.0,-0.055499999999999994
D136,7,2,1.53,1.53,0.58,0.58,0.19,4,5.75,18.5,222.89,0.4274,85.3,28.2,42.7,1664,43.6,4.4,6.2,13.7,521.5,13.3,2.7,104.3,7.0,0.0,5,40,0,day,northeast,False,False,0.4800000000000004,0.21999999999999886,-0.6999999999999997,-624.0,0.005099999999999993
D136,8,2,1.83,1.22,0.82,1.02,0.31,5,7.14,18.96,429.68,0.438,77.1,26.4,33.5,2584,61.1,7.0,7.0,21.3,981.0,26.9,3.8,140.1,10.3,0.0,7,40,0,day,northeast,False,False,0.96,-2.8699999999999974,0.3999999999999999,-510.0,-0.06629999999999997
D136,9,2,1.16,0.19,0.39,0.77,0.39,1,3.86,17.15,205.22,0.3962,78.7,26.6,40.6,3406,78.5,6.2,6.4,28.0,518.0,15.8,3.9,129.5,11.0,0.0,4,40,0,day,northeast,False,False,-1.94,-0.8000000000000007,0.3999999999999999,1570.0,-0.018400000000000027
D136,10,3,1.6,0.64,0.85,1.06,0.11,5,5.96,18.58,403.26,0.4292,89.2,33.5,40.4,3190,66.3,8.7,6.1,26.3,939.5,27.3,4.6,156.6,11.0,0.0,6,40,0,day,northeast,False,False,0.28000000000000025,1.3699999999999974,1.4999999999999996,1839.0,0.031700000000000006
D136,11,3,1.67,1.0,1.67,1.17,0.0,3,7.2,16.59,228.92,0.3833,68.0,26.3,36.1,2580,72.0,4.5,6.0,21.2,597.3,16.0,4.0,149.3,8.0,0.0,4,40,0,day,northeast,False,False,1.4500000000000002,-1.9100000000000001,1.2999999999999998,916.0,-0.04410000000000003
D136,12,3,1.03,0.83,1.03,1.65,0.21,2,5.79,17.25,192.61,0.3984,69.0,27.7,32.1,1872,52.4,3.8,6.3,15.4,483.4,13.9,2.8,96.7,6.6,0.0,5,40,0,day,northeast,False,False,-1.3499999999999996,-1.7100000000000009,-1.0,-712.0,-0.039600000000000024
D136,13,3,1.19,1.39,0.8,0.8,0.4,0,6.17,17.3,200.92,0.3996,89.5,29.6,31.4,2883,65.3,6.3,6.7,23.7,502.8,12.0,4.0,167.6,8.7,0.0,3,40,0,day,northeast,False,False,2.31,0.15000000000000213,0.10000000000000009,-523.0,0.003400000000000014
D136,14,4,1.66,1.11,1.66,0.97,0.14,5,6.66,15.79,263.02,0.3648,77.5,27.5,32.5,2198,47.6,4.4,5.9,18.1,721.0,18.3,3.7,144.2,9.0,0.0,5,40,0,day,northeast,False,False,0.7000000000000002,-2.789999999999999,-0.8999999999999995,-992.0,-0.06440000000000001
D136,15,4,1.62,0.0,0.0,0.0,0.0,0,4.85,19.26,27.54,0.4448,144.8,48.8,29.2,2408,48.0,6.0,6.8,19.8,61.9,1.9,1.9,61.9,6.0,0.0,1,40,0,day,northeast,False,False,-2.3500000000000005,2.6700000000000017,-2.1,-172.0,0.0615
D136,16,4,1.91,2.75,1.27,0.85,0.21,6,8.69,15.25,166.25,0.3523,60.9,25.2,31.5,2182,46.0,3.5,6.0,17.9,471.9,12.8,3.2,118.0,8.8,0.0,4,40,0,day,northeast,False,False,2.8999999999999995,-2.0,0.40000000000000036,310.0,-0.046099999999999974
D136,17,4,1.27,0.81,0.92,1.04,0.23,7,5.99,16.81,336.89,0.3883,72.4,26.9,36.3,2219,60.6,4.4,6.3,18.3,867.7,23.4,3.3,124.0,8.4,0.0,7,40,0,day,northeast,False,False,-0.17999999999999972,-0.490000000000002,-0.7000000000000002,-664.0,-0.011300000000000032
D136,18,4,1.63,1.86,0.93,0.7,0.23,2,6.99,13.73,136.17,0.3173,69.5,27.0,35.0,1902,45.0,4.8,6.0,15.7,429.2,11.7,2.9,107.3,7.8,0.0,4,40,0,day,northeast,False,False,0.33000000000000007,-2.0599999999999987,-0.8000000000000003,-296.0,-0.04749999999999999
D136,19,5,0.91,1.82,0.91,0.61,0.0,3,6.38,16.78,127.65,0.3876,60.3,23.4,32.9,1946,58.0,7.0,7.6,16.1,329.3,8.9,3.0,109.8,7.3,0.0,3,40,0,day,northeast,False,False,1.5300000000000002,-2.4800000000000004,1.1,-462.0,-0.05719999999999997
D136,20,5,1.22,1.71,0.49,0.61,0.24,4,5.38,15.59,294.69,0.3601,79.9,27.5,32.5,2142,53.4,4.3,6.0,17.6,818.4,21.4,3.1,116.9,7.9,0.0,7,40,0,day,northeast,False,False,-3.3099999999999996,0.33999999999999986,-0.10000000000000009,-40.0,0.007799999999999974
D136,21,5,1.28,1.02,0.77,0.89,0.38,5,5.88,15.64,282.77,0.3613,80.1,23.6,46.4,2724,57.5,7.5,6.3,22.5,782.7,18.8,4.7,195.7,9.2,0.0,4,40,0,day,northeast,False,False,-0.11000000000000032,-1.1699999999999982,1.4000000000000004,505.0,-0.02699999999999997
D136,22,5,1.34,1.48,0.54,0.67,0.27,4,5.51,17.93,308.41,0.4142,92.9,32.6,35.2,2599,51.3,4.7,5.7,21.4,744.5,21.3,3.5,124.1,8.3,0.0,6,40,0,day,northeast,False,False,-1.4800000000000004,4.199999999999999,0.6000000000000001,697.0,0.09689999999999999
D136,23,6,1.53,0.61,0.61,0.77,0.46,4,4.44,17.86,269.51,0.4125,80.4,31.5,36.2,2272,53.0,4.2,5.9,18.7,653.3,19.8,3.3,108.9,8.3,0.0,6,40,0,day,northeast,False,False,-1.9399999999999995,1.0799999999999983,0.2999999999999998,326.0,0.024899999999999978
D136,24,6,1.12,0.32,0.8,1.12,0.16,5,5.46,16.97,244.26,0.3919,77.1,29.2,31.4,1948,52.3,4.0,6.0,16.0,623.2,16.8,2.8,103.9,7.2,0.0,6,40,0,day,northeast,False,False,0.08000000000000007,1.379999999999999,-0.30000000000000027,-194.0,0.03180000000000005
D136,25,6,1.53,1.15,0.76,1.02,0.25,5,6.37,14.15,256.53,0.3268,58.7,22.5,36.2,2636,54.5,5.2,5.9,21.7,784.9,18.7,4.7,196.2,10.0,0.0,4,40,0,day,northeast,False,False,0.4900000000000002,-1.4900000000000002,0.0,-88.0,-0.03450000000000003
D136,26,6,0.87,0.87,1.0,0.25,0.25,2,4.11,14.7,272.95,0.3396,63.5,24.1,37.9,2590,57.2,6.8,6.6,21.3,803.8,20.6,4.1,160.8,10.2,0.0,5,40,0,day,northeast,False,False,-1.3999999999999995,-3.2300000000000004,0.5999999999999996,-9.0,-0.0746
D137,1,1,2.36,1.79,1.72,1.5,0.43,13,10.67,14.87,480.02,0.3436,67.3,18.1,33.6,783,7.3,3.0,5.9,6.5,1397.0,24.4,4.1,232.8,7.8,0.0,6,62,2,day,midwest,False,False,,,,,
D137,2,1,2.26,1.28,0.98,2.03,0.45,14,9.1,17.28,530.79,0.3991,86.3,21.2,36.4,994,12.3,4.0,5.9,8.3,1330.1,23.5,3.9,221.7,8.8,0.0,6,62,2,day,midwest,False,False,,,,,
D137,3,1,1.82,0.67,2.0,2.18,0.67,18,10.9,14.98,571.72,0.3461,70.1,17.6,34.5,1015,17.7,4.7,5.9,8.5,1651.8,27.7,4.6,275.3,10.7,3.1,6,62,2,day,midwest,False,False,,,,,
D137,4,1,2.19,1.09,2.19,1.09,0.12,8,9.48,16.02,304.6,0.3701,63.1,17.2,37.4,1037,20.0,3.2,6.3,8.6,823.0,15.8,4.0,205.8,8.5,0.0,4,62,2,day,midwest,False,False,,,,,
D137,5,2,2.18,1.29,1.57,1.7,0.61,16,9.8,14.98,508.41,0.3459,62.0,16.5,33.6,513,4.0,3.3,6.0,4.3,1469.6,24.7,4.1,244.9,7.8,0.0,6,62,2,day,midwest,False,False,-0.8699999999999992,0.11000000000000121,0.0,-270.0,0.0022999999999999687
D137,6,2,2.08,1.08,2.16,1.91,0.58,16,9.47,15.29,424.95,0.3531,56.0,14.3,34.2,853,12.4,4.0,6.5,7.1,1203.4,19.6,3.9,240.7,9.2,0.0,5,62,2,day,midwest,False,False,0.370000000000001,-1.990000000000002,0.0,-141.0,-0.045999999999999985
D137,7,2,2.23,2.06,2.4,1.37,0.52,6,11.67,17.95,241.56,0.4147,75.0,20.2,33.8,1198,14.0,3.0,5.6,10.0,582.5,11.7,3.9,194.2,9.0,0.0,3,62,2,day,midwest,False,False,0.7699999999999996,2.969999999999999,-0.6999999999999997,183.0,0.0686
D137,8,2,2.62,1.87,2.62,1.87,0.37,2,11.99,15.58,96.05,0.36,51.3,13.7,37.0,528,1.0,3.0,8.1,4.4,266.8,4.6,2.3,133.4,6.5,0.0,2,62,2,day,midwest,False,False,2.51,-0.4399999999999995,-1.7000000000000002,-509.0,-0.010099999999999998
D137,9,2,2.59,1.2,1.66,1.85,0.55,11,11.0,12.94,323.35,0.2989,68.0,18.3,36.7,648,12.0,3.2,6.3,5.4,1081.8,16.9,3.4,216.4,7.2,0.0,5,62,2,day,midwest,False,False,1.1999999999999993,-2.040000000000001,-0.6999999999999997,135.0,-0.046999999999999986
D137,10,3,2.12,1.45,1.83,1.45,0.87,15,11.09,14.38,344.51,0.3322,69.0,19.9,36.4,1074,17.2,2.8,5.4,8.9,1037.0,18.5,3.7,207.4,8.4,0.0,5,62,2,day,midwest,False,False,1.6199999999999992,-0.9099999999999984,-0.19999999999999973,221.0,-0.02090000000000003
D137,11,3,3.46,1.42,0.8,1.86,0.36,6,10.83,13.12,341.39,0.3031,50.0,14.8,40.2,850,13.5,4.8,6.5,7.1,1126.2,19.0,4.8,281.6,8.8,0.0,4,62,2,day,midwest,False,False,-0.8399999999999999,-4.83,0.8999999999999999,-348.0,-0.11160000000000003
D137,12,3,2.89,1.85,1.71,2.0,0.59,20,12.53,13.84,431.28,0.3197,54.9,15.1,38.5,556,6.4,3.4,6.4,4.7,1348.9,22.5,4.5,269.8,7.6,0.0,5,62,2,day,midwest,False,False,0.5399999999999991,-1.7400000000000002,2.2,28.0,-0.0403
D137,13,3,3.37,1.95,2.49,1.95,1.6,13,14.74,17.26,224.51,0.3986,117.4,30.9,23.4,1318,18.0,5.3,6.8,11.0,563.2,10.7,3.6,187.7,9.3,0.0,3,62,2,day,midwest,False,False,3.74,4.320000000000002,0.20000000000000018,670.0,0.09970000000000001
D137,14,4,2.47,1.26,2.47,1.75,0.84,22,12.23,14.41,552.53,0.3328,91.8,24.4,37.4,702,10.0,2.9,5.6,5.9,1660.2,27.7,4.0,237.2,8.4,0.0,7,62,2,day,midwest,False,False,1.1400000000000006,0.02999999999999936,0.2999999999999998,-372.0,0.0005999999999999894
D137,15,4,2.24,2.02,2.77,2.56,0.85,12,13.42,15.71,340.63,0.3629,130.4,32.3,38.5,925,20.3,3.3,6.2,7.7,938.7,16.5,2.7,156.4,6.8,0.0,6,62,2,day,midwest,False,False,2.59,2.5900000000000016,-2.0999999999999996,75.0,0.05980000000000002
D137,16,4,2.46,1.99,2.27,1.9,0.57,16,11.94,14.13,344.49,0.3265,68.4,16.3,32.3,860,7.5,4.5,5.6,7.2,1055.1,17.2,4.3,263.8,9.2,0.0,4,62,2,day,midwest,False,False,-0.5899999999999999,0.2900000000000009,-0.20000000000000018,304.0,0.006800000000000028
D137,17,4,3.15,1.32,2.54,1.73,1.32,15,13.22,15.29,347.38,0.3532,87.8,24.0,30.7,764,8.8,3.8,6.0,6.4,983.5,17.1,3.4,196.7,7.8,0.0,5,62,2,day,midwest,False,False,-1.5199999999999996,-1.9700000000000024,-0.20000000000000018,-554.0,-0.045399999999999996
D137,18,5,2.31,2.72,2.72,1.71,0.8,14,13.58,14.86,341.19,0.3433,63.9,18.6,30.9,989,17.6,4.0,6.5,8.2,993.9,18.1,3.6,198.8,7.8,0.0,5,62,2,day,midwest,False,False,1.3499999999999996,0.4499999999999993,-0.3999999999999999,287.0,0.01050000000000001
D137,19,5,3.39,2.23,2.42,2.04,0.78,18,14.54,13.33,317.65,0.3079,56.7,15.9,33.7,745,4.0,3.8,6.3,6.3,1031.6,17.6,4.4,257.9,9.2,0.0,4,62,2,day,midwest,False,False,1.1199999999999992,-2.380000000000001,1.7000000000000002,-180.0,-0.05499999999999999
D137,20,5,3.3,1.57,1.72,1.95,0.45,14,12.3,15.39,474.22,0.3556,91.2,23.6,33.8,844,11.0,4.7,6.7,7.1,1333.6,22.4,3.7,222.3,8.5,0.0,6,62,2,day,midwest,False,False,0.3600000000000012,1.2599999999999998,-0.5999999999999996,-16.0,0.029100000000000015
D137,21,5,2.97,1.74,2.26,2.15,0.92,9,14.35,14.04,316.49,0.3244,62.1,17.2,36.9,737,11.5,3.2,5.6,6.1,975.6,16.2,4.0,243.9,8.5,0.0,4,62,2,day,midwest,False,False,1.129999999999999,-1.25,0.6000000000000001,-27.0,-0.028799999999999992
D137,22,5,1.77,1.47,1.96,2.26,0.69,13,11.49,14.65,344.68,0.3384,58.7,16.6,31.1,788,11.6,4.4,7.5,6.6,1018.6,17.5,3.5,203.7,7.6,0.0,5,62,2,day,midwest,False,False,-2.09,-0.20999999999999908,-0.10000000000000009,-201.0,-0.0049000000000000155
D137,23,6,3.85,1.77,3.05,1.77,0.64,9,14.92,12.84,184.92,0.2967,56.2,16.3,32.3,1121,18.0,3.0,6.3,9.3,623.2,11.8,3.9,207.7,8.7,0.0,3,62,2,day,midwest,False,False,0.3800000000000008,-0.4900000000000002,-0.5000000000000004,376.0,-0.011199999999999988
D137,24,6,2.5,1.65,2.62,2.32,0.49,26,13.48,13.46,509.91,0.311,74.8,15.9,34.1,708,6.4,3.8,6.0,6.0,1639.7,25.2,5.0,327.9,11.0,0.0,5,62,2,day,midwest,False,False,1.1799999999999997,-1.9299999999999997,1.2999999999999998,-136.0,-0.04460000000000003
D137,25,6,3.26,1.49,2.7,2.7,0.47,19,15.27,14.88,369.05,0.3436,83.8,23.1,28.6,1228,14.5,5.2,6.4,10.2,1074.0,18.7,4.7,268.5,9.5,0.0,4,62,2,day,midwest,False,False,0.9199999999999999,0.8400000000000016,0.7000000000000002,491.0,0.019199999999999995
D137,26,6,3.58,1.29,1.69,2.39,0.9,12,13.23,13.43,311.9,0.3102,59.2,13.3,34.1,633,12.0,4.0,6.4,5.3,1005.4,15.1,3.8,251.4,8.8,0.0,4,62,2,day,midwest,False,False,1.7400000000000002,-1.2200000000000006,0.2999999999999998,-155.0,-0.028200000000000003
D138,1,1,3.59,2.04,3.12,1.44,1.68,9,12.22,19.62,378.19,0.4531,57.6,17.4,35.0,1469,18.8,4.6,5.9,12.2,834.6,21.6,4.3,166.9,10.0,100.0,5,27,0,night,southeast,True,False,,,,,
D138,2,1,3.79,2.25,3.32,3.2,1.18,13,14.45,17.99,350.98,0.4157,48.2,13.2,38.2,1744,25.6,4.4,5.6,14.4,844.4,18.7,3.7,168.9,9.2,100.0,5,27,0,night,southeast,True,False,,,,,
D138,3,1,3.82,2.29,3.17,3.39,0.66,9,14.2,17.84,377.18,0.4121,37.1,9.6,26.1,1104,13.0,3.8,5.7,9.2,915.3,20.5,3.4,152.5,8.2,100.0,6,27,0,night,southeast,True,False,,,,,
D138,4,1,3.78,2.63,2.96,3.46,0.99,10,14.15,19.11,268.26,0.4414,47.5,14.7,33.3,1661,29.0,4.8,6.1,13.8,607.8,15.5,3.9,152.0,9.8,100.0,4,27,0,night,southeast,True,False,,,,,
D138,5,2,3.46,2.49,1.66,3.05,0.42,7,11.77,20.39,340.33,0.4711,52.2,15.5,33.5,1690,27.2,6.4,6.6,14.0,722.4,19.1,3.8,144.5,9.8,100.0,5,27,0,night,southeast,True,False,-0.45000000000000107,0.7699999999999996,-0.5,221.0,0.018000000000000016
D138,6,2,3.51,3.51,1.49,1.76,0.54,7,11.34,17.44,298.27,0.4028,37.1,12.0,35.6,1684,26.8,5.4,6.6,13.9,740.5,18.1,3.6,148.1,8.0,100.0,5,27,0,night,southeast,True,False,-3.1099999999999994,-0.5499999999999972,-0.10000000000000009,-60.0,-0.012900000000000023
D138,7,2,4.52,2.13,2.39,3.19,1.33,7,13.83,19.67,170.89,0.4544,58.3,15.9,31.3,1341,27.3,6.3,6.4,11.1,376.1,9.1,3.0,125.4,7.7,100.0,3,27,0,night,southeast,True,False,-0.3699999999999992,1.8300000000000018,-0.3999999999999999,237.0,0.042300000000000004
D138,8,2,4.06,2.76,4.22,3.9,0.16,10,15.91,17.38,247.26,0.4014,54.4,15.1,33.6,1225,20.0,4.8,5.9,10.2,616.0,14.2,3.6,154.0,9.2,100.0,4,27,0,night,southeast,True,False,1.7599999999999998,-1.7300000000000004,-0.2999999999999998,-436.0,-0.040000000000000036
D138,9,3,6.25,2.78,3.99,2.43,1.56,13,17.53,17.68,235.2,0.4083,37.1,11.2,32.1,911,13.0,2.5,5.9,7.6,576.0,12.9,3.2,144.0,7.0,100.0,4,27,0,night,southeast,True,False,5.760000000000002,-2.710000000000001,-0.5999999999999996,-779.0,-0.06280000000000002
D138,10,3,4.07,2.22,3.09,3.95,0.74,12,14.44,17.38,325.2,0.4015,53.6,17.5,34.1,1504,29.2,4.0,6.0,12.4,810.0,19.4,3.9,162.0,8.2,100.0,5,27,0,night,southeast,True,False,3.0999999999999996,-0.060000000000002274,0.2999999999999998,-180.0,-0.0012999999999999678
D138,11,3,2.7,2.51,2.7,2.51,0.77,10,12.55,18.02,215.55,0.4163,55.9,18.4,38.3,1466,32.0,5.2,6.2,12.2,517.8,12.8,3.2,129.4,8.2,100.0,4,27,0,night,southeast,True,False,-1.2799999999999994,-1.6500000000000021,0.20000000000000018,125.0,-0.03810000000000002
D138,12,3,3.64,2.01,4.4,2.64,1.26,15,14.69,17.95,330.12,0.4146,57.9,17.3,35.3,1445,22.0,4.2,6.0,12.0,796.3,18.1,3.6,159.3,9.0,100.0,5,27,0,night,southeast,True,False,-1.2200000000000006,0.5700000000000003,0.0,220.0,0.013200000000000045
D138,13,3,4.01,3.08,3.08,2.47,0.93,8,14.65,17.11,256.34,0.3952,52.4,16.5,34.1,1488,29.6,4.2,5.9,12.3,648.6,15.1,3.0,129.7,7.6,100.0,5,27,0,night,southeast,True,False,-2.880000000000001,-0.5700000000000003,-0.20000000000000018,577.0,-0.0131
D138,14,4,3.53,3.43,2.52,3.84,0.91,12,15.25,14.5,331.6,0.3349,53.9,15.9,37.0,1355,23.3,3.8,5.9,11.2,990.1,21.3,3.5,165.0,7.8,100.0,6,27,0,night,southeast,True,False,0.8100000000000005,-2.879999999999999,-0.3999999999999999,-149.0,-0.06660000000000005
D138,15,4,5.27,3.95,3.51,2.34,0.73,11,16.55,16.79,264.82,0.3878,55.0,16.2,34.9,1191,16.5,4.8,6.0,9.9,682.9,15.7,3.9,170.7,9.5,100.0,4,27,0,night,southeast,True,False,4.0,-1.2300000000000004,0.6999999999999997,-275.0,-0.028500000000000025
D138,16,4,5.16,2.84,2.31,3.05,1.05,16,15.26,17.0,373.13,0.3926,55.3,16.1,38.1,1705,25.6,7.2,6.4,14.1,950.4,20.0,4.0,190.1,10.4,100.0,5,27,0,night,southeast,True,False,0.5700000000000003,-0.9499999999999993,0.3999999999999999,260.0,-0.02200000000000002
D138,17,4,6.84,1.92,2.19,3.56,1.37,6,16.7,14.68,123.91,0.3392,80.4,15.9,35.4,1031,12.0,4.7,5.9,8.5,365.3,8.1,2.7,121.8,6.3,100.0,3,27,0,night,southeast,True,False,2.049999999999999,-2.4299999999999997,-0.2999999999999998,-457.0,-0.055999999999999994
D138,18,5,4.74,3.68,3.55,3.29,0.79,9,16.84,19.01,333.75,0.4391,71.2,21.1,37.8,1254,18.4,4.6,6.1,10.4,760.0,18.1,3.6,152.0,8.6,100.0,5,27,0,night,southeast,True,False,1.5899999999999999,4.510000000000002,0.10000000000000009,-101.0,0.10420000000000001
D138,19,5,5.51,5.76,5.01,4.88,1.0,16,23.79,15.93,293.86,0.3679,50.6,14.6,28.2,1110,26.8,4.8,6.2,9.2,798.7,17.1,3.4,159.7,8.2,100.0,5,27,0,night,southeast,True,False,7.239999999999998,-0.8599999999999994,-0.5,-81.0,-0.019899999999999973
D138,20,5,5.22,4.62,3.58,3.28,0.89,12,18.79,17.65,273.5,0.4078,58.4,16.8,35.4,1390,29.0,4.5,5.9,11.5,670.7,14.6,3.6,167.7,9.2,100.0,4,27,0,night,southeast,True,False,3.5299999999999994,0.6499999999999986,-0.3999999999999999,-315.0,0.015199999999999991
D138,21,5,5.58,6.44,6.01,2.79,1.07,15,24.68,17.61,189.54,0.4068,54.8,15.7,48.5,983,14.0,3.0,6.0,8.2,465.9,9.8,3.3,155.3,6.7,100.0,3,27,0,night,southeast,True,False,7.98,2.9299999999999997,0.5999999999999996,-48.0,0.0676
D138,22,5,7.2,5.4,4.27,4.72,0.9,6,23.84,20.2,207.44,0.4666,99.1,29.1,17.3,1903,40.0,6.7,6.4,15.7,444.6,11.8,3.9,148.2,10.0,100.0,3,27,0,night,southeast,True,False,7.0,1.1899999999999977,0.2999999999999998,649.0,0.027500000000000024
D139,1,1,0.53,0.26,0.13,0.13,0.0,1,1.97,13.11,230.19,0.3029,47.6,18.3,37.1,1658,38.8,5.0,6.6,13.7,759.9,17.0,3.4,152.0,8.6,39.5,5,35,3,rotating,southeast,False,True,,,,,
D139,2,1,0.77,0.26,0.0,0.26,0.0,0,1.8,12.2,109.59,0.2819,39.7,16.5,31.3,1706,35.3,3.7,6.1,14.1,388.7,8.3,2.8,129.6,7.0,100.0,3,35,3,rotating,southeast,False,True,,,,,
D139,3,1,0.51,0.25,0.13,0.0,0.13,0,1.65,13.49,245.71,0.3115,36.8,15.2,34.8,1438,36.0,3.4,5.4,11.9,788.7,19.5,3.9,157.7,9.6,58.3,5,35,3,rotating,southeast,False,True,,,,,
D139,4,1,0.0,0.31,0.1,0.31,0.31,5,2.07,13.18,294.59,0.3046,42.6,18.0,36.3,1822,41.0,5.5,6.4,15.1,967.3,23.3,3.9,161.2,8.8,15.1,6,35,3,rotating,southeast,False,True,,,,,
D139,5,2,0.39,0.26,0.0,0.26,0.0,0,1.94,12.94,231.14,0.2989,50.7,19.6,40.0,1452,23.7,4.3,6.1,12.0,773.2,17.8,3.0,128.9,7.8,63.8,6,35,3,rotating,southeast,False,True,-0.030000000000000027,-0.16999999999999993,-0.3999999999999999,-206.0,-0.0040000000000000036
D139,6,2,0.11,0.69,0.11,0.23,0.69,5,2.63,12.85,259.39,0.2969,34.2,13.8,32.8,1378,20.3,5.2,6.5,11.4,873.6,20.9,3.5,145.6,9.3,73.2,6,35,3,rotating,southeast,False,True,0.8299999999999998,0.6500000000000004,0.7000000000000002,-328.0,0.015000000000000013
D139,7,2,0.42,0.28,0.0,0.14,0.0,1,1.83,11.32,186.23,0.2616,33.7,12.3,31.9,1500,35.6,4.8,6.3,12.4,712.0,16.5,3.3,142.4,7.4,35.1,5,35,3,rotating,southeast,False,True,0.18000000000000016,-2.17,-0.6000000000000001,62.0,-0.0499
D139,8,2,0.61,0.81,0.2,0.0,0.1,4,2.83,12.4,283.67,0.2865,30.6,13.0,38.2,1734,28.0,4.4,6.1,14.4,990.2,23.7,4.7,198.0,9.2,37.0,5,35,3,rotating,southeast,False,True,0.7600000000000002,-0.7799999999999994,0.8000000000000003,-88.0,-0.018100000000000005
D139,9,2,0.21,0.21,0.11,0.21,0.21,1,1.81,11.48,248.97,0.2652,34.2,14.0,34.3,1729,38.0,5.2,5.9,14.3,938.9,21.2,4.2,187.8,9.8,57.1,5,35,3,rotating,southeast,False,True,-0.1299999999999999,-1.459999999999999,1.2000000000000002,277.0,-0.03370000000000001
D139,10,3,0.52,0.52,0.1,0.21,0.0,3,1.89,11.22,246.94,0.2592,29.3,13.7,32.8,956,18.6,3.4,6.8,7.9,952.7,22.1,3.2,136.1,7.0,63.3,7,35,3,rotating,southeast,False,True,-0.74,-1.629999999999999,-0.2999999999999998,-422.0,-0.03770000000000001
D139,11,3,0.14,0.54,0.0,0.41,0.0,3,2.17,12.52,212.8,0.2892,41.0,19.4,34.4,2005,36.0,5.4,6.2,16.5,735.9,18.2,3.6,147.2,8.8,75.0,5,35,3,rotating,southeast,False,True,0.33999999999999986,1.1999999999999993,0.30000000000000027,505.0,0.027600000000000013
D139,12,3,0.4,0.66,0.26,0.26,0.13,4,2.78,12.32,215.27,0.2846,56.1,23.1,36.6,1600,25.6,6.0,6.5,13.2,756.5,17.8,3.6,151.3,9.2,43.5,5,35,3,rotating,southeast,False,True,-0.050000000000000266,-0.08000000000000007,-1.1,-134.0,-0.0018999999999999573
D139,13,3,0.3,0.91,0.3,0.0,0.0,0,2.42,12.63,96.28,0.2918,44.0,20.1,39.1,1252,29.3,4.0,6.3,10.4,330.0,7.9,2.6,110.0,6.7,100.0,3,35,3,rotating,southeast,False,True,0.6099999999999999,1.1500000000000004,-1.6,-477.0,0.026600000000000013
D139,14,4,0.46,0.3,0.0,0.3,0.0,2,1.82,11.11,168.86,0.2565,53.0,24.5,31.6,1824,31.5,4.8,6.5,15.1,658.2,15.2,3.8,164.6,8.5,73.5,4,35,3,rotating,southeast,False,True,-0.06999999999999984,-0.11000000000000121,0.5999999999999996,868.0,-0.00269999999999998
D139,15,4,0.0,0.45,0.0,0.45,0.09,2,1.61,10.75,277.73,0.2484,32.0,15.4,28.2,1346,29.7,5.0,6.9,11.2,1118.0,25.0,4.2,186.3,8.3,14.0,6,35,3,rotating,southeast,False,True,-0.5599999999999998,-1.7699999999999996,0.6000000000000001,-659.0,-0.0408
D139,16,4,0.66,0.5,0.0,0.5,0.0,2,2.15,10.91,152.28,0.252,18.7,9.2,34.5,1098,33.5,2.5,5.0,9.1,604.3,13.5,3.4,151.1,6.5,69.2,4,35,3,rotating,southeast,False,True,-0.6299999999999999,-1.4100000000000001,-0.20000000000000018,-502.0,-0.03260000000000002
D139,17,4,0.45,0.27,0.45,0.18,0.0,1,2.36,11.05,281.52,0.2552,32.5,14.6,30.6,1524,36.7,4.0,5.5,12.6,1103.1,25.3,4.2,183.9,9.0,35.2,6,35,3,rotating,southeast,False,True,-0.06000000000000005,-1.58,1.6,272.0,-0.03660000000000002
D139,18,5,0.44,0.55,0.11,0.33,0.22,1,2.52,11.16,234.95,0.2579,37.7,18.2,33.3,1151,16.7,4.2,6.0,9.6,911.0,22.0,3.7,151.8,8.8,75.5,6,35,3,rotating,southeast,False,True,0.7,0.05000000000000071,-0.09999999999999964,-673.0,0.0014000000000000123
D139,19,5,0.6,0.6,0.3,0.15,0.0,0,1.94,12.3,190.39,0.2842,45.1,20.9,36.8,1116,15.2,5.2,6.3,9.3,670.0,15.9,3.2,134.0,7.2,13.9,5,35,3,rotating,southeast,False,True,0.32999999999999985,1.5500000000000007,-1.0,-230.0,0.0358
D139,20,5,0.5,0.0,0.17,0.17,0.0,0,1.84,11.99,165.42,0.2771,40.1,18.4,24.8,1266,22.8,2.6,5.6,10.5,597.0,13.7,2.7,119.4,6.2,83.9,5,35,3,rotating,southeast,False,True,-0.30999999999999983,1.08,-0.6999999999999997,168.0,0.02510000000000001
D139,21,5,0.43,0.0,0.22,0.32,0.0,0,1.73,12.02,256.83,0.2776,36.6,17.8,36.0,1873,31.7,4.7,6.2,15.5,925.3,23.6,3.9,154.2,9.5,35.1,6,35,3,rotating,southeast,False,True,-0.6299999999999999,0.9699999999999989,-0.30000000000000027,349.0,0.02240000000000003
D139,22,5,0.23,0.12,0.0,0.12,0.0,1,0.93,12.58,250.89,0.2907,51.0,22.0,37.7,1035,18.7,3.0,5.6,8.6,863.2,19.9,3.3,143.9,7.8,74.5,6,35,3,rotating,southeast,False,True,-1.5899999999999999,1.42,-0.40000000000000036,-116.0,0.032799999999999996
D139,23,6,0.51,0.51,0.0,0.85,0.0,1,3.23,12.64,171.75,0.2919,42.6,18.1,32.4,1660,38.5,6.5,6.4,13.8,588.3,13.2,3.3,147.1,8.2,69.7,4,35,3,rotating,southeast,False,True,1.29,0.33999999999999986,0.09999999999999964,544.0,0.007699999999999985
D139,24,6,0.14,0.54,0.27,0.41,0.0,4,2.17,12.24,208.66,0.2828,47.5,20.3,30.2,1101,20.0,3.6,6.2,9.1,737.9,16.6,3.3,147.6,7.2,55.6,5,35,3,rotating,southeast,False,True,0.32999999999999985,0.25,0.5999999999999996,-165.0,0.005699999999999983
D139,25,6,0.28,0.0,0.0,0.28,0.14,3,1.28,10.84,176.62,0.2504,29.4,13.4,35.5,1322,33.0,2.8,5.4,11.0,705.5,15.1,3.8,176.4,8.0,28.1,4,35,3,rotating,southeast,False,True,-0.44999999999999996,-1.1799999999999997,-0.10000000000000009,-551.0,-0.027200000000000002
D139,26,6,0.38,0.38,0.19,0.19,0.19,0,1.89,11.87,144.72,0.2742,45.7,21.2,37.8,1795,33.0,5.2,6.5,14.8,527.8,12.6,3.1,132.0,8.5,79.4,4,35,3,rotating,southeast,False,True,0.9599999999999999,-0.7100000000000009,-0.19999999999999973,760.0,-0.016500000000000015
D140,1,1,0.98,1.53,0.98,0.44,0.33,3,5.69,15.04,317.56,0.3474,43.8,13.1,41.2,882,14.5,3.5,6.1,7.4,914.1,17.1,4.3,228.5,9.5,100.0,4,45,4,night,midwest,True,False,,,,,
D140,2,1,1.05,0.47,0.58,1.05,0.47,4,4.79,14.22,281.36,0.3285,47.0,13.9,33.7,528,5.2,2.2,5.3,4.4,856.4,15.3,3.1,171.3,7.2,100.0,5,45,4,night,midwest,True,False,,,,,
D140,3,1,0.77,0.77,0.66,0.22,0.22,2,3.18,12.84,270.64,0.2966,31.0,9.3,39.8,1424,28.7,4.3,6.0,11.8,912.6,14.8,4.9,304.2,11.0,100.0,3,45,4,night,midwest,True,False,,,,,
D140,4,1,1.19,1.19,0.72,0.48,0.48,4,5.01,12.5,121.0,0.2887,22.4,5.8,29.4,760,0.0,7.0,6.9,6.4,419.1,5.7,5.7,419.1,12.0,100.0,1,45,4,night,midwest,True,False,,,,,
D140,5,2,2.3,1.24,1.24,0.62,0.26,11,7.24,14.78,386.56,0.3414,53.9,15.7,29.9,914,16.0,3.8,6.5,7.6,1132.2,20.4,4.1,226.4,8.8,100.0,5,45,4,night,midwest,True,False,1.5499999999999998,-0.2599999999999998,-0.20000000000000018,32.0,-0.006000000000000005
D140,6,2,1.35,1.43,1.05,0.83,0.23,6,6.23,13.77,424.14,0.3181,44.4,14.5,34.3,1105,14.4,5.0,6.5,9.2,1333.2,25.4,5.1,266.6,10.2,100.0,5,45,4,night,midwest,True,False,1.4400000000000004,-0.45000000000000107,1.9999999999999996,577.0,-0.01040000000000002
D140,7,2,1.43,0.72,0.81,0.72,0.18,5,4.74,13.82,356.83,0.3193,63.5,17.6,43.4,722,12.7,3.2,6.5,6.0,1117.4,18.4,3.1,186.2,7.2,100.0,6,45,4,night,midwest,True,False,1.56,0.9800000000000004,-1.8000000000000003,-702.0,0.022699999999999998
D140,8,2,1.77,0.44,0.27,0.89,0.27,4,4.43,12.92,336.36,0.2983,66.0,16.5,29.9,655,7.6,2.4,5.8,5.5,1127.4,18.3,3.7,225.5,8.6,100.0,5,45,4,night,midwest,True,False,-0.5800000000000001,0.41999999999999993,-2.0,-105.0,0.009599999999999997
D140,9,3,1.29,1.12,0.78,0.69,0.26,6,5.78,14.18,379.56,0.3276,67.0,18.7,37.3,611,5.0,4.2,7.2,5.1,1158.7,19.6,3.3,193.1,7.3,100.0,6,45,4,night,midwest,True,False,-1.46,-0.5999999999999996,-0.7999999999999998,-303.0,-0.013799999999999979
D140,10,3,2.04,0.61,0.61,0.51,0.1,8,5.61,12.23,277.18,0.2826,38.2,12.1,37.5,703,12.0,3.6,6.5,5.9,980.9,16.2,3.2,196.2,7.8,100.0,5,45,4,night,midwest,True,False,-0.6200000000000001,-1.5399999999999991,-1.8999999999999995,-402.0,-0.035499999999999976
D140,11,3,2.2,0.94,0.6,0.53,0.2,6,5.81,12.62,436.29,0.2915,47.3,15.2,38.5,920,14.0,3.2,6.3,7.6,1496.8,25.3,4.2,249.5,8.5,100.0,6,45,4,night,midwest,True,False,1.0699999999999994,-1.200000000000001,1.1,198.0,-0.02779999999999999
D140,12,3,1.1,0.49,0.73,0.49,0.12,4,3.89,11.12,211.11,0.2569,42.7,12.7,30.8,795,12.7,3.7,6.1,6.7,821.8,14.3,4.8,273.9,10.3,100.0,3,45,4,night,midwest,True,False,-0.5399999999999996,-1.8000000000000007,1.0999999999999996,140.0,-0.04139999999999999
D140,13,3,1.92,0.43,1.0,0.92,0.07,9,5.62,12.25,397.9,0.283,38.7,11.2,32.0,744,9.3,3.0,6.0,6.2,1406.2,22.5,3.7,234.4,8.5,100.0,6,45,4,night,midwest,True,False,-0.16000000000000014,-1.9299999999999997,0.40000000000000036,133.0,-0.04460000000000003
D140,14,4,0.96,0.96,0.64,0.43,0.21,5,4.06,12.52,270.92,0.2893,35.6,11.3,37.3,1026,23.2,2.6,5.7,8.5,936.6,16.2,3.2,187.3,7.0,100.0,5,45,4,night,midwest,True,False,-1.5500000000000007,0.28999999999999915,0.0,323.0,0.006699999999999984
D140,15,4,0.7,0.82,0.7,0.35,0.23,7,4.8,11.69,230.95,0.2702,25.4,8.5,29.5,691,12.0,3.2,5.9,5.8,854.9,14.9,3.7,213.7,8.5,100.0,4,45,4,night,midwest,True,False,-1.0099999999999998,-0.9299999999999997,-0.5,-229.0,-0.021299999999999986
D140,16,4,1.39,0.28,0.74,0.55,0.09,2,3.79,11.96,298.82,0.2764,32.4,11.5,42.9,757,14.4,4.0,6.7,6.3,1081.2,19.7,3.9,216.2,7.4,100.0,5,45,4,night,midwest,True,False,-0.10000000000000009,0.8400000000000016,-0.8999999999999999,-38.0,0.019499999999999962
D140,17,4,1.24,0.73,0.22,0.88,0.29,9,4.39,13.28,419.31,0.3067,50.8,16.8,36.6,1150,22.3,3.5,5.8,9.6,1367.0,25.7,4.3,227.8,9.2,100.0,6,45,4,night,midwest,True,False,-1.2300000000000004,1.0299999999999994,0.5999999999999996,406.0,0.0237
D140,18,5,1.31,0.61,0.79,0.87,0.35,7,4.98,11.78,311.64,0.2721,30.5,9.0,34.9,442,3.2,2.0,5.4,3.7,1145.4,18.7,3.7,229.1,7.4,100.0,5,45,4,night,midwest,True,False,0.9200000000000008,-0.7400000000000002,0.5,-584.0,-0.017199999999999993
D140,19,5,1.32,1.58,1.14,0.97,0.26,7,5.88,11.88,312.87,0.2745,38.0,11.6,26.8,448,4.8,3.0,5.8,3.8,1139.6,18.1,3.6,227.9,7.6,100.0,5,45,4,night,midwest,True,False,1.08,0.19000000000000128,-0.10000000000000009,-243.0,0.004300000000000026
D140,20,5,2.42,0.78,0.78,1.37,0.2,14,6.79,12.18,430.95,0.2813,43.4,13.5,35.7,876,12.0,6.4,6.9,7.3,1531.9,24.5,4.9,306.4,9.6,100.0,5,45,4,night,midwest,True,False,3.0,0.21999999999999886,1.0000000000000004,119.0,0.0049000000000000155
D140,21,5,2.87,0.57,0.23,1.38,0.34,6,6.55,13.14,264.13,0.3035,28.4,10.5,29.2,733,9.6,3.6,6.7,6.1,870.3,17.6,3.5,174.1,7.0,100.0,5,45,4,night,midwest,True,False,2.16,-0.1399999999999988,-0.7999999999999998,-417.0,-0.0031999999999999806
D140,22,5,2.36,0.55,0.91,0.91,0.36,4,5.64,12.6,160.15,0.2911,54.1,14.5,38.1,562,7.3,2.7,4.9,4.7,550.1,9.5,3.2,183.4,8.0,100.0,3,45,4,night,midwest,True,False,0.6599999999999993,0.8200000000000003,-0.5,120.0,0.019000000000000017
D140,23,6,0.99,0.84,0.77,0.84,0.54,8,5.36,13.1,395.33,0.3025,42.3,14.0,41.0,1186,29.6,4.6,6.3,9.9,1306.7,24.3,4.9,261.3,9.6,100.0,5,45,4,night,midwest,True,False,-0.5199999999999996,1.2199999999999989,1.3000000000000003,738.0,0.02799999999999997
D140,24,6,1.89,0.81,0.63,0.99,0.36,10,5.32,12.91,330.91,0.2981,47.3,15.0,41.3,685,11.3,2.2,6.0,5.7,1110.0,18.9,3.2,185.0,6.5,100.0,6,45,4,night,midwest,True,False,-1.4699999999999998,0.7300000000000004,-1.7000000000000002,-191.0,0.01679999999999998
D140,25,6,2.37,1.14,1.14,0.57,0.09,6,6.34,11.9,290.53,0.2749,38.3,12.8,39.6,744,16.4,3.6,6.1,6.2,1056.8,17.9,3.6,211.4,8.0,100.0,5,45,4,night,midwest,True,False,-0.20999999999999996,-1.2400000000000002,0.10000000000000009,11.0,-0.028600000000000014
D140,26,6,1.3,1.3,0.87,0.65,0.22,1,5.43,12.7,134.95,0.2934,58.8,18.7,31.9,796,17.0,3.5,6.2,6.7,460.0,8.0,4.0,230.0,8.5,100.0,2,45,4,night,midwest,True,False,-0.20999999999999996,0.09999999999999964,0.7999999999999998,234.0,0.0022999999999999687
D141,1,1,1.02,0.51,0.51,1.2,0.34,1,4.27,18.07,244.49,0.4175,72.8,24.9,29.5,1470,25.2,5.6,6.9,12.1,585.6,15.7,3.1,117.1,7.4,0.0,5,46,1,day,southeast,True,False,,,,,
D141,2,1,1.8,0.48,0.72,0.84,0.12,2,4.93,17.49,335.71,0.4039,73.1,23.2,37.0,1673,40.7,3.7,5.8,13.8,831.1,20.1,3.3,138.5,8.2,0.0,6,46,1,day,southeast,True,False,,,,,
D141,3,1,1.99,0.58,1.08,0.17,0.17,8,4.9,16.29,453.5,0.3763,64.5,21.5,38.1,1919,38.7,5.7,5.9,15.9,1205.2,29.0,4.8,200.9,10.5,0.0,6,46,1,day,southeast,True,False,,,,,
D141,4,1,1.57,0.88,0.98,1.18,0.39,2,6.08,16.02,377.22,0.37,57.9,18.9,43.7,1244,25.7,4.2,6.1,10.3,1019.4,22.7,3.8,169.9,8.7,0.0,6,46,1,day,southeast,True,False,,,,,
D141,5,1,0.87,1.09,1.2,0.98,0.44,3,6.11,14.87,314.6,0.3435,55.2,19.3,29.4,1498,38.8,4.0,5.6,12.4,915.8,21.1,4.2,183.2,7.8,0.0,5,46,1,day,southeast,True,False,1.8400000000000007,-3.200000000000001,1.1,28.0,-0.07399999999999995
D141,6,2,1.72,0.86,0.96,0.48,0.19,4,5.26,15.7,379.53,0.3626,69.9,20.0,30.9,1704,38.6,4.9,6.3,14.1,1046.6,23.7,3.4,149.5,8.3,0.0,7,46,1,day,southeast,True,False,0.33000000000000007,-1.7899999999999991,0.10000000000000009,31.0,-0.0413
D141,7,2,1.84,0.99,0.56,0.56,0.14,4,5.08,15.94,260.8,0.3682,66.8,21.0,31.5,1427,32.4,4.2,6.5,11.8,708.3,16.6,3.3,141.7,8.2,0.0,5,46,1,day,southeast,True,False,0.17999999999999972,-0.34999999999999964,-1.5,-492.0,-0.008099999999999996
D141,8,2,1.31,0.52,0.79,0.52,0.52,1,4.19,17.5,154.31,0.4043,81.8,25.9,24.1,1689,38.7,5.7,7.4,14.0,381.7,9.9,3.3,127.2,8.7,0.0,3,46,1,day,southeast,True,False,-1.8899999999999997,1.4800000000000004,-0.5,445.0,0.0343
D141,9,2,2.05,0.99,0.76,0.84,0.3,6,6.24,15.95,484.08,0.3684,68.7,22.8,31.6,1624,34.0,5.0,6.4,13.5,1313.9,29.6,4.2,187.7,10.1,0.0,7,46,1,day,southeast,True,False,0.1299999999999999,1.08,0.0,126.0,0.024899999999999978
D141,10,3,1.34,0.6,0.45,0.15,0.3,0,3.27,12.84,199.35,0.2967,50.9,20.0,30.1,1295,14.5,3.8,5.5,10.8,672.0,15.3,3.8,168.0,9.5,0.0,4,46,1,day,southeast,True,False,-1.9899999999999998,-2.8599999999999994,0.3999999999999999,-409.0,-0.06589999999999996
D141,11,3,1.93,1.5,0.64,0.64,0.43,4,6.2,14.41,155.62,0.3329,55.7,19.3,40.0,1006,13.3,4.0,6.8,8.4,467.5,10.9,3.6,155.8,8.7,0.0,3,46,1,day,southeast,True,False,1.12,-1.5299999999999994,0.30000000000000027,-421.0,-0.035300000000000054
D141,12,3,1.94,1.04,1.04,0.65,0.13,10,6.48,15.53,276.74,0.3587,73.1,25.1,33.3,1495,26.0,4.8,5.7,12.4,771.4,17.6,3.5,154.3,7.8,0.0,5,46,1,day,southeast,True,False,2.29,-1.9700000000000006,0.20000000000000018,-194.0,-0.045599999999999974
D141,13,3,2.41,0.0,0.66,0.22,0.22,1,5.25,17.86,188.43,0.4125,109.2,34.0,36.8,2175,40.7,5.0,6.0,18.0,456.8,11.1,3.7,152.3,10.7,0.0,3,46,1,day,southeast,True,False,-0.9900000000000002,1.9100000000000001,-0.5,551.0,0.04409999999999997
D141,14,4,1.66,0.0,0.83,1.66,0.28,2,5.25,13.97,116.79,0.3226,32.9,13.8,44.2,1197,25.0,3.5,5.5,10.0,362.0,9.1,4.5,181.0,8.5,0.0,2,46,1,day,southeast,True,False,1.98,1.1300000000000008,0.7000000000000002,-98.0,0.02589999999999998
D141,15,4,1.11,0.62,0.74,1.11,0.25,5,5.2,14.36,267.73,0.3316,52.6,18.7,39.3,1385,27.0,5.5,6.9,11.5,807.3,17.3,4.3,201.8,9.5,0.0,4,46,1,day,southeast,True,False,-1.0,-0.05000000000000071,0.6999999999999997,379.0,-0.0012999999999999678
D141,16,4,3.04,0.25,0.38,0.51,0.51,3,5.58,15.49,282.1,0.3579,60.8,21.0,25.0,1405,29.6,4.0,5.9,11.6,788.2,17.5,3.5,157.6,9.0,0.0,5,46,1,day,southeast,True,False,-0.9000000000000004,-0.03999999999999915,0.0,-90.0,-0.0008000000000000229
D141,17,4,1.08,0.72,0.54,0.36,0.18,3,4.33,15.3,196.05,0.3534,79.9,25.5,23.0,2089,49.3,4.7,6.2,17.3,554.8,12.0,4.0,184.9,10.0,0.0,3,46,1,day,southeast,True,False,-0.9199999999999999,-2.5599999999999987,0.2999999999999998,-86.0,-0.059099999999999986
D141,18,5,1.4,1.05,0.58,0.82,0.12,1,5.13,14.49,286.93,0.3346,77.3,23.6,34.3,1618,38.4,5.6,6.0,13.4,857.5,20.9,4.2,171.5,9.8,0.0,5,46,1,day,southeast,True,False,-0.1200000000000001,0.5199999999999996,-0.2999999999999998,421.0,0.01200000000000001
D141,19,5,1.34,0.57,0.76,0.86,0.38,3,5.64,13.77,332.87,0.318,58.9,21.0,37.8,1606,20.3,6.5,6.5,13.3,1046.8,22.8,3.8,174.5,9.3,0.0,6,46,1,day,southeast,True,False,0.4399999999999995,-0.5899999999999999,-0.5,221.0,-0.013600000000000001
D141,20,5,1.59,0.5,0.6,0.5,0.5,10,5.17,16.04,372.58,0.3705,69.3,25.3,36.3,1821,24.0,7.0,5.9,15.1,1005.7,24.9,5.0,201.1,10.4,0.0,5,46,1,day,southeast,True,False,-0.41000000000000014,0.5499999999999989,1.5,416.0,0.0126
D141,21,5,1.87,0.72,0.14,0.86,0.0,5,4.9,15.81,253.5,0.3652,85.6,29.3,35.1,1325,30.7,2.8,6.0,11.0,694.2,17.1,2.9,115.7,7.5,0.0,6,46,1,day,southeast,True,False,0.5700000000000003,0.5099999999999998,-1.1,-764.0,0.011800000000000033
D141,22,5,1.74,0.48,0.58,0.68,0.29,4,5.04,13.53,322.52,0.3126,59.3,22.2,36.6,1486,23.0,5.3,6.3,12.3,1031.7,24.5,4.1,171.9,9.0,0.0,6,46,1,day,southeast,True,False,-0.08999999999999986,-0.9600000000000009,-0.10000000000000053,-132.0,-0.02200000000000002
D141,23,6,2.19,0.52,0.73,0.83,0.31,4,5.62,15.81,350.87,0.3653,75.6,26.6,34.0,1388,28.3,4.4,6.2,11.5,960.6,23.1,3.3,137.2,8.3,0.0,7,46,1,day,southeast,True,False,-0.019999999999999574,2.040000000000001,-0.5,-218.0,0.04730000000000001
D141,24,6,1.57,1.12,0.67,0.67,0.67,4,5.96,15.19,312.2,0.3509,87.4,26.9,41.0,1096,15.3,3.5,5.3,9.1,889.7,18.3,3.0,148.3,7.2,0.0,6,46,1,day,southeast,True,False,0.79,-0.8499999999999996,-2.0,-725.0,-0.019600000000000006
D141,25,6,1.5,0.7,0.5,0.8,0.3,7,5.72,14.84,341.81,0.3427,74.6,26.1,37.6,1648,34.7,3.5,5.6,13.6,997.3,22.0,3.7,166.2,8.5,0.0,6,46,1,day,southeast,True,False,0.8199999999999994,-0.9700000000000006,0.8000000000000003,323.0,-0.02250000000000002
D141,26,6,1.06,0.53,0.53,0.53,0.0,3,3.71,16.63,144.86,0.3842,76.2,25.9,24.6,1200,12.0,4.0,6.1,10.0,377.0,8.9,4.4,188.5,9.0,0.0,2,46,1,day,southeast,True,False,-1.33,3.0999999999999996,0.3000000000000007,-286.0,0.0716
D142,1,1,1.18,0.84,0.5,0.5,0.5,2,4.7,17.71,243.57,0.409,90.5,28.4,28.6,1869,36.0,6.0,6.3,15.5,595.5,14.8,3.0,119.1,7.8,41.0,5,38,2,rotating,southeast,False,False,,,,,
D142,2,1,1.02,1.02,1.02,1.02,0.51,4,5.62,16.85,228.69,0.3893,72.1,22.2,36.7,1184,12.5,4.8,6.8,9.8,587.4,12.7,3.2,146.8,7.0,60.7,4,38,2,rotating,southeast,False,False,,,,,
D142,3,1,2.05,0.46,0.46,0.46,0.46,1,5.47,13.52,137.03,0.3124,52.3,16.4,32.9,1492,28.7,4.7,6.5,12.4,438.7,9.8,3.3,146.2,7.3,40.9,3,38,2,rotating,southeast,False,False,,,,,
D142,4,1,1.79,1.09,1.29,0.6,0.4,7,6.76,17.86,414.76,0.4125,76.8,25.9,29.5,2126,44.0,5.3,5.9,17.6,1005.5,25.4,4.2,167.6,9.7,56.9,6,38,2,rotating,southeast,False,False,,,,,
D142,5,2,0.95,1.43,0.63,0.48,0.32,5,5.23,16.24,236.45,0.3751,59.9,20.4,30.2,1447,35.0,6.5,6.8,12.0,630.4,14.9,3.7,157.6,9.0,66.7,4,38,2,rotating,southeast,False,False,0.5300000000000002,-1.4700000000000024,0.7000000000000002,-422.0,-0.033899999999999986
D142,6,2,0.88,0.53,0.88,0.7,0.0,5,5.27,16.56,217.95,0.3826,67.8,20.8,36.4,1117,14.4,4.2,6.1,9.3,569.6,12.6,2.5,113.9,7.0,20.0,5,38,2,rotating,southeast,False,False,-0.35000000000000053,-0.2900000000000027,-0.7000000000000002,-67.0,-0.006699999999999984
D142,7,2,1.52,0.68,0.34,0.84,0.17,6,5.4,17.54,240.06,0.4052,93.2,28.5,35.1,1012,10.8,2.4,5.5,8.4,592.4,14.0,2.8,118.5,6.8,0.0,5,38,2,rotating,southeast,False,False,-0.0699999999999994,4.02,-0.5,-480.0,0.0928
D142,8,2,1.17,1.26,0.72,0.63,0.18,8,5.93,16.8,432.06,0.3881,63.1,20.5,31.3,1460,23.1,3.1,5.8,12.1,1113.3,26.3,3.8,159.0,8.9,35.5,7,38,2,rotating,southeast,False,False,-0.8300000000000001,-1.0599999999999987,-0.40000000000000036,-666.0,-0.024399999999999977
D142,9,3,1.51,1.51,1.01,0.5,0.13,4,6.8,16.1,295.33,0.372,76.4,27.5,34.3,2125,37.2,6.6,6.5,17.6,793.9,19.5,3.9,158.8,9.6,33.3,5,38,2,rotating,southeast,False,False,1.5699999999999994,-0.13999999999999702,0.19999999999999973,678.0,-0.0030999999999999917
D142,10,3,1.26,1.05,0.84,0.63,0.21,2,4.83,15.19,167.04,0.3508,65.5,23.2,35.8,1143,12.0,3.3,5.7,9.5,476.1,10.7,3.6,158.7,7.7,100.0,3,38,2,rotating,southeast,False,False,-0.4399999999999995,-1.3699999999999992,1.1,26.0,-0.031799999999999995
D142,11,3,1.1,0.41,0.96,0.82,0.14,1,5.5,13.8,231.99,0.3188,56.6,22.6,31.9,1445,18.0,4.4,5.8,12.0,727.6,17.9,3.6,145.5,8.6,0.0,5,38,2,rotating,southeast,False,False,0.09999999999999964,-3.7399999999999984,0.8000000000000003,433.0,-0.08640000000000003
D142,12,3,2.18,0.31,0.62,1.09,0.31,4,6.86,15.5,229.71,0.358,66.2,24.7,31.0,1645,27.5,4.8,6.2,13.6,641.6,15.9,4.0,160.4,9.5,26.3,4,38,2,rotating,southeast,False,False,0.9300000000000006,-1.3000000000000007,0.20000000000000018,185.0,-0.030100000000000016
D142,13,3,1.37,1.94,0.65,0.89,0.48,8,7.43,15.89,454.47,0.3671,67.1,24.4,32.3,1401,25.1,4.7,5.5,11.7,1238.0,30.2,4.3,176.9,10.3,52.8,7,38,2,rotating,southeast,False,False,0.6299999999999999,-0.21000000000000085,0.3999999999999999,-724.0,-0.0049000000000000155
D142,14,4,1.52,1.01,0.38,1.14,0.63,3,6.34,13.89,253.08,0.3208,47.9,17.0,37.2,1493,27.5,5.5,6.2,12.4,788.9,17.7,4.4,197.2,8.2,18.2,4,38,2,rotating,southeast,False,False,1.5099999999999998,-1.299999999999999,0.8000000000000003,350.0,-0.030000000000000027
D142,15,4,0.51,0.85,0.68,0.17,0.17,0,3.74,14.81,200.99,0.3421,53.2,19.3,37.0,1540,31.0,4.2,5.4,12.7,587.5,14.4,3.6,146.9,9.2,70.3,4,38,2,rotating,southeast,False,False,-1.7599999999999998,1.0099999999999998,0.0,95.0,0.023300000000000043
D142,16,4,2.45,1.23,0.0,0.35,0.0,3,4.9,15.79,208.41,0.3649,71.2,25.3,30.6,1326,35.3,2.7,6.0,11.0,571.2,13.4,4.5,190.4,9.0,0.0,3,38,2,rotating,southeast,False,False,-1.96,0.28999999999999915,0.5,-319.0,0.006900000000000017
D142,17,4,2.59,0.82,0.82,0.54,0.27,4,6.54,15.99,271.15,0.3694,63.3,23.3,34.0,1666,30.4,4.6,6.0,13.8,734.1,18.0,3.6,146.8,8.2,17.1,5,38,2,rotating,southeast,False,False,-0.8899999999999997,0.09999999999999964,-0.6999999999999997,265.0,0.0023000000000000242
D142,18,5,1.29,1.29,0.64,0.64,0.0,2,5.8,16.03,230.05,0.3703,71.6,24.3,39.1,1451,23.5,5.2,6.4,12.0,621.2,14.1,3.5,155.3,7.5,0.0,4,38,2,rotating,southeast,False,False,-0.54,2.1400000000000006,-0.9000000000000004,-42.0,0.049500000000000044
D142,19,5,1.8,0.3,1.5,0.6,0.45,4,5.26,16.32,250.82,0.377,79.5,26.5,38.3,1134,21.2,3.8,5.6,9.4,665.3,15.6,3.1,133.1,7.6,100.0,5,38,2,rotating,southeast,False,False,1.5199999999999996,1.5099999999999998,-0.5,-406.0,0.03489999999999999
D142,20,5,1.44,0.67,0.89,1.11,0.33,8,6.21,13.85,288.59,0.3199,55.9,19.4,36.2,1110,19.3,4.0,6.5,9.2,902.2,19.1,3.2,150.4,7.0,66.7,6,38,2,rotating,southeast,False,False,1.3099999999999996,-1.9399999999999995,-1.2999999999999998,-216.0,-0.044999999999999984
D142,21,5,1.54,0.9,0.77,1.16,0.26,2,5.79,13.88,249.32,0.3206,61.7,23.2,30.1,1368,27.6,3.8,6.1,11.3,777.7,17.2,3.4,155.5,9.0,86.7,5,38,2,rotating,southeast,False,False,-0.75,-2.1099999999999994,-0.20000000000000018,-298.0,-0.04880000000000001
D142,22,5,2.25,1.27,0.99,0.99,0.0,6,6.34,15.92,260.91,0.3676,79.5,28.0,38.7,1790,33.6,5.0,5.7,14.8,709.7,17.0,3.4,141.9,8.0,72.5,5,38,2,rotating,southeast,False,False,0.54,-0.11000000000000121,-0.10000000000000009,339.0,-0.0027000000000000357
D142,23,6,2.12,0.77,0.96,1.15,0.0,3,6.15,17.84,214.32,0.4122,77.6,28.9,36.9,1446,38.0,3.8,5.9,11.9,520.0,14.4,2.4,86.7,6.3,55.3,6,38,2,rotating,southeast,False,False,0.8900000000000006,1.5199999999999996,-0.7000000000000002,312.0,0.03520000000000001
D142,24,6,1.35,1.53,1.26,0.63,0.09,7,5.93,14.73,379.09,0.3404,46.1,17.8,27.8,1634,38.0,5.2,6.4,13.5,1113.8,27.4,4.6,185.6,9.5,29.8,6,38,2,rotating,southeast,False,False,-0.28000000000000025,0.8800000000000008,1.3999999999999995,524.0,0.020499999999999963
D142,25,6,1.35,0.84,0.51,1.01,0.34,5,5.74,15.22,208.18,0.3515,85.0,29.2,36.5,1081,18.0,3.5,6.1,9.0,592.3,14.2,3.5,148.1,8.0,37.5,4,38,2,rotating,southeast,False,False,-0.04999999999999982,1.3399999999999999,0.10000000000000009,-287.0,0.030899999999999983
D142,26,6,0.85,0.85,0.49,0.49,0.36,4,4.37,16.85,320.79,0.3893,84.6,28.2,30.9,1562,27.7,4.5,6.1,13.0,824.1,21.4,3.6,137.4,8.5,29.4,6,38,2,rotating,southeast,False,False,-1.9699999999999998,0.9300000000000015,0.20000000000000018,-228.0,0.021699999999999997
D143,1,1,2.01,1.43,1.43,0.97,0.26,11,7.32,14.23,507.37,0.3287,46.4,13.2,35.5,1061,22.6,3.9,6.2,8.8,1543.4,26.5,3.8,220.5,7.9,100.0,7,21,0,night,midwest,False,False,,,,,
D143,2,1,1.34,0.84,0.7,0.77,0.35,3,5.27,13.4,440.31,0.3096,51.1,14.9,40.9,1195,18.7,3.0,5.8,9.9,1422.4,24.8,4.1,237.1,10.2,100.0,6,21,0,night,midwest,False,False,,,,,
D143,3,1,1.36,0.89,1.16,0.75,0.2,8,6.0,13.47,456.39,0.3111,61.0,16.6,30.8,1153,14.3,5.5,6.8,9.6,1466.8,25.2,4.2,244.5,10.5,100.0,6,21,0,night,midwest,False,False,,,,,
D143,4,1,0.59,1.42,0.71,0.59,0.24,4,4.84,13.76,269.3,0.3179,47.4,16.7,33.7,907,16.0,4.0,6.9,7.5,847.0,17.3,3.5,169.4,8.2,100.0,5,21,0,night,midwest,False,False,,,,,
D143,5,2,0.94,1.18,0.71,0.94,0.71,4,6.37,14.22,139.18,0.3284,49.0,15.3,31.1,811,14.0,3.5,6.4,6.8,423.8,8.0,4.0,211.9,7.5,100.0,2,21,0,night,midwest,False,False,-0.9500000000000002,-0.009999999999999787,0.20000000000000018,-250.0,-0.00029999999999996696
D143,6,2,1.51,1.11,0.81,0.81,0.1,7,6.15,12.69,290.99,0.2932,41.6,11.1,32.9,781,10.0,3.7,6.3,6.5,992.5,15.5,5.2,330.8,10.3,100.0,3,21,0,night,midwest,False,False,0.8800000000000008,-0.7100000000000009,1.1000000000000005,-414.0,-0.01639999999999997
D143,7,2,1.48,1.17,0.85,1.06,0.11,5,6.47,15.03,327.4,0.3471,37.7,12.3,35.7,832,12.0,3.2,7.0,6.9,943.2,19.2,3.8,188.6,7.8,100.0,5,21,0,night,midwest,False,False,0.46999999999999975,1.5599999999999987,-0.40000000000000036,-321.0,0.03600000000000003
D143,8,2,1.33,1.03,0.96,0.74,0.29,9,6.12,13.81,432.62,0.3189,42.9,12.0,34.3,773,9.3,2.8,5.4,6.5,1356.4,22.5,3.8,226.1,8.3,100.0,6,21,0,night,midwest,False,False,1.2800000000000002,0.05000000000000071,0.2999999999999998,-134.0,0.0010000000000000009
D143,9,2,1.38,0.88,0.63,0.88,0.13,7,5.4,15.16,278.61,0.3501,75.3,21.9,30.3,1020,16.0,6.0,7.7,8.5,795.7,14.6,3.7,198.9,9.2,100.0,4,21,0,night,midwest,False,False,-0.9699999999999998,0.9399999999999995,-0.2999999999999998,209.0,0.021699999999999997
D143,10,3,1.51,1.19,1.19,1.03,0.24,5,6.51,11.65,339.02,0.2692,38.7,12.4,40.9,795,10.4,4.0,5.9,6.6,1259.5,21.1,4.2,251.9,9.2,100.0,5,21,0,night,midwest,False,False,0.35999999999999943,-1.0399999999999991,-1.0,14.0,-0.02400000000000002
D143,11,3,1.6,0.69,0.46,0.8,0.23,1,5.03,12.24,247.52,0.2827,50.1,15.9,31.8,683,7.0,5.5,7.1,5.7,875.6,15.0,3.8,218.9,9.0,100.0,4,21,0,night,midwest,False,False,-1.4399999999999995,-2.789999999999999,0.0,-149.0,-0.06440000000000001
D143,12,3,1.05,1.18,0.49,0.56,0.25,7,5.07,12.18,454.82,0.2814,36.5,11.5,33.6,939,10.0,3.8,5.8,7.8,1616.3,28.4,4.7,269.4,9.5,100.0,6,21,0,night,midwest,False,False,-1.0499999999999998,-1.6300000000000008,0.9000000000000004,166.0,-0.03750000000000003
D143,13,3,1.5,1.04,1.04,0.58,0.46,3,5.76,13.07,262.02,0.302,50.8,15.5,31.4,611,4.5,4.2,7.2,5.1,867.6,14.4,3.6,216.9,8.2,100.0,4,21,0,night,midwest,False,False,0.35999999999999943,-2.09,-0.10000000000000009,-409.0,-0.04810000000000003
D143,14,4,1.44,1.28,0.8,0.64,0.8,5,5.74,13.16,190.55,0.304,51.4,16.6,26.6,990,22.0,3.0,6.0,8.2,626.9,11.9,3.0,156.7,7.2,100.0,4,21,0,night,midwest,False,False,-0.7699999999999996,1.5099999999999998,-1.2000000000000002,195.0,0.0348
D143,15,4,1.43,1.43,0.39,1.04,0.13,5,5.99,11.71,207.62,0.2704,44.3,13.5,34.5,538,7.6,2.2,6.0,4.5,767.7,12.7,2.5,153.5,7.2,100.0,5,21,0,night,midwest,False,False,0.96,-0.5299999999999994,-1.2999999999999998,-145.0,-0.012300000000000033
D143,16,4,1.52,0.91,0.43,0.91,0.73,6,5.47,12.3,467.75,0.2842,33.4,11.8,31.8,856,16.9,4.0,6.5,7.1,1645.8,30.5,4.4,235.1,8.9,100.0,7,21,0,night,midwest,False,False,0.39999999999999947,0.120000000000001,-0.2999999999999998,-83.0,0.0028000000000000247
D143,17,4,0.94,0.54,0.67,0.81,0.27,5,4.86,12.57,215.22,0.2904,53.2,16.5,32.9,756,22.5,3.2,6.4,6.3,741.1,12.6,3.2,185.3,7.0,100.0,4,21,0,night,midwest,False,False,-0.8999999999999995,-0.5,-0.3999999999999999,145.0,-0.0116
D143,18,5,1.65,0.99,0.99,1.32,0.58,4,6.53,11.67,326.22,0.2696,34.3,10.1,33.3,733,8.4,4.0,6.4,6.1,1210.2,19.2,3.8,242.0,9.0,100.0,5,21,0,night,midwest,False,False,0.79,-1.4900000000000002,0.7999999999999998,-257.0,-0.034399999999999986
D143,19,5,1.53,1.06,0.94,1.64,0.35,5,6.93,11.91,234.33,0.2751,53.2,10.7,35.1,670,3.3,3.0,5.3,5.7,851.8,13.9,4.6,283.9,10.0,100.0,3,21,0,night,midwest,False,False,0.9399999999999995,0.1999999999999993,2.0999999999999996,132.0,0.0047000000000000375
D143,20,5,1.75,0.84,0.91,0.58,0.52,6,5.95,11.33,404.9,0.2618,40.5,13.1,35.2,586,7.3,3.8,6.1,4.9,1546.4,24.8,4.1,257.7,8.8,100.0,6,21,0,night,midwest,False,False,0.4800000000000004,-0.9700000000000006,-0.3000000000000007,-270.0,-0.02240000000000003
D143,21,5,1.57,0.73,1.26,0.63,0.42,5,6.39,13.6,300.14,0.3142,49.1,16.4,20.5,989,15.5,3.2,6.7,8.2,955.3,18.0,4.5,238.8,9.2,100.0,4,21,0,night,midwest,False,False,1.5299999999999994,1.0299999999999994,1.2999999999999998,233.0,0.023799999999999988
D143,22,5,0.9,0.9,0.7,0.77,0.21,11,4.59,12.45,413.19,0.2876,40.2,12.4,30.6,888,21.7,3.0,5.6,7.4,1436.9,23.5,3.9,239.5,7.7,100.0,6,21,0,night,midwest,False,False,-1.9400000000000004,0.7799999999999994,0.10000000000000009,155.0,0.018000000000000016
D143,23,6,2.17,1.19,0.69,0.59,0.69,3,6.42,11.89,277.96,0.2746,24.3,8.3,38.2,585,10.0,3.0,5.8,4.9,1012.2,18.4,4.6,253.0,9.8,100.0,4,21,0,night,midwest,False,False,-0.5099999999999998,-0.019999999999999574,0.0,-85.0,-0.0005000000000000004
D143,24,6,1.02,1.27,0.38,0.64,0.25,4,5.47,12.84,233.38,0.2967,44.7,15.2,40.2,769,16.5,3.8,6.4,6.4,786.6,14.4,3.6,196.6,8.8,100.0,4,21,0,night,midwest,False,False,-0.4800000000000004,1.5099999999999998,-0.49999999999999956,183.0,0.03490000000000004
D143,25,6,1.49,0.85,1.07,0.85,0.28,3,5.9,12.65,411.27,0.2922,61.3,15.4,38.8,1073,16.0,3.3,6.2,8.9,1407.5,22.0,3.7,234.6,9.2,100.0,6,21,0,night,midwest,False,False,-0.4899999999999993,-0.9499999999999993,-0.7999999999999998,84.0,-0.021999999999999964
D143,26,6,1.37,0.94,0.65,0.87,0.43,5,5.49,12.6,402.77,0.291,51.8,16.0,35.7,918,8.0,2.8,5.6,7.7,1384.2,23.0,4.6,276.8,9.8,100.0,5,21,0,night,midwest,False,False,0.9000000000000004,0.15000000000000036,0.6999999999999997,30.0,0.0033999999999999586
D144,1,1,0.77,0.15,0.0,0.23,0.39,2,2.24,11.11,331.95,0.2567,24.5,8.9,32.6,1000,13.6,4.4,6.3,8.3,1293.3,22.5,4.5,258.7,10.2,100.0,5,47,3,night,midwest,True,True,,,,,
D144,2,1,0.2,0.2,0.2,0.4,0.2,3,2.3,9.45,218.2,0.2183,24.5,7.4,29.9,645,9.2,1.8,5.0,5.4,999.4,15.9,3.2,199.9,7.4,100.0,5,47,3,night,midwest,True,True,,,,,
D144,3,1,0.96,0.0,0.32,0.43,0.21,2,2.56,11.08,239.8,0.2558,34.4,13.0,33.0,1018,18.5,3.0,5.8,8.4,937.3,16.9,4.2,234.3,9.0,100.0,4,47,3,night,midwest,True,True,,,,,
D144,4,1,0.27,0.36,0.09,0.18,0.09,0,1.36,11.88,303.6,0.2744,29.4,10.9,32.1,1507,29.6,4.8,6.3,12.5,1106.3,21.2,4.2,221.3,10.2,100.0,5,47,3,night,midwest,True,True,,,,,
D144,5,2,0.29,0.1,0.1,0.68,0.29,0,2.03,12.39,295.93,0.2862,41.9,15.5,32.9,1552,37.6,7.2,6.3,12.9,1033.9,20.7,4.1,206.8,10.6,100.0,5,47,3,night,midwest,True,True,-0.2100000000000004,1.2800000000000011,-0.40000000000000036,552.0,0.029500000000000026
D144,6,2,0.44,0.35,0.17,0.35,0.09,1,2.27,11.56,305.54,0.2671,30.3,10.6,33.1,1006,25.0,3.7,6.7,8.3,1143.9,19.9,3.3,190.6,7.2,100.0,6,47,3,night,midwest,True,True,-0.029999999999999805,2.110000000000001,0.09999999999999964,361.0,0.04880000000000001
D144,7,2,0.45,0.09,0.18,0.18,0.18,3,1.52,10.72,276.04,0.2475,22.3,8.9,37.1,432,3.1,2.7,6.2,3.6,1115.2,20.4,2.9,159.3,6.3,100.0,7,47,3,night,midwest,True,True,-1.04,-0.35999999999999943,-1.3000000000000003,-586.0,-0.00830000000000003
D144,8,2,0.38,0.31,0.08,0.0,0.08,4,1.6,10.12,305.89,0.2337,25.2,8.8,33.3,791,22.0,3.3,5.9,6.6,1308.7,20.8,3.5,218.1,7.7,100.0,6,47,3,night,midwest,True,True,0.24,-1.7600000000000016,-0.7000000000000002,-716.0,-0.040699999999999986
D144,9,2,0.29,0.19,0.0,0.48,0.0,1,1.45,11.75,279.76,0.2714,35.4,12.6,35.1,646,6.8,4.4,6.6,5.4,1031.0,18.0,3.6,206.2,8.0,100.0,5,47,3,night,midwest,True,True,-0.5799999999999998,-0.6400000000000006,-0.49999999999999956,-906.0,-0.014800000000000035
D144,10,3,0.32,0.16,0.48,0.16,0.0,2,1.76,9.48,136.96,0.219,29.1,12.4,37.7,496,6.5,2.2,5.9,4.2,625.5,11.1,2.8,156.4,5.8,100.0,4,47,3,night,midwest,True,True,-0.51,-2.08,-0.5,-510.0,-0.048100000000000004
D144,11,3,0.39,0.48,0.1,0.19,0.0,2,2.03,10.26,245.55,0.237,32.6,13.7,38.6,1522,37.2,5.4,6.1,12.6,1036.3,19.3,3.9,207.3,9.8,100.0,5,47,3,night,midwest,True,True,0.5099999999999998,-0.46000000000000085,1.0,1090.0,-0.01050000000000001
D144,12,3,0.43,0.43,0.22,0.22,0.0,3,1.95,10.16,108.59,0.2347,24.5,8.0,34.1,962,16.0,4.5,7.1,8.0,462.6,6.4,3.2,231.3,7.0,100.0,2,47,3,night,midwest,True,True,0.34999999999999987,0.040000000000000924,-0.2999999999999998,171.0,0.0010000000000000009
D144,13,3,0.64,0.08,0.24,0.32,0.08,2,1.91,10.17,295.54,0.2349,23.9,9.4,39.3,903,17.0,3.3,6.3,7.5,1258.2,21.3,3.5,209.7,7.8,100.0,6,47,3,night,midwest,True,True,0.45999999999999996,-1.58,-0.10000000000000009,257.0,-0.03649999999999998
D144,14,4,0.3,0.3,0.39,0.39,0.1,0,2.17,11.04,258.44,0.2551,38.2,14.4,24.6,1212,22.0,5.0,6.1,10.1,1013.1,18.1,3.6,202.6,8.8,100.0,5,47,3,night,midwest,True,True,0.4099999999999999,1.5599999999999987,0.8000000000000003,716.0,0.03609999999999999
D144,15,4,0.7,0.0,0.23,0.31,0.08,1,2.26,9.62,284.68,0.2223,25.6,9.8,32.0,575,6.0,4.2,6.3,4.9,1280.7,20.1,3.3,213.4,7.7,100.0,6,47,3,night,midwest,True,True,0.22999999999999998,-0.6400000000000006,-0.6000000000000001,-947.0,-0.01469999999999999
D144,16,4,0.38,0.23,0.0,0.15,0.08,1,1.36,10.02,307.23,0.2315,29.9,12.3,35.2,675,9.7,2.7,6.3,5.7,1327.1,23.2,3.9,221.2,7.8,100.0,6,47,3,night,midwest,True,True,-0.5899999999999999,-0.14000000000000057,0.6999999999999997,-287.0,-0.0031999999999999806
D144,17,4,0.32,0.08,0.0,0.24,0.08,1,1.21,10.07,287.76,0.2325,26.3,10.8,29.2,1014,23.2,4.4,5.6,8.5,1237.4,22.1,4.4,247.5,10.2,100.0,5,47,3,night,midwest,True,True,-0.7,-0.09999999999999964,0.9000000000000004,111.0,-0.0023999999999999855
D144,18,4,0.2,0.2,0.0,0.1,0.1,0,1.12,10.12,229.91,0.2338,22.0,8.7,30.9,1095,20.0,3.5,5.8,9.1,983.3,16.7,4.2,245.8,8.2,100.0,4,47,3,night,midwest,True,True,-1.0499999999999998,-0.9199999999999999,0.6000000000000001,-117.0,-0.021299999999999986
D144,19,5,0.26,0.17,0.17,0.09,0.0,1,1.57,10.4,276.23,0.2403,25.7,9.5,38.6,892,12.0,2.0,5.7,7.4,1149.3,18.4,4.6,287.3,9.0,91.7,4,47,3,night,midwest,True,True,-0.6899999999999997,0.7800000000000011,1.2999999999999998,317.0,0.018000000000000016
D144,20,5,0.68,0.68,0.0,0.68,0.0,0,2.48,10.02,102.54,0.2315,26.0,11.0,32.8,880,16.0,2.7,5.4,7.3,443.0,7.9,2.6,147.7,7.0,100.0,3,47,3,night,midwest,True,True,1.1199999999999999,0.0,-1.2999999999999998,205.0,0.0
D144,21,5,0.51,0.32,0.06,0.45,0.06,1,2.17,9.75,352.55,0.2252,24.6,9.6,36.9,896,13.4,3.9,6.3,7.5,1565.2,28.1,4.0,223.6,9.4,100.0,7,47,3,night,midwest,True,True,0.96,-0.3200000000000003,-0.40000000000000036,-118.0,-0.007300000000000001
D144,22,5,0.51,0.32,0.06,0.44,0.06,2,1.9,9.81,358.67,0.2266,25.6,11.0,32.7,906,14.0,2.7,5.7,7.6,1582.7,28.7,4.1,226.1,9.3,100.0,7,47,3,night,midwest,True,True,0.7799999999999998,-0.3099999999999987,-0.10000000000000053,-189.0,-0.007200000000000012
D144,23,6,0.0,0.14,0.28,0.0,0.0,1,0.97,9.48,158.28,0.2189,31.6,14.0,32.5,845,14.5,2.5,5.7,7.0,723.0,12.8,3.2,180.8,7.5,100.0,4,47,3,night,midwest,True,True,-0.6000000000000001,-0.9199999999999999,-1.3999999999999995,-47.0,-0.021400000000000002
D144,24,6,0.37,0.29,0.15,0.37,0.0,4,2.42,10.01,315.29,0.2311,33.0,13.2,39.7,761,17.3,4.2,7.3,6.4,1364.2,23.5,3.9,227.4,8.3,100.0,6,47,3,night,midwest,True,True,-0.06000000000000005,-0.009999999999999787,1.2999999999999998,-119.0,-0.00040000000000001146
D144,25,6,0.68,0.57,0.11,0.45,0.0,1,2.49,11.13,227.26,0.257,40.8,15.5,26.8,1150,27.5,4.0,5.8,9.6,884.2,15.8,3.9,221.0,9.2,100.0,4,47,3,night,midwest,True,True,0.3200000000000003,1.3800000000000008,-0.10000000000000009,254.0,0.031799999999999995
D144,26,6,0.48,0.48,0.0,0.19,0.29,1,2.12,10.02,240.4,0.2314,26.4,10.5,41.6,666,3.5,3.5,5.6,5.6,1038.9,17.6,4.4,259.7,8.5,100.0,4,47,3,night,midwest,True,True,0.2200000000000002,0.20999999999999908,0.3000000000000007,-240.0,0.004799999999999999
D145,1,1,1.84,1.43,0.61,0.61,0.41,4,6.53,19.44,219.89,0.449,87.4,28.1,32.1,1613,38.3,3.2,5.7,13.3,489.7,13.4,2.2,81.6,6.5,56.4,6,41,0,rotating,northeast,False,False,,,,,
D145,2,1,0.86,1.1,1.22,0.61,0.37,0,5.5,16.2,306.03,0.3743,62.4,19.9,33.5,1907,48.7,4.0,5.6,15.8,817.7,21.3,3.6,136.3,8.5,60.8,6,41,0,rotating,northeast,False,False,,,,,
D145,3,1,1.88,0.72,0.87,0.58,0.29,3,4.63,19.0,303.6,0.4389,87.9,28.9,35.2,1982,45.7,5.0,6.7,16.4,691.7,18.4,3.1,115.3,7.8,66.0,6,41,0,rotating,northeast,False,False,,,,,
D145,4,1,1.24,1.77,1.42,0.0,0.18,1,5.86,18.18,236.75,0.4201,92.1,25.5,29.3,2580,60.8,5.2,6.1,21.2,563.6,17.1,3.4,112.7,8.8,47.7,5,41,0,rotating,northeast,False,False,,,,,
D145,5,1,1.21,1.04,1.55,0.52,0.52,4,6.56,18.03,241.21,0.4165,74.6,25.0,38.4,2508,67.5,4.2,5.8,20.7,579.2,14.9,3.7,144.8,9.5,68.4,4,41,0,rotating,northeast,False,False,0.02999999999999936,-1.4100000000000001,1.5,895.0,-0.03250000000000003
D145,6,2,1.15,1.41,0.64,0.77,0.13,5,5.5,15.95,287.87,0.3685,65.6,22.3,32.4,2876,85.6,5.4,6.0,23.6,781.3,20.3,4.1,156.3,9.4,34.0,5,41,0,rotating,northeast,False,False,0.0,-0.25,0.49999999999999956,969.0,-0.005800000000000027
D145,7,2,1.34,0.5,0.5,1.51,0.0,3,5.04,20.44,280.8,0.4721,102.5,34.4,31.1,2020,53.0,5.5,6.1,16.6,594.8,18.3,3.0,99.1,8.0,39.6,6,41,0,rotating,northeast,False,False,0.41000000000000014,1.4400000000000013,-0.10000000000000009,38.0,0.03320000000000001
D145,8,2,1.68,0.91,1.07,0.3,0.3,4,6.4,17.43,264.33,0.4025,73.2,24.0,30.0,1942,40.0,3.8,6.0,16.0,656.7,15.9,4.0,164.2,9.0,50.0,4,41,0,rotating,northeast,False,False,0.54,-0.75,0.6000000000000001,-638.0,-0.01759999999999995
D145,9,2,0.83,0.17,0.5,0.33,0.17,3,2.65,19.73,274.84,0.4557,83.0,31.0,29.7,2052,55.0,4.2,6.2,16.9,603.1,19.4,3.2,100.5,8.5,66.7,6,41,0,rotating,northeast,False,False,-3.9099999999999997,1.6999999999999993,-0.5,-456.0,0.03920000000000001
D145,10,3,1.89,1.51,0.19,1.89,0.38,2,6.99,16.86,206.01,0.3894,73.9,28.7,36.1,2760,50.5,7.0,6.4,22.7,529.0,15.3,3.8,132.2,9.0,30.6,4,41,0,rotating,northeast,False,False,1.4900000000000002,0.9100000000000001,-0.2999999999999998,-116.0,0.02090000000000003
D145,11,3,0.56,2.52,0.56,0.84,0.28,3,7.0,17.78,146.68,0.4107,63.8,28.3,28.3,1988,39.5,3.8,5.8,16.4,357.2,11.9,3.0,89.3,6.5,0.0,4,41,0,rotating,northeast,False,False,1.96,-2.66,0.0,-32.0,-0.06140000000000001
D145,12,3,1.84,0.92,0.92,0.55,0.18,3,6.61,17.9,225.2,0.4136,89.4,33.5,31.8,2321,77.6,4.8,5.9,19.1,544.5,15.9,3.2,108.9,8.4,59.5,5,41,0,rotating,northeast,False,False,0.20999999999999996,0.46999999999999886,-0.7999999999999998,379.0,0.011099999999999999
D145,13,3,1.56,0.47,0.78,1.4,0.16,5,5.92,17.41,258.26,0.4023,89.6,31.7,35.9,2890,80.4,4.6,5.3,23.8,642.0,19.0,3.8,128.4,10.0,42.0,5,41,0,rotating,northeast,False,False,3.27,-2.3200000000000003,0.5999999999999996,838.0,-0.0534
D145,14,4,0.53,1.6,0.53,0.53,0.53,2,5.85,16.92,146.94,0.3908,56.8,22.2,38.6,2114,56.7,5.0,6.1,17.4,376.0,10.4,3.5,125.3,8.7,100.0,3,41,0,rotating,northeast,False,False,-1.1400000000000006,0.060000000000002274,-0.2999999999999998,-646.0,0.0013999999999999568
D145,15,4,1.34,0.67,0.45,0.67,0.9,7,4.93,18.55,191.31,0.4286,69.2,28.7,33.6,2411,67.5,5.2,5.9,19.9,446.4,14.3,3.6,111.6,8.5,32.4,4,41,0,rotating,northeast,False,False,-2.0700000000000003,0.7699999999999996,0.6000000000000001,423.0,0.01789999999999997
D145,16,4,1.58,1.05,1.05,0.53,0.0,3,5.78,18.45,162.3,0.4262,72.5,29.0,39.8,1927,55.0,3.5,5.9,15.9,380.8,11.7,2.9,95.2,7.8,35.5,4,41,0,rotating,northeast,False,False,-0.8300000000000001,0.5500000000000007,-0.30000000000000027,-394.0,0.0126
D145,17,4,1.64,0.82,0.82,0.98,0.33,4,5.4,19.91,280.87,0.4598,112.3,36.5,37.1,2579,55.2,4.4,5.8,21.3,610.8,16.7,3.3,122.2,8.4,45.2,5,41,0,rotating,northeast,False,False,-0.5199999999999996,2.5,-0.5,-311.0,0.057499999999999996
D145,18,5,1.5,1.04,0.35,0.69,0.12,5,5.42,14.71,294.66,0.3398,77.7,23.4,32.4,2346,49.7,5.5,6.4,19.3,867.2,23.4,3.9,144.5,8.5,64.7,6,41,0,rotating,northeast,False,False,-0.4299999999999997,-2.210000000000001,0.3999999999999999,232.0,-0.05099999999999999
D145,19,5,1.77,0.29,0.59,0.59,0.88,5,5.6,17.96,140.79,0.4148,76.0,27.9,33.0,2622,52.0,7.0,7.1,21.6,339.4,9.3,3.1,113.1,8.7,76.9,3,41,0,rotating,northeast,False,False,0.6699999999999999,-0.5899999999999999,-0.5,211.0,-0.013799999999999979
D145,20,5,1.33,1.33,0.71,1.12,0.31,5,5.92,14.24,322.08,0.3289,52.0,18.2,40.2,3098,73.2,4.0,5.7,25.5,979.2,27.0,5.4,195.8,11.2,78.6,5,41,0,rotating,northeast,False,False,0.13999999999999968,-4.209999999999999,2.5000000000000004,1171.0,-0.0973
D145,21,5,1.95,1.22,0.24,0.49,0.0,3,6.33,16.04,152.28,0.3706,59.5,24.3,30.3,2416,57.3,6.3,6.4,19.9,410.9,11.4,3.8,137.0,9.0,22.2,3,41,0,rotating,northeast,False,False,0.9299999999999997,-3.870000000000001,0.5,-163.0,-0.0892
D145,22,5,2.27,1.03,0.41,1.03,0.0,6,5.36,17.23,192.98,0.398,59.2,25.5,32.8,2253,54.0,4.8,5.9,18.6,484.9,15.1,3.8,121.2,9.5,55.3,4,41,0,rotating,northeast,False,False,-0.05999999999999961,2.5199999999999996,-0.10000000000000009,-93.0,0.05820000000000003
D145,23,6,1.37,0.99,0.75,1.24,0.37,7,5.97,15.09,280.3,0.3486,69.0,25.8,30.4,2658,56.4,5.0,6.0,21.9,804.1,19.8,4.0,160.8,10.0,34.0,5,41,0,rotating,northeast,False,False,0.3700000000000001,-2.870000000000001,0.8999999999999999,36.0,-0.06619999999999998
D145,24,6,1.72,1.03,0.69,0.0,0.34,0,4.81,12.73,85.54,0.2942,39.5,17.4,22.4,2371,38.0,3.5,5.7,19.5,290.8,7.4,3.7,145.4,8.5,0.0,2,41,0,rotating,northeast,False,False,-1.1100000000000003,-1.5099999999999998,-1.7000000000000002,-727.0,-0.03470000000000001
D145,25,6,1.11,1.0,0.44,0.78,0.11,5,4.77,14.95,311.36,0.3453,56.2,23.4,32.1,2288,59.0,4.3,5.9,18.9,901.7,23.8,4.0,150.3,9.2,50.9,6,41,0,rotating,northeast,False,False,-1.5600000000000005,-1.0899999999999999,0.20000000000000018,-128.0,-0.02529999999999999
D145,26,6,1.68,1.22,1.22,1.07,0.3,3,7.62,16.91,256.41,0.3906,83.6,29.6,38.6,2330,47.6,4.8,6.0,19.2,656.5,17.3,3.5,131.3,8.4,57.1,5,41,0,rotating,northeast,False,False,2.26,-0.3200000000000003,-0.2999999999999998,77.0,-0.007400000000000018
D146,1,1,4.18,3.61,3.27,2.26,0.9,18,15.25,19.27,394.22,0.4452,64.4,18.3,30.9,2124,41.2,6.6,6.3,17.6,885.5,21.4,4.3,177.1,10.4,0.0,5,41,2,day,southeast,False,False,,,,,
D146,2,1,4.53,3.83,2.96,1.92,1.04,8,14.98,17.25,228.85,0.3986,54.9,14.0,38.1,1925,29.5,6.5,6.8,15.9,574.2,13.7,3.4,143.6,8.5,0.0,4,41,2,day,southeast,False,False,,,,,
D146,3,1,4.02,5.6,2.44,2.44,0.73,19,16.19,18.14,344.1,0.419,56.1,16.6,32.8,1235,21.3,2.7,6.3,10.2,821.3,19.0,3.2,136.9,7.5,0.0,6,41,2,day,southeast,False,False,,,,,
D146,4,1,5.27,2.87,3.35,2.64,0.48,7,15.81,19.45,187.55,0.4493,78.5,17.5,33.7,1497,34.0,3.0,6.0,12.4,417.4,8.8,2.9,139.1,7.0,0.0,3,41,2,day,southeast,False,False,,,,,
D146,5,1,3.5,3.5,2.56,2.29,0.81,10,13.46,21.73,372.95,0.502,71.6,20.0,37.9,1474,22.0,5.0,6.2,12.2,743.0,19.1,3.2,123.8,8.2,0.0,6,41,2,day,southeast,False,False,-1.7899999999999991,2.460000000000001,-1.0999999999999996,-650.0,0.05680000000000002
D146,6,2,4.25,4.25,3.58,2.39,0.8,13,15.8,17.75,308.85,0.41,32.1,9.1,26.6,1377,17.6,4.4,6.0,11.4,753.2,16.1,3.2,150.6,7.6,0.0,5,41,2,day,southeast,False,False,0.8200000000000003,0.5,-0.19999999999999973,-548.0,0.011399999999999966
D146,7,2,5.4,2.82,3.29,2.47,0.59,13,15.49,17.75,349.2,0.4099,38.7,10.8,36.1,1641,31.6,5.6,6.7,13.6,851.9,19.8,4.0,170.4,9.4,0.0,5,41,2,day,southeast,False,False,-0.7000000000000011,-0.39000000000000057,0.7999999999999998,406.0,-0.009099999999999997
D146,8,2,2.87,2.15,2.51,3.05,0.54,4,11.65,19.99,257.75,0.4618,48.1,13.5,37.6,1284,23.0,5.2,6.4,10.6,558.1,13.1,3.3,139.5,7.8,0.0,4,41,2,day,southeast,False,False,-4.16,0.5399999999999991,0.3999999999999999,-213.0,0.012500000000000011
D146,9,3,3.97,3.43,3.34,2.8,1.08,23,15.54,16.55,423.15,0.3822,42.2,13.5,29.7,1310,14.3,4.3,5.8,10.9,1107.1,25.2,4.2,184.5,9.5,0.0,6,41,2,day,southeast,False,False,2.0799999999999983,-5.18,1.0,-164.0,-0.11980000000000002
D146,10,3,4.43,3.03,1.98,2.92,0.82,11,13.76,17.52,346.99,0.4047,56.8,17.2,36.5,1471,18.0,3.8,5.8,12.2,857.3,19.6,3.9,171.5,9.8,0.0,5,41,2,day,southeast,False,False,-2.040000000000001,-0.23000000000000043,0.6999999999999997,94.0,-0.005299999999999971
D146,11,3,4.38,3.41,3.17,3.41,0.97,6,15.83,16.8,159.34,0.388,84.3,25.1,37.1,1400,22.7,3.3,5.2,11.6,410.7,9.0,3.0,136.9,7.7,0.0,3,41,2,day,southeast,False,False,0.33999999999999986,-0.9499999999999993,-1.0,-241.0,-0.021899999999999975
D146,12,3,4.64,3.53,2.97,2.69,0.46,14,15.59,16.95,421.92,0.3915,52.9,15.1,31.4,1457,24.3,4.7,5.8,12.1,1077.6,22.9,3.8,179.6,9.3,0.0,6,41,2,day,southeast,False,False,3.9399999999999995,-3.039999999999999,0.5,173.0,-0.07029999999999997
D146,13,3,5.04,2.45,3.0,2.18,1.36,8,15.11,18.38,311.78,0.4245,50.3,15.7,31.0,1600,27.6,5.2,6.4,13.2,734.4,17.6,3.5,146.9,8.8,0.0,5,41,2,day,southeast,False,False,-0.4299999999999997,1.8299999999999983,-0.7000000000000002,290.0,0.042300000000000004
D146,14,4,2.89,3.42,2.78,2.35,0.53,10,12.83,16.25,350.89,0.3753,53.8,16.0,38.3,1093,21.7,3.0,5.7,9.1,935.0,19.7,3.3,155.8,8.2,0.0,6,41,2,day,southeast,False,False,-0.9299999999999997,-1.2699999999999996,-0.6000000000000001,-378.0,-0.02939999999999998
D146,15,4,4.07,3.73,2.71,2.37,0.56,13,14.23,17.22,352.23,0.3977,42.8,12.7,32.2,1222,26.7,6.0,7.0,10.1,885.6,20.5,3.4,147.6,7.3,0.0,6,41,2,day,southeast,False,False,-1.5999999999999996,0.41999999999999815,0.3999999999999999,-178.0,0.009699999999999986
D146,16,4,3.85,3.94,3.4,2.24,0.81,17,15.12,16.72,431.69,0.3863,44.4,14.0,32.8,1616,32.9,4.3,5.9,13.4,1117.5,25.7,3.7,159.6,9.0,0.0,7,41,2,day,southeast,False,False,-0.47000000000000064,-0.23000000000000043,-0.09999999999999964,159.0,-0.005200000000000038
D146,17,4,5.93,2.46,2.75,2.31,0.43,8,15.47,17.27,275.93,0.3989,58.1,17.1,37.5,1128,24.0,4.3,6.8,9.3,691.7,16.5,2.4,98.8,6.1,0.0,7,41,2,day,southeast,False,False,0.3600000000000012,-1.1099999999999994,-1.1,-472.0,-0.02560000000000001
D146,18,5,3.98,3.47,1.8,1.93,0.51,9,13.49,18.9,339.75,0.4366,62.8,19.2,35.5,1585,30.7,5.2,6.5,13.1,778.1,18.7,3.1,129.7,8.0,0.0,6,41,2,day,southeast,False,False,0.6600000000000001,2.6499999999999986,-0.19999999999999973,492.0,0.061299999999999966
D146,19,5,3.01,3.01,2.36,1.29,0.86,5,11.38,18.22,195.93,0.4208,40.0,13.3,29.6,1793,42.7,5.3,6.2,14.8,465.6,11.7,3.9,155.2,9.0,0.0,3,41,2,day,southeast,False,False,-2.8499999999999996,1.0,0.5,571.0,0.02310000000000001
D146,20,5,4.01,4.78,2.31,2.62,1.23,15,16.33,16.83,252.37,0.3888,42.2,12.3,40.5,1018,16.0,2.8,6.1,8.5,649.1,13.6,2.7,129.8,6.8,0.0,5,41,2,day,southeast,False,False,1.209999999999999,0.10999999999999943,-1.0,-598.0,0.0025000000000000022
D146,21,5,3.34,2.85,2.97,2.97,0.87,11,14.6,15.29,285.35,0.3532,55.2,17.0,31.9,922,10.4,4.0,6.0,7.7,808.0,17.0,3.4,161.6,8.2,0.0,5,41,2,day,southeast,False,False,-0.870000000000001,-1.9800000000000004,1.0,-206.0,-0.04569999999999996
D146,22,5,4.2,3.09,2.84,1.98,0.87,15,13.97,18.57,346.92,0.4289,52.1,17.5,33.7,2018,43.6,3.8,5.7,16.7,808.9,21.2,4.2,161.8,9.4,0.0,5,41,2,day,southeast,False,False,0.4800000000000004,-0.3299999999999983,1.1,433.0,-0.007699999999999985
D146,23,6,3.04,3.94,3.58,3.22,0.9,13,15.22,16.26,209.75,0.3756,47.9,15.6,35.3,2048,36.7,5.0,6.1,17.0,558.4,13.8,4.6,186.1,11.3,0.0,3,41,2,day,southeast,False,False,3.84,-1.9599999999999973,0.6999999999999997,255.0,-0.04520000000000002
D146,24,6,3.71,3.2,2.89,3.4,1.03,16,15.58,17.35,388.47,0.4008,59.1,18.0,35.1,1703,24.8,6.2,6.2,14.1,969.3,23.4,4.7,193.9,10.4,0.0,5,41,2,day,southeast,False,False,-0.7499999999999982,0.5200000000000031,2.0,685.0,0.01200000000000001
D146,25,6,2.89,2.55,3.01,1.74,0.46,14,11.22,16.46,328.74,0.3803,51.7,16.1,31.1,1330,27.7,3.0,5.7,11.0,864.4,19.9,3.3,144.1,8.2,0.0,6,41,2,day,southeast,False,False,-3.379999999999999,1.1700000000000017,-0.10000000000000009,408.0,0.027100000000000013
D146,26,6,3.69,3.3,3.89,2.53,0.97,16,15.55,17.58,208.94,0.4061,55.0,17.0,41.0,1185,14.7,3.7,6.1,9.8,514.5,12.1,4.0,171.5,9.0,0.0,3,41,2,day,southeast,False,False,1.58,-0.990000000000002,-0.20000000000000018,-833.0,-0.022799999999999987
D147,1,1,1.19,1.33,1.33,1.33,0.4,6,7.97,14.75,256.62,0.3407,91.9,21.4,30.3,690,10.7,4.3,6.8,5.8,753.2,11.4,3.8,251.1,10.0,0.0,3,32,0,day,midwest,False,True,,,,,
D147,2,1,1.64,1.57,0.82,1.49,0.6,12,8.22,14.74,455.72,0.3405,52.6,13.6,36.2,549,6.7,2.3,6.2,4.6,1338.3,23.3,3.9,223.1,7.8,0.0,6,32,0,day,midwest,False,True,,,,,
D147,3,1,1.5,2.11,1.5,1.8,0.6,10,10.23,15.98,368.12,0.3691,54.3,14.3,28.4,654,5.5,3.2,5.9,5.5,997.3,17.5,4.4,249.3,9.5,0.0,4,32,0,day,midwest,False,True,,,,,
D147,4,1,1.58,1.34,1.19,1.82,0.4,15,9.4,15.88,464.22,0.3668,80.0,20.0,35.6,756,5.6,3.4,5.9,6.3,1265.7,21.2,4.2,253.1,8.2,0.0,5,32,0,day,midwest,False,True,,,,,
D147,5,2,1.8,1.12,1.37,1.74,0.75,13,9.38,15.8,587.34,0.365,72.1,17.8,34.3,736,18.3,4.1,6.5,6.1,1609.3,26.6,3.8,229.9,7.9,0.0,7,32,0,day,midwest,False,True,1.410000000000001,1.0500000000000007,0.0,46.0,0.02429999999999999
D147,6,2,1.68,1.84,0.96,1.52,0.4,11,8.95,15.14,437.77,0.3498,65.4,16.6,33.3,861,10.3,4.2,5.7,7.2,1251.4,21.4,3.6,208.6,8.2,0.0,6,32,0,day,midwest,False,True,0.7299999999999986,0.40000000000000036,-0.2999999999999998,312.0,0.009299999999999975
D147,7,2,1.58,1.51,0.98,2.19,0.6,13,9.2,15.48,474.36,0.3577,76.3,19.5,34.5,891,18.3,3.8,6.3,7.4,1326.2,23.8,4.0,221.0,9.3,0.0,6,32,0,day,midwest,False,True,-1.0300000000000011,-0.5,-0.40000000000000036,237.0,-0.011399999999999966
D147,8,2,0.89,1.6,1.25,1.78,0.45,6,8.55,16.09,417.23,0.3716,69.8,16.5,34.0,888,15.0,2.5,5.7,7.4,1122.9,18.7,4.7,280.7,9.0,0.0,4,32,0,day,midwest,False,True,-0.8499999999999996,0.20999999999999908,0.5,132.0,0.004799999999999971
D147,9,3,2.16,1.48,1.28,1.42,0.74,23,10.73,14.63,500.72,0.3378,52.8,14.2,39.0,554,7.0,2.2,5.6,4.6,1482.1,24.7,4.1,247.0,7.8,0.0,6,32,0,day,midwest,False,True,1.3499999999999996,-1.17,0.2999999999999998,-182.0,-0.027200000000000002
D147,10,3,2.08,0.38,1.89,1.52,1.14,5,9.66,16.65,202.98,0.3846,105.1,26.8,35.7,908,19.0,2.2,5.6,7.5,527.8,9.3,2.3,132.0,6.5,0.0,4,32,0,day,midwest,False,True,0.7100000000000009,1.509999999999998,-1.3000000000000003,47.0,0.0348
D147,11,3,0.97,1.65,1.07,1.75,0.58,8,8.86,13.32,316.15,0.3077,74.6,20.4,35.9,721,11.5,5.2,6.6,6.1,1027.5,16.5,4.1,256.9,9.0,0.0,4,32,0,day,midwest,False,True,-0.33999999999999986,-2.16,0.09999999999999964,-170.0,-0.050000000000000044
D147,12,3,2.11,1.88,1.1,1.88,0.16,13,9.71,12.89,380.27,0.2977,79.1,21.9,29.2,1277,18.0,3.8,6.3,10.6,1277.4,20.6,5.1,319.3,10.8,0.0,4,32,0,day,midwest,False,True,1.1600000000000001,-3.1999999999999993,0.39999999999999947,389.0,-0.07389999999999997
D147,13,3,1.53,1.95,1.39,1.67,0.42,5,10.3,13.88,230.47,0.3207,58.3,17.6,27.1,567,6.0,3.0,6.3,4.8,718.6,12.6,3.2,179.6,7.2,0.0,4,32,0,day,midwest,False,True,-0.4299999999999997,-0.75,-0.8999999999999995,13.0,-0.017100000000000004
D147,14,4,2.03,1.22,1.42,3.05,0.2,9,10.06,13.54,307.62,0.3127,49.0,14.8,37.8,563,7.6,3.0,6.1,4.7,983.7,18.3,3.7,196.7,7.2,0.0,5,32,0,day,midwest,False,True,0.40000000000000036,-3.1099999999999994,1.4000000000000004,-345.0,-0.07190000000000002
D147,15,4,1.87,1.0,1.2,1.8,0.47,13,9.69,13.47,465.67,0.3112,61.5,18.1,36.4,1444,32.8,4.4,5.8,12.0,1496.4,26.0,5.2,299.3,9.2,0.0,5,32,0,day,midwest,False,True,0.8300000000000001,0.15000000000000036,1.1000000000000005,723.0,0.003500000000000003
D147,16,4,1.66,1.59,1.46,1.99,0.53,16,10.6,14.08,490.92,0.3252,94.1,25.8,30.1,774,10.0,2.7,5.4,6.5,1509.7,25.3,4.2,251.6,8.7,0.0,6,32,0,day,midwest,False,True,0.8899999999999988,1.1899999999999995,-0.8999999999999995,-503.0,0.02749999999999997
D147,17,4,2.57,1.52,1.32,1.98,0.66,19,10.83,14.34,501.73,0.3312,60.1,16.9,35.6,1136,21.1,3.1,6.1,9.4,1515.0,26.9,3.8,216.4,8.7,0.0,7,32,0,day,midwest,False,True,0.5299999999999994,0.4599999999999991,0.5999999999999996,569.0,0.01050000000000001
D147,18,5,2.19,1.06,1.46,2.68,1.06,12,12.1,13.56,385.77,0.3132,60.4,16.2,34.7,743,13.2,3.8,6.1,6.2,1231.6,19.0,3.8,246.3,8.0,0.0,5,32,0,day,midwest,False,True,2.039999999999999,0.02000000000000135,0.09999999999999964,180.0,0.0005000000000000004
D147,19,5,2.47,1.17,1.82,1.69,1.56,8,12.98,15.41,274.38,0.3561,89.7,23.1,33.3,712,10.5,2.8,6.2,5.9,770.6,13.0,3.3,192.6,8.0,0.0,4,32,0,day,midwest,False,True,3.290000000000001,1.9399999999999995,-1.9000000000000004,-732.0,0.04490000000000005
D147,20,5,2.18,1.9,2.45,1.9,0.27,9,12.37,13.49,229.24,0.3117,64.6,18.7,31.7,537,8.5,1.8,5.8,4.5,735.4,13.1,3.3,183.9,7.2,0.0,4,32,0,day,midwest,False,True,1.7699999999999996,-0.5899999999999999,-0.9000000000000004,-237.0,-0.013500000000000012
D147,21,5,1.71,1.42,1.71,2.56,0.57,7,11.38,15.62,253.57,0.3608,76.2,20.9,35.9,663,8.5,3.5,6.0,5.6,702.7,12.8,3.2,175.7,7.2,0.0,4,32,0,day,midwest,False,True,0.5500000000000007,1.2799999999999994,-0.5999999999999996,-473.0,0.029600000000000015
D147,22,5,2.38,1.02,2.04,1.7,0.34,0,10.88,16.13,109.59,0.3726,130.4,29.6,38.6,1177,32.0,2.5,5.4,9.7,294.1,5.4,2.7,147.0,7.5,0.0,2,32,0,day,midwest,False,True,-1.2199999999999989,2.5699999999999985,-1.0999999999999996,434.0,0.05940000000000001
D147,23,6,2.4,0.96,1.6,2.24,0.32,8,11.35,13.5,195.13,0.3119,56.9,15.1,35.5,1098,13.0,5.5,7.1,9.2,625.7,9.5,4.7,312.8,11.5,0.0,2,32,0,day,midwest,False,True,-1.6300000000000008,-1.9100000000000001,1.4000000000000004,386.0,-0.04420000000000002
D147,24,6,2.5,1.55,2.07,1.72,0.78,15,11.63,16.67,447.01,0.3852,123.4,28.4,48.7,980,18.4,3.4,5.7,8.1,1160.6,20.5,4.1,232.1,9.0,0.0,5,32,0,day,midwest,False,True,-0.7399999999999984,3.1800000000000015,0.7999999999999998,443.0,0.07350000000000001
D147,25,6,2.29,2.0,1.77,2.14,0.81,15,12.34,13.54,423.1,0.3127,67.6,18.0,31.7,774,9.0,3.7,5.7,6.5,1353.1,23.6,3.9,225.5,8.8,0.0,6,32,0,day,midwest,False,True,0.9599999999999991,-2.08,0.6999999999999997,111.0,-0.04810000000000003
D147,26,6,2.35,1.81,1.93,2.05,0.48,9,11.86,13.78,528.76,0.3183,56.0,16.4,36.8,823,20.9,3.6,6.6,6.8,1661.4,28.5,4.1,237.3,8.0,0.0,7,32,0,day,midwest,False,True,0.9799999999999986,-2.3499999999999996,1.3999999999999995,-354.0,-0.05429999999999996
D148,1,1,3.81,2.77,3.64,2.6,0.52,5,14.37,22.5,300.32,0.5199,67.5,20.1,32.5,2126,48.0,5.5,6.9,17.5,577.7,16.1,4.0,144.4,8.8,0.0,4,62,0,day,northeast,True,False,,,,,
D148,2,1,4.29,3.06,3.68,3.19,0.61,13,15.57,22.02,414.88,0.5086,61.6,20.4,37.4,2550,63.1,4.3,5.6,21.0,815.7,25.0,3.6,116.5,9.3,0.0,7,62,0,day,northeast,True,False,,,,,
D148,3,1,4.4,1.7,2.27,2.98,1.28,7,13.62,20.0,325.64,0.462,53.1,16.4,41.3,2626,64.9,5.6,6.5,21.6,704.9,20.8,3.0,100.7,8.3,0.0,7,62,0,day,northeast,True,False,,,,,
D148,4,1,4.78,2.0,4.16,2.77,0.62,9,15.41,20.13,301.78,0.4651,47.0,15.1,36.6,2096,46.0,5.6,7.0,17.2,648.9,17.9,3.6,129.8,8.0,0.0,5,62,0,day,northeast,True,False,,,,,
D148,5,2,4.0,2.34,3.5,2.84,1.33,9,15.35,21.48,297.41,0.4963,65.9,21.4,38.1,3210,76.8,7.4,6.6,26.4,599.3,19.4,3.9,119.9,10.0,0.0,5,62,0,day,northeast,True,False,0.9800000000000004,-1.0199999999999996,-0.10000000000000009,1084.0,-0.02360000000000001
D148,6,2,4.65,3.46,3.93,3.34,1.31,16,17.76,19.36,375.12,0.4471,44.7,12.5,43.0,1860,38.8,3.8,6.0,15.3,839.0,18.9,3.8,167.8,8.6,0.0,5,62,0,day,northeast,True,False,2.1900000000000013,-2.66,0.19999999999999973,-690.0,-0.061500000000000055
D148,7,2,3.96,1.98,3.23,2.08,0.63,13,13.13,20.15,446.5,0.4654,43.3,14.3,36.8,2117,55.1,4.1,5.5,17.4,959.3,27.1,3.9,137.0,8.7,0.0,7,62,0,day,northeast,True,False,-0.48999999999999844,0.14999999999999858,0.8999999999999999,-509.0,0.0033999999999999586
D148,8,2,3.6,3.6,2.94,1.96,0.98,7,13.41,19.89,281.08,0.4595,62.4,18.7,39.5,1746,43.2,3.6,5.9,14.4,611.7,15.3,3.1,122.3,7.2,0.0,5,62,0,day,northeast,True,False,-2.0,-0.23999999999999844,-0.5,-350.0,-0.005599999999999994
D148,9,3,3.78,3.22,3.4,1.89,0.19,5,13.05,17.45,213.14,0.4031,46.3,12.7,35.8,2252,37.5,5.2,6.4,18.6,528.7,12.3,3.1,132.2,7.8,0.0,4,62,0,day,northeast,True,False,-2.299999999999999,-4.030000000000001,-0.7999999999999998,-958.0,-0.0932
D148,10,3,4.12,3.37,2.62,1.87,1.0,9,13.24,19.09,352.9,0.4409,50.7,17.2,34.8,2203,50.6,3.7,5.8,18.2,800.4,22.9,3.3,114.3,8.4,0.0,7,62,0,day,northeast,True,False,-4.520000000000001,-0.2699999999999996,-0.5,343.0,-0.006199999999999983
D148,11,3,4.63,3.64,4.63,2.32,0.33,8,17.53,16.04,111.99,0.3705,60.4,19.5,37.5,2085,49.0,7.5,6.9,17.2,302.3,7.0,3.5,151.1,9.5,0.0,2,62,0,day,northeast,True,False,4.4,-4.109999999999999,-0.3999999999999999,-32.0,-0.09489999999999998
D148,12,3,2.88,3.41,1.57,3.41,1.31,7,13.11,19.13,168.58,0.4419,61.0,19.8,31.8,1657,35.0,4.8,6.7,13.7,381.5,11.1,2.8,95.4,8.2,0.0,4,62,0,day,northeast,True,False,-0.3000000000000007,-0.7600000000000016,-0.30000000000000027,-89.0,-0.017600000000000005
D148,13,3,3.96,2.31,1.32,1.65,0.33,3,9.56,17.08,119.61,0.3945,66.6,20.9,44.4,1246,25.3,3.0,5.5,10.3,303.2,7.5,2.5,101.1,6.0,0.0,3,62,0,day,northeast,True,False,-3.49,-0.370000000000001,-0.6000000000000001,-1006.0,-0.008599999999999997
D148,14,4,4.61,1.95,3.01,1.95,0.89,7,13.12,21.18,276.07,0.4893,80.9,24.2,35.9,2222,52.8,4.4,5.6,18.3,564.2,14.9,3.0,112.8,8.2,0.0,5,62,0,day,northeast,True,False,-0.120000000000001,2.09,-0.2999999999999998,19.0,0.0484
D148,15,4,4.06,2.97,2.16,3.78,0.54,4,14.33,17.64,150.75,0.4075,47.6,14.0,33.3,2776,70.7,4.7,5.9,22.8,369.9,9.7,3.2,123.3,8.0,0.0,3,62,0,day,northeast,True,False,-3.200000000000001,1.6000000000000014,-0.2999999999999998,691.0,0.03699999999999998
D148,16,4,3.62,2.54,2.17,2.54,0.72,4,12.32,17.34,110.53,0.4005,55.1,18.2,34.3,2809,59.3,5.3,6.2,23.1,276.0,9.2,3.1,92.0,8.7,0.0,3,62,0,day,northeast,True,False,-0.7899999999999991,-1.7899999999999991,0.30000000000000027,1152.0,-0.04139999999999999
D148,17,4,3.73,3.34,2.7,2.7,1.03,6,13.5,19.23,345.62,0.4443,60.8,20.3,35.1,2187,55.7,5.4,6.0,18.0,777.9,20.9,3.0,111.1,8.3,0.0,7,62,0,day,northeast,True,False,3.9399999999999995,2.150000000000002,0.5,941.0,0.049799999999999955
D148,18,5,3.7,2.68,1.44,2.26,0.41,12,11.53,17.77,199.47,0.4105,53.1,16.3,42.1,1377,29.0,2.5,5.4,11.4,485.9,11.0,2.8,121.5,7.5,0.0,4,62,0,day,northeast,True,False,-1.5899999999999999,-3.41,-0.20000000000000018,-845.0,-0.07880000000000004
D148,19,5,3.08,2.12,3.5,2.34,0.53,9,12.0,16.91,367.96,0.3907,49.2,17.2,36.9,3118,80.8,5.2,5.7,25.7,941.8,23.7,4.7,188.4,10.6,0.0,5,62,0,day,northeast,True,False,-2.33,-0.7300000000000004,1.5,342.0,-0.01679999999999998
D148,20,5,4.72,3.84,4.43,1.77,0.89,3,16.23,19.56,153.11,0.4519,65.4,21.6,24.4,1359,24.0,4.0,6.5,11.2,338.8,9.8,2.4,84.7,6.5,0.0,4,62,0,day,northeast,True,False,3.91,2.219999999999999,-0.7000000000000002,-1450.0,0.0514
D148,21,5,3.39,2.79,3.79,2.59,0.6,7,14.37,20.32,235.2,0.4695,71.9,22.6,33.6,2486,63.5,5.8,7.1,20.5,501.0,13.4,3.3,125.2,8.5,0.0,4,62,0,day,northeast,True,False,0.8699999999999992,1.0899999999999999,0.2999999999999998,299.0,0.0252
D148,22,5,4.17,2.78,2.23,2.5,0.7,8,12.94,19.39,321.94,0.448,66.0,20.0,37.8,2388,54.3,4.3,5.8,19.7,718.7,19.8,3.3,119.8,9.0,0.0,6,62,0,day,northeast,True,False,1.4100000000000001,1.620000000000001,0.5,1011.0,0.03750000000000003
D148,23,6,4.36,1.74,2.74,3.24,0.5,15,13.32,15.36,284.96,0.3548,39.1,12.1,39.7,2347,47.5,4.8,5.9,19.4,803.1,18.4,4.6,200.8,10.5,0.0,4,62,0,day,northeast,True,False,1.3200000000000003,-1.5500000000000007,-0.10000000000000053,-771.0,-0.03589999999999999
D148,24,6,4.47,3.3,1.65,2.83,1.65,7,15.31,18.71,183.53,0.4322,45.7,16.5,30.2,2010,60.0,3.5,5.3,16.5,424.6,12.0,3.0,106.2,8.0,0.0,4,62,0,day,northeast,True,False,-0.9199999999999999,-0.8499999999999979,0.6000000000000001,651.0,-0.01970000000000005
D148,25,6,6.45,4.3,3.83,4.06,0.24,8,19.84,20.58,198.89,0.4755,65.9,21.5,36.1,2662,46.7,5.3,5.8,22.0,418.3,12.1,4.0,139.4,10.3,0.0,3,62,0,day,northeast,True,False,5.470000000000001,0.259999999999998,0.7000000000000002,176.0,0.006000000000000005
D148,26,6,4.9,3.55,3.72,2.2,0.51,11,15.39,19.09,260.8,0.4411,52.0,16.5,32.0,2146,48.8,5.0,6.7,17.7,591.3,14.9,3.0,118.3,8.8,0.0,5,62,0,day,northeast,True,False,2.450000000000001,-0.3000000000000007,-0.2999999999999998,-242.0,-0.006900000000000017
D149,1,1,4.39,4.15,3.12,1.15,0.92,20,14.43,22.03,440.89,0.5088,77.4,20.3,37.7,1541,27.0,5.2,6.3,12.8,866.5,20.8,3.5,144.4,8.5,100.0,6,29,1,night,southeast,False,False,,,,,
D149,2,1,3.86,4.03,3.02,2.35,0.5,8,15.11,18.8,258.77,0.4344,80.1,20.1,32.4,2254,43.0,5.8,6.1,18.6,595.7,13.3,3.3,148.9,10.2,100.0,4,29,1,night,southeast,False,False,,,,,
D149,3,1,4.75,3.22,2.72,2.72,1.02,13,15.44,21.22,288.84,0.4902,76.6,19.0,37.4,1285,25.5,3.8,5.8,10.7,589.2,14.2,3.6,147.3,8.0,100.0,4,29,1,night,southeast,False,False,,,,,
D149,4,1,5.0,3.97,2.65,2.35,1.03,10,16.18,19.79,310.74,0.457,76.9,19.6,34.0,1438,16.0,6.5,7.2,12.0,679.9,14.8,3.7,170.0,9.2,100.0,4,29,1,night,southeast,False,False,,,,,
D149,5,2,4.45,4.66,2.97,2.12,0.42,5,16.11,19.82,216.03,0.4579,61.5,18.2,30.8,1546,27.5,6.2,6.8,12.8,471.8,12.0,3.0,118.0,8.0,100.0,4,29,1,night,southeast,False,False,1.6799999999999997,-2.210000000000001,-0.5,5.0,-0.050900000000000056
D149,6,2,4.07,2.87,3.02,2.11,1.21,14,14.18,19.24,294.64,0.4444,64.6,17.9,35.6,1243,22.8,5.4,6.5,10.3,663.0,15.7,3.1,132.6,8.2,100.0,5,29,1,night,southeast,False,False,-0.9299999999999997,0.4399999999999977,-0.19999999999999973,-1011.0,0.010000000000000009
D149,7,2,4.45,3.94,1.03,1.88,1.54,7,14.54,21.04,283.99,0.486,68.8,20.2,32.8,1116,29.2,3.8,6.1,9.3,584.4,15.0,3.0,116.9,7.4,100.0,5,29,1,night,southeast,False,False,-0.9000000000000004,-0.17999999999999972,-0.6000000000000001,-169.0,-0.004200000000000037
D149,8,2,5.39,3.06,3.68,2.33,1.59,7,17.77,17.45,328.99,0.4032,49.3,13.0,33.7,1919,43.2,4.8,6.1,15.9,816.0,19.0,3.8,163.2,9.6,100.0,5,29,1,night,southeast,False,False,1.5899999999999999,-2.34,0.09999999999999964,481.0,-0.053800000000000014
D149,9,2,2.96,2.69,2.69,2.02,0.54,12,11.85,18.73,321.46,0.4328,38.2,11.1,40.1,1206,15.2,4.8,5.9,10.0,742.8,16.9,3.4,148.6,7.8,100.0,5,29,1,night,southeast,False,False,-4.26,-1.0899999999999999,0.3999999999999999,-340.0,-0.025099999999999956
D149,10,3,3.99,3.48,3.17,2.05,0.92,16,15.04,17.42,393.3,0.4025,48.3,15.1,33.8,1231,21.3,3.8,5.6,10.2,977.2,22.6,3.8,162.9,8.3,100.0,6,29,1,night,southeast,False,False,0.8599999999999994,-1.8199999999999967,0.6999999999999997,-12.0,-0.04189999999999999
D149,11,3,3.87,3.33,3.06,3.15,0.81,18,15.73,17.97,461.77,0.4152,58.0,17.9,30.4,1663,22.3,4.3,5.7,13.8,1112.2,26.7,4.5,185.4,9.7,100.0,6,29,1,night,southeast,False,False,1.1900000000000013,-3.0700000000000003,1.5,547.0,-0.07079999999999997
D149,12,3,3.68,3.96,2.83,1.98,1.13,4,14.85,16.92,276.37,0.3907,59.5,18.7,38.3,1875,40.8,6.4,6.3,15.5,707.3,16.8,3.4,141.5,8.4,100.0,5,29,1,night,southeast,False,False,-2.92,-0.5299999999999976,-0.3999999999999999,-44.0,-0.012500000000000011
D149,13,3,4.8,3.37,2.65,1.74,1.12,14,14.8,14.82,335.39,0.3424,34.2,9.9,39.3,1215,22.3,3.7,5.8,10.1,979.4,21.0,3.5,163.2,7.8,100.0,6,29,1,night,southeast,False,False,2.950000000000001,-3.91,0.10000000000000009,9.0,-0.09040000000000004
D149,14,4,5.03,3.9,4.21,1.75,0.72,17,16.53,18.04,405.84,0.4168,58.8,18.7,32.6,1806,38.0,5.3,6.0,14.9,973.7,23.7,4.0,162.3,8.3,100.0,6,29,1,night,southeast,False,False,1.490000000000002,0.6199999999999974,0.20000000000000018,575.0,0.01429999999999998
D149,15,4,3.83,3.12,1.99,2.27,0.71,15,13.62,17.5,284.85,0.4043,65.4,17.0,33.1,1390,29.2,5.4,6.3,11.5,704.6,15.4,3.1,140.9,8.4,100.0,5,29,1,night,southeast,False,False,-2.110000000000001,-0.46999999999999886,-1.4,-273.0,-0.01090000000000002
D149,16,4,3.85,3.14,3.14,2.14,0.57,10,13.83,16.83,272.81,0.3888,41.3,12.2,31.4,1017,10.5,1.8,5.5,8.4,701.6,14.6,3.6,175.4,8.2,100.0,4,29,1,night,southeast,False,False,-1.0199999999999996,-0.09000000000000341,0.20000000000000018,-858.0,-0.0019000000000000128
D149,17,4,4.5,2.97,2.05,2.46,1.02,11,13.81,16.3,368.17,0.3766,51.2,16.6,36.0,1371,15.3,4.2,5.8,11.4,977.5,22.2,3.7,162.9,8.2,100.0,6,29,1,night,southeast,False,False,-0.9900000000000002,1.4800000000000004,0.20000000000000018,156.0,0.03420000000000001
D149,18,5,4.09,2.81,2.04,2.81,0.64,10,13.41,18.62,336.84,0.4302,70.8,19.6,35.7,1484,32.0,2.8,5.4,12.3,783.0,18.7,3.1,130.5,8.2,100.0,6,29,1,night,southeast,False,False,-3.120000000000001,0.5800000000000018,-0.8999999999999999,-322.0,0.013400000000000023
D149,19,5,4.23,3.45,3.78,2.23,0.89,15,15.25,18.38,381.43,0.4246,73.4,22.6,36.6,1328,26.3,4.4,6.2,11.0,898.3,21.3,3.0,128.3,7.1,100.0,7,29,1,night,southeast,False,False,1.6300000000000008,0.879999999999999,-0.10000000000000009,-62.0,0.020299999999999985
D149,20,5,4.72,2.88,2.77,2.26,1.33,14,14.89,15.94,358.54,0.3682,44.6,14.0,30.4,1776,40.3,5.3,6.0,14.7,973.8,22.7,3.8,162.3,8.2,100.0,6,29,1,night,southeast,False,False,1.0600000000000005,-0.8899999999999988,0.19999999999999973,759.0,-0.02059999999999995
D149,21,5,3.39,4.52,3.61,4.52,0.45,6,17.62,18.81,192.38,0.4345,53.8,17.2,36.0,1524,40.5,4.0,5.7,12.6,442.8,11.5,2.9,110.7,7.5,100.0,4,29,1,night,southeast,False,False,3.8100000000000005,2.509999999999998,-0.8000000000000003,153.0,0.05790000000000001
D149,22,5,3.25,3.4,4.28,2.8,0.44,16,15.65,16.06,251.33,0.371,67.1,19.3,33.8,1321,21.6,5.6,6.1,11.0,677.4,16.5,3.3,135.5,8.4,100.0,5,29,1,night,southeast,False,False,2.24,-2.5600000000000023,0.19999999999999973,-163.0,-0.05920000000000003
D149,23,6,3.98,3.1,2.99,2.21,0.66,22,14.04,17.19,359.18,0.3972,49.6,15.7,36.5,1351,19.2,7.0,6.9,11.2,904.3,21.0,4.2,180.9,10.4,100.0,5,29,1,night,southeast,False,False,-1.2100000000000009,-1.1899999999999977,1.2000000000000002,23.0,-0.02739999999999998
D149,24,6,5.53,3.4,3.1,2.33,0.68,13,16.3,17.55,417.93,0.4054,54.3,14.9,34.2,1528,30.0,6.0,6.2,12.6,1030.9,21.8,4.4,206.2,9.4,100.0,5,29,1,night,southeast,False,False,1.4100000000000001,1.6100000000000012,0.6000000000000005,-248.0,0.037199999999999955
D149,25,6,4.08,3.77,3.45,1.57,0.16,9,13.49,16.54,243.47,0.382,42.4,13.1,37.1,1218,33.5,3.2,4.9,10.1,637.4,13.6,3.4,159.4,7.8,100.0,4,29,1,night,southeast,False,False,-4.130000000000001,-2.2699999999999996,0.5,-306.0,-0.05249999999999999
D149,26,6,3.16,3.81,3.16,2.83,0.98,11,14.59,16.61,352.46,0.3837,37.4,12.0,37.1,1531,27.0,5.0,6.1,12.7,918.6,21.4,3.6,153.1,8.0,100.0,6,29,1,night,southeast,False,False,-1.0600000000000005,0.5500000000000007,0.30000000000000027,210.0,0.012699999999999989
D150,1,1,1.06,1.41,1.29,1.53,0.7,4,8.81,17.44,342.99,0.4029,86.8,24.3,33.1,1145,17.2,2.4,5.1,9.5,851.4,17.5,3.5,170.3,7.2,100.0,5,33,1,night,southeast,True,True,,,,,
D150,2,1,1.77,0.41,1.22,1.09,0.95,6,6.8,17.75,301.52,0.4101,96.6,28.3,37.1,1379,26.5,4.2,6.2,11.4,735.2,16.8,4.2,183.8,9.8,100.0,4,33,1,night,southeast,True,True,,,,,
D150,3,1,2.38,1.15,1.07,1.53,0.23,9,8.66,17.58,529.89,0.406,86.7,24.3,31.3,1394,24.9,3.9,5.9,11.6,1305.2,27.1,3.9,186.5,8.1,100.0,7,33,1,night,southeast,True,True,,,,,
D150,4,1,1.47,1.07,1.07,1.86,0.67,12,7.99,17.28,299.72,0.3992,85.7,20.0,43.1,1637,17.0,4.8,5.6,13.5,750.8,15.4,3.9,187.7,8.8,100.0,4,33,1,night,southeast,True,True,,,,,
D150,5,1,1.23,0.61,1.43,2.25,0.0,5,8.4,21.05,237.35,0.4862,101.2,30.3,34.0,2231,35.3,5.7,6.1,18.4,488.2,12.8,4.3,162.7,10.7,100.0,3,33,1,night,southeast,True,True,-0.41000000000000014,3.6099999999999994,0.7999999999999998,1086.0,0.08330000000000004
D150,6,2,2.29,0.73,1.28,1.83,0.82,6,9.07,18.8,473.8,0.4342,110.7,29.9,34.8,1770,41.7,5.7,6.3,14.6,1091.3,26.0,3.7,155.9,8.9,100.0,7,33,1,night,southeast,True,True,2.2700000000000005,1.0500000000000007,-0.5,391.0,0.024099999999999955
D150,7,2,2.33,1.02,0.73,2.04,0.58,11,9.62,19.93,315.85,0.4604,120.1,32.7,32.8,1821,35.5,3.0,5.2,15.0,686.1,17.3,4.3,171.5,10.0,100.0,4,33,1,night,southeast,True,True,0.9599999999999991,2.3500000000000014,0.3999999999999999,427.0,0.05439999999999995
D150,8,2,0.8,0.99,0.6,0.99,0.6,2,6.36,20.78,241.53,0.4801,108.8,31.0,41.3,1111,11.6,3.6,6.8,9.2,503.1,12.5,2.5,100.6,5.8,100.0,5,33,1,night,southeast,True,True,-1.63,3.5,-1.4,-526.0,0.08090000000000003
D150,9,3,1.36,0.68,1.36,1.59,0.45,5,7.72,17.7,180.06,0.4089,108.0,31.9,38.8,1385,34.7,4.3,5.9,11.5,440.4,10.2,3.4,146.8,7.7,100.0,3,33,1,night,southeast,True,True,-0.6800000000000006,-3.3500000000000014,-0.8999999999999999,-846.0,-0.07730000000000004
D150,10,3,1.74,1.31,1.4,1.92,1.4,8,10.21,16.77,444.1,0.3875,94.8,28.1,34.3,1113,12.3,5.8,6.5,9.3,1146.2,25.5,4.2,191.0,9.2,100.0,6,33,1,night,southeast,True,True,1.1400000000000006,-2.030000000000001,0.5,-657.0,-0.046699999999999964
D150,11,3,2.74,0.65,0.97,1.61,0.32,2,7.74,19.8,283.62,0.4574,129.0,38.2,31.2,1002,16.8,2.2,5.7,8.3,620.1,15.2,3.0,124.0,7.6,100.0,5,33,1,night,southeast,True,True,-1.879999999999999,-0.129999999999999,-1.2999999999999998,-819.0,-0.0030000000000000027
D150,12,3,2.04,0.58,1.02,2.34,0.58,9,9.05,16.22,256.62,0.3746,66.7,23.0,33.1,1731,44.0,4.2,5.8,14.3,685.1,16.2,4.1,171.3,8.8,100.0,4,33,1,night,southeast,True,True,2.6900000000000004,-4.560000000000002,1.5999999999999996,620.0,-0.10550000000000004
D150,13,3,1.37,1.03,1.37,2.06,0.69,2,10.29,16.75,112.82,0.3869,85.0,24.1,36.5,837,10.0,5.0,7.7,6.9,291.6,6.0,2.0,97.2,6.0,100.0,3,33,1,night,southeast,True,True,2.5699999999999994,-0.9499999999999993,-1.4,-548.0,-0.021999999999999964
D150,14,4,1.5,1.5,1.5,2.34,0.17,2,8.84,22.12,306.28,0.5109,140.4,40.2,34.1,1215,20.8,5.0,6.5,10.1,599.5,15.8,3.2,119.9,7.2,100.0,5,33,1,night,southeast,True,True,-1.370000000000001,5.350000000000001,-1.0,102.0,0.12340000000000001
D150,15,4,1.77,1.25,1.14,2.39,0.83,8,10.71,17.45,387.39,0.403,116.5,32.1,31.0,1543,29.0,5.2,5.5,12.8,961.3,20.8,5.2,240.3,11.0,100.0,4,33,1,night,southeast,True,True,2.9700000000000006,-2.3500000000000014,2.2,541.0,-0.05439999999999995
D150,16,4,1.6,0.89,1.25,2.13,0.89,4,9.61,19.55,253.87,0.4516,136.8,37.4,30.0,1898,30.0,6.3,6.0,15.7,562.2,13.0,4.3,187.4,11.7,100.0,3,33,1,night,southeast,True,True,0.5599999999999987,3.330000000000002,0.20000000000000018,167.0,0.07700000000000001
D150,17,4,2.0,1.1,1.7,3.0,0.7,11,11.01,17.64,407.0,0.4074,120.2,35.6,37.4,1207,20.0,4.8,6.1,10.0,999.0,22.1,3.7,166.5,8.3,100.0,6,33,1,night,southeast,True,True,0.7200000000000006,0.8900000000000006,1.7000000000000002,370.0,0.020499999999999963
D150,18,5,2.24,1.28,1.04,2.47,0.64,14,11.18,18.52,535.97,0.4278,100.0,31.1,31.6,1700,34.0,4.7,5.8,14.1,1252.7,30.6,4.4,179.0,9.3,100.0,7,33,1,night,southeast,True,True,2.34,-3.6000000000000014,1.2000000000000002,485.0,-0.08310000000000001
D150,19,5,1.55,0.65,1.17,2.33,0.65,5,8.42,16.95,302.29,0.3915,102.2,30.2,29.2,1975,34.5,6.5,6.6,16.3,772.1,17.7,4.4,193.0,10.8,100.0,4,33,1,night,southeast,True,True,-2.290000000000001,-0.5,-0.7999999999999998,432.0,-0.01150000000000001
D150,20,5,2.47,1.23,1.42,1.61,1.14,10,9.87,15.29,372.0,0.3531,80.1,25.5,37.3,1661,31.7,3.5,5.9,13.7,1053.5,22.0,3.7,175.6,8.0,100.0,6,33,1,night,southeast,True,True,0.2599999999999998,-4.260000000000002,-0.5999999999999996,-237.0,-0.09849999999999998
D150,21,5,1.43,0.72,2.33,1.97,0.54,3,9.5,18.91,243.73,0.4367,100.6,31.1,30.6,1161,22.4,3.4,5.4,9.6,558.1,13.7,2.7,111.6,6.6,100.0,5,33,1,night,southeast,True,True,-1.5099999999999998,1.2699999999999996,-1.0,-46.0,0.029299999999999993
D150,22,5,2.68,1.28,2.04,1.79,0.89,14,10.47,19.85,359.11,0.4585,111.2,34.0,37.3,1854,43.6,4.4,5.9,15.3,783.3,20.0,4.0,156.7,9.0,100.0,5,33,1,night,southeast,True,True,-0.7099999999999991,1.3300000000000018,-0.40000000000000036,154.0,0.030700000000000005
D150,23,6,3.11,1.27,2.3,2.76,0.58,7,12.9,15.09,302.54,0.3485,109.3,30.1,35.0,1226,20.4,4.8,5.7,10.2,868.2,18.6,3.7,173.6,8.8,100.0,5,33,1,night,southeast,True,True,4.48,-1.8599999999999994,-0.7000000000000002,-749.0,-0.04300000000000004
D150,24,6,1.68,1.55,3.1,2.07,0.26,9,11.11,17.76,317.67,0.4103,119.1,31.8,30.4,1354,22.4,3.2,5.5,11.3,774.3,17.2,3.4,154.9,8.4,100.0,5,33,1,night,southeast,True,True,1.2400000000000002,2.4700000000000024,-0.30000000000000027,-307.0,0.05719999999999997
D150,25,6,2.14,1.53,0.76,2.14,0.61,10,9.93,21.26,321.41,0.4912,121.0,35.6,38.6,2205,29.5,7.0,6.4,18.2,654.4,17.0,4.3,163.6,9.8,100.0,4,33,1,night,southeast,True,True,0.4299999999999997,2.3500000000000014,1.5999999999999996,1044.0,0.05450000000000005
D150,26,6,2.3,1.73,0.96,2.11,0.38,9,10.17,17.07,205.36,0.3942,74.5,23.3,31.6,1119,24.5,2.2,5.7,9.2,520.9,12.4,3.1,130.2,8.0,100.0,4,33,1,night,southeast,True,True,-0.3000000000000007,-2.780000000000001,-0.8999999999999999,-735.0,-0.06430000000000002
